Rank,Player,Stat,Line,Pick,Platform,Goblin/Demon,Multiplier,Confidence,Tier,Recommendation,Rank Score,Result,Actual value,FULL_ALL Pick,FULL_ALL Confidence,FULL_ALL Rank score,FULL_ALL Result,FULL_TIGHT Pick,FULL_TIGHT Confidence,FULL_TIGHT Rank score,FULL_TIGHT Result,REDUCED_ALL Pick,REDUCED_ALL Confidence,REDUCED_ALL Rank score,REDUCED_ALL Result,REDUCED_TIGHT Pick,REDUCED_TIGHT Confidence,REDUCED_TIGHT Rank score,REDUCED_TIGHT Result,z_line,z_recent,z_matchup,line_diff,momentum,last10,last5,probability_std,Agreement ratio
1,Jaden McDaniels,TOV,2.5,UNDER,Underdog,,0.76x,80.2%,A,STRONG BET,80.05,,,UNDER,83.0%,82.78,,UNDER,82.3%,82.17,,UNDER,78.1%,77.94,,UNDER,77.5%,77.29,,-0.47,-0.35,-0.3,-0.5,-0.16,1.6,1.2,0.0245,100.0%
2,Naz Reid,STL,1.5,UNDER,Underdog,,0.75x,79.4%,A,STRONG BET,78.54,,,UNDER,78.6%,77.78,,UNDER,78.4%,77.61,,UNDER,80.3%,79.5,,UNDER,80.1%,79.28,,-0.66,-1.12,-0.3,-0.9,0.37,1.8,1.6,0.0085,100.0%
3,Rudy Gobert,STL,1.5,UNDER,Underdog,,0.82x,82.1%,A,STRONG BET,76.72,,,UNDER,80.0%,74.65,,UNDER,79.8%,74.47,,UNDER,84.4%,79.01,,UNDER,84.1%,78.75,,-1.51,-1.84,-2.89,-0.9,0.16,1.6,2.0,0.0217,100.0%
4,Jaden McDaniels,STL,1.5,UNDER,Underdog,,0.80x,74.3%,A,STRONG BET,74.97,,,UNDER,73.7%,74.3,,UNDER,73.6%,74.21,,UNDER,75.1%,75.76,,UNDER,75.0%,75.6,,-0.39,-0.46,0.3,-0.5,0.07,1.6,1.6,0.0072,100.0%
5,Draymond Green,3PA,5.5,UNDER,Underdog,,0.87x,75.0%,B,STRONG BET,74.93,,,UNDER,75.9%,75.85,,UNDER,74.6%,74.56,,UNDER,75.1%,75.12,,UNDER,74.2%,74.18,,-1.0,0.12,0.05,0.1,-0.9,1.6,1.2,0.0063,100.0%
6,Julius Randle,TOV,3.5,UNDER,Underdog,,0.79x,76.7%,A,STRONG BET,74.55,,,UNDER,78.5%,76.37,,UNDER,77.9%,75.82,,UNDER,75.4%,73.31,,UNDER,74.8%,72.72,,-0.47,-0.06,-1.79,-0.1,-0.71,1.0,0.8,0.0157,100.0%
7,Julius Randle,STL,1.5,UNDER,Underdog,,0.94x,74.3%,A,STRONG BET,74.52,,,UNDER,74.8%,75.03,,UNDER,74.7%,74.92,,UNDER,73.9%,74.14,,UNDER,73.8%,74.01,,-0.26,0.2,-0.71,0.3,-0.69,1.4,1.2,0.0045,100.0%
8,Dyson Daniels,3PM,0.5,UNDER,Underdog,,0.70x,74.2%,S,STRONG BET,74.47,,,UNDER,73.7%,73.95,,UNDER,73.7%,73.94,,UNDER,74.8%,75.06,,UNDER,74.7%,74.91,,-0.79,-0.75,0.5,-0.3,-0.02,1.6,1.6,0.0053,100.0%
9,Rudy Gobert,SB,3.5,UNDER,Underdog,,0.78x,78.1%,A,STRONG BET,74.39,,,UNDER,76.7%,73.07,,UNDER,76.2%,72.57,,UNDER,80.0%,76.29,,UNDER,79.3%,75.63,,-0.81,-1.06,-2.06,-1.5,0.36,1.4,1.6,0.016,100.0%
10,Julius Randle,3PA,4.5,UNDER,Underdog,,0.87x,74.5%,B,STRONG BET,74.33,,,UNDER,74.1%,73.87,,UNDER,72.9%,72.68,,UNDER,76.0%,75.86,,UNDER,75.1%,74.89,,-0.04,-1.4,-0.29,-1.9,1.84,1.6,1.6,0.0118,100.0%
11,Jaylen Wells,RA,2.5,OVER,PrizePicks,Goblin,,78.7%,C,STRONG BET,74.05,,,OVER,78.9%,74.28,,OVER,76.5%,71.87,,OVER,81.1%,76.49,,OVER,78.2%,73.57,,-1.8,-1.55,-0.43,-2.1,-0.34,1.6,2.0,0.0166,100.0%
12,Jrue Holiday,STL,1.5,UNDER,Underdog,,0.70x,73.9%,A,STRONG BET,74.01,,,UNDER,73.2%,73.33,,UNDER,73.2%,73.25,,UNDER,74.7%,74.79,,UNDER,74.6%,74.65,,-0.56,-0.79,-0.0,-0.5,0.15,1.8,1.6,0.0072,100.0%
13,Jaden McDaniels,3PA,4.5,UNDER,Underdog,,,75.2%,B,STRONG BET,73.97,,,UNDER,76.4%,75.12,,UNDER,75.1%,73.81,,UNDER,75.2%,73.95,,UNDER,74.3%,73.01,,-0.55,-0.64,-0.55,-1.3,0.18,1.6,1.6,0.0075,100.0%
14,Jaylen Wells,PA,9.5,OVER,PrizePicks,Goblin,,78.5%,D,STRONG BET,73.5,,,OVER,76.9%,71.88,,OVER,77.3%,72.25,,OVER,79.8%,74.73,,OVER,80.2%,75.12,,-0.94,-1.35,0.38,-7.1,2.15,1.8,2.0,0.0144,100.0%
15,Draymond Green,3PM,0.5,OVER,PrizePicks,Goblin,,75.7%,S,STRONG BET,73.4,,,OVER,75.1%,72.86,,OVER,74.7%,72.43,,OVER,76.8%,74.5,,OVER,76.1%,73.82,,-0.78,-1.55,-0.69,-2.1,1.05,1.8,2.0,0.0081,100.0%
16,Jaylen Wells,AST,0.5,OVER,PrizePicks,Goblin,,74.9%,C,STRONG BET,73.21,,,OVER,75.3%,73.64,,OVER,73.0%,71.26,,OVER,76.9%,75.23,,OVER,74.4%,72.72,,-1.27,-0.56,-0.13,-0.5,-0.64,1.4,1.2,0.0144,100.0%
17,Jaden McDaniels,3PM,1.5,UNDER,Underdog and PrizePicks,,,71.3%,S,STRONG BET,73.19,,,UNDER,73.4%,75.3,,UNDER,73.4%,75.29,,UNDER,69.2%,71.1,,UNDER,69.2%,71.05,,-0.09,-0.31,0.55,-0.3,0.21,1.8,1.6,0.0211,100.0%
18,Deni Avdija,TOV,4.5,UNDER,Underdog,,0.82x,74.0%,A,STRONG BET,72.96,,,UNDER,72.4%,71.34,,UNDER,71.9%,70.91,,UNDER,76.1%,75.1,,UNDER,75.5%,74.5,,-0.47,0.23,-1.15,0.3,-0.93,1.0,0.8,0.0186,100.0%
19,Naz Reid,SB,2.5,UNDER,Underdog,,0.77x,72.4%,A,STRONG BET,72.61,,,UNDER,71.7%,71.89,,UNDER,71.3%,71.54,,UNDER,73.5%,73.74,,UNDER,73.0%,73.25,,-0.43,-0.4,-0.0,-0.5,-0.04,1.6,1.6,0.0092,100.0%
20,Rudy Gobert,FTM,3.5,UNDER,Underdog,,0.79x,72.3%,B,STRONG BET,72.59,,,UNDER,73.4%,73.66,,UNDER,72.2%,72.44,,UNDER,72.5%,72.74,,UNDER,71.2%,71.5,,-0.49,-0.18,0.71,-0.5,-0.85,1.6,1.6,0.0077,100.0%
21,Brandin Podziemski,AST,2.5,OVER,PrizePicks,Goblin,,74.7%,C,STRONG BET,71.7,,,OVER,76.8%,73.77,,OVER,74.3%,71.33,,OVER,75.1%,72.08,,OVER,72.6%,69.63,,-0.69,-1.13,-1.5,-2.1,0.82,1.6,1.6,0.0148,100.0%
22,Scoot Henderson,REB,1.5,OVER,PrizePicks,Goblin,,74.4%,B,STRONG BET,71.69,,,OVER,74.5%,71.78,,OVER,74.3%,71.58,,OVER,74.6%,71.89,,OVER,74.2%,71.51,,-0.85,-0.73,-1.26,-1.1,-0.18,1.4,1.2,0.0015,100.0%
23,Jalen Johnson,TOV,3.5,UNDER,Underdog,,0.84x,71.4%,A,STRONG BET,71.68,,,UNDER,68.7%,69.03,,UNDER,68.4%,68.71,,UNDER,74.5%,74.78,,UNDER,73.9%,74.22,,-0.12,-0.6,-0.0,-0.7,0.55,1.2,1.2,0.0282,100.0%
24,Ausar Thompson,AST,3.5,UNDER,Underdog,,0.84x,72.8%,C,STRONG BET,71.65,,,UNDER,75.0%,73.83,,UNDER,73.4%,72.28,,UNDER,72.0%,70.88,,UNDER,70.8%,69.62,,-0.3,-0.36,-1.1,-0.7,0.12,1.2,1.6,0.0157,100.0%
25,Amen Thompson,PTS,14.5,OVER,PrizePicks,Goblin,,73.4%,D,STRONG BET,71.26,,,OVER,75.2%,73.09,,OVER,74.1%,72.01,,OVER,72.7%,70.57,,OVER,71.5%,69.36,,-0.98,-1.97,2.25,-6.9,3.48,2.0,2.0,0.0142,100.0%
26,Jaden McDaniels,AST,1.5,OVER,PrizePicks,Goblin,,74.4%,C,STRONG BET,71.0,,,OVER,75.3%,71.92,,OVER,73.0%,69.54,,OVER,75.9%,72.5,,OVER,73.4%,70.03,,-1.25,-1.08,-1.21,-1.1,-0.18,1.4,1.6,0.0124,100.0%
27,Mikal Bridges,3PM,0.5,OVER,PrizePicks,Goblin,,76.9%,S,STRONG BET,70.98,,,OVER,77.0%,71.1,,OVER,76.6%,70.67,,OVER,77.3%,71.41,,OVER,76.6%,70.73,,-3.64,-1.75,-0.85,-0.7,-0.76,1.8,2.0,0.003,100.0%
28,Karl-Anthony Towns,3PM,0.5,OVER,PrizePicks,Goblin,,73.0%,S,STRONG BET,70.72,,,OVER,73.5%,71.24,,OVER,73.1%,70.81,,OVER,73.0%,70.75,,OVER,72.4%,70.08,,-0.92,-1.11,-0.58,-1.3,0.23,1.4,1.6,0.0042,100.0%
29,Scottie Barnes,BLK,1.5,UNDER,Underdog,,0.78x,72.0%,S,STRONG BET,70.47,,,UNDER,71.8%,70.25,,UNDER,72.0%,70.4,,UNDER,72.1%,70.54,,UNDER,72.3%,70.7,,0.04,-0.26,-3.0,-0.3,0.35,1.6,1.2,0.0017,100.0%
30,Jalen Duren,FGA,14.5,UNDER,Underdog,,,74.3%,D,STRONG BET,70.4,,,UNDER,77.8%,73.87,,UNDER,74.2%,70.33,,UNDER,73.8%,69.93,,UNDER,71.4%,67.47,,-0.82,-0.42,-0.95,-1.5,-1.42,1.2,0.8,0.0228,100.0%
31,Jalen Johnson,3PM,0.5,OVER,PrizePicks,Goblin,,73.8%,S,STRONG BET,70.31,,,OVER,73.6%,70.08,,OVER,73.1%,69.65,,OVER,74.6%,71.1,,OVER,73.9%,70.42,,-1.39,-2.37,0.0,-1.9,0.79,1.4,2.0,0.0053,100.0%
32,Tobias Harris,3PM,1.5,UNDER,Underdog,,0.70x,71.0%,S,STRONG BET,69.91,,,UNDER,70.9%,69.78,,UNDER,70.9%,69.8,,UNDER,71.2%,70.07,,UNDER,71.1%,69.99,,-0.2,-0.4,-1.86,-0.5,0.25,1.6,1.2,0.0012,100.0%
33,OG Anunoby,SB,2.5,UNDER,Underdog,,0.81x,70.6%,A,STRONG BET,69.91,,,UNDER,65.6%,64.92,,UNDER,65.4%,64.79,,UNDER,75.9%,75.24,,UNDER,75.3%,74.68,,-0.12,-1.11,-0.67,-1.3,1.16,1.4,1.6,0.0505,100.0%
34,Reed Sheppard,PR,15.5,OVER,PrizePicks,,,70.7%,D,STRONG BET,69.86,,,OVER,69.2%,68.29,,OVER,68.5%,67.67,,OVER,72.6%,71.7,,OVER,72.7%,71.8,,-0.15,0.25,-1.5,1.1,-1.76,1.2,0.4,0.019,100.0%
35,Derrick White,BLK,1.5,UNDER,Underdog,,0.75x,69.9%,S,BET,69.54,,,UNDER,68.2%,67.85,,UNDER,68.5%,68.11,,UNDER,71.4%,71.0,,UNDER,71.5%,71.19,,-0.19,-1.75,0.27,-0.7,0.62,1.4,2.0,0.0156,100.0%
36,Jaylen Brown,TOV,2.5,OVER,Underdog and PrizePicks,Goblin,0.80x,71.0%,A,STRONG BET,69.32,,,OVER,71.3%,69.64,,OVER,70.4%,68.74,,OVER,71.6%,69.95,,OVER,70.6%,68.95,,-0.79,-1.06,-0.33,-1.5,0.39,1.6,1.6,0.0049,100.0%
37,Donte DiVincenzo,AST,4.5,UNDER,Underdog,,0.83x,70.1%,C,STRONG BET,69.26,,,UNDER,72.3%,71.49,,UNDER,70.9%,70.09,,UNDER,69.1%,68.26,,UNDER,68.0%,67.21,,-0.18,-0.76,-0.89,-1.7,1.3,1.4,1.6,0.0165,100.0%
38,Donte DiVincenzo,3PA,7.5,UNDER,Underdog,,,68.9%,B,STRONG BET,69.19,,,UNDER,68.1%,68.33,,UNDER,67.3%,67.52,,UNDER,70.6%,70.81,,UNDER,69.8%,70.11,,0.09,-1.2,-0.59,-2.1,2.26,1.8,2.0,0.0132,100.0%
39,Tobias Harris,REB,6.0,UNDER,PrizePicks,,,69.1%,B,STRONG BET,69.1,,,UNDER,68.8%,68.73,,UNDER,67.3%,67.26,,UNDER,71.0%,70.93,,UNDER,69.5%,69.47,,-0.48,-0.6,0.46,-1.0,0.19,1.4,1.6,0.0132,100.0%
40,Jalen Johnson,STL,0.5,OVER,PrizePicks,Goblin,,70.3%,A,STRONG BET,69.06,,,OVER,72.4%,71.1,,OVER,71.7%,70.42,,OVER,68.9%,67.68,,OVER,68.3%,67.05,,-1.1,-0.94,0.0,-0.7,-0.12,1.6,1.6,0.0173,100.0%
41,Amen Thompson,STL,0.5,OVER,PrizePicks,Goblin,,72.1%,A,STRONG BET,69.01,,,OVER,73.4%,70.3,,OVER,72.7%,69.62,,OVER,71.5%,68.38,,OVER,70.8%,67.73,,-1.32,-0.4,-2.0,-0.3,-0.68,1.6,1.2,0.0101,100.0%
42,Mikal Bridges,STL,1.5,UNDER,Underdog,,0.75x,69.5%,A,BET,68.94,,,UNDER,68.5%,68.0,,UNDER,68.5%,68.0,,UNDER,70.4%,69.92,,UNDER,70.3%,69.84,,-0.15,-0.94,-0.9,-0.7,0.59,1.6,1.6,0.0094,100.0%
43,Jalen Brunson,3PM,1.5,OVER,PrizePicks,Goblin,,70.6%,S,STRONG BET,68.86,,,OVER,71.5%,69.82,,OVER,71.1%,69.4,,OVER,70.2%,68.43,,OVER,69.5%,67.77,,-0.95,-0.53,-0.58,-0.7,-0.57,1.6,1.6,0.008,100.0%
44,Julius Randle,3PM,1.5,UNDER,Underdog and PrizePicks,,,67.4%,S,BET,68.75,,,UNDER,70.4%,71.75,,UNDER,70.4%,71.77,,UNDER,64.4%,65.72,,UNDER,64.4%,65.76,,-0.09,-0.26,0.19,-0.3,0.2,1.6,1.2,0.0301,100.0%
45,Aaron Gordon,AST,1.5,OVER,PrizePicks,Goblin,,70.6%,C,STRONG BET,68.75,,,OVER,72.2%,70.41,,OVER,70.0%,68.16,,OVER,71.2%,69.35,,OVER,68.9%,67.08,,-1.29,-0.94,-0.43,-0.7,-0.26,1.8,1.6,0.0125,100.0%
46,Jaden McDaniels,SB,2.5,UNDER,Underdog,,0.81x,67.6%,A,BET,68.56,,,UNDER,63.8%,64.77,,UNDER,63.8%,64.71,,UNDER,71.7%,72.61,,UNDER,71.2%,72.17,,-0.3,-0.6,0.7,-0.9,0.44,1.6,1.6,0.0383,100.0%
47,Jaylen Wells,TOV,0.5,OVER,PrizePicks,Goblin,,68.5%,A,BET,68.51,,,OVER,66.3%,66.28,,OVER,65.5%,65.48,,OVER,71.6%,71.63,,OVER,70.6%,70.63,,-0.74,-0.12,0.27,-0.1,-0.49,1.2,0.8,0.0266,100.0%
48,Reed Sheppard,STL,0.5,OVER,PrizePicks,Goblin,,71.3%,A,STRONG BET,68.49,,,OVER,72.4%,69.54,,OVER,71.7%,68.86,,OVER,70.9%,68.09,,OVER,70.3%,67.45,,-0.92,-1.08,-1.5,-1.1,0.16,1.6,1.6,0.0079,100.0%
49,Rudy Gobert,REB,12.5,UNDER,Underdog,,0.88x,68.9%,B,STRONG BET,68.42,,,UNDER,69.7%,69.18,,UNDER,68.2%,67.7,,UNDER,69.6%,69.11,,UNDER,68.2%,67.67,,-0.23,-0.43,-0.3,-2.1,0.97,1.6,1.6,0.0073,100.0%
50,Jayson Tatum,STL,1.5,UNDER,Underdog,,0.71x,71.7%,A,STRONG BET,68.36,,,UNDER,72.9%,69.47,,UNDER,72.8%,69.39,,UNDER,70.7%,67.33,,UNDER,70.6%,67.25,,-0.45,-0.4,-3.0,-0.3,-0.03,0.8,1.2,0.0107,100.0%
51,Onyeka Okongwu,AST,1.5,OVER,PrizePicks,Goblin,,70.6%,C,STRONG BET,68.33,,,OVER,71.9%,69.57,,OVER,69.6%,67.34,,OVER,71.6%,69.35,,OVER,69.3%,67.05,,-1.09,-0.81,-0.25,-1.3,-0.44,1.6,1.6,0.0114,100.0%
52,Immanuel Quickley,3PM,1.5,OVER,PrizePicks,Goblin,,71.1%,S,STRONG BET,68.3,,,OVER,72.5%,69.73,,OVER,72.1%,69.3,,OVER,70.2%,67.41,,OVER,69.6%,66.76,,-1.25,-0.56,-1.5,-0.5,-0.62,1.6,1.2,0.0125,100.0%
53,Payton Pritchard,SB,0.5,OVER,PrizePicks,Goblin,,68.6%,A,BET,68.22,,,OVER,69.5%,69.09,,OVER,68.3%,67.95,,OVER,68.9%,68.49,,OVER,67.7%,67.35,,-0.4,-0.71,-0.27,-0.7,0.3,1.4,1.6,0.0064,100.0%
54,Ausar Thompson,REB,6.5,UNDER,Underdog,,0.85x,68.8%,B,STRONG BET,68.2,,,UNDER,68.8%,68.16,,UNDER,67.3%,66.69,,UNDER,70.3%,69.7,,UNDER,68.9%,68.25,,-0.19,-0.54,-0.46,-1.9,1.25,1.2,1.2,0.0106,100.0%
55,Derrick White,REB,3.5,OVER,Underdog and PrizePicks,Goblin,0.78x,72.2%,B,STRONG BET,67.91,,,OVER,72.8%,68.5,,OVER,72.7%,68.36,,OVER,71.9%,67.54,,OVER,71.6%,67.27,,-0.97,-2.06,-1.7,-2.1,1.12,1.4,2.0,0.0052,100.0%
56,Scottie Barnes,STL,0.5,OVER,PrizePicks,Goblin,,69.7%,A,BET,67.84,,,OVER,69.9%,68.05,,OVER,69.3%,67.39,,OVER,70.2%,68.28,,OVER,69.5%,67.64,,-1.08,-1.12,-0.62,-0.9,0.04,1.8,2.0,0.0035,100.0%
57,Julius Randle,FGA,16.5,UNDER,Underdog and PrizePicks,,1.03x,69.0%,D,DO NOT BET,67.8,,,UNDER,68.3%,67.05,,UNDER,65.9%,64.66,,UNDER,72.1%,70.9,,UNDER,69.8%,68.61,,-0.37,-0.93,-0.23,-3.3,2.0,1.6,1.2,0.0227,100.0%
58,Donte DiVincenzo,STL,1.5,UNDER,Underdog,,0.88x,68.2%,A,BET,67.76,,,UNDER,64.4%,63.97,,UNDER,64.5%,64.05,,UNDER,72.0%,71.56,,UNDER,71.9%,71.46,,-0.36,-1.75,0.23,-0.7,0.56,1.6,2.0,0.0375,100.0%
59,OG Anunoby,3PA,5.5,UNDER,Underdog,,0.94x,66.1%,B,STRONG BET,67.45,,,UNDER,64.7%,66.04,,UNDER,64.1%,65.48,,UNDER,68.0%,69.42,,UNDER,67.5%,68.87,,0.18,-0.2,-0.27,-0.3,0.57,1.4,1.6,0.0172,100.0%
60,Kevin Durant,3PM,2.5,UNDER,Underdog,,0.76x,67.5%,S,BET,67.44,,,UNDER,68.8%,68.68,,UNDER,68.8%,68.72,,UNDER,66.3%,66.18,,UNDER,66.3%,66.19,,-0.14,-0.44,-0.5,-0.7,0.48,1.2,1.2,0.0126,100.0%
61,Reed Sheppard,PRA,19.5,OVER,Underdog and PrizePicks,,,67.0%,D,STRONG BET,67.41,,,OVER,65.6%,65.96,,OVER,65.3%,65.74,,OVER,68.5%,68.86,,OVER,68.7%,69.09,,0.03,0.54,-1.5,2.5,-2.37,1.2,0.4,0.0157,100.0%
62,Julius Randle,AST,3.5,OVER,PrizePicks,Goblin,,69.0%,C,STRONG BET,67.4,,,OVER,70.3%,68.73,,OVER,68.2%,66.58,,OVER,69.8%,68.24,,OVER,67.6%,66.04,,-0.64,-0.27,-0.25,-0.7,-0.93,1.2,1.2,0.0112,100.0%
63,Scottie Barnes,3PM,0.5,OVER,Underdog and PrizePicks,Goblin,0.75x,68.2%,S,BET,67.26,,,OVER,69.6%,68.71,,OVER,69.2%,68.29,,OVER,67.2%,66.33,,OVER,66.6%,65.71,,-0.53,-0.4,-1.0,-0.3,-0.09,1.4,1.2,0.0127,100.0%
64,RJ Barrett,FTM,3.5,UNDER,Underdog,,0.86x,67.0%,B,STRONG BET,67.19,,,UNDER,71.4%,71.64,,UNDER,70.4%,70.59,,UNDER,63.2%,63.38,,UNDER,62.9%,63.15,,-0.2,-0.1,-0.69,-0.1,-0.1,1.4,1.2,0.0394,100.0%
65,Scottie Barnes,STL,1.5,UNDER,Underdog,,0.81x,65.8%,A,BET,67.12,,,UNDER,64.3%,65.65,,UNDER,64.4%,65.73,,UNDER,67.2%,68.55,,UNDER,67.2%,68.54,,-0.17,-0.12,0.37,-0.1,-0.04,1.4,1.6,0.0143,100.0%
66,Jalen Brunson,REB,2.5,OVER,PrizePicks,Goblin,,67.9%,B,STRONG BET,67.09,,,OVER,67.0%,66.23,,OVER,67.1%,66.33,,OVER,68.8%,67.97,,OVER,68.6%,67.83,,-0.56,-0.9,0.0,-1.5,0.56,1.6,1.6,0.0081,100.0%
67,Derrick White,STL,0.5,OVER,PrizePicks,Goblin,,67.8%,A,BET,66.97,,,OVER,68.3%,67.45,,OVER,67.7%,66.8,,OVER,68.0%,67.12,,OVER,67.4%,66.5,,-0.62,-0.46,-0.7,-0.5,-0.18,1.6,1.2,0.0035,100.0%
68,Tobias Harris,RA,9.0,UNDER,PrizePicks,,,67.1%,C,BET WITH CAUTION,66.96,,,UNDER,67.3%,67.16,,UNDER,65.3%,65.19,,UNDER,69.0%,68.82,,UNDER,66.8%,66.66,,-0.52,-0.14,0.61,-0.4,-1.1,1.4,1.2,0.013,100.0%
69,Reed Sheppard,PTS,12.5,OVER,Underdog,,0.88x,67.9%,D,STRONG BET,66.86,,,OVER,65.1%,64.05,,OVER,64.2%,63.15,,OVER,71.8%,70.71,,OVER,70.6%,69.51,,-0.24,0.35,-1.5,1.3,-2.18,1.2,0.4,0.033,100.0%
70,Reed Sheppard,AST,2.5,OVER,PrizePicks,Goblin,,69.1%,C,STRONG BET,66.84,,,OVER,70.7%,68.43,,OVER,68.5%,66.27,,OVER,69.7%,67.42,,OVER,67.5%,65.23,,-1.44,-0.2,-1.5,-0.1,-0.61,1.6,1.2,0.012,100.0%
71,Reed Sheppard,PA,16.5,OVER,PrizePicks,,,66.6%,D,STRONG BET,66.82,,,OVER,63.5%,63.78,,OVER,63.9%,64.19,,OVER,69.2%,69.41,,OVER,69.6%,69.89,,-0.02,0.66,-1.5,2.7,-2.79,1.2,0.4,0.0284,100.0%
72,Brandin Podziemski,STL,1.5,UNDER,Underdog,,0.71x,65.3%,A,BET,66.68,,,UNDER,61.2%,62.56,,UNDER,61.3%,62.7,,UNDER,69.3%,70.76,,UNDER,69.3%,70.7,,-0.51,-0.4,1.5,-0.3,-0.08,1.2,1.2,0.0405,100.0%
73,Payton Pritchard,REB,2.5,OVER,PrizePicks,Goblin,,72.6%,B,STRONG BET,66.65,,,OVER,73.0%,67.04,,OVER,72.9%,66.89,,OVER,72.5%,66.49,,OVER,72.2%,66.19,,-1.0,-0.32,-4.5,-0.5,-1.04,1.4,1.6,0.0033,100.0%
74,Jaylen Wells,3PM,2.5,UNDER,Underdog,,0.79x,69.0%,S,BET,66.6,,,UNDER,69.1%,66.63,,UNDER,69.1%,66.67,,UNDER,69.0%,66.59,,UNDER,69.0%,66.54,,-1.21,0.2,-1.86,0.1,-0.69,1.0,0.8,0.0005,100.0%
75,OG Anunoby,AST,2.5,UNDER,Underdog,,0.77x,65.7%,C,STRONG BET,66.51,,,UNDER,63.3%,64.18,,UNDER,62.6%,63.48,,UNDER,68.9%,69.7,,UNDER,67.8%,68.66,,-0.16,0.06,-0.19,0.1,-0.37,1.4,1.2,0.0271,100.0%
76,Jrue Holiday,3PM,1.5,OVER,PrizePicks,Goblin,,67.8%,S,BET,66.5,,,OVER,66.7%,65.46,,OVER,66.3%,65.05,,OVER,69.3%,68.07,,OVER,68.7%,67.43,,-0.58,-0.3,-0.85,-0.5,-0.46,1.4,0.8,0.0128,100.0%
77,Naz Reid,FTM,1.5,UNDER,PrizePicks,,,66.3%,B,STRONG BET,66.49,,,UNDER,66.5%,66.68,,UNDER,65.9%,66.12,,UNDER,66.7%,66.9,,UNDER,66.0%,66.26,,-0.21,0.3,-0.9,0.5,-0.85,1.4,1.2,0.0031,100.0%
78,Reed Sheppard,FGM,4.5,OVER,PrizePicks,,,67.0%,C,STRONG BET,66.46,,,OVER,64.9%,64.32,,OVER,64.0%,63.42,,OVER,70.2%,69.58,,OVER,69.1%,68.51,,-0.31,0.23,-1.5,0.3,-0.71,1.4,0.8,0.0264,100.0%
79,Jaylen Wells,PRA,15.5,OVER,Underdog and PrizePicks,,,67.6%,D,STRONG BET,66.43,,,OVER,64.6%,63.41,,OVER,64.4%,63.21,,OVER,70.6%,69.44,,OVER,70.8%,69.65,,-0.47,-0.97,0.95,-4.7,2.44,1.6,1.6,0.0312,100.0%
80,Dyson Daniels,REB,5.5,OVER,Underdog,,0.81x,68.7%,B,STRONG BET,66.35,,,OVER,69.4%,67.04,,OVER,69.4%,67.04,,OVER,68.1%,65.72,,OVER,68.0%,65.61,,-0.56,-1.26,-1.15,-2.7,1.51,1.8,2.0,0.0069,100.0%
81,Alperen Sengun,TOV,3.5,UNDER,Underdog,,0.79x,68.3%,A,BET,66.35,,,UNDER,65.8%,63.8,,UNDER,65.5%,63.56,,UNDER,71.2%,69.26,,UNDER,70.8%,68.79,,-0.12,0.06,-2.92,0.1,-0.29,1.2,1.2,0.0268,100.0%
82,CJ McCollum,3PM,2.5,UNDER,Underdog,,0.80x,63.8%,S,BET WITH CAUTION,66.29,,,UNDER,65.1%,67.62,,UNDER,65.2%,67.71,,UNDER,62.4%,64.87,,UNDER,62.5%,64.96,,-0.01,-0.19,0.89,-0.5,0.48,1.8,1.6,0.0138,100.0%
83,Nikola Jokić,TOV,4.5,UNDER,Underdog,,0.82x,65.5%,A,BET,66.15,,,UNDER,64.6%,65.28,,UNDER,64.4%,65.08,,UNDER,66.6%,67.29,,UNDER,66.3%,66.96,,-0.25,0.37,0.12,0.9,-1.49,1.0,0.8,0.0098,100.0%
84,Jalen Duren,RA,13.5,UNDER,Underdog and PrizePicks,,,65.9%,C,BET WITH CAUTION,66.12,,,UNDER,67.1%,67.31,,UNDER,65.1%,65.37,,UNDER,66.6%,66.87,,UNDER,64.7%,64.93,,-1.37,-1.68,2.92,-1.5,0.27,1.6,2.0,0.01,100.0%
85,Brandin Podziemski,STL,0.5,OVER,PrizePicks,Goblin,,68.5%,A,BET,66.08,,,OVER,70.1%,67.58,,OVER,69.4%,66.92,,OVER,67.7%,65.21,,OVER,67.1%,64.59,,-0.82,-0.94,-1.5,-0.7,0.08,1.4,1.6,0.0122,100.0%
86,Jalen Duren,PRA,36.5,UNDER,Underdog and PrizePicks,,,71.2%,D,STRONG BET,65.99,,,UNDER,70.8%,65.54,,UNDER,70.2%,64.97,,UNDER,72.1%,66.88,,UNDER,71.8%,66.57,,-0.62,0.04,-0.93,0.3,-5.41,1.4,1.2,0.0077,100.0%
87,Brandin Podziemski,3PA,6.5,UNDER,Underdog,,0.83x,68.8%,B,STRONG BET,65.98,,,UNDER,70.7%,67.79,,UNDER,69.7%,66.81,,UNDER,67.8%,64.93,,UNDER,67.2%,64.39,,-0.71,-0.04,-1.5,-0.1,-1.5,1.0,0.8,0.0138,100.0%
88,Onyeka Okongwu,REB,6.5,OVER,PrizePicks,,,67.2%,B,STRONG BET,65.8,,,OVER,67.3%,65.93,,OVER,67.4%,66.02,,OVER,67.0%,65.66,,OVER,67.0%,65.59,,-0.67,-0.56,-0.44,-1.1,-0.21,1.6,1.6,0.0018,100.0%
89,Brandin Podziemski,TOV,1.5,OVER,PrizePicks,Goblin,,66.6%,A,BET,65.76,,,OVER,68.0%,67.2,,OVER,67.2%,66.36,,OVER,66.0%,65.17,,OVER,65.1%,64.3,,-0.05,-0.23,-1.5,-0.3,0.23,1.0,1.2,0.0111,100.0%
90,Julius Randle,PTS,23.5,UNDER,Underdog and PrizePicks,,,66.8%,D,STRONG BET,65.62,,,UNDER,65.2%,64.02,,UNDER,65.0%,63.86,,UNDER,68.5%,67.4,,UNDER,68.4%,67.21,,-0.23,-0.24,-0.02,-2.3,0.04,1.6,1.2,0.0168,100.0%
91,Brandon Ingram,3PA,4.5,OVER,Underdog and PrizePicks,,,67.2%,B,STRONG BET,65.57,,,OVER,70.0%,68.39,,OVER,68.0%,66.36,,OVER,66.1%,64.56,,OVER,64.5%,62.94,,-0.11,-0.41,-1.75,-1.1,0.8,1.0,1.6,0.0203,100.0%
92,Nikola Jokić,STL,0.5,OVER,PrizePicks,Goblin,,69.7%,A,BET,65.57,,,OVER,70.5%,66.29,,OVER,69.8%,65.63,,OVER,69.7%,65.49,,OVER,69.0%,64.86,,-0.47,-1.13,-3.0,-2.3,1.34,1.4,1.6,0.0051,100.0%
93,Ausar Thompson,FGA,8.5,UNDER,PrizePicks,,,65.5%,D,DO NOT BET,65.28,,,UNDER,66.0%,65.78,,UNDER,63.9%,63.72,,UNDER,66.9%,66.66,,UNDER,65.2%,64.97,,-0.12,-0.53,-0.55,-1.9,1.47,1.4,1.6,0.0108,100.0%
94,Kristaps Porziņģis,SB,2.5,UNDER,Underdog,,0.80x,63.8%,A,BET WITH CAUTION,65.25,,,UNDER,66.3%,67.8,,UNDER,66.2%,67.64,,UNDER,61.3%,62.78,,UNDER,61.3%,62.76,,-0.27,0.66,0.27,0.9,-1.27,1.2,0.4,0.0248,100.0%
95,Jalen Duren,REB,11.5,UNDER,PrizePicks,,,64.1%,B,DO NOT BET,65.23,,,UNDER,65.1%,66.24,,UNDER,63.7%,64.85,,UNDER,64.4%,65.58,,UNDER,63.1%,64.28,,-0.91,-0.31,1.86,-0.3,-0.59,1.4,1.6,0.0074,100.0%
96,Jamal Murray,REB,3.5,OVER,Underdog,,0.85x,68.1%,B,STRONG BET,65.22,,,OVER,68.0%,65.13,,OVER,68.1%,65.19,,OVER,68.2%,65.33,,OVER,68.1%,65.22,,-0.38,-0.54,-2.25,-1.3,0.38,1.2,1.2,0.0007,100.0%
97,RJ Barrett,RA,9.0,UNDER,PrizePicks,,,64.3%,C,DO NOT BET,65.21,,,UNDER,63.5%,64.46,,UNDER,61.9%,62.84,,UNDER,66.8%,67.74,,UNDER,64.8%,65.79,,-0.18,-0.6,0.42,-1.0,0.7,1.6,1.6,0.018,100.0%
98,Karl-Anthony Towns,FGA,12.5,OVER,PrizePicks,,,67.7%,D,DO NOT BET,65.21,,,OVER,69.1%,66.66,,OVER,65.4%,62.96,,OVER,69.6%,67.18,,OVER,66.5%,64.05,,-0.44,-1.09,-0.71,-3.5,2.09,1.2,1.6,0.0176,100.0%
99,Draymond Green,STL,0.5,OVER,PrizePicks,Goblin,,66.2%,A,BET,65.21,,,OVER,71.3%,70.26,,OVER,70.6%,69.59,,OVER,61.8%,60.76,,OVER,61.3%,60.22,,-0.45,-0.94,-0.5,-0.7,0.36,1.2,1.6,0.0473,100.0%
100,Naz Reid,AST,2.5,UNDER,Underdog,,0.79x,65.8%,C,STRONG BET,65.18,,,UNDER,65.8%,65.16,,UNDER,64.8%,64.26,,UNDER,66.7%,66.09,,UNDER,65.8%,65.22,,-0.07,-0.24,-1.73,-0.5,0.35,1.6,1.2,0.0065,100.0%
101,CJ McCollum,3PM,1.5,OVER,PrizePicks,Goblin,,67.5%,S,BET,65.12,,,OVER,67.6%,65.24,,OVER,67.2%,64.83,,OVER,67.8%,65.51,,OVER,67.2%,64.88,,-0.38,-0.19,-1.79,-0.5,-0.48,1.0,0.8,0.0028,100.0%
102,Jayson Tatum,FTM,3.5,UNDER,PrizePicks,,,65.0%,B,STRONG BET,65.08,,,UNDER,67.5%,67.48,,UNDER,66.8%,66.82,,UNDER,63.1%,63.11,,UNDER,62.8%,62.89,,-0.39,-0.14,-0.0,-0.3,-0.53,1.4,1.2,0.0209,100.0%
103,Jayson Tatum,STL,0.5,OVER,PrizePicks,Goblin,,62.7%,A,BET WITH CAUTION,65.05,,,OVER,62.2%,64.51,,OVER,61.6%,63.93,,OVER,63.8%,66.16,,OVER,63.3%,65.58,,-0.89,-0.94,3.0,-0.7,0.03,1.8,1.6,0.0087,100.0%
104,Jerami Grant,3PM,1.5,OVER,PrizePicks,Goblin,,65.4%,S,BET,65.02,,,OVER,65.8%,65.36,,OVER,65.3%,64.96,,OVER,65.6%,65.19,,OVER,65.0%,64.58,,-0.43,-0.56,-0.17,-1.1,0.27,1.6,1.6,0.0029,100.0%
105,Payton Pritchard,FGM,5.5,OVER,PrizePicks,Goblin,,65.0%,C,DO NOT BET,64.99,,,OVER,64.4%,64.39,,OVER,63.5%,63.5,,OVER,66.5%,66.54,,OVER,65.5%,65.52,,-0.4,-0.15,-0.05,-0.3,-0.51,1.4,1.6,0.0115,100.0%
106,Tobias Harris,3PM,0.5,OVER,PrizePicks,Goblin,,65.2%,S,BET,64.97,,,OVER,65.6%,65.32,,OVER,65.2%,64.92,,OVER,65.4%,65.13,,OVER,64.8%,64.53,,-0.59,-0.4,0.27,-0.5,-0.25,1.2,0.8,0.0029,100.0%
107,Jrue Holiday,STL,0.5,OVER,PrizePicks,Goblin,,66.7%,A,BET,64.95,,,OVER,66.4%,64.69,,OVER,65.8%,64.06,,OVER,67.6%,65.83,,OVER,67.0%,65.21,,-1.02,-0.79,-0.89,-0.5,-0.15,1.6,1.6,0.0066,100.0%
108,Naz Reid,PA,16.5,UNDER,PrizePicks,,,64.7%,D,DO NOT BET,64.92,,,UNDER,66.7%,66.94,,UNDER,66.4%,66.7,,UNDER,63.0%,63.22,,UNDER,62.6%,62.81,,-0.11,-0.6,-0.4,-2.5,2.06,1.8,1.6,0.0191,100.0%
109,Mikal Bridges,STL,0.5,OVER,PrizePicks,Goblin,,66.6%,A,BET,64.87,,,OVER,67.0%,65.19,,OVER,66.3%,64.56,,OVER,66.9%,65.16,,OVER,66.3%,64.55,,-1.18,-0.4,-0.3,-0.3,-0.59,1.0,1.2,0.0031,100.0%
110,Jaylen Wells,REB,2.5,OVER,Underdog and PrizePicks,Goblin,0.85x,66.0%,B,STRONG BET,64.73,,,OVER,66.3%,65.01,,OVER,66.4%,65.14,,OVER,65.6%,64.39,,OVER,65.6%,64.38,,-0.67,-0.92,-0.27,-1.1,0.3,1.4,1.6,0.0035,100.0%
111,Immanuel Quickley,FTA,3.5,UNDER,PrizePicks,,,63.1%,C,DO NOT BET,64.71,,,UNDER,68.5%,70.09,,UNDER,67.6%,69.22,,UNDER,57.9%,59.56,,UNDER,58.4%,59.97,,-0.14,-0.2,1.5,-0.5,0.15,0.8,0.8,0.0496,100.0%
112,Brandon Ingram,TOV,2.5,UNDER,Underdog,,0.77x,64.7%,A,BET WITH CAUTION,64.7,,,UNDER,68.9%,68.88,,UNDER,68.6%,68.55,,UNDER,60.8%,60.74,,UNDER,60.7%,60.63,,-0.01,0.2,-1.0,0.3,-0.32,0.8,0.4,0.0402,100.0%
113,Tobias Harris,RA,8.5,UNDER,Underdog,,1.06x,63.7%,C,DO NOT BET,64.53,,,UNDER,63.7%,64.6,,UNDER,62.1%,62.96,,UNDER,65.3%,66.19,,UNDER,63.5%,64.38,,-0.35,0.03,0.77,0.1,-1.1,1.4,1.2,0.0115,100.0%
114,Alperen Sengun,3PM,0.5,UNDER,Underdog,,0.73x,67.7%,S,BET,64.41,,,UNDER,69.0%,65.73,,UNDER,69.0%,65.77,,UNDER,66.3%,63.07,,UNDER,66.3%,63.07,,0.02,-0.2,-4.5,-0.1,0.11,1.4,1.2,0.0134,100.0%
115,RJ Barrett,FTA,4.5,UNDER,PrizePicks,,,63.2%,C,DO NOT BET,64.36,,,UNDER,66.3%,67.38,,UNDER,65.6%,66.76,,UNDER,60.5%,61.63,,UNDER,60.5%,61.66,,0.08,-0.05,-0.67,-0.1,0.26,1.6,1.6,0.0272,100.0%
116,Reed Sheppard,SB,1.5,OVER,PrizePicks,Goblin,,63.6%,A,BET WITH CAUTION,64.19,,,OVER,62.2%,62.75,,OVER,61.2%,61.8,,OVER,66.0%,66.64,,OVER,65.0%,65.58,,-0.79,-0.94,1.5,-0.7,0.11,1.4,1.6,0.0198,100.0%
117,Tobias Harris,AST,2.5,UNDER,Underdog,,1.08x,61.9%,C,DO NOT BET,64.08,,,UNDER,62.9%,65.15,,UNDER,62.3%,64.48,,UNDER,61.3%,63.56,,UNDER,60.9%,63.14,,-0.12,0.68,0.46,1.1,-1.29,1.4,0.8,0.0078,100.0%
118,Nikola Jokić,SB,2.5,UNDER,Underdog and PrizePicks,,0.88x,59.6%,A,DO NOT BET,64.07,,,UNDER,57.6%,62.03,,UNDER,57.8%,62.23,,UNDER,61.6%,66.04,,UNDER,61.5%,66.0,,-0.09,0.76,3.0,1.7,-1.9,1.0,0.4,0.0195,100.0%
119,Jaylen Brown,STL,0.5,OVER,PrizePicks,Goblin,,66.0%,A,BET,63.96,,,OVER,68.5%,66.45,,OVER,67.8%,65.8,,OVER,64.1%,62.09,,OVER,63.5%,61.51,,-1.05,-1.84,0.0,-0.9,0.38,1.4,2.0,0.0218,100.0%
120,Donte DiVincenzo,AST,4.0,UNDER,PrizePicks,,,63.4%,C,DO NOT BET,63.93,,,UNDER,64.8%,65.34,,UNDER,64.0%,64.52,,UNDER,62.6%,63.2,,UNDER,62.1%,62.67,,0.04,-0.54,-0.45,-1.2,1.3,1.4,1.6,0.0106,100.0%
121,Jaden McDaniels,PTS,16.5,UNDER,Underdog and PrizePicks,,0.88x,63.8%,D,DO NOT BET,63.92,,,UNDER,62.2%,62.3,,UNDER,62.2%,62.25,,UNDER,65.5%,65.61,,UNDER,65.4%,65.53,,-0.35,-0.78,1.56,-4.3,2.36,1.6,1.6,0.0165,100.0%
122,Draymond Green,PRA,17.5,OVER,Underdog,,0.94x,68.1%,D,STRONG BET,63.92,,,OVER,65.4%,61.23,,OVER,65.2%,61.01,,OVER,70.8%,66.61,,OVER,71.0%,66.82,,-0.9,-2.05,-0.86,-4.5,2.52,1.6,2.0,0.028,100.0%
123,Dyson Daniels,SB,2.5,UNDER,Underdog,,0.82x,62.5%,A,BET WITH CAUTION,63.91,,,UNDER,62.9%,64.32,,UNDER,62.9%,64.29,,UNDER,62.1%,63.54,,UNDER,62.0%,63.48,,-0.36,-0.2,1.38,-0.1,-0.08,0.8,1.2,0.004,100.0%
124,Reed Sheppard,PTS,13.5,OVER,PrizePicks,,,60.4%,D,DO NOT BET,63.84,,,OVER,57.2%,60.67,,OVER,56.5%,60.01,,OVER,64.4%,67.87,,OVER,63.4%,66.83,,0.03,0.62,1.5,2.3,-2.18,1.2,0.4,0.0353,100.0%
125,Karl-Anthony Towns,3PM,1.5,UNDER,Underdog,,0.81x,62.2%,S,BET WITH CAUTION,63.84,,,UNDER,62.4%,64.0,,UNDER,62.5%,64.12,,UNDER,62.0%,63.58,,UNDER,62.1%,63.67,,0.06,0.26,-0.19,0.3,-0.23,1.4,0.8,0.0022,100.0%
126,Jaden McDaniels,STL,0.5,OVER,PrizePicks,Goblin,,65.3%,A,BET,63.83,,,OVER,65.3%,63.85,,OVER,64.7%,63.23,,OVER,65.9%,64.43,,OVER,65.3%,63.83,,-0.52,-0.46,-1.51,-0.5,-0.07,1.6,1.2,0.0042,100.0%
127,Dyson Daniels,SB,1.5,OVER,PrizePicks,Goblin,,68.4%,A,BET,63.8,,,OVER,69.4%,64.77,,OVER,68.3%,63.62,,OVER,68.6%,63.98,,OVER,67.5%,62.85,,-1.68,-1.84,-2.3,-0.9,0.08,2.0,2.0,0.0069,100.0%
128,Derrick White,SB,1.5,OVER,PrizePicks,Goblin,,65.9%,A,BET,63.8,,,OVER,67.4%,65.36,,OVER,66.3%,64.26,,OVER,65.4%,63.32,,OVER,64.3%,62.28,,-0.83,-0.23,-1.1,-0.3,-0.81,1.2,1.2,0.0114,100.0%
129,Amen Thompson,3PM,0.5,UNDER,Underdog,,0.67x,65.8%,S,BET,63.77,,,UNDER,67.0%,64.94,,UNDER,67.0%,65.01,,UNDER,64.6%,62.56,,UNDER,64.6%,62.6,,-0.19,0.12,-3.0,0.1,-0.25,1.2,1.2,0.012,100.0%
130,Jalen Johnson,STL,1.5,UNDER,Underdog,,0.75x,63.6%,A,BET WITH CAUTION,63.74,,,UNDER,59.5%,59.66,,UNDER,59.7%,59.85,,UNDER,67.5%,67.73,,UNDER,67.5%,67.71,,-0.24,-0.4,-0.0,-0.3,0.12,1.0,1.2,0.0399,100.0%
131,Aaron Gordon,SB,0.5,OVER,PrizePicks,Goblin,,64.3%,A,BET WITH CAUTION,63.73,,,OVER,66.7%,66.18,,OVER,65.6%,65.1,,OVER,62.8%,62.31,,OVER,61.9%,61.35,,-0.62,-0.79,-0.33,-0.5,0.11,1.6,1.6,0.0197,100.0%
132,Rudy Gobert,REB,12.0,UNDER,PrizePicks,,,63.4%,B,DO NOT BET,63.71,,,UNDER,63.9%,64.23,,UNDER,62.6%,62.88,,UNDER,64.2%,64.52,,UNDER,62.9%,63.23,,-0.13,-0.33,-0.2,-1.6,0.97,1.6,1.6,0.0068,100.0%
133,Kristaps Porziņģis,FGM,5.5,UNDER,PrizePicks,,,61.8%,C,DO NOT BET,63.69,,,UNDER,62.7%,64.6,,UNDER,62.8%,64.73,,UNDER,60.7%,62.59,,UNDER,60.9%,62.84,,0.04,-0.05,0.46,-0.1,0.17,1.4,1.2,0.0098,100.0%
134,Immanuel Quickley,STL,0.5,OVER,PrizePicks,Goblin,,66.3%,A,BET,63.64,,,OVER,65.3%,62.59,,OVER,64.7%,61.97,,OVER,68.0%,65.31,,OVER,67.4%,64.69,,-0.75,-1.08,-1.5,-1.1,0.34,1.4,1.6,0.014,100.0%
135,RJ Barrett,AST,3.5,UNDER,Underdog,,0.84x,62.7%,C,DO NOT BET,63.61,,,UNDER,63.2%,64.15,,UNDER,62.5%,63.46,,UNDER,62.7%,63.68,,UNDER,62.2%,63.14,,-0.15,-0.88,0.42,-1.3,1.07,1.8,1.6,0.0037,100.0%
136,Julius Randle,FTA,7.5,UNDER,PrizePicks,,,64.4%,C,DO NOT BET,63.49,,,UNDER,63.6%,62.63,,UNDER,63.2%,62.33,,UNDER,65.8%,64.86,,UNDER,65.1%,64.14,,-0.31,-0.17,-0.35,-0.7,-0.6,1.2,1.2,0.0105,100.0%
137,Scoot Henderson,TOV,2.5,UNDER,PrizePicks,,,60.6%,A,BET WITH CAUTION,63.45,,,UNDER,65.2%,68.1,,UNDER,65.0%,67.88,,UNDER,56.0%,58.87,,UNDER,56.0%,58.95,,0.23,0.48,0.67,0.7,-0.37,1.2,0.8,0.0454,100.0%
138,Scoot Henderson,SB,0.5,OVER,PrizePicks,Goblin,,63.5%,A,BET WITH CAUTION,63.41,,,OVER,65.1%,65.03,,OVER,64.1%,64.0,,OVER,62.9%,62.8,,OVER,61.9%,61.83,,-0.25,-0.46,-0.5,-0.5,0.22,1.4,1.2,0.0121,100.0%
139,Jaylen Wells,FGM,3.5,OVER,PrizePicks,Goblin,,63.9%,C,DO NOT BET,63.3,,,OVER,63.6%,62.97,,OVER,62.7%,62.1,,OVER,65.2%,64.56,,OVER,64.2%,63.57,,-0.66,-1.06,0.46,-1.5,0.56,1.6,1.6,0.009,100.0%
140,Kristaps Porziņģis,AST,1.5,OVER,Underdog and PrizePicks,Goblin,0.79x,65.5%,C,STRONG BET,63.29,,,OVER,65.3%,63.12,,OVER,63.5%,61.3,,OVER,67.6%,65.41,,OVER,65.5%,63.35,,-0.95,-1.19,-0.27,-1.5,0.3,1.4,2.0,0.0146,100.0%
141,Julius Randle,STL,0.5,OVER,PrizePicks,Goblin,,64.4%,A,BET WITH CAUTION,63.21,,,OVER,63.4%,62.23,,OVER,62.9%,61.63,,OVER,66.0%,64.8,,OVER,65.4%,64.2,,-0.42,-0.88,-0.71,-1.3,0.69,1.4,1.6,0.0132,100.0%
142,Jaylen Wells,SB,0.5,OVER,PrizePicks,Goblin,,63.4%,A,BET WITH CAUTION,63.16,,,OVER,61.1%,60.83,,OVER,60.2%,59.91,,OVER,66.8%,66.49,,OVER,65.7%,65.41,,-0.44,-0.6,-0.13,-0.7,0.18,1.4,1.2,0.0283,100.0%
143,Karl-Anthony Towns,PRA,33.5,OVER,Underdog and PrizePicks,,,64.9%,D,DO NOT BET,63.12,,,OVER,64.5%,62.7,,OVER,64.3%,62.5,,OVER,65.3%,63.51,,OVER,65.5%,63.76,,-0.16,-0.75,-0.79,-6.1,4.83,1.2,1.6,0.0053,100.0%
144,Jamal Murray,RA,9.5,OVER,PrizePicks,Goblin,,66.5%,C,BET WITH CAUTION,63.11,,,OVER,68.4%,65.06,,OVER,66.7%,63.34,,OVER,66.3%,62.96,,OVER,64.4%,61.06,,-0.44,-0.4,-1.67,-1.9,-0.15,1.2,1.2,0.0142,100.0%
145,Jaylen Wells,3PM,1.5,OVER,PrizePicks,Goblin,,64.3%,S,BET WITH CAUTION,63.11,,,OVER,64.6%,63.43,,OVER,64.2%,63.03,,OVER,64.5%,63.3,,OVER,63.9%,62.71,,-0.84,-2.25,0.27,-1.1,0.69,2.0,2.0,0.0028,100.0%
146,Scottie Barnes,AST,5.0,UNDER,PrizePicks,,,58.2%,C,DO NOT BET,63.09,,,UNDER,59.4%,64.3,,UNDER,59.1%,63.94,,UNDER,57.2%,62.08,,UNDER,57.2%,62.04,,0.16,-0.39,3.0,-0.8,1.12,1.8,1.6,0.0104,100.0%
147,Naz Reid,PRA,22.5,UNDER,Underdog and PrizePicks,,,63.0%,D,DO NOT BET,63.07,,,UNDER,62.9%,62.99,,UNDER,62.5%,62.56,,UNDER,63.4%,63.53,,UNDER,63.1%,63.2,,-0.06,-1.18,-0.4,-4.7,4.45,2.0,2.0,0.0035,100.0%
148,Ausar Thompson,REB,6.0,UNDER,PrizePicks,,,62.7%,B,DO NOT BET,62.99,,,UNDER,62.4%,62.74,,UNDER,61.1%,61.43,,UNDER,64.2%,64.55,,UNDER,62.9%,63.25,,-0.04,-0.4,-0.31,-1.4,1.25,1.2,1.2,0.0112,100.0%
149,Kevin Durant,FGA,18.0,UNDER,PrizePicks,,,62.0%,D,DO NOT BET,62.95,,,UNDER,62.0%,62.94,,UNDER,60.6%,61.52,,UNDER,63.4%,64.3,,UNDER,62.1%,63.05,,-0.06,-0.55,0.25,-3.0,2.69,1.6,1.6,0.0098,100.0%
150,Jamal Murray,3PM,1.5,OVER,PrizePicks,Goblin,,65.5%,S,BET,62.95,,,OVER,64.7%,62.12,,OVER,64.3%,61.72,,OVER,66.9%,64.29,,OVER,66.3%,63.67,,-2.09,-0.4,0.25,-0.3,-1.26,1.2,1.2,0.0106,100.0%
151,Mikal Bridges,RA,7.5,UNDER,Underdog and PrizePicks,,,61.5%,C,DO NOT BET,62.84,,,UNDER,60.8%,62.15,,UNDER,59.5%,60.79,,UNDER,63.7%,65.02,,UNDER,62.1%,63.39,,0.18,-0.12,-0.61,-0.3,0.76,1.4,1.2,0.0156,100.0%
152,Ausar Thompson,SB,2.5,UNDER,Underdog,,,61.3%,A,BET WITH CAUTION,62.81,,,UNDER,62.9%,64.44,,UNDER,62.9%,64.41,,UNDER,59.7%,61.17,,UNDER,59.7%,61.22,,0.13,-0.17,0.51,-0.3,0.52,0.8,1.2,0.0162,100.0%
153,Jaylen Brown,PRA,36.5,OVER,Underdog and PrizePicks,,,62.7%,D,DO NOT BET,62.81,,,OVER,66.0%,66.1,,OVER,65.8%,65.87,,OVER,59.4%,59.49,,OVER,59.7%,59.77,,-0.29,-0.02,3.0,-0.3,-3.88,1.6,1.2,0.0318,100.0%
154,Derrick White,FTM,1.5,OVER,PrizePicks,Goblin,,64.4%,B,BET,62.77,,,OVER,66.3%,64.67,,OVER,63.4%,61.81,,OVER,65.4%,63.8,,OVER,62.4%,60.78,,-0.33,-0.71,-1.1,-2.3,1.22,1.6,1.6,0.0154,100.0%
155,Jrue Holiday,3PA,5.5,OVER,Underdog,,,63.0%,B,BET,62.6,,,OVER,63.4%,63.07,,OVER,61.8%,61.43,,OVER,64.1%,63.71,,OVER,62.5%,62.19,,-0.33,-0.04,-0.7,-0.1,-0.79,1.6,1.2,0.0087,100.0%
156,Kristaps Porziņģis,REB,3.5,OVER,PrizePicks,Goblin,,68.3%,B,STRONG BET,62.5,,,OVER,69.0%,63.26,,OVER,69.0%,63.28,,OVER,67.5%,61.78,,OVER,67.5%,61.69,,-2.71,-2.25,-0.69,-1.1,-0.23,1.2,2.0,0.0077,100.0%
157,Jalen Brunson,AST,7.5,UNDER,Underdog and PrizePicks,,,64.9%,C,DO NOT BET,62.48,,,UNDER,65.6%,63.24,,UNDER,64.8%,62.34,,UNDER,64.9%,62.53,,UNDER,64.2%,61.81,,-1.19,0.94,-1.86,0.7,-1.59,0.6,0.4,0.0051,100.0%
158,Jerami Grant,REB,2.5,OVER,PrizePicks,Goblin,,65.6%,B,STRONG BET,62.47,,,OVER,65.9%,62.73,,OVER,66.0%,62.88,,OVER,65.3%,62.14,,OVER,65.3%,62.15,,-1.52,-0.79,-0.89,-0.5,-0.46,1.0,1.6,0.0033,100.0%
159,Jalen Duren,PR,34.5,UNDER,Underdog and PrizePicks,,,67.4%,D,STRONG BET,62.42,,,UNDER,69.0%,64.01,,UNDER,68.4%,63.45,,UNDER,66.2%,61.17,,UNDER,66.0%,61.05,,-0.58,0.18,-1.02,1.5,-6.27,1.2,0.8,0.0133,100.0%
160,Jayson Tatum,REB,7.5,OVER,Underdog,,0.88x,65.3%,B,STRONG BET,62.33,,,OVER,65.0%,62.02,,OVER,65.1%,62.21,,OVER,65.5%,62.53,,OVER,65.5%,62.54,,-0.26,-0.08,-3.0,-0.3,-0.7,1.4,0.8,0.0022,100.0%
161,Kevin Durant,3PA,5.5,UNDER,Underdog,,0.85x,61.2%,B,BET WITH CAUTION,62.26,,,UNDER,60.2%,61.24,,UNDER,60.0%,61.03,,UNDER,62.4%,63.48,,UNDER,62.2%,63.28,,0.09,-0.63,0.05,-1.1,1.26,1.4,1.6,0.0113,100.0%
162,Alperen Sengun,STL,0.5,OVER,PrizePicks,Goblin,,63.3%,A,BET WITH CAUTION,62.25,,,OVER,65.1%,64.0,,OVER,64.5%,63.38,,OVER,62.2%,61.09,,OVER,61.6%,60.54,,-1.84,0.75,-0.27,0.3,-1.04,1.0,0.4,0.0147,100.0%
163,Scottie Barnes,BLK,0.5,OVER,PrizePicks,Goblin,,66.2%,S,BET,62.24,,,OVER,67.0%,63.04,,OVER,65.9%,61.93,,OVER,66.5%,62.54,,OVER,65.4%,61.44,,-0.9,-0.6,-3.0,-0.7,-0.35,1.6,1.2,0.006,100.0%
164,Kristaps Porziņģis,PR,21.5,UNDER,Underdog and PrizePicks,,,59.9%,D,DO NOT BET,62.13,,,UNDER,61.3%,63.53,,UNDER,60.9%,63.19,,UNDER,58.7%,60.96,,UNDER,58.6%,60.83,,0.04,0.07,0.29,0.5,-0.22,1.6,1.2,0.0124,100.0%
165,Jaylen Brown,RA,10.5,OVER,PrizePicks,Goblin,,62.9%,C,DO NOT BET,62.04,,,OVER,63.9%,63.05,,OVER,62.6%,61.75,,OVER,63.3%,62.47,,OVER,61.8%,60.89,,-0.73,-0.04,0.0,-0.1,-1.59,1.6,1.2,0.0081,100.0%
166,Donte DiVincenzo,REB,4.0,UNDER,PrizePicks,,,60.9%,B,DO NOT BET,62.01,,,UNDER,61.4%,62.57,,UNDER,60.1%,61.29,,UNDER,61.5%,62.69,,UNDER,60.3%,61.48,,0.15,0.22,-0.82,0.6,-0.2,1.2,1.2,0.0063,100.0%
167,Ausar Thompson,PR,17.5,UNDER,PrizePicks,,,65.4%,D,STRONG BET,61.98,,,UNDER,62.9%,59.52,,UNDER,62.5%,59.13,,UNDER,68.1%,64.71,,UNDER,68.0%,64.59,,-0.2,-0.69,-2.06,-5.7,4.07,1.2,1.2,0.0267,100.0%
168,Julius Randle,PA,28.5,UNDER,Underdog and PrizePicks,,,63.3%,D,DO NOT BET,61.98,,,UNDER,63.0%,61.69,,UNDER,62.8%,61.41,,UNDER,64.0%,62.6,,UNDER,63.6%,62.2,,-0.2,-0.29,-0.13,-3.1,0.97,1.4,0.8,0.0046,100.0%
169,Brandon Ingram,AST,4.0,UNDER,PrizePicks,,,61.5%,C,DO NOT BET,61.91,,,UNDER,60.2%,60.64,,UNDER,59.8%,60.22,,UNDER,63.3%,63.69,,UNDER,62.7%,63.1,,-0.14,-0.6,-0.0,-1.0,0.76,1.4,1.6,0.015,100.0%
170,Naz Reid,PTS,13.5,UNDER,Underdog and PrizePicks,,1.02x,60.5%,D,DO NOT BET,61.91,,,UNDER,60.2%,61.68,,UNDER,60.2%,61.7,,UNDER,60.6%,62.09,,UNDER,60.8%,62.2,,0.05,-0.39,-0.23,-1.5,1.71,1.8,1.6,0.0023,100.0%
171,Julius Randle,PR,30.5,UNDER,Underdog and PrizePicks,,,63.5%,D,DO NOT BET,61.86,,,UNDER,63.5%,61.86,,UNDER,63.1%,61.45,,UNDER,63.7%,62.13,,UNDER,63.6%,62.01,,-0.23,-0.4,0.05,-4.3,1.87,1.4,1.2,0.0026,100.0%
172,Ausar Thompson,SB,1.5,OVER,PrizePicks,Goblin,,63.7%,A,BET WITH CAUTION,61.8,,,OVER,63.3%,61.42,,OVER,62.3%,60.44,,OVER,65.1%,63.19,,OVER,64.0%,62.15,,-0.71,-0.41,-0.96,-0.7,-0.52,1.4,1.2,0.0101,100.0%
173,CJ McCollum,AST,2.5,OVER,PrizePicks,Goblin,,62.2%,C,DO NOT BET,61.77,,,OVER,62.8%,62.36,,OVER,61.2%,60.73,,OVER,63.3%,62.87,,OVER,61.5%,61.11,,-0.63,-0.59,0.58,-1.1,-0.07,1.4,1.2,0.0088,100.0%
174,Brandon Ingram,FGM,7.5,OVER,PrizePicks,Goblin,,64.6%,C,DO NOT BET,61.75,,,OVER,63.8%,60.97,,OVER,62.9%,60.09,,OVER,66.3%,63.49,,OVER,65.3%,62.47,,-0.16,-0.24,-3.0,-0.9,0.29,1.2,1.2,0.0131,100.0%
175,Jayson Tatum,3PA,8.5,OVER,Underdog,,1.07x,65.1%,B,STRONG BET,61.73,,,OVER,66.3%,62.96,,OVER,64.5%,61.13,,OVER,65.6%,62.21,,OVER,64.0%,60.62,,-0.62,-0.8,-2.0,-1.7,0.37,1.4,1.6,0.0092,100.0%
176,Ausar Thompson,RA,9.5,UNDER,Underdog and PrizePicks,,,63.1%,C,DO NOT BET,61.68,,,UNDER,62.5%,61.07,,UNDER,61.0%,59.55,,UNDER,65.4%,63.97,,UNDER,63.6%,62.16,,-0.16,-0.45,-0.9,-2.1,1.37,0.8,1.2,0.0161,100.0%
177,Jalen Brunson,PR,27.5,OVER,Underdog and PrizePicks,,,66.3%,D,STRONG BET,61.66,,,OVER,66.0%,61.38,,OVER,65.5%,60.84,,OVER,66.8%,62.15,,OVER,66.9%,62.26,,-1.7,-3.24,0.98,-4.3,2.05,1.6,2.0,0.0058,100.0%
178,Scottie Barnes,TOV,2.5,UNDER,Underdog,,0.80x,60.6%,A,BET WITH CAUTION,61.66,,,UNDER,67.7%,68.74,,UNDER,67.4%,68.45,,UNDER,53.6%,54.64,,UNDER,53.8%,54.81,,0.17,-0.12,-0.12,-0.1,0.24,1.0,0.8,0.0693,100.0%
179,Kristaps Porziņģis,PRA,23.5,UNDER,Underdog and PrizePicks,,,58.5%,D,DO NOT BET,61.63,,,UNDER,61.4%,64.58,,UNDER,61.0%,64.18,,UNDER,55.9%,59.05,,UNDER,55.6%,58.72,,0.13,0.2,0.25,1.5,-0.52,1.6,1.2,0.0276,100.0%
180,Onyeka Okongwu,STL,0.5,OVER,PrizePicks,Goblin,,62.3%,A,BET WITH CAUTION,61.61,,,OVER,61.8%,61.1,,OVER,61.3%,60.53,,OVER,63.4%,62.69,,OVER,62.8%,62.12,,-0.84,-0.4,-0.25,-0.3,-0.33,1.4,1.2,0.0084,100.0%
181,Naz Reid,3PM,1.5,UNDER,Underdog,,1.03x,58.6%,S,DO NOT BET,61.6,,,UNDER,61.9%,64.89,,UNDER,62.0%,65.02,,UNDER,55.1%,58.11,,UNDER,55.3%,58.35,,1.69,-1.75,0.42,-0.7,1.38,2.0,2.0,0.0336,100.0%
182,Jalen Brunson,PRA,35.5,OVER,Underdog and PrizePicks,,,61.6%,D,DO NOT BET,61.57,,,OVER,61.9%,61.79,,OVER,61.7%,61.65,,OVER,61.4%,61.28,,OVER,61.6%,61.55,,-0.45,-2.37,2.21,-4.5,3.64,1.4,2.0,0.0018,100.0%
183,Alperen Sengun,SB,1.5,OVER,PrizePicks,Goblin,,62.3%,A,BET WITH CAUTION,61.54,,,OVER,61.4%,60.7,,OVER,60.5%,59.77,,OVER,64.1%,63.35,,OVER,63.0%,62.34,,-0.72,0.46,-0.46,0.5,-1.29,0.8,0.4,0.0139,100.0%
184,Reed Sheppard,REB,2.5,OVER,Underdog and PrizePicks,Goblin,0.87x,62.3%,B,DO NOT BET,61.53,,,OVER,61.7%,60.94,,OVER,62.1%,61.28,,OVER,62.7%,61.88,,OVER,62.8%,62.02,,-0.11,-0.28,-1.5,-0.7,0.42,1.4,0.8,0.0044,100.0%
185,Jaylen Wells,PR,14.5,OVER,PrizePicks,,,61.9%,D,DO NOT BET,61.51,,,OVER,58.3%,57.91,,OVER,58.0%,57.6,,OVER,65.6%,65.21,,OVER,65.8%,65.33,,-0.41,-1.18,1.19,-4.7,3.08,1.6,1.6,0.0376,100.0%
186,Rudy Gobert,PTS,12.5,UNDER,Underdog,,0.88x,61.8%,D,DO NOT BET,61.48,,,UNDER,61.1%,60.72,,UNDER,61.1%,60.71,,UNDER,62.6%,62.22,,UNDER,62.6%,62.25,,-0.23,-0.1,0.16,-0.7,-0.87,1.4,1.2,0.0076,100.0%
187,Kristaps Porziņģis,BLK,1.5,UNDER,Underdog,,0.86x,59.7%,S,BET WITH CAUTION,61.48,,,UNDER,62.0%,63.82,,UNDER,62.4%,64.26,,UNDER,56.8%,58.62,,UNDER,57.4%,59.23,,-0.02,0.6,-0.13,0.7,-0.72,1.4,0.8,0.0257,100.0%
188,Karl-Anthony Towns,PA,21.5,OVER,Underdog and PrizePicks,,,63.8%,D,DO NOT BET,61.42,,,OVER,64.0%,61.6,,OVER,64.4%,62.01,,OVER,63.2%,60.79,,OVER,63.7%,61.29,,-0.19,-0.85,-0.98,-6.5,5.08,1.0,1.6,0.0045,100.0%
189,Scoot Henderson,3PA,4.5,OVER,PrizePicks,Goblin,,62.1%,B,BET WITH CAUTION,61.38,,,OVER,65.0%,64.26,,OVER,63.2%,62.52,,OVER,60.7%,60.04,,OVER,59.4%,58.7,,-0.44,-0.34,-0.23,-0.7,-0.19,1.2,1.2,0.0215,100.0%
190,Jamal Murray,FTM,3.5,OVER,Underdog,,0.83x,63.3%,B,BET,61.37,,,OVER,65.4%,63.45,,OVER,62.6%,60.65,,OVER,64.1%,62.12,,OVER,61.2%,59.23,,-0.26,-0.65,-1.25,-2.9,1.72,1.4,1.6,0.0158,100.0%
191,Karl-Anthony Towns,PTS,18.5,OVER,PrizePicks,,,64.0%,D,DO NOT BET,61.36,,,OVER,64.5%,61.88,,OVER,63.6%,60.99,,OVER,64.4%,61.8,,OVER,63.4%,60.76,,-0.25,-0.91,-0.91,-5.5,3.97,1.0,1.6,0.0049,100.0%
192,Derrick White,FGA,12.5,OVER,PrizePicks,,,62.7%,D,DO NOT BET,61.33,,,OVER,64.6%,63.25,,OVER,61.5%,60.17,,OVER,63.5%,62.2,,OVER,61.1%,59.73,,-0.5,-0.13,0.69,-0.7,-1.89,1.2,0.8,0.0144,100.0%
193,Jayson Tatum,FGA,16.5,OVER,Underdog and PrizePicks,,1.03x,64.5%,D,DO NOT BET,61.28,,,OVER,63.9%,60.76,,OVER,61.0%,57.77,,OVER,68.0%,64.79,,OVER,65.0%,61.82,,-0.48,-0.61,-2.0,-1.9,0.4,1.4,1.2,0.0251,100.0%
194,RJ Barrett,AST,2.5,OVER,PrizePicks,Goblin,,62.0%,C,DO NOT BET,61.28,,,OVER,62.2%,61.5,,OVER,60.6%,59.9,,OVER,63.5%,62.76,,OVER,61.7%,60.98,,-0.53,0.2,-0.64,0.3,-1.07,1.0,0.4,0.0103,100.0%
195,Karl-Anthony Towns,REB,12.0,UNDER,PrizePicks,,,60.6%,B,DO NOT BET,61.25,,,UNDER,61.8%,62.45,,UNDER,60.5%,61.15,,UNDER,60.6%,61.28,,UNDER,59.5%,60.11,,-0.05,-0.14,-0.0,-0.4,0.25,1.0,1.6,0.0083,100.0%
196,Jrue Holiday,PR,19.5,OVER,Underdog and PrizePicks,,,61.3%,D,DO NOT BET,61.24,,,OVER,59.3%,59.17,,OVER,58.9%,58.83,,OVER,63.5%,63.42,,OVER,63.6%,63.54,,-0.15,0.34,-0.42,2.9,-4.16,1.4,0.8,0.0224,100.0%
197,Immanuel Quickley,FTM,2.5,UNDER,PrizePicks,,,58.7%,B,DO NOT BET,61.21,,,UNDER,62.9%,65.45,,UNDER,62.7%,65.27,,UNDER,54.1%,56.63,,UNDER,55.0%,57.5,,0.03,0.12,1.5,0.3,-0.22,0.8,0.8,0.0416,100.0%
198,Reed Sheppard,STL,1.5,UNDER,Underdog,,0.78x,61.4%,A,BET WITH CAUTION,61.13,,,UNDER,58.5%,58.17,,UNDER,58.7%,58.37,,UNDER,64.3%,63.96,,UNDER,64.3%,64.01,,-0.06,0.1,-1.5,0.1,-0.16,1.2,0.8,0.0286,100.0%
199,Deni Avdija,RA,12.5,OVER,Underdog and PrizePicks,,1.03x,56.0%,C,DO NOT BET,61.12,,,OVER,54.0%,59.12,,OVER,53.8%,58.85,,OVER,58.7%,63.79,,OVER,57.6%,62.73,,-0.55,-0.44,6.0,-0.9,-0.23,1.2,1.2,0.0217,100.0%
200,Naz Reid,3PA,4.5,UNDER,Underdog,,1.05x,58.5%,B,DO NOT BET,61.1,,,UNDER,59.7%,62.3,,UNDER,59.5%,62.13,,UNDER,57.3%,59.9,,UNDER,57.4%,60.05,,1.06,-1.19,-0.0,-1.5,2.84,1.4,1.6,0.0112,100.0%
201,Tobias Harris,REB,5.5,UNDER,Underdog,,1.09x,60.1%,B,DO NOT BET,61.07,,,UNDER,59.5%,60.44,,UNDER,58.2%,59.21,,UNDER,61.9%,62.92,,UNDER,60.7%,61.7,,-0.18,-0.3,0.57,-0.5,0.19,1.2,1.2,0.0139,100.0%
202,Rudy Gobert,PRA,27.5,UNDER,Underdog,,0.88x,64.5%,D,DO NOT BET,61.03,,,UNDER,62.8%,59.4,,UNDER,62.4%,58.96,,UNDER,66.5%,63.04,,UNDER,66.1%,62.71,,-0.42,-0.43,-0.33,-3.5,0.04,1.2,0.8,0.0186,100.0%
203,Jamal Murray,3PA,6.5,UNDER,Underdog and PrizePicks,,,60.2%,B,BET WITH CAUTION,60.99,,,UNDER,61.1%,61.9,,UNDER,60.8%,61.61,,UNDER,59.5%,60.22,,UNDER,59.5%,60.22,,0.51,-0.88,-1.0,-1.3,2.05,1.4,1.6,0.0077,100.0%
204,Payton Pritchard,AST,5.5,UNDER,Underdog,,0.86x,60.5%,C,DO NOT BET,60.97,,,UNDER,62.8%,63.27,,UNDER,62.1%,62.62,,UNDER,58.6%,59.08,,UNDER,58.4%,58.92,,-0.1,0.07,-0.32,0.1,-0.24,1.0,0.8,0.0199,100.0%
205,OG Anunoby,3PM,1.5,OVER,Underdog and PrizePicks,Goblin,0.75x,63.0%,S,BET WITH CAUTION,60.96,,,OVER,62.9%,60.84,,OVER,62.5%,60.45,,OVER,63.6%,61.56,,OVER,63.0%,60.98,,-0.93,-1.74,-0.51,-1.3,0.6,1.8,2.0,0.004,100.0%
206,Mikal Bridges,SB,1.5,OVER,PrizePicks,Goblin,,61.1%,A,BET WITH CAUTION,60.94,,,OVER,62.1%,61.95,,OVER,61.2%,61.0,,OVER,61.0%,60.86,,OVER,60.1%,59.95,,-0.74,-0.31,0.19,-0.3,-0.43,1.4,1.6,0.0071,100.0%
207,Jrue Holiday,FTA,1.5,OVER,PrizePicks,Goblin,,60.0%,C,DO NOT BET,60.91,,,OVER,60.4%,61.28,,OVER,57.8%,58.71,,OVER,62.6%,63.48,,OVER,59.3%,60.19,,-0.51,0.71,0.0,0.7,-1.2,1.2,0.8,0.0174,100.0%
208,Jrue Holiday,REB,3.5,OVER,Underdog,,0.85x,61.9%,B,DO NOT BET,60.9,,,OVER,61.8%,60.73,,OVER,62.1%,61.07,,OVER,61.8%,60.81,,OVER,62.0%,60.99,,-0.39,-0.41,-0.58,-1.1,0.06,1.4,1.2,0.0014,100.0%
209,Jalen Johnson,PA,29.5,OVER,Underdog,,,62.3%,D,DO NOT BET,60.82,,,OVER,58.1%,56.64,,OVER,58.5%,57.04,,OVER,66.0%,64.55,,OVER,66.5%,65.04,,-0.37,-0.77,0.0,-3.1,1.6,1.2,1.6,0.0399,100.0%
210,Jalen Duren,FTA,6.5,UNDER,PrizePicks,,,60.6%,C,DO NOT BET,60.78,,,UNDER,59.8%,59.96,,UNDER,60.0%,60.11,,UNDER,61.4%,61.58,,UNDER,61.3%,61.47,,-0.23,0.47,-0.27,1.3,-1.94,0.8,0.4,0.0075,100.0%
211,Donte DiVincenzo,RA,8.0,UNDER,PrizePicks,,,59.9%,C,DO NOT BET,60.74,,,UNDER,62.5%,63.32,,UNDER,61.0%,61.81,,UNDER,58.6%,59.44,,UNDER,57.5%,58.39,,0.21,-0.26,-1.0,-0.6,1.1,1.4,1.2,0.0194,100.0%
212,Karl-Anthony Towns,PR,30.5,OVER,Underdog and PrizePicks,,,62.8%,D,DO NOT BET,60.74,,,OVER,61.4%,59.33,,OVER,61.0%,58.92,,OVER,64.3%,62.29,,OVER,64.4%,62.41,,-0.19,-0.7,-0.76,-5.1,3.72,1.0,1.2,0.0162,100.0%
213,Karl-Anthony Towns,FTM,4.5,UNDER,Underdog,,0.77x,58.8%,B,DO NOT BET,60.71,,,UNDER,59.0%,60.91,,UNDER,59.2%,61.17,,UNDER,58.2%,60.21,,UNDER,58.6%,60.57,,0.11,-0.12,0.1,-0.3,0.57,1.6,1.2,0.0036,100.0%
214,Nikola Jokić,STL,1.5,UNDER,Underdog,,0.79x,61.9%,A,BET WITH CAUTION,60.71,,,UNDER,61.5%,60.23,,UNDER,61.6%,60.37,,UNDER,62.3%,61.09,,UNDER,62.4%,61.17,,-0.02,0.64,-3.0,1.3,-1.34,1.2,0.8,0.0042,100.0%
215,Derrick White,TOV,1.5,OVER,PrizePicks,,,60.9%,A,BET WITH CAUTION,60.71,,,OVER,60.6%,60.43,,OVER,60.0%,59.79,,OVER,61.9%,61.69,,OVER,61.1%,60.94,,-0.22,-0.23,-0.46,-0.3,0.01,1.0,1.2,0.007,100.0%
216,Amen Thompson,SB,1.5,OVER,PrizePicks,Goblin,,64.2%,A,BET WITH CAUTION,60.71,,,OVER,65.6%,62.16,,OVER,64.6%,61.11,,OVER,63.7%,60.28,,OVER,62.7%,59.28,,-1.44,0.75,-3.0,0.3,-0.88,0.8,0.4,0.0106,100.0%
217,Jalen Brunson,PTS,24.5,OVER,Underdog and PrizePicks,,,62.8%,D,DO NOT BET,60.68,,,OVER,64.2%,62.04,,OVER,63.3%,61.17,,OVER,62.4%,60.25,,OVER,61.4%,59.27,,-0.89,-1.62,1.0,-3.3,1.49,1.2,1.6,0.0104,100.0%
218,Jrue Holiday,PRA,25.5,OVER,Underdog and PrizePicks,,,61.1%,D,DO NOT BET,60.67,,,OVER,60.5%,60.02,,OVER,60.4%,59.91,,OVER,61.7%,61.23,,OVER,62.0%,61.5,,-0.14,0.32,-0.57,3.3,-4.78,1.4,0.8,0.007,100.0%
219,Donte DiVincenzo,PA,16.5,UNDER,PrizePicks,,,61.2%,D,DO NOT BET,60.54,,,UNDER,62.3%,61.61,,UNDER,62.0%,61.33,,UNDER,60.5%,59.82,,UNDER,60.1%,59.4,,-0.02,-1.15,-0.76,-6.1,5.97,1.4,1.6,0.0095,100.0%
220,Ausar Thompson,STL,1.5,UNDER,Underdog and PrizePicks,,1.03x,58.6%,A,DO NOT BET,60.52,,,UNDER,59.3%,61.18,,UNDER,59.5%,61.37,,UNDER,57.8%,59.67,,UNDER,57.9%,59.85,,0.24,-0.2,0.52,-0.3,0.65,1.0,1.6,0.0077,100.0%
221,Jalen Brunson,STL,0.5,OVER,PrizePicks,Goblin,,59.8%,A,DO NOT BET,60.43,,,OVER,60.6%,61.21,,OVER,60.1%,60.65,,OVER,59.6%,60.18,,OVER,59.1%,59.67,,-0.25,-0.88,0.58,-0.9,0.65,1.4,1.6,0.0057,100.0%
222,Payton Pritchard,PRA,24.5,OVER,Underdog,,0.88x,61.1%,D,DO NOT BET,60.4,,,OVER,63.1%,62.5,,OVER,63.0%,62.33,,OVER,58.9%,58.24,,OVER,59.2%,58.53,,-0.26,0.18,-0.17,1.1,-2.7,1.2,1.2,0.0202,100.0%
223,Jalen Duren,PA,24.5,UNDER,Underdog and PrizePicks,,,64.5%,D,DO NOT BET,60.39,,,UNDER,64.5%,60.4,,UNDER,64.3%,60.14,,UNDER,64.8%,60.7,,UNDER,64.4%,60.3,,-0.48,0.14,-1.08,1.1,-4.82,1.0,1.2,0.002,100.0%
224,Tobias Harris,PR,20.5,UNDER,Underdog,,,61.9%,D,DO NOT BET,60.34,,,UNDER,59.5%,57.98,,UNDER,59.2%,57.7,,UNDER,64.4%,62.9,,UNDER,64.3%,62.77,,-0.3,-0.56,0.33,-4.1,1.91,1.2,1.6,0.025,100.0%
225,Julius Randle,FTM,5.5,UNDER,Underdog and PrizePicks,,0.85x,60.0%,B,BET WITH CAUTION,60.33,,,UNDER,59.3%,59.65,,UNDER,59.6%,59.86,,UNDER,60.6%,60.87,,UNDER,60.6%,60.95,,-0.13,0.03,-0.16,0.1,-0.53,1.0,0.8,0.0058,100.0%
226,Rudy Gobert,PTS,12.0,UNDER,PrizePicks,,,59.8%,D,DO NOT BET,60.23,,,UNDER,58.9%,59.32,,UNDER,58.9%,59.39,,UNDER,60.6%,61.06,,UNDER,60.7%,61.17,,-0.16,-0.03,0.32,-0.2,-0.87,1.4,1.2,0.0088,100.0%
227,Draymond Green,3PM,1.5,UNDER,Underdog,,0.87x,57.6%,S,DO NOT BET,60.18,,,UNDER,58.4%,60.96,,UNDER,58.6%,61.13,,UNDER,56.7%,59.2,,UNDER,56.9%,59.41,,0.04,0.81,0.23,1.1,-1.05,1.4,0.8,0.0087,100.0%
228,Julius Randle,PRA,35.5,UNDER,Underdog and PrizePicks,,,61.7%,D,DO NOT BET,60.12,,,UNDER,63.0%,61.36,,UNDER,62.5%,60.92,,UNDER,60.9%,59.26,,UNDER,60.5%,58.93,,-0.2,-0.45,-0.06,-5.1,2.8,1.4,1.2,0.0104,100.0%
229,Kristaps Porziņģis,SB,1.5,OVER,PrizePicks,Goblin,,63.2%,A,BET WITH CAUTION,60.1,,,OVER,62.6%,59.48,,OVER,61.7%,58.52,,OVER,64.9%,61.71,,OVER,63.8%,60.68,,-0.46,-1.4,-1.86,-1.9,1.27,1.2,1.6,0.0121,100.0%
230,Jamal Murray,STL,0.5,OVER,PrizePicks,Goblin,,63.6%,A,BET WITH CAUTION,60.0,,,OVER,67.3%,63.68,,OVER,66.6%,63.05,,OVER,60.5%,56.9,,OVER,60.0%,56.37,,-0.57,-0.4,-3.0,-0.3,-0.12,0.8,1.2,0.0338,100.0%
231,Derrick White,3PA,7.5,OVER,Underdog and PrizePicks,Demon,1.09x,60.4%,B,BET WITH CAUTION,59.96,,,OVER,62.4%,62.05,,OVER,60.9%,60.46,,OVER,59.7%,59.3,,OVER,58.4%,58.03,,-0.38,-0.03,-0.17,-0.1,-1.11,1.4,1.2,0.0148,100.0%
232,Jaden McDaniels,FTM,1.5,OVER,PrizePicks,Goblin,,60.4%,B,BET WITH CAUTION,59.93,,,OVER,61.2%,60.75,,OVER,58.8%,58.32,,OVER,62.2%,61.69,,OVER,59.5%,58.97,,-0.44,0.4,-0.87,0.5,-1.06,1.0,0.8,0.0135,100.0%
233,Deni Avdija,STL,0.5,OVER,PrizePicks,Goblin,,60.9%,A,BET WITH CAUTION,59.92,,,OVER,61.9%,60.96,,OVER,61.3%,60.38,,OVER,60.4%,59.45,,OVER,59.9%,58.92,,-0.47,-0.79,-0.58,-0.5,0.2,1.2,1.6,0.0079,100.0%
234,Naz Reid,BLK,0.5,OVER,PrizePicks,Goblin,,60.8%,S,BET WITH CAUTION,59.91,,,OVER,61.0%,60.07,,OVER,60.0%,59.05,,OVER,61.7%,60.79,,OVER,60.7%,59.76,,-0.32,-0.6,-0.9,-0.9,0.41,1.4,1.2,0.0063,100.0%
235,Jaden McDaniels,PR,20.5,UNDER,Underdog and PrizePicks,,,59.7%,D,DO NOT BET,59.91,,,UNDER,60.7%,60.88,,UNDER,60.4%,60.56,,UNDER,59.0%,59.17,,UNDER,58.8%,59.04,,-0.25,-0.84,1.62,-5.7,3.98,1.4,1.6,0.0082,100.0%
236,Nikola Jokić,3PA,4.5,UNDER,Underdog,,0.83x,55.7%,B,DO NOT BET,59.9,,,UNDER,54.3%,58.46,,UNDER,54.5%,58.73,,UNDER,56.9%,61.13,,UNDER,57.1%,61.3,,0.11,-0.34,3.0,-0.7,0.92,1.2,1.2,0.0131,100.0%
237,Jayson Tatum,PA,26.5,UNDER,Underdog and PrizePicks,,,62.4%,D,DO NOT BET,59.9,,,UNDER,62.4%,59.92,,UNDER,62.1%,59.63,,UNDER,62.7%,60.24,,UNDER,62.3%,59.83,,-1.07,-0.76,-0.0,-1.3,-0.53,1.2,1.6,0.0022,100.0%
238,Immanuel Quickley,3PA,6.5,OVER,PrizePicks,,,61.0%,B,BET WITH CAUTION,59.89,,,OVER,61.5%,60.41,,OVER,60.0%,58.89,,OVER,62.0%,60.83,,OVER,60.5%,59.42,,-0.74,0.79,-1.5,0.5,-0.97,0.8,0.4,0.0077,100.0%
239,Tobias Harris,PRA,23.5,UNDER,Underdog and PrizePicks,,,62.2%,D,DO NOT BET,59.88,,,UNDER,61.5%,59.15,,UNDER,61.1%,58.74,,UNDER,63.3%,60.99,,UNDER,63.0%,60.66,,-0.4,-0.49,0.42,-3.5,0.62,1.0,1.2,0.0096,100.0%
240,Alperen Sengun,FGA,14.5,OVER,Underdog and PrizePicks,,,60.0%,D,DO NOT BET,59.86,,,OVER,61.1%,60.94,,OVER,58.5%,58.4,,OVER,61.3%,61.14,,OVER,59.1%,58.95,,-0.46,0.54,-0.13,1.5,-2.78,1.2,1.2,0.012,100.0%
241,Naz Reid,RA,8.0,UNDER,PrizePicks,,,58.7%,C,DO NOT BET,59.81,,,UNDER,60.8%,61.85,,UNDER,59.4%,60.51,,UNDER,57.8%,58.92,,UNDER,56.9%,57.95,,0.28,-1.13,-0.39,-2.2,2.74,1.8,2.0,0.0149,100.0%
242,Derrick White,PRA,25.5,OVER,Underdog and PrizePicks,,,60.9%,D,DO NOT BET,59.78,,,OVER,62.4%,61.3,,OVER,62.3%,61.15,,OVER,59.3%,58.19,,OVER,59.6%,58.47,,-0.19,-0.2,-0.16,-2.1,0.12,1.4,1.2,0.0145,100.0%
243,Immanuel Quickley,RA,8.5,OVER,PrizePicks,Goblin,,59.3%,C,DO NOT BET,59.75,,,OVER,60.0%,60.47,,OVER,59.1%,59.56,,OVER,59.6%,60.06,,OVER,58.4%,58.9,,-0.95,0.17,1.5,0.3,-1.94,1.4,1.2,0.0059,100.0%
244,Jaden McDaniels,REB,4.0,UNDER,PrizePicks,,,57.0%,B,DO NOT BET,59.69,,,UNDER,57.2%,59.97,,UNDER,56.1%,58.82,,UNDER,57.8%,60.51,,UNDER,56.7%,59.45,,0.1,-0.62,1.43,-1.4,1.62,1.6,1.6,0.0063,100.0%
245,CJ McCollum,STL,0.5,OVER,PrizePicks,Goblin,,59.0%,A,DO NOT BET,59.65,,,OVER,58.9%,59.53,,OVER,58.3%,59.0,,OVER,59.6%,60.3,,OVER,59.1%,59.78,,-0.44,-0.79,0.58,-0.5,0.22,1.6,1.6,0.0047,100.0%
246,OG Anunoby,REB,5.5,UNDER,Underdog,,0.82x,58.4%,B,DO NOT BET,59.62,,,UNDER,59.1%,60.26,,UNDER,57.8%,59.05,,UNDER,58.9%,60.14,,UNDER,57.8%,59.03,,-0.08,0.04,0.42,0.1,-0.28,1.0,0.8,0.0058,100.0%
247,Donte DiVincenzo,PTS,12.5,UNDER,Underdog,,0.88x,60.1%,D,DO NOT BET,59.53,,,UNDER,57.8%,57.31,,UNDER,57.9%,57.42,,UNDER,62.2%,61.66,,UNDER,62.2%,61.71,,-0.04,-0.95,-0.7,-4.9,4.67,1.4,1.6,0.0217,100.0%
248,Reed Sheppard,FGA,11.5,OVER,PrizePicks,Demon,,59.7%,D,DO NOT BET,59.53,,,OVER,60.9%,60.82,,OVER,58.4%,58.3,,OVER,60.7%,60.55,,OVER,58.6%,58.44,,0.0,-0.23,-1.5,-0.3,0.3,1.6,1.2,0.0116,100.0%
249,Kevin Durant,PTS,24.5,UNDER,Underdog and PrizePicks,,,56.6%,D,DO NOT BET,59.52,,,UNDER,57.8%,60.76,,UNDER,57.9%,60.87,,UNDER,55.1%,58.06,,UNDER,55.4%,58.4,,0.16,-0.37,0.76,-2.9,4.11,1.2,1.2,0.013,100.0%
250,Payton Pritchard,STL,0.5,OVER,PrizePicks,Goblin,,60.1%,A,BET WITH CAUTION,59.49,,,OVER,60.1%,59.55,,OVER,59.6%,59.0,,OVER,60.5%,59.96,,OVER,60.0%,59.43,,-0.44,-0.79,-0.27,-0.5,0.22,1.2,1.6,0.0034,100.0%
251,OG Anunoby,PA,20.5,UNDER,Underdog,,,59.6%,D,DO NOT BET,59.49,,,UNDER,57.1%,56.92,,UNDER,56.8%,56.6,,UNDER,62.6%,62.43,,UNDER,62.2%,62.01,,-0.25,0.7,-0.19,3.9,-5.31,1.0,0.4,0.0274,100.0%
252,Draymond Green,PRA,18.5,OVER,PrizePicks,,,61.6%,D,DO NOT BET,59.42,,,OVER,57.8%,55.6,,OVER,57.7%,55.56,,OVER,65.3%,63.13,,OVER,65.5%,63.38,,-0.45,-1.6,-0.73,-3.5,2.52,1.6,2.0,0.0384,100.0%
253,Jalen Johnson,RA,17.5,UNDER,Underdog,,0.88x,56.1%,C,DO NOT BET,59.38,,,UNDER,54.2%,57.45,,UNDER,53.6%,56.8,,UNDER,59.0%,62.19,,UNDER,57.9%,61.09,,0.25,0.71,-0.0,3.1,-2.02,1.2,0.4,0.023,100.0%
254,Brandin Podziemski,REB,5.5,UNDER,Underdog,,0.85x,57.7%,B,DO NOT BET,59.37,,,UNDER,57.9%,59.57,,UNDER,56.7%,58.4,,UNDER,58.6%,60.31,,UNDER,57.5%,59.21,,-0.1,-0.04,1.5,-0.1,-0.17,0.6,1.2,0.0069,100.0%
255,Ausar Thompson,PRA,20.5,UNDER,Underdog and PrizePicks,,,62.8%,D,DO NOT BET,59.37,,,UNDER,60.4%,56.93,,UNDER,60.0%,56.55,,UNDER,65.6%,62.16,,UNDER,65.3%,61.84,,-0.17,-0.6,-1.99,-5.9,4.18,1.0,1.2,0.0264,100.0%
256,Derrick White,SB,2.5,UNDER,Underdog,,0.81x,58.0%,A,DO NOT BET,59.31,,,UNDER,54.9%,56.26,,UNDER,55.2%,56.57,,UNDER,60.9%,62.21,,UNDER,60.9%,62.21,,0.08,-0.53,0.5,-0.7,0.81,1.2,1.6,0.029,100.0%
257,OG Anunoby,PRA,25.5,UNDER,Underdog and PrizePicks,,,58.7%,D,DO NOT BET,59.28,,,UNDER,57.2%,57.77,,UNDER,56.9%,57.46,,UNDER,60.5%,61.11,,UNDER,60.2%,60.77,,-0.15,0.61,-0.0,4.5,-5.59,1.2,0.8,0.0167,100.0%
258,Derrick White,BLK,0.5,OVER,PrizePicks,Goblin,,63.7%,S,BET,59.25,,,OVER,65.5%,61.04,,OVER,64.4%,59.95,,OVER,63.0%,58.54,,OVER,61.9%,57.49,,-2.31,-0.75,-1.86,-0.3,-0.62,1.4,1.6,0.0135,100.0%
259,Rudy Gobert,STL,0.5,OVER,PrizePicks,Goblin,,58.4%,A,DO NOT BET,59.18,,,OVER,59.8%,60.56,,OVER,59.2%,60.02,,OVER,57.5%,58.32,,OVER,57.1%,57.84,,-0.53,-0.2,0.58,-0.1,-0.16,1.2,1.2,0.0113,100.0%
260,Immanuel Quickley,FGM,5.5,OVER,PrizePicks,,,56.9%,C,DO NOT BET,59.14,,,OVER,57.1%,59.34,,OVER,56.3%,58.61,,OVER,57.4%,59.7,,OVER,56.6%,58.89,,-0.16,0.35,1.5,0.9,-1.31,1.0,0.8,0.0042,100.0%
261,Jayson Tatum,PRA,34.5,UNDER,Underdog and PrizePicks,,,57.2%,D,DO NOT BET,59.12,,,UNDER,57.7%,59.57,,UNDER,57.4%,59.25,,UNDER,57.1%,59.0,,UNDER,56.8%,58.67,,-0.25,-0.28,2.75,-1.5,0.17,1.0,1.2,0.0033,100.0%
262,Brandon Ingram,REB,5.5,UNDER,Underdog,,0.88x,55.1%,B,DO NOT BET,59.06,,,UNDER,55.8%,59.8,,UNDER,54.7%,58.71,,UNDER,55.4%,59.36,,UNDER,54.4%,58.39,,0.07,-0.44,3.0,-0.9,1.04,1.2,1.2,0.0055,100.0%
263,Onyeka Okongwu,FTA,1.5,OVER,PrizePicks,Goblin,,56.9%,C,DO NOT BET,59.06,,,OVER,55.9%,58.02,,OVER,53.8%,55.95,,OVER,60.5%,62.65,,OVER,57.5%,59.62,,-0.45,-0.41,3.0,-1.1,-0.08,1.2,1.2,0.0245,100.0%
264,OG Anunoby,PTS,17.5,UNDER,Underdog,,,57.9%,D,DO NOT BET,59.03,,,UNDER,56.6%,57.74,,UNDER,56.7%,57.89,,UNDER,59.0%,60.15,,UNDER,59.2%,60.33,,-0.15,1.02,-0.07,4.3,-4.94,1.0,0.4,0.0122,100.0%
265,Deni Avdija,REB,5.5,OVER,Underdog,,0.86x,60.2%,B,DO NOT BET,58.98,,,OVER,60.7%,59.54,,OVER,61.1%,59.93,,OVER,59.3%,58.07,,OVER,59.6%,58.37,,-0.63,-0.47,0.17,-1.1,-0.36,1.2,1.6,0.0078,100.0%
266,Jaden McDaniels,PA,19.5,UNDER,Underdog and PrizePicks,,,59.2%,D,DO NOT BET,58.97,,,UNDER,60.3%,60.06,,UNDER,60.0%,59.76,,UNDER,58.5%,58.26,,UNDER,58.0%,57.82,,-0.34,-0.75,1.62,-4.7,2.54,1.4,1.2,0.0096,100.0%
267,Jerami Grant,FTM,3.5,UNDER,PrizePicks,,,56.2%,B,DO NOT BET,58.94,,,UNDER,55.5%,58.23,,UNDER,56.2%,58.88,,UNDER,56.3%,59.02,,UNDER,56.9%,59.62,,0.44,-0.58,0.51,-1.5,2.65,1.2,1.6,0.0049,100.0%
268,Rudy Gobert,PA,14.5,UNDER,PrizePicks,,,59.8%,D,DO NOT BET,58.94,,,UNDER,58.3%,57.41,,UNDER,58.0%,57.09,,UNDER,61.7%,60.84,,UNDER,61.3%,60.42,,-0.29,-0.14,-0.0,-0.9,-0.93,1.4,1.2,0.017,100.0%
269,Alperen Sengun,FTM,2.5,OVER,PrizePicks,Goblin,,60.7%,B,BET WITH CAUTION,58.9,,,OVER,62.9%,61.14,,OVER,60.3%,58.55,,OVER,61.0%,59.26,,OVER,58.4%,56.65,,-0.59,-0.23,-0.46,-0.5,-0.8,0.8,0.8,0.016,100.0%
270,Payton Pritchard,3PA,6.5,OVER,Underdog and PrizePicks,Goblin,0.83x,59.7%,B,DO NOT BET,58.85,,,OVER,63.1%,62.25,,OVER,61.5%,60.63,,OVER,57.7%,56.85,,OVER,56.5%,55.69,,-0.33,-0.26,-0.62,-0.5,-0.12,1.0,1.2,0.0268,100.0%
271,Rudy Gobert,TOV,1.5,UNDER,PrizePicks,,,57.3%,A,DO NOT BET,58.8,,,UNDER,55.5%,56.91,,UNDER,55.6%,57.02,,UNDER,59.2%,60.65,,UNDER,59.1%,60.6,,-0.1,0.88,-0.23,0.9,-1.0,1.0,0.4,0.0183,100.0%
272,Kristaps Porziņģis,FGA,12.5,UNDER,PrizePicks,,,56.9%,D,DO NOT BET,58.79,,,UNDER,57.2%,59.1,,UNDER,56.6%,58.49,,UNDER,57.1%,58.98,,UNDER,56.7%,58.6,,-0.08,0.26,0.69,0.5,-0.65,1.2,0.4,0.0025,100.0%
273,Jrue Holiday,PA,21.5,OVER,Underdog and PrizePicks,,1.03x,58.6%,D,DO NOT BET,58.77,,,OVER,56.6%,56.86,,OVER,57.0%,57.26,,OVER,60.0%,60.23,,OVER,60.5%,60.73,,-0.1,0.41,-0.55,3.9,-4.84,1.4,0.8,0.0172,100.0%
274,Karl-Anthony Towns,STL,0.5,OVER,PrizePicks,Goblin,,60.3%,A,BET WITH CAUTION,58.76,,,OVER,57.7%,56.19,,OVER,57.2%,55.68,,OVER,63.4%,61.87,,OVER,62.8%,61.3,,-0.36,-0.46,-1.51,-0.5,0.11,1.2,1.2,0.0284,100.0%
275,RJ Barrett,FGA,15.5,UNDER,Underdog and PrizePicks,,0.94x,59.0%,D,DO NOT BET,58.72,,,UNDER,62.5%,62.21,,UNDER,61.0%,60.72,,UNDER,56.4%,56.1,,UNDER,56.1%,55.83,,-0.81,0.17,0.56,0.3,-1.69,1.2,0.8,0.028,100.0%
276,Onyeka Okongwu,FTM,1.5,UNDER,PrizePicks,,,59.3%,B,DO NOT BET,58.72,,,UNDER,59.8%,59.15,,UNDER,59.9%,59.32,,UNDER,58.7%,58.06,,UNDER,59.0%,58.37,,0.28,0.15,-3.0,0.3,0.25,1.4,1.2,0.0052,100.0%
277,Ausar Thompson,PA,14.0,UNDER,PrizePicks,,,60.8%,D,DO NOT BET,58.69,,,UNDER,59.8%,57.67,,UNDER,59.5%,57.37,,UNDER,62.2%,60.06,,UNDER,61.7%,59.65,,-0.15,-0.55,-1.53,-4.0,2.93,1.2,1.6,0.0118,100.0%
278,Nikola Jokić,PTS,27.5,OVER,Underdog and PrizePicks,,,58.1%,D,DO NOT BET,58.68,,,OVER,57.6%,58.18,,OVER,57.0%,57.5,,OVER,59.4%,59.98,,OVER,58.6%,59.09,,-0.08,0.69,-0.54,5.9,-6.62,1.2,0.8,0.0093,100.0%
279,Jerami Grant,FTA,4.5,UNDER,PrizePicks,,,56.1%,C,DO NOT BET,58.59,,,UNDER,56.2%,58.74,,UNDER,56.9%,59.33,,UNDER,55.3%,57.74,,UNDER,56.1%,58.55,,0.5,-0.87,0.45,-2.1,3.3,1.2,1.6,0.0057,100.0%
280,Jerami Grant,STL,0.5,OVER,PrizePicks,Goblin,,58.5%,A,DO NOT BET,58.58,,,OVER,58.7%,58.76,,OVER,58.1%,58.23,,OVER,58.9%,58.93,,OVER,58.4%,58.43,,-0.42,-0.2,-0.5,-0.1,-0.1,1.4,1.2,0.0027,100.0%
281,Dyson Daniels,PRA,23.5,OVER,Underdog and PrizePicks,,,59.3%,D,DO NOT BET,58.56,,,OVER,57.2%,56.47,,OVER,57.2%,56.44,,OVER,61.3%,60.52,,OVER,61.5%,60.8,,-0.2,-0.9,-0.35,-3.9,3.03,1.6,1.6,0.021,100.0%
282,Jaylen Brown,REB,6.0,OVER,PrizePicks,,,57.8%,B,DO NOT BET,58.43,,,OVER,57.2%,57.87,,OVER,57.8%,58.41,,OVER,57.9%,58.53,,OVER,58.3%,58.89,,-0.59,0.56,0.5,1.0,-2.05,1.2,0.4,0.0037,100.0%
283,Jaylen Wells,PTS,11.5,OVER,Underdog and PrizePicks,,0.89x,58.0%,D,DO NOT BET,58.41,,,OVER,56.5%,56.84,,OVER,55.8%,56.2,,OVER,60.4%,60.77,,OVER,59.5%,59.85,,-0.3,-0.92,1.52,-4.1,2.78,1.4,1.2,0.0194,100.0%
284,Derrick White,FTM,2.5,UNDER,Underdog,,0.70x,56.4%,B,DO NOT BET,58.37,,,UNDER,55.4%,57.41,,UNDER,56.1%,58.07,,UNDER,56.7%,58.72,,UNDER,57.3%,59.27,,0.02,0.4,0.5,1.3,-1.22,1.0,1.2,0.007,100.0%
285,Jayson Tatum,PTS,22.5,UNDER,Underdog and PrizePicks,,,60.5%,D,DO NOT BET,58.34,,,UNDER,61.8%,59.62,,UNDER,61.8%,59.58,,UNDER,59.2%,57.0,,UNDER,59.4%,57.17,,-1.0,-0.38,-0.19,-0.7,-1.13,1.2,1.2,0.0126,100.0%
286,Brandon Ingram,SB,1.5,UNDER,PrizePicks,,,58.1%,A,DO NOT BET,58.33,,,UNDER,61.9%,62.08,,UNDER,61.9%,62.1,,UNDER,54.2%,54.42,,UNDER,54.5%,54.7,,-0.0,-0.2,-1.0,-0.3,0.3,1.4,1.6,0.0376,100.0%
287,Draymond Green,FGM,2.5,OVER,PrizePicks,Goblin,,59.9%,C,DO NOT BET,58.3,,,OVER,57.4%,55.82,,OVER,56.6%,55.08,,OVER,63.2%,61.63,,OVER,62.2%,60.68,,-0.39,-0.81,-0.93,-1.3,0.67,1.2,1.2,0.0288,100.0%
288,Amen Thompson,AST,5.5,UNDER,Underdog and PrizePicks,,,58.3%,C,DO NOT BET,58.3,,,UNDER,55.6%,55.66,,UNDER,55.6%,55.65,,UNDER,61.1%,61.14,,UNDER,60.7%,60.75,,-0.14,-0.07,-0.75,-0.1,-0.11,1.2,1.2,0.0265,100.0%
289,Kevin Durant,FGA,17.5,UNDER,Underdog,,,56.8%,D,DO NOT BET,58.3,,,UNDER,56.4%,57.94,,UNDER,55.9%,57.48,,UNDER,57.6%,59.11,,UNDER,57.1%,58.66,,0.04,-0.46,0.38,-2.5,2.69,1.4,1.6,0.0063,100.0%
290,Rudy Gobert,PRA,26.5,UNDER,PrizePicks,,,60.3%,D,DO NOT BET,58.3,,,UNDER,58.3%,56.26,,UNDER,57.9%,55.92,,UNDER,62.7%,60.68,,UNDER,62.4%,60.35,,-0.3,-0.3,-0.16,-2.5,0.04,1.2,0.8,0.0222,100.0%
291,Deni Avdija,FTM,6.5,UNDER,Underdog,,0.80x,56.2%,B,DO NOT BET,58.29,,,UNDER,55.5%,57.61,,UNDER,56.2%,58.26,,UNDER,56.3%,58.34,,UNDER,56.9%,58.94,,0.23,0.3,-0.51,1.1,-0.25,1.2,0.8,0.0047,100.0%
292,Kristaps Porziņģis,PTS,16.5,UNDER,Underdog and PrizePicks,,,56.0%,D,DO NOT BET,58.27,,,UNDER,58.9%,61.21,,UNDER,59.0%,61.28,,UNDER,52.8%,55.07,,UNDER,53.2%,55.51,,0.06,0.12,0.27,0.9,-0.44,1.4,0.8,0.0298,100.0%
293,Ausar Thompson,PTS,10.5,UNDER,Underdog and PrizePicks,,,59.9%,D,DO NOT BET,58.24,,,UNDER,58.0%,56.31,,UNDER,58.1%,56.41,,UNDER,61.8%,60.09,,UNDER,61.8%,60.15,,-0.09,-0.6,-1.9,-3.3,2.82,1.4,1.6,0.0188,100.0%
294,Kristaps Porziņģis,FTA,4.5,UNDER,PrizePicks,,,55.8%,C,DO NOT BET,58.24,,,UNDER,55.6%,58.05,,UNDER,56.2%,58.73,,UNDER,55.2%,57.66,,UNDER,56.0%,58.48,,0.12,0.56,-0.05,2.1,-1.64,1.4,0.8,0.0041,100.0%
295,Payton Pritchard,PRA,25.5,OVER,PrizePicks,,,57.5%,D,DO NOT BET,58.23,,,OVER,59.0%,59.69,,OVER,58.9%,59.62,,OVER,55.9%,56.67,,OVER,56.2%,56.97,,-0.1,0.34,-0.1,2.1,-2.7,1.2,1.2,0.0142,100.0%
296,OG Anunoby,STL,1.5,UNDER,Underdog and PrizePicks,,,57.6%,A,DO NOT BET,58.17,,,UNDER,55.8%,56.37,,UNDER,56.0%,56.63,,UNDER,59.2%,59.77,,UNDER,59.4%,59.92,,0.18,-0.56,-0.41,-0.5,0.66,1.2,1.2,0.0168,100.0%
297,Derrick White,PTS,15.5,OVER,Underdog,,0.88x,59.1%,D,DO NOT BET,58.17,,,OVER,58.5%,57.58,,OVER,57.8%,56.87,,OVER,60.5%,59.58,,OVER,59.6%,58.66,,-0.19,-0.2,0.15,-1.9,0.02,1.2,0.8,0.0103,100.0%
298,Reed Sheppard,AST,3.5,UNDER,Underdog,,0.78x,58.1%,C,DO NOT BET,58.11,,,UNDER,57.2%,57.17,,UNDER,57.0%,57.02,,UNDER,59.3%,59.24,,UNDER,59.0%,59.01,,-0.6,-1.84,1.5,-0.9,0.61,1.2,2.0,0.0102,100.0%
299,Deni Avdija,FGA,15.5,OVER,Underdog and PrizePicks,,,56.9%,D,DO NOT BET,58.11,,,OVER,60.0%,61.21,,OVER,57.6%,58.84,,OVER,55.7%,56.91,,OVER,54.3%,55.47,,-0.14,-0.11,1.07,-0.5,-0.13,1.0,1.2,0.0216,100.0%
300,Jalen Duren,PTS,22.5,UNDER,Underdog and PrizePicks,,,62.0%,D,DO NOT BET,58.1,,,UNDER,60.8%,56.91,,UNDER,60.8%,56.91,,UNDER,63.2%,59.27,,UNDER,63.2%,59.28,,-0.44,0.3,-1.19,2.3,-5.68,0.8,0.8,0.0119,100.0%
301,Kevin Durant,3PM,1.5,OVER,PrizePicks,Goblin,,58.5%,S,DO NOT BET,58.1,,,OVER,58.6%,58.24,,OVER,58.2%,57.89,,OVER,58.8%,58.4,,OVER,58.2%,57.89,,-0.49,-0.19,-0.1,-0.3,-0.48,1.2,1.2,0.0022,100.0%
302,Derrick White,3PM,2.5,OVER,Underdog and PrizePicks,,0.94x,57.5%,S,DO NOT BET,58.09,,,OVER,59.5%,60.14,,OVER,59.2%,59.78,,OVER,55.8%,56.45,,OVER,55.4%,55.99,,-0.21,0.06,-0.27,0.1,-0.46,1.4,1.2,0.0188,100.0%
303,Naz Reid,STL,0.5,OVER,PrizePicks,Goblin,,59.1%,A,DO NOT BET,57.98,,,OVER,59.8%,58.68,,OVER,59.2%,58.13,,OVER,58.9%,57.82,,OVER,58.4%,57.31,,-0.59,-0.12,-0.9,-0.1,-0.37,1.0,0.8,0.005,100.0%
304,Payton Pritchard,PTS,16.5,OVER,Underdog and PrizePicks,,1.03x,56.7%,D,DO NOT BET,57.93,,,OVER,55.0%,56.24,,OVER,54.4%,55.65,,OVER,59.1%,60.36,,OVER,58.3%,59.48,,-0.04,0.3,-0.04,1.7,-1.9,1.2,1.2,0.0202,100.0%
305,Naz Reid,TOV,1.5,UNDER,PrizePicks,,,55.8%,A,DO NOT BET,57.93,,,UNDER,57.7%,59.8,,UNDER,57.7%,59.83,,UNDER,53.8%,55.97,,UNDER,54.0%,56.13,,0.08,0.07,0.69,0.1,0.0,1.2,1.2,0.0188,100.0%
306,Aaron Gordon,PTS,15.5,UNDER,Underdog and PrizePicks,,,56.2%,D,DO NOT BET,57.92,,,UNDER,58.2%,59.91,,UNDER,58.2%,60.0,,UNDER,53.9%,55.7,,UNDER,54.3%,56.09,,0.12,-0.23,-0.46,-2.5,3.82,1.0,1.2,0.0203,100.0%
307,OG Anunoby,FTM,2.5,UNDER,PrizePicks,,,55.8%,B,DO NOT BET,57.89,,,UNDER,50.0%,52.11,,UNDER,51.3%,53.38,,UNDER,60.9%,63.02,,UNDER,61.0%,63.06,,0.16,1.13,-0.3,2.1,-1.8,0.8,0.4,0.0517,100.0%
308,Payton Pritchard,PA,21.5,OVER,Underdog and PrizePicks,,,57.1%,D,DO NOT BET,57.86,,,OVER,57.5%,58.25,,OVER,57.9%,58.65,,OVER,56.3%,57.01,,OVER,56.8%,57.51,,-0.08,0.16,0.03,1.1,-1.66,1.2,1.2,0.0064,100.0%
309,Jalen Johnson,AST,7.5,OVER,Underdog and PrizePicks,,,58.8%,C,DO NOT BET,57.85,,,OVER,58.4%,57.43,,OVER,57.1%,56.16,,OVER,60.6%,59.7,,OVER,59.1%,58.14,,-0.32,-1.39,0.0,-2.7,2.07,1.4,2.0,0.0128,100.0%
310,Jalen Duren,TOV,1.5,OVER,PrizePicks,Goblin,,57.1%,A,DO NOT BET,57.71,,,OVER,56.1%,56.72,,OVER,55.6%,56.22,,OVER,58.7%,59.28,,OVER,58.0%,58.64,,-0.18,0.31,0.27,0.3,-0.48,0.4,0.4,0.0128,100.0%
311,Kristaps Porziņģis,PA,18.5,UNDER,Underdog and PrizePicks,,,54.5%,D,DO NOT BET,57.71,,,UNDER,58.0%,61.13,,UNDER,57.6%,60.81,,UNDER,51.5%,54.67,,UNDER,51.0%,54.19,,0.15,0.25,0.21,1.9,-0.75,1.4,0.8,0.0328,100.0%
312,Jerami Grant,AST,1.5,OVER,PrizePicks,Goblin,,57.9%,C,DO NOT BET,57.7,,,OVER,57.4%,57.17,,OVER,56.2%,55.98,,OVER,59.8%,59.56,,OVER,58.3%,58.07,,-0.41,-0.28,0.0,-0.5,-0.24,1.2,0.8,0.0131,100.0%
313,Jalen Johnson,FGA,18.5,UNDER,Underdog,,0.88x,58.9%,D,DO NOT BET,57.69,,,UNDER,57.7%,56.51,,UNDER,57.0%,55.81,,UNDER,60.9%,59.67,,UNDER,60.0%,58.76,,-0.75,-0.17,-0.0,-0.3,-0.99,1.0,0.8,0.0158,100.0%
314,CJ McCollum,REB,2.5,OVER,Underdog and PrizePicks,Goblin,0.78x,58.8%,B,DO NOT BET,57.59,,,OVER,59.1%,57.89,,OVER,59.6%,58.34,,OVER,58.1%,56.89,,OVER,58.5%,57.24,,-0.3,-0.37,-0.67,-1.1,0.19,1.0,1.2,0.0056,100.0%
315,Jaden McDaniels,PRA,23.5,UNDER,Underdog and PrizePicks,,,57.5%,D,DO NOT BET,57.58,,,UNDER,56.2%,56.25,,UNDER,55.9%,55.96,,UNDER,59.2%,59.21,,UNDER,58.8%,58.88,,-0.25,-0.79,1.64,-6.1,4.16,1.4,1.6,0.0148,100.0%
316,Jalen Duren,BLK,0.5,OVER,PrizePicks,Goblin,,57.6%,S,BET WITH CAUTION,57.49,,,OVER,61.6%,61.51,,OVER,60.6%,60.47,,OVER,54.5%,54.44,,OVER,53.6%,53.54,,-0.46,-0.4,-0.27,-0.3,-0.05,1.4,1.2,0.0353,100.0%
317,Kristaps Porziņģis,3PA,4.5,OVER,Underdog and PrizePicks,Goblin,0.85x,58.1%,B,DO NOT BET,57.48,,,OVER,56.2%,55.58,,OVER,55.1%,54.45,,OVER,61.3%,60.63,,OVER,59.9%,59.27,,-0.44,-0.53,-0.46,-0.7,0.11,1.4,1.6,0.0255,100.0%
318,Kristaps Porziņģis,RA,7.0,UNDER,PrizePicks,,,54.6%,C,DO NOT BET,57.47,,,UNDER,56.5%,59.27,,UNDER,55.5%,58.38,,UNDER,53.5%,56.33,,UNDER,53.1%,55.89,,0.32,0.37,0.21,0.6,-0.08,1.4,1.2,0.014,100.0%
319,Brandon Ingram,PR,26.5,OVER,Underdog and PrizePicks,,0.88x,60.5%,D,DO NOT BET,57.4,,,OVER,60.0%,56.96,,OVER,59.7%,56.59,,OVER,61.1%,57.96,,OVER,61.2%,58.09,,-0.1,-0.19,-3.0,-1.9,0.9,1.2,1.2,0.0064,100.0%
320,Brandon Ingram,3PM,1.5,OVER,Underdog and PrizePicks,,,59.0%,S,DO NOT BET,57.4,,,OVER,59.2%,57.58,,OVER,58.9%,57.23,,OVER,59.3%,57.65,,OVER,58.8%,57.14,,-0.2,-0.68,-1.25,-1.1,0.78,0.8,1.2,0.0022,100.0%
321,Onyeka Okongwu,RA,9.5,OVER,PrizePicks,,,59.2%,C,DO NOT BET,57.4,,,OVER,58.9%,57.12,,OVER,58.1%,56.32,,OVER,60.5%,58.7,,OVER,59.3%,57.43,,-0.89,-0.52,-0.27,-0.9,-0.65,1.4,1.2,0.0086,100.0%
322,Jaden McDaniels,SB,1.5,OVER,PrizePicks,Goblin,,58.7%,A,DO NOT BET,57.39,,,OVER,61.7%,60.43,,OVER,60.8%,59.5,,OVER,56.5%,55.18,,OVER,55.7%,54.45,,-0.36,-0.07,-1.11,-0.1,-0.44,0.8,1.2,0.0261,100.0%
323,Jalen Brunson,RA,11.5,UNDER,Underdog,,0.86x,62.7%,C,DO NOT BET,57.39,,,UNDER,63.6%,58.26,,UNDER,62.0%,56.63,,UNDER,63.5%,58.14,,UNDER,61.9%,56.53,,-1.1,0.53,-3.9,0.7,-2.15,0.6,0.4,0.0081,100.0%
324,RJ Barrett,PTS,19.5,OVER,Underdog and PrizePicks,,,55.2%,D,DO NOT BET,57.37,,,OVER,54.4%,56.57,,OVER,53.9%,56.01,,OVER,56.7%,58.85,,OVER,55.9%,58.05,,0.12,-0.83,0.81,-3.1,3.55,1.6,1.6,0.0113,100.0%
325,Jayson Tatum,PR,30.5,UNDER,Underdog and PrizePicks,,,57.8%,D,DO NOT BET,57.37,,,UNDER,57.2%,56.8,,UNDER,57.0%,56.58,,UNDER,58.6%,58.12,,UNDER,58.4%,57.98,,-0.32,-0.22,0.44,-0.9,-0.43,1.0,1.2,0.0069,100.0%
326,Kevin Durant,BLK,0.5,OVER,PrizePicks,,,57.7%,S,BET WITH CAUTION,57.36,,,OVER,57.2%,56.85,,OVER,56.2%,55.89,,OVER,59.2%,58.85,,OVER,58.2%,57.86,,-0.49,-0.12,-0.7,-0.1,-0.29,1.4,0.8,0.0111,100.0%
327,Amen Thompson,PTS,18.5,OVER,Underdog,,,52.8%,D,DO NOT BET,57.34,,,OVER,54.8%,59.3,,OVER,54.2%,58.72,,OVER,51.5%,55.98,,OVER,50.9%,55.38,,0.16,-0.83,3.0,-2.9,3.48,1.6,1.6,0.017,100.0%
328,Naz Reid,PR,19.5,UNDER,Underdog and PrizePicks,,1.04x,56.5%,D,DO NOT BET,57.34,,,UNDER,58.0%,58.85,,UNDER,57.7%,58.62,,UNDER,55.1%,56.02,,UNDER,55.0%,55.89,,0.1,-0.96,-0.26,-3.7,4.1,1.6,1.6,0.0139,100.0%
329,Brandin Podziemski,PA,16.5,OVER,PrizePicks,,,58.4%,D,DO NOT BET,57.32,,,OVER,55.0%,53.9,,OVER,55.4%,54.29,,OVER,61.4%,60.3,,OVER,61.9%,60.8,,-0.03,-0.54,-1.5,-3.9,3.69,1.2,0.8,0.0324,100.0%
330,Jaylen Brown,PA,30.5,OVER,Underdog and PrizePicks,,,58.1%,D,DO NOT BET,57.32,,,OVER,61.0%,60.26,,OVER,61.4%,60.66,,OVER,54.7%,53.92,,OVER,55.2%,54.42,,-0.25,-0.1,1.33,-1.3,-1.83,1.4,1.2,0.0315,100.0%
331,Jaylen Brown,REB,6.5,OVER,Underdog,,1.07x,55.5%,B,DO NOT BET,57.3,,,OVER,54.8%,56.6,,OVER,55.4%,57.26,,OVER,55.6%,57.43,,OVER,56.0%,57.9,,-0.31,0.84,0.67,1.5,-2.05,1.2,0.4,0.0047,100.0%
332,Immanuel Quickley,FGA,12.5,OVER,PrizePicks,,,58.9%,D,DO NOT BET,57.26,,,OVER,59.9%,58.28,,OVER,57.6%,55.93,,OVER,60.0%,58.42,,OVER,58.0%,56.39,,-0.34,0.04,-1.5,0.1,-0.92,1.0,0.8,0.0111,100.0%
333,Brandon Ingram,STL,0.5,OVER,PrizePicks,Goblin,,53.8%,A,DO NOT BET,57.25,,,OVER,51.4%,54.84,,OVER,51.0%,54.44,,OVER,56.7%,60.09,,OVER,56.2%,59.62,,-0.19,-0.32,3.0,-0.5,0.21,1.2,0.8,0.0262,100.0%
334,RJ Barrett,RA,8.5,UNDER,Underdog,,1.05x,55.2%,C,DO NOT BET,57.19,,,UNDER,53.6%,55.53,,UNDER,53.0%,54.95,,UNDER,57.7%,59.62,,UNDER,56.7%,58.68,,0.12,-0.3,0.53,-0.5,0.7,1.4,1.6,0.02,100.0%
335,Scoot Henderson,FTA,3.5,UNDER,PrizePicks,,,57.0%,C,DO NOT BET,57.18,,,UNDER,57.7%,57.97,,UNDER,58.1%,58.38,,UNDER,55.6%,55.82,,UNDER,56.4%,56.58,,-0.08,-0.53,-0.19,-1.1,0.93,1.2,1.2,0.0103,100.0%
336,Mikal Bridges,FGA,10.5,UNDER,PrizePicks,,,54.4%,D,DO NOT BET,57.17,,,UNDER,53.8%,56.62,,UNDER,53.8%,56.6,,UNDER,55.0%,57.77,,UNDER,54.9%,57.69,,1.23,-0.66,-0.84,-0.9,2.57,1.4,1.6,0.0056,100.0%
337,Donte DiVincenzo,PR,16.5,UNDER,PrizePicks,,,57.1%,D,DO NOT BET,57.16,,,UNDER,57.6%,57.58,,UNDER,57.3%,57.36,,UNDER,56.9%,56.92,,UNDER,56.8%,56.79,,0.02,-0.56,-1.0,-4.3,4.47,1.4,1.6,0.0032,100.0%
338,Nikola Jokić,BLK,0.5,OVER,PrizePicks,Goblin,,60.1%,S,BET WITH CAUTION,57.15,,,OVER,58.5%,55.57,,OVER,57.5%,54.59,,OVER,62.7%,59.74,,OVER,61.6%,58.69,,-0.33,-0.88,-3.0,-0.9,0.57,1.6,1.6,0.0213,100.0%
339,Jaden McDaniels,RA,7.0,UNDER,PrizePicks,,,54.9%,C,DO NOT BET,57.11,,,UNDER,56.6%,58.81,,UNDER,55.7%,57.89,,UNDER,54.0%,56.12,,UNDER,53.5%,55.62,,-0.0,-0.58,1.14,-1.8,1.8,1.6,1.6,0.0129,100.0%
340,OG Anunoby,FGA,12.5,UNDER,PrizePicks,,,56.7%,D,DO NOT BET,57.09,,,UNDER,55.5%,55.92,,UNDER,55.2%,55.61,,UNDER,58.3%,58.69,,UNDER,57.7%,58.14,,-0.1,-0.14,-0.0,-0.5,0.14,1.0,0.8,0.0134,100.0%
341,Alperen Sengun,RA,14.5,UNDER,PrizePicks,,,56.1%,C,DO NOT BET,57.07,,,UNDER,55.8%,56.75,,UNDER,55.0%,55.92,,UNDER,57.3%,58.26,,UNDER,56.4%,57.35,,0.12,-1.02,-0.06,-4.1,4.58,1.4,1.6,0.0086,100.0%
342,Kristaps Porziņģis,FTM,3.5,UNDER,PrizePicks,,,54.9%,B,DO NOT BET,57.06,,,UNDER,52.5%,54.75,,UNDER,53.5%,55.74,,UNDER,56.4%,58.59,,UNDER,57.0%,59.17,,0.14,0.41,-0.13,1.7,-1.11,1.2,0.8,0.0186,100.0%
343,Donte DiVincenzo,PRA,20.5,UNDER,Underdog and PrizePicks,,,57.1%,D,DO NOT BET,57.05,,,UNDER,60.4%,60.32,,UNDER,60.0%,59.93,,UNDER,54.2%,54.13,,UNDER,53.9%,53.8,,0.04,-0.75,-1.05,-5.5,5.77,1.4,1.6,0.0308,100.0%
344,Jaylen Brown,PR,31.5,OVER,Underdog and PrizePicks,,,57.1%,D,DO NOT BET,57.0,,,OVER,59.3%,59.23,,OVER,59.0%,58.89,,OVER,55.0%,54.87,,OVER,55.1%,55.0,,-0.29,0.02,3.0,0.3,-4.33,1.2,1.2,0.0207,100.0%
345,Derrick White,RA,9.5,OVER,Underdog and PrizePicks,,,57.5%,C,DO NOT BET,57.0,,,OVER,60.2%,59.71,,OVER,59.3%,58.78,,OVER,55.6%,55.09,,OVER,54.9%,54.4,,-0.31,-0.36,-0.44,-0.7,0.09,1.2,1.2,0.0229,100.0%
346,Karl-Anthony Towns,TOV,2.5,UNDER,Underdog,,0.79x,56.2%,A,DO NOT BET,56.97,,,UNDER,57.9%,58.65,,UNDER,57.9%,58.68,,UNDER,54.4%,55.19,,UNDER,54.6%,55.33,,-0.03,-0.4,-0.0,-0.3,0.28,1.2,1.2,0.0171,100.0%
347,Amen Thompson,PR,26.5,OVER,Underdog and PrizePicks,,,52.0%,D,DO NOT BET,56.94,,,OVER,52.7%,57.65,,OVER,52.6%,57.53,,OVER,51.3%,56.23,,OVER,51.4%,56.36,,0.14,-0.6,3.0,-3.5,4.3,1.6,1.2,0.0065,100.0%
348,Jalen Duren,FTM,4.5,UNDER,PrizePicks,,,56.1%,B,DO NOT BET,56.92,,,UNDER,55.9%,56.67,,UNDER,56.5%,57.27,,UNDER,55.8%,56.54,,UNDER,56.4%,57.2,,-0.09,0.41,-0.33,1.1,-1.33,1.0,0.8,0.0032,100.0%
349,RJ Barrett,STL,0.5,OVER,PrizePicks,Goblin,,56.7%,A,DO NOT BET,56.9,,,OVER,57.1%,57.31,,OVER,56.6%,56.81,,OVER,56.8%,56.97,,OVER,56.3%,56.5,,-0.39,-0.4,0.27,-0.3,0.0,1.0,1.2,0.0029,100.0%
350,Jalen Brunson,FGM,8.5,OVER,PrizePicks,,,57.1%,C,DO NOT BET,56.87,,,OVER,58.3%,58.08,,OVER,57.5%,57.32,,OVER,56.6%,56.43,,OVER,55.8%,55.63,,-0.43,-0.49,0.51,-0.9,0.1,1.0,1.2,0.0092,100.0%
351,Jaylen Brown,RA,11.5,OVER,Underdog,,1.04x,55.7%,C,DO NOT BET,56.83,,,OVER,56.7%,57.8,,OVER,56.1%,57.25,,OVER,55.3%,56.45,,OVER,54.7%,55.8,,-0.3,0.39,0.33,0.9,-1.59,1.4,0.8,0.0076,100.0%
352,Jaylen Wells,FTM,1.5,OVER,PrizePicks,,,52.4%,B,DO NOT BET,56.8,,,UNDER,50.4%,48.04,,UNDER,51.6%,49.27,,OVER,57.0%,61.33,,OVER,54.8%,59.16,,-0.27,-0.75,4.5,-1.5,0.97,1.4,1.6,0.0356,50.0%
353,Payton Pritchard,FGA,12.5,OVER,PrizePicks,,,58.0%,D,DO NOT BET,56.8,,,OVER,59.0%,57.8,,OVER,56.8%,55.61,,OVER,59.0%,57.83,,OVER,57.1%,55.95,,-0.57,-0.56,0.3,-1.3,-0.02,1.0,1.2,0.0103,100.0%
354,Jalen Johnson,FTM,3.5,UNDER,Underdog and PrizePicks,,1.08x,55.0%,B,DO NOT BET,56.79,,,UNDER,55.0%,56.83,,UNDER,55.7%,57.53,,UNDER,54.2%,55.98,,UNDER,55.0%,56.83,,0.53,-0.73,-0.0,-1.1,1.89,1.2,1.6,0.0055,100.0%
355,RJ Barrett,PRA,29.5,UNDER,Underdog,,0.88x,57.9%,D,DO NOT BET,56.76,,,UNDER,57.6%,56.38,,UNDER,57.2%,56.06,,UNDER,58.6%,57.47,,UNDER,58.3%,57.14,,-0.46,0.29,-0.25,1.1,-2.85,1.0,0.8,0.0057,100.0%
356,Tobias Harris,STL,0.5,OVER,PrizePicks,Goblin,,56.9%,A,DO NOT BET,56.75,,,OVER,57.7%,57.6,,OVER,57.2%,57.09,,OVER,56.5%,56.38,,OVER,56.0%,55.91,,-0.96,0.75,-0.13,0.3,-0.68,0.6,0.4,0.0065,100.0%
357,Jalen Brunson,FTM,4.5,UNDER,Underdog,,1.03x,56.5%,B,DO NOT BET,56.75,,,UNDER,57.5%,57.7,,UNDER,57.9%,58.13,,UNDER,55.0%,55.2,,UNDER,55.7%,55.96,,0.15,0.75,-2.12,2.3,-1.85,1.0,0.4,0.012,100.0%
358,Rudy Gobert,PR,24.5,UNDER,PrizePicks,,,58.3%,D,DO NOT BET,56.71,,,UNDER,58.8%,57.16,,UNDER,58.5%,56.9,,UNDER,58.1%,56.46,,UNDER,57.9%,56.33,,-0.24,-0.25,-0.1,-2.3,0.1,1.2,0.8,0.0033,100.0%
359,Nikola Jokić,REB,12.5,UNDER,Underdog and PrizePicks,,0.88x,55.4%,B,DO NOT BET,56.71,,,UNDER,55.7%,57.03,,UNDER,54.6%,55.95,,UNDER,56.1%,57.43,,UNDER,55.1%,56.44,,0.03,0.3,-0.12,1.3,-1.15,1.0,0.8,0.0056,100.0%
360,Derrick White,PR,20.5,OVER,Underdog and PrizePicks,,,57.4%,D,DO NOT BET,56.7,,,OVER,56.8%,56.12,,OVER,56.6%,55.86,,OVER,58.0%,57.34,,OVER,58.2%,57.47,,-0.15,-0.28,-0.1,-2.5,1.14,1.2,1.2,0.0071,100.0%
361,Naz Reid,REB,5.5,OVER,Underdog and PrizePicks,,,55.2%,B,DO NOT BET,56.68,,,OVER,54.0%,55.48,,OVER,54.7%,56.17,,OVER,55.8%,57.3,,OVER,56.3%,57.76,,-0.59,1.46,0.11,1.7,-2.39,1.2,0.4,0.009,100.0%
362,Immanuel Quickley,AST,6.0,UNDER,PrizePicks,,,57.8%,C,DO NOT BET,56.66,,,UNDER,62.0%,60.86,,UNDER,61.4%,60.28,,UNDER,53.8%,52.61,,UNDER,54.0%,52.89,,0.02,-0.5,-1.5,-1.2,1.25,0.8,1.2,0.0391,100.0%
363,Mikal Bridges,AST,3.5,UNDER,Underdog and PrizePicks,,,55.6%,C,DO NOT BET,56.56,,,UNDER,56.8%,57.7,,UNDER,56.7%,57.59,,UNDER,54.4%,55.36,,UNDER,54.7%,55.57,,0.2,-0.52,-0.13,-0.9,1.26,1.0,1.2,0.0109,100.0%
364,Draymond Green,TOV,2.5,OVER,Underdog and PrizePicks,,,56.6%,A,DO NOT BET,56.54,,,OVER,57.5%,57.47,,OVER,57.0%,56.92,,OVER,56.2%,56.16,,OVER,55.6%,55.61,,-0.09,0.06,-0.66,0.1,-0.24,0.8,1.2,0.0071,100.0%
365,Dyson Daniels,RA,11.5,OVER,Underdog and PrizePicks,,,58.8%,C,DO NOT BET,56.53,,,OVER,58.0%,55.68,,OVER,57.3%,54.99,,OVER,60.7%,58.38,,OVER,59.4%,57.09,,-0.48,-0.66,-1.52,-1.7,0.46,1.6,1.2,0.0131,100.0%
366,Julius Randle,REB,6.5,OVER,Underdog and PrizePicks,,,55.9%,B,DO NOT BET,56.53,,,OVER,55.6%,56.19,,OVER,56.2%,56.8,,OVER,55.7%,56.32,,OVER,56.2%,56.79,,-0.14,0.66,-0.96,1.5,-1.83,1.4,0.8,0.0028,100.0%
367,Donte DiVincenzo,RA,7.5,UNDER,Underdog,,1.05x,54.6%,C,DO NOT BET,56.52,,,UNDER,57.1%,59.06,,UNDER,56.2%,58.09,,UNDER,52.7%,54.62,,UNDER,52.4%,54.28,,0.43,-0.04,-0.67,-0.1,1.1,1.2,1.2,0.0209,100.0%
368,Draymond Green,PTS,8.5,UNDER,Underdog,,0.87x,54.3%,D,DO NOT BET,56.49,,,UNDER,55.1%,57.34,,UNDER,55.4%,57.55,,UNDER,53.1%,55.31,,UNDER,53.5%,55.73,,0.02,0.45,0.64,1.9,-1.81,1.0,0.8,0.0098,100.0%
369,Jamal Murray,PTS,24.5,UNDER,Underdog and PrizePicks,,,56.5%,D,DO NOT BET,56.47,,,UNDER,57.5%,57.47,,UNDER,57.6%,57.58,,UNDER,55.3%,55.26,,UNDER,55.6%,55.58,,0.05,-0.29,-1.37,-3.5,4.06,1.0,1.2,0.0106,100.0%
370,Draymond Green,RA,10.0,OVER,PrizePicks,,,58.0%,C,DO NOT BET,56.46,,,OVER,55.5%,53.97,,OVER,55.1%,53.54,,OVER,61.4%,59.86,,OVER,60.0%,58.49,,-0.41,-0.74,-0.7,-1.6,0.71,1.2,1.2,0.0275,100.0%
371,Derrick White,PTS,16.5,OVER,PrizePicks,,,56.0%,D,DO NOT BET,56.45,,,OVER,55.3%,55.76,,OVER,54.7%,55.17,,OVER,57.4%,57.85,,OVER,56.6%,57.03,,-0.09,-0.09,0.33,-0.9,0.02,1.2,0.8,0.0105,100.0%
372,Jaylen Brown,FTM,5.5,UNDER,PrizePicks,,,57.8%,B,DO NOT BET,56.45,,,UNDER,54.4%,53.09,,UNDER,55.2%,53.86,,UNDER,60.7%,59.4,,UNDER,60.8%,59.46,,0.05,0.53,-3.0,3.5,-3.19,0.8,0.8,0.0299,100.0%
373,Scoot Henderson,PRA,19.5,UNDER,PrizePicks,,,53.0%,D,DO NOT BET,56.43,,,UNDER,51.7%,55.13,,UNDER,51.5%,54.94,,UNDER,54.6%,57.99,,UNDER,54.2%,57.66,,0.16,0.28,0.58,1.7,-0.7,1.4,1.2,0.014,100.0%
374,OG Anunoby,PR,22.5,UNDER,Underdog and PrizePicks,,,54.9%,D,DO NOT BET,56.4,,,UNDER,54.5%,56.07,,UNDER,54.4%,55.95,,UNDER,55.3%,56.86,,UNDER,55.2%,56.72,,-0.05,0.83,0.09,4.9,-5.22,1.0,0.4,0.004,100.0%
375,Scottie Barnes,PA,22.5,UNDER,Underdog and PrizePicks,,,50.4%,D,DO NOT BET,56.4,,,OVER,54.8%,50.71,,OVER,55.1%,51.1,,UNDER,55.9%,61.94,,UNDER,55.5%,61.48,,0.34,-0.58,3.0,-2.5,3.97,1.8,1.6,0.0531,50.0%
376,Dyson Daniels,REB,6.0,OVER,PrizePicks,,,57.9%,B,DO NOT BET,56.36,,,OVER,57.7%,56.11,,OVER,58.2%,56.64,,OVER,57.7%,56.16,,OVER,58.1%,56.53,,-0.32,-1.03,-0.92,-2.2,1.51,1.4,1.6,0.0023,100.0%
377,Aaron Gordon,PR,21.5,UNDER,Underdog and PrizePicks,,,54.2%,D,DO NOT BET,56.35,,,UNDER,59.5%,61.64,,UNDER,59.2%,61.36,,OVER,50.9%,50.74,,OVER,51.0%,50.87,,0.11,-0.25,-0.27,-3.1,4.46,1.2,1.2,0.0515,50.0%
378,Dyson Daniels,PR,17.5,OVER,PrizePicks,,,57.6%,D,DO NOT BET,56.35,,,OVER,55.0%,53.8,,OVER,54.8%,53.59,,OVER,60.2%,58.94,,OVER,60.3%,59.07,,-0.2,-1.17,-0.23,-4.9,4.08,1.2,1.6,0.0265,100.0%
379,Draymond Green,REB,5.5,UNDER,Underdog,,0.85x,54.6%,B,DO NOT BET,56.32,,,UNDER,55.3%,56.97,,UNDER,54.2%,55.9,,UNDER,55.0%,56.68,,UNDER,54.0%,55.72,,0.03,-0.14,0.51,-0.3,0.37,1.2,1.2,0.0052,100.0%
380,Kevin Durant,RA,10.0,UNDER,PrizePicks,,,55.3%,C,DO NOT BET,56.32,,,UNDER,56.7%,57.81,,UNDER,55.8%,56.88,,UNDER,54.5%,55.58,,UNDER,54.0%,55.02,,-0.05,-0.44,0.21,-0.6,0.54,1.4,1.6,0.0109,100.0%
381,Deni Avdija,PA,29.5,OVER,Underdog and PrizePicks,,,54.0%,D,DO NOT BET,56.31,,,OVER,54.4%,56.75,,OVER,54.8%,57.14,,OVER,53.1%,55.43,,OVER,53.6%,55.93,,-0.25,-0.02,3.34,-0.1,-1.23,0.6,0.8,0.0067,100.0%
382,Scoot Henderson,RA,5.5,OVER,PrizePicks,Goblin,,58.2%,C,DO NOT BET,56.31,,,OVER,56.7%,54.8,,OVER,56.2%,54.25,,OVER,60.6%,58.72,,OVER,59.4%,57.44,,-0.59,-0.04,-0.74,-0.1,-1.23,0.8,0.8,0.0185,100.0%
383,Naz Reid,RA,7.5,UNDER,Underdog,,1.06x,54.4%,C,DO NOT BET,56.29,,,UNDER,55.8%,57.67,,UNDER,54.9%,56.85,,UNDER,53.6%,55.54,,UNDER,53.2%,55.09,,0.54,-0.88,-0.2,-1.7,2.74,1.4,1.6,0.0103,100.0%
384,Brandon Ingram,AST,3.5,OVER,Underdog,,0.86x,55.3%,C,DO NOT BET,56.27,,,OVER,57.1%,58.11,,OVER,55.9%,56.95,,OVER,54.5%,55.54,,OVER,53.5%,54.5,,-0.15,0.3,-0.08,0.5,-0.76,1.2,0.8,0.0137,100.0%
385,Nikola Jokić,PA,38.5,OVER,Underdog and PrizePicks,,,56.3%,D,DO NOT BET,56.26,,,OVER,51.5%,51.5,,OVER,51.9%,51.87,,OVER,60.6%,60.57,,OVER,61.1%,61.08,,-0.03,0.6,-1.33,4.5,-4.76,1.0,0.4,0.0458,100.0%
386,Rudy Gobert,BLK,1.5,UNDER,Underdog and PrizePicks,,,55.5%,S,BET WITH CAUTION,56.25,,,UNDER,53.9%,54.71,,UNDER,54.6%,55.39,,UNDER,56.4%,57.13,,UNDER,57.0%,57.76,,0.06,-0.07,-0.71,-0.1,0.2,1.4,1.2,0.0124,100.0%
387,Nikola Jokić,RA,23.0,UNDER,PrizePicks,,,54.4%,C,DO NOT BET,56.21,,,UNDER,56.2%,57.99,,UNDER,55.3%,57.12,,UNDER,53.2%,55.06,,UNDER,52.8%,54.65,,0.04,0.77,-0.19,3.2,-3.01,1.0,0.8,0.0139,100.0%
388,Jayson Tatum,AST,4.5,UNDER,Underdog and PrizePicks,,0.88x,56.4%,C,DO NOT BET,56.19,,,UNDER,56.7%,56.54,,UNDER,56.6%,56.44,,UNDER,56.0%,55.85,,UNDER,56.1%,55.92,,-0.26,-0.56,0.14,-1.1,0.6,1.0,1.6,0.0031,100.0%
389,Jrue Holiday,PTS,15.5,OVER,Underdog and PrizePicks,,,55.7%,D,DO NOT BET,56.13,,,OVER,52.6%,53.01,,OVER,52.1%,52.51,,OVER,59.5%,59.93,,OVER,58.6%,59.04,,-0.09,0.46,-0.39,3.5,-4.22,1.2,0.4,0.0338,100.0%
390,OG Anunoby,PA,19.5,UNDER,PrizePicks,,,54.8%,D,DO NOT BET,56.13,,,UNDER,52.4%,53.76,,UNDER,52.0%,53.41,,UNDER,57.5%,58.9,,UNDER,57.1%,58.45,,-0.07,0.89,-0.04,4.9,-5.31,1.0,0.4,0.0255,100.0%
391,Aaron Gordon,AST,2.5,UNDER,Underdog,,0.84x,55.7%,C,DO NOT BET,56.12,,,UNDER,55.8%,56.16,,UNDER,55.7%,56.14,,UNDER,55.6%,56.04,,UNDER,55.7%,56.15,,-0.05,-0.4,0.29,-0.3,0.26,0.6,1.2,0.0005,100.0%
392,Scoot Henderson,3PM,1.5,OVER,PrizePicks,,,56.8%,S,DO NOT BET,56.09,,,OVER,55.8%,55.05,,OVER,55.5%,54.72,,OVER,58.3%,57.55,,OVER,57.8%,57.05,,-0.2,-0.9,-0.3,-1.5,1.17,1.0,1.6,0.0123,100.0%
393,Payton Pritchard,FTA,1.5,UNDER,PrizePicks,,,54.2%,C,DO NOT BET,55.99,,,UNDER,51.8%,53.64,,UNDER,53.0%,54.79,,UNDER,55.6%,57.39,,UNDER,56.3%,58.15,,0.24,-0.71,0.46,-0.7,0.93,1.6,1.2,0.0184,100.0%
394,Jaden McDaniels,AST,2.5,OVER,Underdog,,0.88x,56.2%,C,DO NOT BET,55.98,,,OVER,56.2%,55.92,,OVER,55.1%,54.84,,OVER,57.5%,57.22,,OVER,56.2%,55.92,,-0.27,-0.1,-0.6,-0.1,-0.18,1.0,1.2,0.0084,100.0%
395,Jayson Tatum,3PM,2.5,OVER,Underdog and PrizePicks,Goblin,0.80x,55.1%,S,DO NOT BET,55.97,,,OVER,55.5%,56.41,,OVER,55.2%,56.09,,OVER,55.0%,55.92,,OVER,54.6%,55.47,,-0.4,-0.4,1.0,-0.5,0.0,1.2,0.8,0.0034,100.0%
396,Alperen Sengun,BLK,0.5,OVER,PrizePicks,Goblin,,56.7%,S,BET WITH CAUTION,55.96,,,OVER,54.3%,53.53,,OVER,53.4%,52.64,,OVER,60.1%,59.32,,OVER,59.1%,58.32,,-0.47,-0.26,-0.5,-0.3,-0.25,1.0,0.8,0.0291,100.0%
397,Scottie Barnes,FGA,13.5,UNDER,PrizePicks,,,52.7%,D,DO NOT BET,55.95,,,UNDER,52.9%,56.23,,UNDER,53.1%,56.37,,UNDER,52.1%,55.44,,UNDER,52.5%,55.76,,0.48,-0.42,0.6,-0.9,1.93,1.6,1.2,0.0037,100.0%
398,Payton Pritchard,AST,5.0,UNDER,PrizePicks,,,54.1%,C,DO NOT BET,55.95,,,UNDER,55.5%,57.38,,UNDER,55.5%,57.38,,UNDER,52.5%,54.33,,UNDER,52.9%,54.72,,0.26,0.44,-0.21,0.6,-0.24,1.0,0.8,0.0143,100.0%
399,Payton Pritchard,PR,19.5,OVER,Underdog and PrizePicks,,,56.4%,D,DO NOT BET,55.94,,,OVER,56.3%,55.83,,OVER,56.1%,55.59,,OVER,56.6%,56.1,,OVER,56.7%,56.23,,-0.24,0.33,-0.31,1.7,-2.95,1.0,0.8,0.0025,100.0%
400,Reed Sheppard,3PM,2.5,OVER,Underdog and PrizePicks,,,56.0%,S,DO NOT BET,55.92,,,OVER,55.2%,55.11,,OVER,54.9%,54.78,,OVER,57.3%,57.15,,OVER,56.8%,56.67,,-0.08,0.19,-1.5,0.3,-0.43,1.4,0.8,0.01,100.0%
401,Kristaps Porziņģis,STL,0.5,OVER,PrizePicks,,,56.4%,A,DO NOT BET,55.91,,,OVER,57.9%,57.4,,OVER,57.4%,56.88,,OVER,55.4%,54.9,,OVER,55.0%,54.45,,-0.16,-0.71,-0.5,-0.7,0.55,1.0,1.2,0.0125,100.0%
402,Reed Sheppard,RA,6.0,OVER,PrizePicks,,,56.1%,C,DO NOT BET,55.89,,,OVER,56.1%,55.87,,OVER,55.6%,55.38,,OVER,56.8%,56.58,,OVER,56.0%,55.75,,0.01,0.09,-1.5,0.2,-0.19,1.2,0.8,0.0043,100.0%
403,Amen Thompson,PA,24.5,OVER,Underdog and PrizePicks,,,50.6%,D,DO NOT BET,55.86,,,OVER,50.6%,55.84,,OVER,51.0%,56.21,,OVER,50.2%,55.46,,OVER,50.7%,55.95,,0.31,-0.55,3.0,-2.3,3.59,1.2,1.2,0.0027,100.0%
404,Onyeka Okongwu,PTS,13.5,UNDER,PrizePicks,,,52.5%,D,DO NOT BET,55.81,,,UNDER,52.8%,56.06,,UNDER,53.1%,56.36,,UNDER,51.9%,55.17,,UNDER,52.4%,55.64,,0.48,-0.24,-0.43,-1.1,3.36,1.2,1.2,0.0045,100.0%
405,Jalen Brunson,PA,32.5,OVER,Underdog and PrizePicks,,,54.5%,D,DO NOT BET,55.8,,,OVER,54.3%,55.64,,OVER,54.7%,56.03,,OVER,54.2%,55.52,,OVER,54.7%,56.02,,-0.15,-1.27,2.19,-3.5,3.08,1.0,1.6,0.0023,100.0%
406,Jaden McDaniels,BLK,0.5,OVER,PrizePicks,Goblin,,58.0%,S,BET WITH CAUTION,55.8,,,OVER,56.8%,54.61,,OVER,55.8%,53.66,,OVER,60.1%,57.97,,OVER,59.1%,56.97,,-0.96,-0.2,-1.11,-0.1,-0.37,0.6,1.2,0.0174,100.0%
407,Brandon Ingram,RA,8.5,OVER,Underdog,,0.86x,56.0%,C,DO NOT BET,55.77,,,OVER,56.5%,56.18,,OVER,55.9%,55.65,,OVER,56.3%,56.0,,OVER,55.5%,55.24,,-0.25,0.25,-0.57,0.9,-1.79,1.2,1.2,0.0036,100.0%
408,OG Anunoby,SB,1.5,OVER,PrizePicks,Goblin,,56.1%,A,DO NOT BET,55.77,,,OVER,61.0%,60.64,,OVER,60.1%,59.73,,OVER,52.0%,51.63,,OVER,51.4%,51.08,,-0.73,0.26,0.0,0.3,-1.16,1.0,0.8,0.0443,100.0%
409,Dyson Daniels,AST,5.5,UNDER,Underdog and PrizePicks,,0.94x,53.2%,C,DO NOT BET,55.75,,,UNDER,53.6%,56.08,,UNDER,53.8%,56.27,,UNDER,52.6%,55.14,,UNDER,53.0%,55.52,,0.22,-0.2,0.96,-0.5,1.05,1.0,1.6,0.0045,100.0%
410,Derrick White,AST,5.5,UNDER,Underdog,,0.81x,54.8%,C,DO NOT BET,55.73,,,UNDER,57.0%,57.93,,UNDER,56.8%,57.8,,UNDER,52.4%,53.39,,UNDER,52.8%,53.79,,0.06,-0.46,0.04,-0.9,1.02,1.2,1.6,0.0215,100.0%
411,CJ McCollum,AST,3.5,UNDER,Underdog,,0.83x,57.3%,C,DO NOT BET,55.73,,,UNDER,58.2%,56.67,,UNDER,58.0%,56.43,,UNDER,56.5%,54.9,,UNDER,56.5%,54.93,,0.09,0.05,-2.89,0.1,0.07,1.0,1.2,0.0082,100.0%
412,Jalen Johnson,FTA,4.5,UNDER,PrizePicks,,,53.6%,C,DO NOT BET,55.72,,,UNDER,55.0%,57.14,,UNDER,55.7%,57.89,,UNDER,51.1%,53.22,,UNDER,52.5%,54.65,,0.51,-0.56,-0.0,-1.1,2.1,1.2,1.6,0.0188,100.0%
413,Jalen Brunson,REB,3.5,UNDER,Underdog,,0.82x,55.4%,B,DO NOT BET,55.68,,,UNDER,56.5%,56.85,,UNDER,55.4%,55.73,,UNDER,55.2%,55.56,,UNDER,54.3%,54.6,,-0.04,0.3,-0.67,0.5,-0.56,0.8,0.4,0.008,100.0%
414,Scottie Barnes,PTS,17.5,UNDER,Underdog and PrizePicks,,0.88x,50.2%,D,DO NOT BET,55.62,,,OVER,51.7%,48.31,,OVER,51.3%,47.84,,UNDER,51.6%,57.08,,UNDER,52.1%,57.56,,0.23,-0.34,3.0,-1.7,2.85,1.4,1.2,0.0171,50.0%
415,Brandin Podziemski,REB,5.0,UNDER,PrizePicks,,,53.0%,B,DO NOT BET,55.6,,,UNDER,52.9%,55.44,,UNDER,51.9%,54.46,,UNDER,54.1%,56.7,,UNDER,53.2%,55.78,,0.09,0.15,1.5,0.4,-0.17,0.6,1.2,0.008,100.0%
416,Onyeka Okongwu,SB,1.5,OVER,PrizePicks,Goblin,,55.9%,A,DO NOT BET,55.59,,,OVER,54.8%,54.56,,OVER,54.1%,53.86,,OVER,57.6%,57.36,,OVER,56.8%,56.59,,-0.29,-0.46,0.0,-1.1,0.39,1.2,0.8,0.0143,100.0%
417,Deni Avdija,PRA,35.5,OVER,Underdog and PrizePicks,,,54.5%,D,DO NOT BET,55.58,,,OVER,55.1%,56.15,,OVER,55.1%,56.17,,OVER,53.8%,54.84,,OVER,54.1%,55.15,,-0.33,-0.1,2.99,-0.7,-1.6,0.8,0.8,0.0059,100.0%
418,Draymond Green,AST,5.5,UNDER,Underdog,,0.85x,54.4%,C,DO NOT BET,55.57,,,UNDER,55.3%,56.49,,UNDER,55.3%,56.51,,UNDER,53.3%,54.48,,UNDER,53.6%,54.8,,-0.07,0.36,0.27,0.9,-1.08,0.8,1.2,0.0094,100.0%
419,Tobias Harris,PR,19.5,UNDER,PrizePicks,,,55.8%,D,DO NOT BET,55.56,,,UNDER,53.1%,52.88,,UNDER,53.1%,52.81,,UNDER,58.6%,58.34,,UNDER,58.5%,58.21,,-0.16,-0.42,0.52,-3.1,1.91,1.0,1.2,0.0271,100.0%
420,Nikola Jokić,PRA,50.5,OVER,Underdog and PrizePicks,,,57.9%,D,DO NOT BET,55.56,,,OVER,56.2%,53.82,,OVER,56.2%,53.81,,OVER,59.5%,57.15,,OVER,59.8%,57.43,,-0.08,0.23,-3.0,2.7,-3.61,1.4,1.2,0.0174,100.0%
421,Jerami Grant,PTS,16.5,UNDER,PrizePicks,,,52.4%,D,DO NOT BET,55.48,,,UNDER,53.3%,56.38,,UNDER,53.6%,56.66,,UNDER,51.1%,54.2,,UNDER,51.6%,54.69,,0.31,-0.3,0.28,-1.9,3.86,0.8,1.2,0.0106,100.0%
422,Nikola Jokić,AST,10.5,UNDER,Underdog,,0.88x,53.8%,C,DO NOT BET,55.45,,,UNDER,56.0%,57.67,,UNDER,56.0%,57.63,,UNDER,51.3%,52.99,,UNDER,51.8%,53.5,,0.02,1.02,-0.22,1.9,-1.86,0.8,0.4,0.0221,100.0%
423,Alperen Sengun,PA,25.5,UNDER,Underdog,,,54.7%,D,DO NOT BET,55.44,,,UNDER,57.3%,58.04,,UNDER,57.0%,57.71,,UNDER,52.5%,53.23,,UNDER,52.0%,52.76,,0.1,-0.24,-1.22,-2.1,2.99,1.2,1.2,0.0245,100.0%
424,Nikola Jokić,FGM,9.5,OVER,PrizePicks,Goblin,,54.9%,C,DO NOT BET,55.42,,,OVER,53.3%,53.82,,OVER,52.7%,53.2,,OVER,57.2%,57.73,,OVER,56.4%,56.92,,-0.19,0.58,-0.56,1.5,-2.0,1.2,0.8,0.0194,100.0%
425,Immanuel Quickley,PR,20.5,OVER,PrizePicks,,,56.2%,D,DO NOT BET,55.42,,,OVER,54.9%,54.08,,OVER,54.7%,53.88,,OVER,57.6%,56.8,,OVER,57.7%,56.93,,-0.07,0.38,-1.5,3.1,-3.71,1.0,0.8,0.0144,100.0%
426,Reed Sheppard,FTM,0.5,OVER,PrizePicks,,,54.0%,B,DO NOT BET,55.38,,,OVER,54.3%,55.68,,OVER,52.5%,53.95,,OVER,55.5%,56.95,,OVER,53.5%,54.94,,-0.53,-0.12,1.5,-0.1,-0.33,1.0,0.8,0.011,100.0%
427,Kevin Durant,RA,9.5,OVER,Underdog,,0.86x,55.4%,C,DO NOT BET,55.35,,,OVER,54.9%,54.84,,OVER,54.5%,54.48,,OVER,56.5%,56.44,,OVER,55.7%,55.64,,-0.32,0.07,-0.37,0.1,-0.54,1.0,1.2,0.0076,100.0%
428,Jayson Tatum,RA,12.5,UNDER,Underdog,,0.88x,53.5%,C,DO NOT BET,55.35,,,UNDER,53.4%,55.25,,UNDER,52.8%,54.69,,UNDER,54.1%,55.99,,UNDER,53.6%,55.47,,-0.0,-0.24,1.08,-1.3,1.3,1.0,1.6,0.0047,100.0%
429,Kevin Durant,AST,4.5,UNDER,Underdog,,0.84x,54.2%,C,DO NOT BET,55.34,,,UNDER,54.0%,55.12,,UNDER,54.1%,55.27,,UNDER,54.2%,55.37,,UNDER,54.5%,55.6,,-0.05,-0.66,0.7,-0.9,0.83,1.2,1.2,0.0017,100.0%
430,Draymond Green,PA,13.5,OVER,PrizePicks,,,56.4%,D,DO NOT BET,55.34,,,OVER,53.6%,52.55,,OVER,54.0%,52.94,,OVER,58.8%,57.68,,OVER,59.3%,58.19,,-0.14,-1.13,-0.62,-3.3,2.89,1.2,1.6,0.026,100.0%
431,Alperen Sengun,RA,13.5,OVER,Underdog,,0.87x,55.7%,C,DO NOT BET,55.33,,,OVER,57.0%,56.6,,OVER,56.4%,56.01,,OVER,55.0%,54.66,,OVER,54.4%,54.04,,-0.37,0.77,-0.3,3.1,-4.58,1.0,0.8,0.0102,100.0%
432,Karl-Anthony Towns,PTS,19.5,OVER,Underdog,,1.04x,56.5%,D,DO NOT BET,55.32,,,OVER,57.5%,56.32,,OVER,56.8%,55.65,,OVER,56.2%,55.03,,OVER,55.4%,54.26,,-0.09,-0.74,-0.79,-4.5,3.97,1.0,1.6,0.0076,100.0%
433,Brandin Podziemski,AST,3.5,OVER,Underdog,,0.86x,56.6%,C,DO NOT BET,55.29,,,OVER,58.9%,57.56,,OVER,57.6%,56.24,,OVER,55.6%,54.24,,OVER,54.4%,53.11,,-0.15,-0.59,-1.5,-1.1,0.82,1.2,1.2,0.0172,100.0%
434,RJ Barrett,REB,5.5,UNDER,Underdog and PrizePicks,,,54.2%,B,DO NOT BET,55.28,,,UNDER,53.7%,54.77,,UNDER,52.7%,53.76,,UNDER,55.8%,56.8,,UNDER,54.8%,55.81,,-0.07,0.31,0.27,0.3,-0.37,0.6,0.4,0.0114,100.0%
435,Jayson Tatum,TOV,2.5,UNDER,Underdog,,0.80x,56.1%,A,DO NOT BET,55.27,,,UNDER,60.1%,59.21,,UNDER,60.0%,59.16,,UNDER,52.1%,51.23,,UNDER,52.3%,51.46,,-0.57,-0.6,-0.0,-0.7,0.03,1.0,1.6,0.0392,100.0%
436,OG Anunoby,REB,5.0,UNDER,PrizePicks,,,52.8%,B,DO NOT BET,55.23,,,UNDER,53.0%,55.42,,UNDER,52.0%,54.44,,UNDER,53.6%,55.98,,UNDER,52.7%,55.09,,0.14,0.26,0.7,0.6,-0.28,1.0,0.8,0.0056,100.0%
437,Dyson Daniels,FTA,1.5,UNDER,PrizePicks,,,53.5%,C,DO NOT BET,55.23,,,UNDER,52.8%,54.56,,UNDER,53.8%,55.59,,UNDER,53.1%,54.82,,UNDER,54.2%,55.96,,0.06,0.05,0.1,0.1,0.02,1.4,1.2,0.0056,100.0%
438,Derrick White,PA,21.5,OVER,Underdog and PrizePicks,,,55.5%,D,DO NOT BET,55.23,,,OVER,56.8%,56.53,,OVER,57.2%,56.93,,OVER,53.8%,53.48,,OVER,54.3%,53.98,,-0.14,-0.05,0.17,-0.5,-1.0,1.2,0.8,0.0152,100.0%
439,Alperen Sengun,PTS,19.5,UNDER,PrizePicks,,,54.0%,D,DO NOT BET,55.22,,,UNDER,53.7%,54.93,,UNDER,54.0%,55.2,,UNDER,54.0%,55.19,,UNDER,54.4%,55.57,,0.11,-0.07,-0.8,-0.5,1.27,1.2,1.2,0.0023,100.0%
440,OG Anunoby,RA,7.5,UNDER,Underdog and PrizePicks,,,53.3%,C,DO NOT BET,55.21,,,UNDER,52.4%,54.28,,UNDER,51.9%,53.83,,UNDER,54.7%,56.64,,UNDER,54.1%,56.06,,0.01,0.18,0.67,0.7,-0.65,1.0,0.8,0.0117,100.0%
441,Reed Sheppard,3PA,7.5,OVER,Underdog and PrizePicks,,,51.2%,B,DO NOT BET,55.19,,,OVER,50.2%,54.19,,UNDER,50.4%,48.45,,OVER,53.0%,56.93,,OVER,52.1%,56.08,,0.32,-0.14,1.5,-0.3,0.99,1.6,1.2,0.0137,75.0%
442,Derrick White,FGM,5.5,OVER,PrizePicks,,,54.1%,C,DO NOT BET,55.17,,,OVER,54.4%,55.48,,OVER,53.8%,54.83,,OVER,54.5%,55.56,,OVER,53.8%,54.82,,-0.14,-0.03,0.7,-0.1,-0.37,1.0,0.8,0.0035,100.0%
443,Jalen Brunson,TOV,2.5,UNDER,Underdog and PrizePicks,,,54.4%,A,DO NOT BET,55.13,,,UNDER,53.3%,53.95,,UNDER,53.5%,54.14,,UNDER,55.5%,56.17,,UNDER,55.6%,56.26,,-0.09,0.63,-0.51,1.1,-1.26,0.8,0.4,0.0109,100.0%
444,Jamal Murray,TOV,2.5,OVER,Underdog,,1.04x,52.9%,A,DO NOT BET,55.11,,,OVER,60.0%,62.13,,OVER,59.3%,61.5,,UNDER,53.7%,53.51,,UNDER,53.9%,53.68,,0.18,0.46,0.75,0.5,-0.31,0.6,0.4,0.0671,50.0%
445,Alperen Sengun,AST,5.5,UNDER,Underdog and PrizePicks,,1.09x,54.3%,C,DO NOT BET,55.09,,,UNDER,56.6%,57.31,,UNDER,56.5%,57.22,,UNDER,51.9%,52.69,,UNDER,52.4%,53.14,,0.22,-0.38,-1.1,-1.1,1.72,1.4,1.6,0.0218,100.0%
446,Jaylen Brown,AST,5.5,UNDER,Underdog,,0.84x,52.2%,C,DO NOT BET,55.08,,,UNDER,53.0%,55.84,,UNDER,53.2%,56.09,,UNDER,51.0%,53.93,,UNDER,51.6%,54.46,,-0.24,0.07,3.0,0.1,-0.45,0.4,0.8,0.0091,100.0%
447,Onyeka Okongwu,PRA,22.5,OVER,PrizePicks,,,58.8%,D,DO NOT BET,55.06,,,OVER,56.9%,53.19,,OVER,56.9%,53.17,,OVER,60.5%,56.8,,OVER,60.8%,57.07,,-0.74,-0.05,-0.03,-0.3,-4.01,1.4,1.2,0.0188,100.0%
448,Mikal Bridges,REB,3.5,OVER,Underdog and PrizePicks,,0.86x,54.7%,B,DO NOT BET,54.99,,,OVER,55.2%,55.44,,OVER,55.8%,56.08,,OVER,53.7%,53.94,,OVER,54.3%,54.5,,-0.44,-0.81,0.7,-1.1,0.5,1.4,1.6,0.0083,100.0%
449,Onyeka Okongwu,FGA,10.5,OVER,PrizePicks,,,55.7%,D,DO NOT BET,54.92,,,OVER,56.1%,55.27,,OVER,54.3%,53.56,,OVER,57.0%,56.24,,OVER,55.4%,54.62,,-0.7,0.13,0.15,0.3,-1.86,1.2,1.2,0.0098,100.0%
450,Brandin Podziemski,PTS,12.5,OVER,Underdog and PrizePicks,,0.94x,53.1%,D,DO NOT BET,54.91,,,OVER,51.8%,53.54,,OVER,51.3%,53.07,,OVER,55.1%,56.89,,OVER,54.4%,56.16,,-0.06,-0.44,1.5,-3.3,2.87,1.2,0.8,0.0164,100.0%
451,Jalen Johnson,RA,17.0,UNDER,PrizePicks,,,50.9%,C,DO NOT BET,54.91,,,OVER,51.4%,49.43,,OVER,51.4%,49.46,,UNDER,53.5%,57.49,,UNDER,53.1%,57.05,,0.36,0.83,-0.0,3.6,-2.02,1.2,0.4,0.0236,50.0%
452,Immanuel Quickley,PTS,16.5,OVER,PrizePicks,,,55.6%,D,DO NOT BET,54.9,,,OVER,55.2%,54.52,,OVER,54.6%,53.92,,OVER,56.7%,55.96,,OVER,55.9%,55.17,,-0.08,0.38,-1.5,2.5,-3.02,1.0,0.8,0.0076,100.0%
453,Aaron Gordon,REB,5.5,UNDER,Underdog and PrizePicks,,0.88x,53.0%,B,DO NOT BET,54.89,,,UNDER,53.4%,55.31,,UNDER,52.4%,54.31,,UNDER,53.5%,55.43,,UNDER,52.6%,54.54,,0.22,-0.04,-0.0,-0.1,0.64,1.2,1.6,0.0048,100.0%
454,Onyeka Okongwu,BLK,0.5,OVER,PrizePicks,Goblin,,55.2%,S,BET WITH CAUTION,54.8,,,OVER,58.0%,57.59,,OVER,57.0%,56.62,,OVER,53.3%,52.92,,OVER,52.4%,52.05,,-0.32,-0.71,0.0,-1.3,0.72,1.2,1.2,0.0236,100.0%
455,Jaylen Wells,3PA,5.5,OVER,Underdog,,0.86x,53.3%,B,DO NOT BET,54.79,,,OVER,53.6%,55.12,,OVER,52.7%,54.2,,OVER,53.9%,55.37,,OVER,52.9%,54.46,,0.1,-0.41,0.46,-0.7,0.87,1.2,1.2,0.0048,100.0%
456,Scottie Barnes,SB,2.5,UNDER,Underdog,,,52.6%,A,DO NOT BET,54.77,,,UNDER,54.5%,56.65,,UNDER,54.8%,56.97,,UNDER,50.3%,52.5,,UNDER,50.8%,52.95,,0.3,0.07,0.37,0.1,0.31,1.0,0.8,0.0205,100.0%
457,Amen Thompson,STL,1.5,UNDER,Underdog,,0.87x,53.5%,A,DO NOT BET,54.74,,,OVER,51.5%,52.26,,OVER,51.1%,51.86,,UNDER,58.2%,59.46,,UNDER,58.4%,59.63,,-0.02,-0.94,1.0,-0.7,0.68,1.2,1.6,0.048,50.0%
458,Mikal Bridges,3PM,1.5,UNDER,Underdog,,0.83x,52.1%,S,DO NOT BET,54.71,,,UNDER,52.3%,54.91,,UNDER,52.5%,55.15,,UNDER,51.6%,54.24,,UNDER,51.9%,54.55,,1.14,-0.75,0.17,-0.3,0.76,1.6,1.6,0.0035,100.0%
459,Dyson Daniels,PTS,11.5,OVER,Underdog and PrizePicks,,,54.3%,D,DO NOT BET,54.71,,,OVER,54.4%,54.8,,OVER,53.8%,54.24,,OVER,54.8%,55.26,,OVER,54.1%,54.53,,-0.04,-0.76,-0.02,-2.7,2.57,1.4,1.6,0.0038,100.0%
460,Deni Avdija,REB,6.0,UNDER,PrizePicks,,,52.1%,B,DO NOT BET,54.66,,,UNDER,51.5%,54.0,,UNDER,50.5%,53.08,,UNDER,53.7%,56.24,,UNDER,52.8%,55.34,,0.41,0.26,-0.51,0.6,0.36,1.4,1.6,0.0121,100.0%
461,Jaylen Wells,STL,0.5,OVER,PrizePicks,,,54.7%,A,DO NOT BET,54.64,,,OVER,52.6%,52.47,,OVER,52.1%,52.04,,OVER,57.4%,57.26,,OVER,56.9%,56.78,,-0.42,-0.56,-0.13,-0.5,0.12,1.4,1.2,0.024,100.0%
462,Donte DiVincenzo,PTS,11.5,UNDER,PrizePicks,,,53.6%,D,DO NOT BET,54.61,,,UNDER,52.7%,53.74,,UNDER,53.0%,54.04,,UNDER,54.1%,55.15,,UNDER,54.5%,55.52,,0.15,-0.76,-0.55,-3.9,4.67,1.4,1.6,0.0074,100.0%
463,Scottie Barnes,REB,6.5,OVER,Underdog and PrizePicks,,,59.5%,B,DO NOT BET,54.59,,,OVER,61.3%,56.36,,OVER,61.6%,56.71,,OVER,57.4%,52.45,,OVER,57.8%,52.84,,-0.78,-0.17,-3.0,-0.3,-1.05,0.4,0.8,0.0195,100.0%
464,Reed Sheppard,TOV,1.5,OVER,PrizePicks,,,53.2%,A,DO NOT BET,54.56,,,UNDER,51.2%,51.81,,UNDER,51.5%,52.07,,OVER,58.0%,59.38,,OVER,57.4%,58.76,,-0.1,-1.74,1.5,-1.3,1.23,1.8,2.0,0.0451,50.0%
465,Jalen Johnson,REB,9.0,OVER,PrizePicks,,,56.0%,B,DO NOT BET,54.52,,,OVER,56.7%,55.21,,OVER,57.3%,55.77,,OVER,54.8%,53.29,,OVER,55.3%,53.8,,-0.55,-0.53,0.0,-1.4,-0.05,1.0,1.2,0.0101,100.0%
466,Scoot Henderson,FGA,10.5,OVER,PrizePicks,,,54.5%,D,DO NOT BET,54.5,,,OVER,56.0%,56.0,,OVER,54.3%,54.29,,OVER,54.5%,54.48,,OVER,53.2%,53.2,,-0.16,-0.29,-0.19,-0.7,0.31,1.0,0.8,0.01,100.0%
467,Jamal Murray,PA,31.5,UNDER,PrizePicks,,,54.9%,D,DO NOT BET,54.5,,,UNDER,58.3%,57.92,,UNDER,58.0%,57.6,,UNDER,51.8%,51.49,,UNDER,51.4%,51.01,,0.06,-0.31,-2.0,-3.9,4.6,1.2,1.2,0.0326,100.0%
468,Jalen Duren,AST,1.5,OVER,Underdog and PrizePicks,Goblin,0.77x,55.0%,C,DO NOT BET,54.49,,,OVER,55.0%,54.55,,OVER,54.0%,53.58,,OVER,56.0%,55.5,,OVER,54.8%,54.34,,-0.16,0.71,-1.86,0.7,-0.86,1.0,0.8,0.0069,100.0%
469,Scottie Barnes,FGM,6.5,OVER,PrizePicks,,,55.2%,C,DO NOT BET,54.44,,,OVER,56.1%,55.4,,OVER,55.5%,54.7,,OVER,54.9%,54.2,,OVER,54.2%,53.45,,-0.57,0.53,-0.75,0.7,-1.46,0.8,0.4,0.0071,100.0%
470,Mikal Bridges,PA,16.5,UNDER,PrizePicks,,,52.2%,D,DO NOT BET,54.4,,,UNDER,51.7%,53.96,,UNDER,51.4%,53.6,,UNDER,53.0%,55.25,,UNDER,52.6%,54.78,,0.8,-2.22,-0.3,-5.9,8.03,1.8,2.0,0.0065,100.0%
471,Brandin Podziemski,3PM,1.5,OVER,Underdog and PrizePicks,Goblin,0.80x,52.4%,S,DO NOT BET,54.36,,,OVER,51.3%,53.25,,OVER,51.0%,52.97,,OVER,53.9%,55.83,,OVER,53.5%,55.41,,-0.18,-0.32,1.5,-0.5,0.22,1.2,0.8,0.0127,100.0%
472,OG Anunoby,AST,1.5,OVER,PrizePicks,Goblin,,56.0%,C,DO NOT BET,54.35,,,OVER,59.4%,57.74,,OVER,58.0%,56.38,,OVER,53.8%,52.14,,OVER,52.8%,51.16,,-0.45,-0.68,-0.58,-1.1,0.37,0.8,1.2,0.0277,100.0%
473,Jamal Murray,PRA,34.5,OVER,Underdog,,0.88x,54.2%,D,DO NOT BET,54.31,,,OVER,53.0%,53.04,,OVER,53.0%,53.11,,OVER,55.3%,55.38,,OVER,55.6%,55.68,,-0.19,0.18,1.0,2.1,-4.22,1.2,1.2,0.0123,100.0%
474,Aaron Gordon,RA,7.5,OVER,Underdog,,0.86x,54.6%,C,DO NOT BET,54.31,,,OVER,54.1%,53.73,,OVER,53.8%,53.47,,OVER,55.7%,55.37,,OVER,55.0%,54.68,,-0.36,-0.04,-0.14,-0.1,-0.9,1.2,0.4,0.0076,100.0%
475,Jamal Murray,REB,4.0,OVER,PrizePicks,,,56.2%,B,DO NOT BET,54.31,,,OVER,56.1%,54.15,,OVER,56.7%,54.74,,OVER,55.9%,53.94,,OVER,56.3%,54.4,,-0.17,-0.33,-2.0,-0.8,0.38,1.0,1.2,0.003,100.0%
476,Jaylen Brown,FTM,4.5,OVER,Underdog,,1.07x,52.0%,B,DO NOT BET,54.26,,,OVER,56.7%,58.95,,OVER,54.7%,56.96,,UNDER,51.0%,50.81,,UNDER,52.3%,52.05,,-0.2,-0.68,3.0,-4.5,3.19,1.4,1.2,0.0378,50.0%
477,Nikola Jokić,PR,40.5,OVER,Underdog and PrizePicks,,,53.9%,D,DO NOT BET,54.24,,,OVER,53.0%,53.35,,OVER,52.9%,53.22,,OVER,54.8%,55.13,,OVER,54.9%,55.26,,-0.03,0.4,-0.69,5.1,-5.47,1.0,0.8,0.0095,100.0%
478,Alperen Sengun,PA,25.0,UNDER,PrizePicks,,,52.8%,D,DO NOT BET,54.21,,,UNDER,55.1%,56.53,,UNDER,54.8%,56.19,,UNDER,50.9%,52.31,,UNDER,50.4%,51.83,,0.16,-0.18,-1.13,-1.6,2.99,1.2,1.2,0.0216,100.0%
479,Scottie Barnes,FTM,2.5,UNDER,Underdog,,1.08x,51.6%,B,DO NOT BET,54.19,,,UNDER,52.8%,55.34,,UNDER,53.7%,56.29,,OVER,50.7%,50.16,,UNDER,50.7%,53.29,,0.34,0.42,0.25,0.9,-0.16,0.8,0.8,0.0174,75.0%
480,CJ McCollum,3PA,6.5,UNDER,Underdog,,1.04x,52.6%,B,DO NOT BET,54.18,,,UNDER,53.5%,55.06,,UNDER,53.8%,55.4,,UNDER,51.3%,52.85,,UNDER,51.8%,53.41,,0.1,0.13,0.33,0.3,-0.08,0.8,0.4,0.0108,100.0%
481,Amen Thompson,FGA,13.5,OVER,PrizePicks,,,51.0%,D,DO NOT BET,54.17,,,OVER,53.5%,56.6,,OVER,52.2%,55.34,,UNDER,50.5%,49.36,,UNDER,51.0%,49.92,,0.09,-0.24,1.62,-0.7,0.96,1.4,1.2,0.0187,50.0%
482,Jalen Johnson,REB,9.5,UNDER,Underdog,,0.89x,51.4%,B,DO NOT BET,54.09,,,UNDER,50.9%,53.54,,OVER,50.0%,49.36,,UNDER,52.9%,55.53,,UNDER,52.0%,54.67,,0.36,0.34,-0.0,0.9,0.05,1.0,0.8,0.011,75.0%
483,Jaylen Brown,FTA,6.5,UNDER,PrizePicks,,,54.9%,C,DO NOT BET,54.06,,,UNDER,55.2%,54.36,,UNDER,56.0%,55.08,,UNDER,53.8%,52.89,,UNDER,54.8%,53.92,,0.11,0.42,-3.0,3.1,-2.31,0.8,0.8,0.008,100.0%
484,Jamal Murray,AST,6.0,OVER,PrizePicks,,,55.5%,C,DO NOT BET,54.03,,,OVER,57.2%,55.78,,OVER,56.0%,54.61,,OVER,54.8%,53.39,,OVER,53.8%,52.32,,-0.39,-0.2,-0.5,-0.6,-0.54,0.8,0.8,0.013,100.0%
485,Jalen Johnson,3PA,4.5,OVER,Underdog and PrizePicks,,,54.9%,B,DO NOT BET,54.03,,,OVER,53.1%,52.23,,OVER,52.3%,51.35,,OVER,57.8%,56.85,,OVER,56.6%,55.69,,-0.13,-1.68,0.0,-1.5,1.39,1.0,2.0,0.023,100.0%
486,CJ McCollum,RA,6.5,UNDER,PrizePicks,,,52.7%,C,DO NOT BET,53.97,,,UNDER,54.8%,56.05,,UNDER,54.1%,55.33,,UNDER,51.1%,52.32,,UNDER,50.9%,52.18,,0.19,0.23,-0.58,0.7,-0.12,0.8,1.2,0.0174,100.0%
487,Amen Thompson,TOV,2.5,UNDER,Underdog,,0.86x,53.4%,A,DO NOT BET,53.94,,,UNDER,50.1%,50.58,,UNDER,50.4%,50.88,,UNDER,56.6%,57.12,,UNDER,56.7%,57.17,,-0.0,0.07,-0.75,0.1,-0.1,1.2,0.8,0.0321,100.0%
488,Jamal Murray,AST,6.5,UNDER,Underdog,,0.86x,51.8%,C,DO NOT BET,53.9,,,UNDER,50.1%,52.2,,UNDER,50.6%,52.7,,UNDER,53.1%,55.19,,UNDER,53.4%,55.53,,0.22,0.03,-0.0,0.1,0.54,1.2,1.2,0.0147,100.0%
489,Kristaps Porziņģis,3PM,1.5,OVER,Underdog and PrizePicks,Goblin,0.85x,54.4%,S,DO NOT BET,53.86,,,OVER,52.1%,51.58,,OVER,51.8%,51.3,,OVER,57.1%,56.52,,OVER,56.6%,56.04,,-0.3,0.12,-1.33,0.1,-0.34,1.2,1.2,0.0243,100.0%
490,RJ Barrett,3PM,1.5,OVER,Underdog,,0.86x,54.0%,S,DO NOT BET,53.85,,,OVER,55.3%,55.11,,OVER,54.9%,54.79,,OVER,53.1%,52.97,,OVER,52.7%,52.56,,-0.31,-0.12,-0.27,-0.1,-0.15,0.8,0.8,0.0111,100.0%
491,Alperen Sengun,FTA,4.5,OVER,PrizePicks,,,53.6%,C,DO NOT BET,53.85,,,OVER,55.5%,55.74,,OVER,53.5%,53.71,,OVER,53.8%,54.05,,OVER,51.7%,51.91,,-0.46,-0.05,0.93,-0.1,-0.89,0.8,0.8,0.0136,100.0%
492,Kevin Durant,PR,30.5,UNDER,Underdog and PrizePicks,,,51.9%,D,DO NOT BET,53.85,,,UNDER,52.4%,54.39,,UNDER,52.3%,54.35,,UNDER,51.4%,53.4,,UNDER,51.3%,53.26,,0.08,-0.35,0.35,-3.1,3.82,1.2,1.2,0.0052,100.0%
493,Scoot Henderson,PA,16.5,UNDER,PrizePicks,,,50.1%,D,DO NOT BET,53.83,,,UNDER,50.3%,53.96,,OVER,50.1%,48.41,,UNDER,50.5%,54.13,,OVER,50.0%,48.35,,0.23,0.39,0.63,2.1,-0.88,1.2,0.8,0.0023,50.0%
494,CJ McCollum,PRA,24.5,OVER,Underdog and PrizePicks,,,53.4%,D,DO NOT BET,53.83,,,OVER,52.4%,52.88,,OVER,52.5%,52.96,,OVER,54.2%,54.59,,OVER,54.5%,54.9,,-0.16,-0.09,0.51,-0.7,-0.52,1.4,1.2,0.0092,100.0%
495,Tobias Harris,PTS,13.5,UNDER,Underdog and PrizePicks,,1.03x,52.9%,D,DO NOT BET,53.81,,,UNDER,52.0%,52.9,,UNDER,52.3%,53.23,,UNDER,53.4%,54.34,,UNDER,53.8%,54.75,,-0.06,-0.32,0.66,-2.1,1.72,1.0,1.2,0.0076,100.0%
496,Amen Thompson,FGM,7.5,UNDER,PrizePicks,,,56.1%,C,DO NOT BET,53.8,,,UNDER,54.7%,52.42,,UNDER,55.1%,52.8,,UNDER,57.1%,54.81,,UNDER,57.5%,55.18,,-0.35,0.3,-2.25,0.5,-1.09,0.6,0.8,0.0121,100.0%
497,RJ Barrett,PRA,28.5,OVER,PrizePicks,,,52.1%,D,DO NOT BET,53.8,,,OVER,52.0%,53.79,,OVER,52.1%,53.89,,OVER,51.9%,53.61,,OVER,52.2%,53.93,,0.2,-0.55,-0.05,-2.1,2.85,1.4,1.6,0.0012,100.0%
498,Draymond Green,RA,10.5,OVER,Underdog,,1.04x,54.2%,C,DO NOT BET,53.78,,,OVER,50.8%,50.36,,OVER,50.9%,50.46,,OVER,58.1%,57.63,,OVER,57.1%,56.65,,-0.18,-0.51,-0.57,-1.1,0.71,1.2,1.2,0.0338,100.0%
499,Brandin Podziemski,RA,9.5,UNDER,Underdog,,0.87x,52.3%,C,DO NOT BET,53.75,,,UNDER,55.5%,56.96,,UNDER,54.7%,56.17,,OVER,50.5%,51.1,,OVER,50.5%,51.04,,-0.27,0.28,1.5,0.5,-0.99,0.4,0.8,0.0283,50.0%
500,Jamal Murray,3PM,2.5,UNDER,Underdog,,1.07x,52.7%,S,DO NOT BET,53.7,,,UNDER,55.3%,56.29,,UNDER,55.5%,56.5,,OVER,50.2%,51.17,,UNDER,50.2%,51.18,,0.75,-0.94,-0.75,-0.7,1.26,1.4,1.6,0.0269,75.0%
501,Jayson Tatum,REB,8.0,OVER,PrizePicks,,,56.1%,B,DO NOT BET,53.7,,,OVER,55.5%,53.07,,OVER,56.1%,53.7,,OVER,56.2%,53.79,,OVER,56.6%,54.23,,-0.13,0.05,-3.0,0.2,-0.7,1.2,0.8,0.0041,100.0%
502,Brandin Podziemski,RA,9.0,OVER,PrizePicks,,,54.1%,C,DO NOT BET,53.63,,,OVER,51.7%,51.2,,OVER,51.7%,51.19,,OVER,57.0%,56.48,,OVER,56.1%,55.63,,-0.01,-0.56,-1.5,-1.0,0.99,1.6,1.2,0.0245,100.0%
503,Draymond Green,PTS,8.0,UNDER,PrizePicks,,,50.5%,D,DO NOT BET,53.61,,,UNDER,51.3%,54.32,,UNDER,51.6%,54.68,,OVER,50.6%,49.57,,OVER,50.1%,49.0,,0.14,0.57,0.76,2.4,-1.81,1.0,0.8,0.0092,50.0%
504,Draymond Green,PR,13.5,OVER,PrizePicks,,,54.7%,D,DO NOT BET,53.61,,,OVER,53.3%,52.23,,OVER,53.2%,52.09,,OVER,56.1%,54.99,,OVER,56.2%,55.12,,-0.15,-0.47,-0.8,-2.1,1.44,1.0,1.2,0.0145,100.0%
505,Jrue Holiday,3PM,2.5,UNDER,Underdog,,0.80x,52.9%,S,DO NOT BET,53.53,,,UNDER,54.1%,54.67,,UNDER,54.3%,54.89,,UNDER,51.5%,52.11,,UNDER,51.8%,52.43,,-0.02,-0.3,0.17,-0.5,0.46,0.8,1.2,0.0126,100.0%
506,Jrue Holiday,RA,9.5,OVER,Underdog,,,54.5%,C,DO NOT BET,53.49,,,OVER,52.8%,51.81,,OVER,52.7%,51.68,,OVER,56.7%,55.65,,OVER,55.9%,54.83,,-0.39,-0.22,-0.35,-0.7,-0.56,1.2,1.2,0.0177,100.0%
507,RJ Barrett,3PA,5.5,UNDER,Underdog and PrizePicks,,0.88x,53.0%,B,DO NOT BET,53.46,,,UNDER,53.1%,53.49,,UNDER,53.4%,53.86,,UNDER,52.6%,53.01,,UNDER,53.0%,53.48,,-0.4,-0.08,0.38,-0.1,-0.38,1.0,0.8,0.003,100.0%
508,RJ Barrett,PR,25.5,OVER,Underdog and PrizePicks,,,50.2%,D,DO NOT BET,53.43,,,OVER,50.7%,53.9,,OVER,50.7%,53.84,,UNDER,50.3%,49.08,,UNDER,50.1%,48.95,,0.3,-0.84,1.3,-2.9,3.92,1.4,1.6,0.0045,50.0%
509,Julius Randle,AST,4.5,UNDER,Underdog,,1.06x,51.5%,C,DO NOT BET,53.41,,,UNDER,51.0%,52.94,,UNDER,51.5%,53.36,,UNDER,51.5%,53.43,,UNDER,52.0%,53.92,,0.25,-0.12,-0.25,-0.3,0.93,1.4,1.2,0.0034,100.0%
510,Draymond Green,FGA,7.5,UNDER,PrizePicks,,,51.3%,D,DO NOT BET,53.41,,,UNDER,51.4%,53.49,,UNDER,51.8%,53.91,,UNDER,50.7%,52.87,,UNDER,51.3%,53.4,,0.01,0.37,0.7,0.9,-0.86,1.0,0.8,0.0037,100.0%
511,Jrue Holiday,AST,5.5,UNDER,Underdog and PrizePicks,,,50.8%,C,DO NOT BET,53.4,,,UNDER,53.8%,56.36,,UNDER,53.9%,56.53,,OVER,52.7%,52.08,,OVER,51.8%,51.21,,0.32,0.04,0.32,0.1,0.62,1.2,1.2,0.0306,50.0%
512,Amen Thompson,REB,7.5,UNDER,Underdog and PrizePicks,,1.03x,52.7%,B,DO NOT BET,53.4,,,UNDER,51.5%,52.23,,UNDER,50.6%,51.3,,UNDER,54.8%,55.51,,UNDER,53.9%,54.56,,0.07,0.29,-0.75,1.1,-0.83,0.8,0.8,0.017,100.0%
513,Brandin Podziemski,FTA,2.5,OVER,PrizePicks,,,55.2%,C,DO NOT BET,53.33,,,OVER,57.1%,55.31,,OVER,54.9%,53.09,,OVER,55.5%,53.65,,OVER,53.1%,51.28,,-0.05,-1.15,-1.5,-3.5,3.36,1.0,1.6,0.0144,100.0%
514,Brandon Ingram,BLK,0.5,UNDER,PrizePicks,,,51.9%,S,DO NOT BET,53.28,,,UNDER,51.6%,52.99,,UNDER,52.3%,53.73,,UNDER,51.4%,52.81,,UNDER,52.2%,53.57,,0.53,-0.75,-0.0,-0.3,0.51,1.4,1.6,0.0038,100.0%
515,Jalen Johnson,FGM,8.5,UNDER,PrizePicks,,,52.1%,C,DO NOT BET,53.25,,,UNDER,54.4%,55.55,,UNDER,54.8%,55.94,,OVER,50.7%,51.57,,OVER,50.1%,50.94,,-0.01,0.2,-0.0,0.3,-0.32,1.0,0.8,0.0251,50.0%
516,Draymond Green,FTA,0.5,OVER,PrizePicks,,,54.8%,C,DO NOT BET,53.23,,,OVER,54.9%,53.33,,OVER,52.9%,51.37,,OVER,56.9%,55.39,,OVER,54.4%,52.82,,-0.78,0.12,-0.87,0.1,-0.72,0.6,0.4,0.0144,100.0%
517,Jamal Murray,FGA,17.5,UNDER,Underdog,,,51.2%,D,DO NOT BET,53.23,,,OVER,50.2%,50.17,,UNDER,50.5%,52.53,,UNDER,52.1%,54.11,,UNDER,52.4%,54.45,,0.11,-0.43,0.75,-2.3,2.91,1.0,1.2,0.0109,75.0%
518,Kevin Durant,STL,0.5,OVER,PrizePicks,Goblin,,53.8%,A,DO NOT BET,53.21,,,UNDER,51.2%,53.88,,UNDER,51.6%,54.23,,OVER,59.4%,58.73,,OVER,58.8%,58.22,,-0.39,-0.56,-0.13,-0.5,0.15,0.8,1.2,0.0526,50.0%
519,Nikola Jokić,3PM,1.5,UNDER,Underdog and PrizePicks,,,51.3%,S,DO NOT BET,53.14,,,UNDER,53.6%,55.43,,UNDER,53.8%,55.65,,OVER,51.3%,51.46,,OVER,50.9%,51.08,,0.34,-0.31,0.25,-0.3,0.63,1.2,0.8,0.0241,50.0%
520,Donte DiVincenzo,3PM,2.5,UNDER,Underdog,,1.04x,52.0%,S,DO NOT BET,53.14,,,UNDER,53.0%,54.14,,UNDER,53.3%,54.37,,UNDER,50.7%,51.85,,UNDER,51.1%,52.18,,0.31,-0.48,-0.39,-0.7,1.16,1.2,1.2,0.0113,100.0%
521,Deni Avdija,AST,6.0,OVER,PrizePicks,,,50.6%,C,DO NOT BET,53.13,,,UNDER,50.2%,49.71,,UNDER,50.7%,50.21,,OVER,52.1%,54.63,,OVER,51.3%,53.8,,-0.42,-0.5,2.89,-0.8,0.13,1.2,1.2,0.0114,50.0%
522,Reed Sheppard,BLK,0.5,UNDER,PrizePicks,,,53.1%,S,DO NOT BET,53.1,,,UNDER,51.0%,50.95,,UNDER,51.8%,51.71,,UNDER,54.6%,54.52,,UNDER,55.2%,55.2,,0.3,0.2,-1.5,0.1,0.05,0.8,0.8,0.018,100.0%
523,Amen Thompson,FTM,3.5,UNDER,Underdog and PrizePicks,,,51.5%,B,DO NOT BET,53.06,,,OVER,54.3%,54.69,,OVER,52.5%,52.96,,UNDER,56.0%,57.64,,UNDER,56.7%,58.26,,0.08,0.38,0.08,1.3,-1.04,0.8,0.8,0.0493,50.0%
524,Rudy Gobert,RA,12.5,OVER,PrizePicks,Goblin,,52.8%,C,DO NOT BET,53.05,,,OVER,51.5%,51.84,,OVER,51.6%,51.86,,OVER,54.2%,54.5,,OVER,53.7%,53.99,,-0.15,0.07,0.0,0.3,-0.92,1.0,0.4,0.0121,100.0%
525,Dyson Daniels,STL,1.5,OVER,Underdog and PrizePicks,Goblin,0.82x,56.8%,A,DO NOT BET,53.04,,,OVER,58.9%,55.12,,OVER,58.3%,54.59,,OVER,55.2%,51.43,,OVER,54.7%,51.0,,-0.54,-0.94,-3.45,-0.7,0.29,1.6,1.6,0.0184,100.0%
526,Aaron Gordon,FTA,3.5,UNDER,PrizePicks,,,50.5%,C,DO NOT BET,52.97,,,UNDER,51.5%,53.97,,UNDER,52.7%,55.16,,OVER,52.1%,51.57,,OVER,50.2%,49.68,,0.31,0.19,0.06,0.7,0.44,0.8,1.2,0.0178,50.0%
527,Alperen Sengun,FGM,7.5,OVER,PrizePicks,,,52.1%,C,DO NOT BET,52.97,,,OVER,50.1%,50.97,,UNDER,50.4%,51.55,,OVER,54.7%,55.6,,OVER,54.0%,54.86,,-0.21,-0.13,0.52,-0.3,-0.18,1.2,0.8,0.0228,75.0%
528,Jaylen Brown,3PM,1.5,OVER,Underdog and PrizePicks,,1.04x,55.2%,S,DO NOT BET,52.96,,,OVER,54.9%,52.59,,OVER,54.5%,52.27,,OVER,56.0%,53.71,,OVER,55.5%,53.25,,-0.58,0.94,-3.0,0.7,-1.14,0.8,0.4,0.0057,100.0%
529,Deni Avdija,PTS,23.5,OVER,Underdog and PrizePicks,,,50.7%,D,DO NOT BET,52.94,,,OVER,51.3%,53.55,,OVER,50.8%,53.1,,OVER,50.6%,52.84,,UNDER,50.0%,49.72,,-0.12,0.13,2.34,0.7,-1.37,0.6,0.8,0.0046,75.0%
530,Payton Pritchard,RA,8.5,OVER,Underdog and PrizePicks,,,54.2%,C,DO NOT BET,52.94,,,OVER,54.2%,52.99,,OVER,54.0%,52.7,,OVER,54.6%,53.32,,OVER,54.0%,52.76,,-0.75,-0.08,-0.32,-0.1,-0.8,0.8,0.8,0.0024,100.0%
531,Brandon Ingram,PTS,21.5,OVER,Underdog and PrizePicks,,,55.5%,D,DO NOT BET,52.92,,,OVER,58.7%,56.09,,OVER,58.0%,55.38,,OVER,53.1%,50.44,,OVER,52.4%,49.78,,-0.04,-0.23,-3.0,-2.3,1.94,1.0,1.2,0.0284,100.0%
532,Tobias Harris,PA,16.5,UNDER,PrizePicks,,,52.3%,D,DO NOT BET,52.91,,,UNDER,52.8%,53.4,,UNDER,52.4%,53.04,,UNDER,52.2%,52.84,,UNDER,51.7%,52.36,,-0.18,-0.25,1.33,-1.5,0.42,0.8,0.8,0.0037,100.0%
533,Kristaps Porziņģis,REB,4.5,OVER,Underdog,,0.86x,53.7%,B,DO NOT BET,52.89,,,OVER,54.3%,53.49,,OVER,55.0%,54.16,,OVER,52.5%,51.64,,OVER,53.1%,52.25,,-0.67,-0.2,-0.44,-0.1,-0.23,0.8,1.2,0.0099,100.0%
534,Aaron Gordon,RA,8.0,UNDER,PrizePicks,,,51.4%,C,DO NOT BET,52.88,,,UNDER,52.5%,53.93,,UNDER,52.0%,53.47,,UNDER,50.7%,52.11,,UNDER,50.6%,52.02,,0.18,-0.14,0.11,-0.4,0.9,0.8,1.6,0.0083,100.0%
535,Deni Avdija,PR,29.5,OVER,Underdog and PrizePicks,,,52.0%,D,DO NOT BET,52.85,,,OVER,52.5%,53.32,,OVER,52.4%,53.2,,OVER,51.5%,52.38,,OVER,51.7%,52.51,,-0.22,0.01,2.06,0.1,-1.73,0.6,0.8,0.0041,100.0%
536,OG Anunoby,BLK,0.5,OVER,PrizePicks,,,52.0%,S,DO NOT BET,52.84,,,OVER,55.2%,56.02,,OVER,54.2%,55.11,,UNDER,50.3%,51.48,,UNDER,51.1%,52.27,,-0.49,0.75,0.0,0.3,-0.5,0.8,0.4,0.0275,50.0%
537,Jaylen Brown,AST,5.0,OVER,PrizePicks,,,54.9%,C,DO NOT BET,52.83,,,OVER,54.2%,52.11,,OVER,53.3%,51.21,,OVER,56.6%,54.6,,OVER,55.4%,53.37,,-0.1,-0.4,-3.0,-0.6,0.45,1.6,1.2,0.0128,100.0%
538,Jalen Brunson,RA,10.5,UNDER,PrizePicks,,,54.9%,C,DO NOT BET,52.82,,,UNDER,55.3%,53.22,,UNDER,54.5%,52.44,,UNDER,55.2%,53.15,,UNDER,54.6%,52.5,,-0.34,1.28,-2.98,1.7,-2.15,0.4,0.4,0.0036,100.0%
539,Julius Randle,RA,11.5,UNDER,Underdog and PrizePicks,,,51.7%,C,DO NOT BET,52.79,,,UNDER,52.5%,53.64,,UNDER,52.1%,53.17,,UNDER,51.1%,52.24,,UNDER,51.0%,52.09,,0.18,-0.9,0.15,-2.3,2.76,1.2,1.6,0.0064,100.0%
540,Naz Reid,AST,1.5,OVER,PrizePicks,Goblin,,54.3%,C,DO NOT BET,52.78,,,OVER,54.2%,52.76,,OVER,53.3%,51.86,,OVER,55.3%,53.81,,OVER,54.2%,52.71,,-0.41,-0.24,-0.58,-0.5,-0.35,0.6,0.8,0.007,100.0%
541,Dyson Daniels,PA,17.0,OVER,PrizePicks,,,53.1%,D,DO NOT BET,52.74,,,OVER,51.3%,50.87,,OVER,51.6%,51.25,,OVER,54.6%,54.17,,OVER,55.1%,54.67,,-0.16,-0.52,-0.24,-2.2,1.52,1.2,1.6,0.0169,100.0%
542,Nikola Jokić,FTM,5.5,UNDER,Underdog,,1.04x,50.9%,B,DO NOT BET,52.72,,,OVER,52.0%,52.22,,OVER,50.5%,50.73,,UNDER,52.6%,54.39,,UNDER,53.7%,55.44,,0.24,-0.3,-0.25,-1.1,1.99,1.2,1.6,0.0229,50.0%
543,Kevin Durant,REB,5.5,UNDER,Underdog and PrizePicks,,,51.8%,B,DO NOT BET,52.65,,,UNDER,52.3%,53.15,,UNDER,51.3%,52.2,,UNDER,52.2%,53.04,,UNDER,51.3%,52.21,,0.01,0.23,-0.15,0.3,-0.29,0.8,0.8,0.0045,100.0%
544,Jamal Murray,RA,10.5,OVER,Underdog,,1.03x,54.6%,C,DO NOT BET,52.64,,,OVER,55.5%,53.48,,OVER,55.1%,53.06,,OVER,54.3%,52.26,,OVER,53.7%,51.74,,-0.22,-0.19,-1.33,-0.9,-0.15,0.8,0.8,0.0068,100.0%
545,Mikal Bridges,PRA,20.5,UNDER,PrizePicks,,,50.0%,D,DO NOT BET,52.57,,,UNDER,51.5%,54.07,,UNDER,51.3%,53.89,,OVER,51.2%,50.67,,OVER,51.5%,50.99,,0.76,-1.81,-0.45,-5.3,7.53,1.8,2.0,0.0141,50.0%
546,Rudy Gobert,AST,1.5,OVER,Underdog and PrizePicks,Goblin,0.87x,52.0%,C,DO NOT BET,52.56,,,OVER,52.9%,53.48,,OVER,52.1%,52.69,,OVER,51.9%,52.44,,OVER,51.1%,51.64,,-0.19,-0.23,0.0,-0.3,0.05,1.2,1.2,0.0066,100.0%
547,Amen Thompson,FTA,4.5,UNDER,PrizePicks,,,50.4%,C,DO NOT BET,52.54,,,OVER,51.6%,51.45,,OVER,50.0%,49.88,,UNDER,50.8%,53.0,,UNDER,52.3%,54.47,,0.08,0.38,0.33,1.7,-1.32,1.0,1.2,0.0142,50.0%
548,Alperen Sengun,FTM,3.5,OVER,Underdog,,1.03x,51.4%,B,DO NOT BET,52.5,,,OVER,53.1%,54.16,,OVER,51.5%,52.55,,OVER,51.3%,52.4,,UNDER,50.2%,51.12,,-0.14,0.23,0.46,0.5,-0.8,0.8,0.8,0.0116,75.0%
549,Payton Pritchard,3PM,2.5,UNDER,Underdog and PrizePicks,,,50.7%,S,DO NOT BET,52.48,,,UNDER,50.3%,52.11,,UNDER,50.6%,52.37,,UNDER,50.8%,52.56,,UNDER,51.1%,52.89,,0.04,-0.06,0.52,-0.1,0.17,1.2,1.2,0.0028,100.0%
550,Onyeka Okongwu,PA,15.5,OVER,PrizePicks,,,55.2%,D,DO NOT BET,52.48,,,OVER,53.0%,50.35,,OVER,53.4%,50.73,,OVER,56.9%,54.17,,OVER,57.4%,54.67,,-0.8,0.07,0.33,0.3,-3.8,1.2,1.2,0.0195,100.0%
551,Jalen Brunson,3PM,2.5,UNDER,Underdog,,0.82x,51.2%,S,DO NOT BET,52.46,,,UNDER,50.0%,51.29,,UNDER,50.3%,51.55,,UNDER,52.1%,53.36,,UNDER,52.4%,53.66,,0.2,-0.23,-0.19,-0.3,0.57,1.2,1.2,0.0105,100.0%
552,Donte DiVincenzo,REB,3.5,OVER,Underdog,,0.86x,52.5%,B,DO NOT BET,52.44,,,OVER,52.6%,52.54,,OVER,53.3%,53.29,,OVER,51.7%,51.65,,OVER,52.3%,52.3,,-0.33,-0.4,0.41,-1.1,0.2,1.2,1.2,0.0059,100.0%
553,Jerami Grant,PRA,21.5,OVER,PrizePicks,,,54.2%,D,DO NOT BET,52.39,,,OVER,54.6%,52.76,,OVER,54.6%,52.8,,OVER,53.7%,51.84,,OVER,54.0%,52.14,,-0.39,0.28,-0.28,1.9,-4.57,1.2,0.8,0.0041,100.0%
554,Jaylen Brown,FGA,17.5,OVER,Underdog,,0.88x,55.1%,D,DO NOT BET,52.36,,,OVER,56.5%,53.75,,OVER,54.7%,51.97,,OVER,55.2%,52.55,,OVER,53.9%,51.17,,-0.69,0.05,1.25,0.3,-4.41,0.8,1.2,0.0094,100.0%
555,Aaron Gordon,PRA,23.5,OVER,Underdog and PrizePicks,,,52.7%,D,DO NOT BET,52.3,,,UNDER,52.9%,55.36,,UNDER,52.7%,55.14,,OVER,58.1%,57.71,,OVER,58.4%,58.0,,-0.14,0.23,0.13,2.9,-4.72,1.2,0.8,0.0556,50.0%
556,Jerami Grant,TOV,1.5,OVER,PrizePicks,Goblin,,52.5%,A,DO NOT BET,52.3,,,UNDER,53.6%,55.81,,UNDER,53.8%,55.99,,OVER,59.1%,58.83,,OVER,58.4%,58.18,,-0.42,-0.53,-0.32,-0.7,0.14,1.6,1.6,0.0621,50.0%
557,Jamal Murray,PA,30.5,UNDER,Underdog,,,51.3%,D,DO NOT BET,52.28,,,UNDER,55.0%,55.91,,UNDER,54.6%,55.57,,OVER,51.9%,52.93,,OVER,52.4%,53.42,,0.13,-0.23,-1.67,-2.9,4.6,1.0,0.8,0.0346,50.0%
558,Nikola Jokić,FGA,17.5,UNDER,Underdog,,0.87x,50.5%,D,DO NOT BET,52.24,,,OVER,53.6%,53.82,,OVER,52.3%,52.53,,UNDER,53.8%,55.61,,UNDER,53.9%,55.69,,-0.01,-0.58,1.4,-2.7,2.66,1.0,1.2,0.0345,50.0%
559,Draymond Green,SB,1.5,OVER,PrizePicks,Demon,,51.8%,A,DO NOT BET,52.16,,,OVER,54.6%,55.02,,OVER,53.9%,54.33,,UNDER,50.5%,52.12,,UNDER,50.9%,52.57,,0.07,-0.1,-0.46,-0.1,0.17,0.8,1.2,0.0253,50.0%
560,Jrue Holiday,TOV,2.5,OVER,Underdog and PrizePicks,Goblin,0.80x,51.6%,A,DO NOT BET,52.14,,,OVER,50.8%,51.35,,OVER,50.5%,51.02,,OVER,52.8%,53.29,,OVER,52.4%,52.87,,-0.44,0.79,-0.55,0.5,-0.78,1.0,0.4,0.0097,100.0%
561,Aaron Gordon,STL,0.5,OVER,PrizePicks,Goblin,,51.6%,A,DO NOT BET,52.1,,,OVER,51.2%,51.75,,OVER,50.8%,51.35,,OVER,52.3%,52.85,,OVER,51.9%,52.46,,-0.29,0.2,-0.25,0.1,-0.24,1.0,0.8,0.0059,100.0%
562,Brandin Podziemski,PRA,22.5,OVER,Underdog and PrizePicks,,,52.1%,D,DO NOT BET,52.04,,,UNDER,51.8%,53.91,,UNDER,51.7%,53.72,,OVER,55.8%,55.74,,OVER,56.1%,56.04,,0.06,-0.37,-1.5,-3.3,3.86,1.2,0.8,0.0385,50.0%
563,Brandon Ingram,FTM,3.5,UNDER,Underdog,,,51.2%,B,DO NOT BET,52.02,,,UNDER,54.8%,55.67,,UNDER,55.6%,56.4,,OVER,53.8%,54.91,,OVER,51.9%,53.1,,0.25,0.66,-1.0,0.9,-0.57,0.6,0.4,0.0408,50.0%
564,Jrue Holiday,FTM,1.5,UNDER,PrizePicks,,,52.9%,B,DO NOT BET,52.0,,,UNDER,51.7%,50.78,,UNDER,52.8%,51.86,,UNDER,53.1%,52.19,,UNDER,54.1%,53.18,,0.22,-2.25,-0.19,-1.1,1.21,1.2,2.0,0.0086,100.0%
565,Tobias Harris,FGM,4.5,OVER,PrizePicks,Goblin,,51.2%,C,DO NOT BET,51.95,,,OVER,52.0%,52.73,,OVER,51.4%,52.15,,OVER,51.1%,51.78,,OVER,50.4%,51.15,,-0.11,0.03,0.1,0.1,-0.41,1.0,0.8,0.0057,100.0%
566,Brandon Ingram,RA,9.0,UNDER,PrizePicks,,,50.3%,C,DO NOT BET,51.95,,,OVER,50.4%,50.76,,OVER,50.5%,50.9,,UNDER,51.2%,52.81,,UNDER,51.0%,52.65,,0.11,-0.39,0.5,-1.4,1.79,1.0,1.2,0.0078,50.0%
567,Karl-Anthony Towns,REB,11.5,UNDER,Underdog,,1.03x,50.8%,B,DO NOT BET,51.91,,,UNDER,51.7%,52.83,,UNDER,50.8%,51.89,,UNDER,50.8%,51.84,,OVER,50.0%,50.92,,0.12,0.03,0.18,0.1,0.25,0.4,0.8,0.0062,75.0%
568,Jamal Murray,PR,28.5,UNDER,Underdog and PrizePicks,,,50.9%,D,DO NOT BET,51.78,,,UNDER,53.4%,54.28,,UNDER,53.3%,54.19,,OVER,51.5%,52.62,,OVER,51.6%,52.75,,0.09,-0.26,-0.75,-2.7,3.68,0.8,1.2,0.0246,50.0%
569,Kristaps Porziņģis,TOV,1.5,UNDER,PrizePicks,,,51.3%,A,DO NOT BET,51.72,,,OVER,55.7%,57.25,,OVER,55.2%,56.75,,UNDER,58.0%,58.44,,UNDER,58.0%,58.44,,-0.47,-0.31,0.27,-0.3,-0.16,1.4,1.6,0.0672,50.0%
570,Jerami Grant,RA,4.5,OVER,PrizePicks,Goblin,,53.4%,C,DO NOT BET,51.71,,,OVER,51.1%,49.44,,OVER,51.2%,49.5,,OVER,56.0%,54.3,,OVER,55.2%,53.57,,-0.53,-0.22,-0.32,-0.5,-0.7,0.6,0.8,0.0225,100.0%
571,Karl-Anthony Towns,AST,2.5,OVER,Underdog and PrizePicks,,,52.9%,C,DO NOT BET,51.67,,,OVER,52.1%,50.86,,OVER,51.4%,50.15,,OVER,54.6%,53.35,,OVER,53.5%,52.31,,-0.16,-0.61,-0.67,-1.5,1.11,0.6,0.8,0.0124,100.0%
572,Jalen Johnson,PA,30.5,OVER,PrizePicks,,,52.0%,D,DO NOT BET,51.67,,,UNDER,52.5%,54.87,,UNDER,52.2%,54.51,,OVER,56.1%,55.79,,OVER,56.6%,56.29,,-0.12,-0.52,0.0,-2.1,1.6,0.8,1.2,0.0437,50.0%
573,Mikal Bridges,PTS,12.5,OVER,Underdog and PrizePicks,,,52.2%,D,DO NOT BET,51.66,,,OVER,52.4%,51.85,,OVER,51.9%,51.36,,OVER,52.6%,52.03,,OVER,52.0%,51.39,,-1.04,2.05,0.27,4.5,-6.77,0.4,0.0,0.0029,100.0%
574,CJ McCollum,PA,21.5,OVER,Underdog and PrizePicks,,1.03x,50.6%,D,DO NOT BET,51.62,,,UNDER,50.3%,51.29,,OVER,50.0%,51.07,,OVER,51.1%,52.11,,OVER,51.6%,52.6,,-0.1,-0.01,0.76,-0.1,-0.71,1.2,0.8,0.0076,75.0%
575,Amen Thompson,RA,13.5,UNDER,Underdog and PrizePicks,,0.87x,52.3%,C,DO NOT BET,51.61,,,UNDER,51.2%,50.47,,UNDER,50.8%,50.15,,UNDER,53.9%,53.16,,UNDER,53.4%,52.67,,-0.1,0.11,-0.87,0.5,-0.94,0.6,0.8,0.0132,100.0%
576,Immanuel Quickley,PA,22.5,OVER,PrizePicks,,,52.2%,D,DO NOT BET,51.53,,,UNDER,50.1%,52.7,,OVER,50.3%,49.67,,OVER,54.0%,53.33,,OVER,54.5%,53.83,,-0.11,0.75,-1.5,3.7,-4.26,0.8,0.4,0.0206,75.0%
577,Scoot Henderson,PR,15.5,OVER,PrizePicks,,,52.9%,D,DO NOT BET,51.53,,,OVER,52.6%,51.26,,OVER,52.5%,51.14,,OVER,53.2%,51.79,,OVER,53.3%,51.92,,-0.15,-0.43,-0.66,-2.7,1.76,0.8,1.2,0.0033,100.0%
578,Onyeka Okongwu,PR,20.5,OVER,PrizePicks,,,53.6%,D,DO NOT BET,51.51,,,OVER,52.5%,50.38,,OVER,52.4%,50.27,,OVER,54.7%,52.63,,OVER,54.9%,52.76,,-0.48,0.08,-0.03,0.5,-3.57,1.4,1.6,0.0119,100.0%
579,Ausar Thompson,AST,2.5,OVER,PrizePicks,Goblin,,50.4%,C,DO NOT BET,51.49,,,UNDER,50.3%,51.17,,UNDER,50.8%,51.66,,OVER,51.7%,52.79,,OVER,50.9%,52.01,,-0.21,-0.15,0.5,-0.3,-0.12,1.4,1.2,0.0096,50.0%
580,Jalen Duren,REB,10.5,OVER,Underdog,,0.81x,54.7%,B,DO NOT BET,51.48,,,OVER,54.2%,51.05,,OVER,54.9%,51.73,,OVER,54.5%,51.3,,OVER,55.0%,51.83,,-0.11,-0.71,-3.45,-0.7,0.59,1.2,1.6,0.0032,100.0%
581,Alperen Sengun,PR,28.5,OVER,Underdog and PrizePicks,,,50.1%,D,DO NOT BET,51.47,,,UNDER,51.4%,52.02,,UNDER,51.3%,52.01,,OVER,51.5%,52.89,,OVER,51.7%,53.02,,-0.08,0.45,0.81,3.5,-4.14,0.8,0.8,0.0149,50.0%
582,Jalen Brunson,FGA,18.5,OVER,Underdog,,,52.3%,D,DO NOT BET,51.41,,,OVER,54.8%,53.89,,OVER,53.3%,52.4,,OVER,51.0%,50.07,,OVER,50.2%,49.29,,-0.49,-0.67,0.8,-2.1,0.55,1.0,1.6,0.0183,100.0%
583,Brandon Ingram,PA,25.5,OVER,Underdog and PrizePicks,,,52.3%,D,DO NOT BET,51.4,,,OVER,53.3%,52.47,,OVER,53.7%,52.85,,OVER,50.8%,49.9,,OVER,51.3%,50.39,,-0.01,-0.14,-1.6,-1.3,1.18,1.0,1.2,0.0127,100.0%
584,Kevin Durant,TOV,2.5,OVER,Underdog and PrizePicks,Goblin,0.79x,56.2%,A,DO NOT BET,51.36,,,OVER,52.2%,47.43,,OVER,51.9%,47.05,,OVER,60.7%,55.84,,OVER,60.0%,55.14,,-0.35,-0.44,-4.5,-0.9,0.17,1.2,1.2,0.0413,100.0%
585,Alperen Sengun,PRA,34.5,UNDER,Underdog and PrizePicks,,,51.4%,D,DO NOT BET,51.34,,,UNDER,50.3%,50.21,,UNDER,50.1%,50.05,,UNDER,52.8%,52.71,,UNDER,52.5%,52.39,,0.08,-0.57,-1.55,-5.1,5.85,1.2,1.2,0.0121,100.0%
586,Brandon Ingram,FGA,17.5,OVER,Underdog,,1.04x,50.9%,D,DO NOT BET,51.24,,,OVER,51.3%,51.61,,OVER,50.4%,50.73,,OVER,51.4%,51.73,,OVER,50.5%,50.89,,0.05,0.14,-1.2,0.9,-0.55,1.0,1.2,0.0043,100.0%
587,Donte DiVincenzo,SB,1.5,OVER,PrizePicks,Goblin,,50.9%,A,DO NOT BET,51.21,,,OVER,52.2%,52.48,,OVER,51.6%,51.89,,OVER,50.2%,50.48,,UNDER,50.3%,51.99,,-0.36,0.79,-0.51,0.5,-0.73,0.6,0.4,0.01,75.0%
588,Jamal Murray,PRA,35.5,UNDER,PrizePicks,,,51.2%,D,DO NOT BET,51.19,,,UNDER,52.6%,52.5,,UNDER,52.4%,52.3,,UNDER,50.2%,50.14,,OVER,50.1%,52.18,,0.1,-0.27,-2.0,-3.1,4.22,1.0,0.8,0.0122,75.0%
589,Jalen Brunson,3PA,6.5,OVER,Underdog,,1.06x,51.7%,B,DO NOT BET,51.18,,,OVER,53.3%,52.8,,OVER,52.4%,51.91,,OVER,50.8%,50.36,,OVER,50.1%,49.65,,-0.49,0.06,-0.39,0.1,-0.96,1.2,1.6,0.0124,100.0%
590,CJ McCollum,PTS,17.5,OVER,Underdog and PrizePicks,,,51.2%,D,DO NOT BET,51.17,,,UNDER,50.8%,52.77,,UNDER,51.1%,53.14,,OVER,53.6%,53.63,,OVER,52.9%,52.95,,-0.15,-0.06,0.36,-0.5,-0.64,1.0,0.8,0.0214,50.0%
591,Jaden McDaniels,REB,3.5,OVER,Underdog,,0.78x,52.9%,B,DO NOT BET,51.14,,,OVER,52.9%,51.15,,OVER,53.6%,51.89,,OVER,52.2%,50.44,,OVER,52.8%,51.07,,-0.32,0.4,-1.69,0.9,-1.62,0.6,0.4,0.0051,100.0%
592,Immanuel Quickley,PRA,26.5,OVER,PrizePicks,,,51.9%,D,DO NOT BET,51.13,,,OVER,53.4%,52.62,,OVER,53.5%,52.68,,OVER,50.3%,49.46,,OVER,50.6%,49.78,,-0.1,0.65,-1.5,4.3,-4.95,0.8,0.4,0.0152,100.0%
593,Jayson Tatum,FGM,7.5,OVER,PrizePicks,,,50.4%,C,DO NOT BET,51.1,,,UNDER,51.2%,52.55,,UNDER,51.7%,53.04,,OVER,52.7%,53.33,,OVER,52.0%,52.64,,0.0,-0.23,-0.12,-0.3,0.3,1.0,1.2,0.0192,50.0%
594,Kevin Durant,FTM,4.5,UNDER,Underdog,,1.04x,52.1%,B,DO NOT BET,51.01,,,UNDER,52.8%,51.68,,UNDER,53.7%,52.64,,UNDER,50.3%,49.19,,UNDER,51.6%,50.52,,0.91,-3.61,-0.46,-2.7,3.38,1.4,2.0,0.0129,100.0%
595,Scoot Henderson,PTS,12.5,OVER,PrizePicks,,,52.8%,D,DO NOT BET,51.01,,,OVER,52.7%,50.89,,OVER,52.2%,50.39,,OVER,53.6%,51.72,,OVER,52.9%,51.04,,-0.21,-0.56,-0.71,-3.1,1.93,0.8,1.2,0.0048,100.0%
596,Mikal Bridges,PR,16.5,OVER,PrizePicks,,,51.8%,D,DO NOT BET,51.0,,,OVER,52.3%,51.49,,OVER,52.2%,51.38,,OVER,51.3%,50.49,,OVER,51.4%,50.62,,-1.1,1.81,0.45,3.9,-6.27,0.4,0.0,0.0044,100.0%
597,Dyson Daniels,TOV,1.5,OVER,PrizePicks,,,50.4%,A,DO NOT BET,50.91,,,OVER,51.1%,51.66,,OVER,50.8%,51.31,,UNDER,50.0%,51.52,,UNDER,50.3%,51.83,,-0.37,0.12,0.27,0.1,-0.4,0.8,1.2,0.006,50.0%
598,Jerami Grant,PA,18.5,OVER,PrizePicks,,,52.1%,D,DO NOT BET,50.88,,,OVER,51.9%,50.67,,OVER,52.3%,51.05,,OVER,51.9%,50.66,,OVER,52.4%,51.15,,-0.32,0.27,-0.21,1.9,-4.1,1.2,0.8,0.0022,100.0%
599,Brandon Ingram,PRA,31.5,OVER,Underdog and PrizePicks,,,51.2%,D,DO NOT BET,50.88,,,OVER,53.1%,52.81,,OVER,53.1%,52.88,,UNDER,51.0%,53.23,,UNDER,50.6%,52.91,,0.02,0.01,-1.75,0.1,0.14,1.2,1.2,0.0196,50.0%
600,CJ McCollum,PR,20.5,OVER,Underdog and PrizePicks,,,51.5%,D,DO NOT BET,50.83,,,OVER,50.8%,50.14,,OVER,50.8%,50.08,,OVER,52.2%,51.49,,OVER,52.3%,51.62,,-0.21,-0.15,0.2,-1.1,-0.45,1.0,1.2,0.0073,100.0%
601,Alperen Sengun,REB,8.5,OVER,Underdog and PrizePicks,,,50.9%,B,DO NOT BET,50.78,,,UNDER,50.5%,52.59,,OVER,50.4%,50.29,,OVER,51.5%,51.38,,OVER,52.1%,52.05,,-0.11,0.75,-0.96,2.5,-2.86,0.6,0.4,0.0101,75.0%
602,Jerami Grant,PR,19.5,OVER,PrizePicks,,,52.4%,D,DO NOT BET,50.73,,,OVER,52.4%,50.73,,OVER,52.3%,50.61,,OVER,52.4%,50.73,,OVER,52.5%,50.86,,-0.4,0.31,-0.34,1.9,-4.33,1.2,0.8,0.0008,100.0%
603,Jrue Holiday,REB,4.0,OVER,PrizePicks,,,50.7%,B,DO NOT BET,50.72,,,OVER,50.4%,50.42,,OVER,51.2%,51.26,,OVER,50.2%,50.24,,OVER,50.9%,50.97,,-0.2,-0.23,-0.19,-0.6,0.06,1.2,1.2,0.0041,100.0%
604,Aaron Gordon,3PM,1.5,OVER,Underdog and PrizePicks,,0.88x,50.3%,S,DO NOT BET,50.69,,,UNDER,53.0%,54.63,,UNDER,53.2%,54.87,,OVER,54.0%,54.35,,OVER,53.6%,53.93,,-0.18,-0.16,0.0,-0.3,-0.02,1.0,1.2,0.0345,50.0%
605,Karl-Anthony Towns,RA,14.5,OVER,Underdog and PrizePicks,,1.02x,50.5%,C,DO NOT BET,50.69,,,OVER,51.2%,51.36,,OVER,51.3%,51.42,,UNDER,50.2%,52.02,,UNDER,50.1%,51.99,,-0.1,-0.46,-0.25,-1.1,0.86,1.2,0.8,0.007,50.0%
606,Draymond Green,AST,5.0,OVER,PrizePicks,,,51.0%,C,DO NOT BET,50.67,,,OVER,50.6%,50.25,,OVER,50.0%,49.68,,OVER,52.1%,51.79,,OVER,51.3%,50.96,,-0.13,-0.56,-0.53,-1.4,1.08,1.2,0.8,0.0079,100.0%
607,Mikal Bridges,3PA,4.5,OVER,Underdog,,0.86x,50.7%,B,DO NOT BET,50.64,,,OVER,51.5%,51.42,,OVER,50.7%,50.67,,OVER,50.6%,50.58,,UNDER,50.1%,52.12,,-0.65,-0.26,0.61,-0.3,-0.46,1.0,1.2,0.0054,75.0%
608,Aaron Gordon,PA,17.5,OVER,PrizePicks,,,51.0%,D,DO NOT BET,50.63,,,UNDER,52.3%,54.69,,UNDER,52.0%,54.33,,OVER,53.9%,53.52,,OVER,54.4%,54.02,,-0.16,0.21,0.17,2.3,-4.09,1.2,0.8,0.0315,50.0%
609,Alperen Sengun,PTS,18.5,OVER,Underdog,,0.85x,51.3%,D,DO NOT BET,50.6,,,OVER,51.0%,50.35,,OVER,50.6%,49.91,,OVER,52.0%,51.37,,OVER,51.4%,50.75,,-0.25,-0.07,0.62,-0.5,-1.27,0.8,0.8,0.0054,100.0%
610,CJ McCollum,TOV,1.5,OVER,PrizePicks,Goblin,,50.8%,A,DO NOT BET,50.58,,,OVER,52.7%,52.44,,OVER,52.3%,52.04,,UNDER,50.7%,52.93,,UNDER,51.0%,53.22,,-0.35,-0.4,-0.23,-0.3,0.03,1.0,1.2,0.0167,50.0%
611,Jalen Johnson,PR,31.5,OVER,Underdog and PrizePicks,,1.04x,52.2%,D,DO NOT BET,50.58,,,OVER,53.6%,52.0,,OVER,53.5%,51.85,,OVER,50.8%,49.17,,OVER,50.9%,49.3,,-0.48,-0.35,0.0,-1.3,-0.52,1.0,1.2,0.0135,100.0%
612,Draymond Green,REB,5.0,OVER,PrizePicks,,,51.4%,B,DO NOT BET,50.57,,,OVER,51.6%,50.69,,OVER,52.3%,51.48,,OVER,50.6%,49.69,,OVER,51.3%,50.4,,-0.27,-0.09,-0.74,-0.2,-0.37,0.8,0.8,0.0064,100.0%
613,Jalen Johnson,3PM,1.5,OVER,Underdog,,1.07x,50.7%,S,DO NOT BET,50.54,,,OVER,50.2%,50.07,,UNDER,50.0%,52.2,,OVER,51.5%,51.33,,OVER,51.1%,50.95,,-0.14,-1.12,0.0,-0.9,0.79,1.2,2.0,0.0062,75.0%
614,Scoot Henderson,AST,3.5,OVER,PrizePicks,Goblin,,50.5%,C,DO NOT BET,50.5,,,UNDER,50.5%,52.5,,UNDER,51.0%,52.97,,OVER,52.1%,52.15,,OVER,51.3%,51.33,,-0.39,0.35,-0.19,0.5,-1.06,0.8,0.8,0.0129,50.0%
615,Nikola Jokić,RA,22.5,OVER,Underdog,,,50.9%,C,DO NOT BET,50.48,,,UNDER,51.3%,53.73,,UNDER,51.0%,53.39,,OVER,53.1%,52.72,,OVER,52.7%,52.34,,-0.16,-0.89,0.15,-3.7,3.01,1.2,1.6,0.0205,50.0%
616,Jayson Tatum,RA,12.0,OVER,PrizePicks,,,51.1%,C,DO NOT BET,50.47,,,OVER,51.8%,51.21,,OVER,51.8%,51.2,,OVER,50.4%,49.75,,OVER,50.3%,49.71,,-0.09,0.14,-1.17,0.8,-1.3,1.0,0.4,0.0074,100.0%
617,Nikola Jokić,AST,10.0,OVER,PrizePicks,,,51.2%,C,DO NOT BET,50.46,,,UNDER,50.2%,52.95,,UNDER,50.7%,53.45,,OVER,53.3%,52.59,,OVER,52.4%,51.66,,-0.29,-1.29,0.17,-2.4,1.86,1.2,1.6,0.0171,50.0%
618,Jaylen Brown,3PA,4.5,OVER,Underdog,,1.07x,50.7%,B,DO NOT BET,50.44,,,UNDER,50.0%,52.29,,UNDER,50.7%,52.92,,OVER,52.1%,51.89,,OVER,51.3%,51.09,,-0.63,0.49,0.25,0.9,-2.06,0.8,0.8,0.0111,50.0%
619,Scottie Barnes,PR,23.5,OVER,Underdog,,,56.3%,D,DO NOT BET,50.44,,,OVER,57.2%,51.39,,OVER,57.0%,51.12,,OVER,55.4%,49.56,,OVER,55.5%,49.69,,-0.63,0.19,-3.0,0.9,-3.9,0.6,1.2,0.0082,100.0%
620,Jalen Johnson,PTS,21.5,OVER,Underdog and PrizePicks,,,51.5%,D,DO NOT BET,50.44,,,UNDER,50.1%,53.2,,UNDER,50.5%,53.6,,OVER,53.7%,52.62,,OVER,53.0%,51.94,,-0.41,-0.27,0.0,-0.9,-0.47,1.0,1.2,0.0186,50.0%
621,Dyson Daniels,FTM,0.5,OVER,PrizePicks,,,51.8%,B,DO NOT BET,50.39,,,OVER,54.7%,53.28,,OVER,52.9%,51.5,,OVER,50.5%,49.1,,UNDER,50.9%,54.32,,-0.42,-0.6,-0.7,-0.7,0.22,0.8,1.2,0.0216,75.0%
622,Deni Avdija,AST,6.5,UNDER,Underdog,,0.83x,52.4%,C,DO NOT BET,50.35,,,UNDER,53.7%,51.64,,UNDER,53.8%,51.82,,UNDER,50.7%,48.68,,UNDER,51.3%,49.25,,0.1,0.19,-3.27,0.3,-0.13,0.8,0.8,0.014,100.0%
623,Deni Avdija,3PA,5.5,OVER,Underdog,,1.02x,50.0%,B,DO NOT BET,50.31,,,OVER,50.1%,50.41,,UNDER,50.5%,52.22,,OVER,50.6%,50.89,,UNDER,50.1%,51.81,,-0.19,-0.09,0.39,-0.3,-0.35,0.8,0.8,0.004,50.0%
624,Jalen Johnson,PRA,39.5,OVER,Underdog and PrizePicks,,,52.3%,D,DO NOT BET,50.27,,,OVER,50.3%,48.29,,OVER,50.4%,48.43,,OVER,54.0%,52.04,,OVER,54.3%,52.34,,-0.37,-0.67,0.0,-3.5,1.55,1.0,1.2,0.0192,100.0%
625,Kevin Durant,PRA,34.5,OVER,Underdog and PrizePicks,,,50.9%,D,DO NOT BET,50.23,,,UNDER,51.1%,53.78,,UNDER,50.9%,53.61,,OVER,52.7%,52.0,,OVER,53.0%,52.31,,-0.13,0.4,-0.63,3.5,-4.65,0.8,0.8,0.0193,50.0%
626,Deni Avdija,3PM,1.5,UNDER,Underdog,,1.04x,50.9%,S,DO NOT BET,50.19,,,OVER,51.3%,53.99,,OVER,51.0%,53.71,,UNDER,52.8%,52.08,,UNDER,53.1%,52.36,,0.67,-0.4,-2.89,-0.3,0.8,1.4,1.2,0.0204,50.0%
627,Derrick White,AST,5.0,OVER,PrizePicks,,,50.3%,C,DO NOT BET,50.17,,,UNDER,50.7%,52.84,,UNDER,51.2%,53.29,,OVER,51.9%,51.79,,OVER,51.1%,50.99,,-0.32,0.2,-0.16,0.4,-1.02,0.8,0.4,0.0127,50.0%
628,RJ Barrett,TOV,1.5,OVER,PrizePicks,Goblin,,50.5%,A,DO NOT BET,50.11,,,UNDER,52.3%,54.71,,UNDER,52.5%,54.93,,OVER,53.7%,53.28,,OVER,53.2%,52.82,,-0.24,-0.4,-0.8,-0.3,0.12,1.2,1.2,0.0294,50.0%
629,Draymond Green,FTM,0.5,OVER,PrizePicks,Demon,,50.5%,B,DO NOT BET,50.05,,,OVER,50.3%,49.85,,UNDER,51.0%,53.45,,OVER,52.2%,51.71,,OVER,50.5%,50.09,,-0.71,0.75,-0.8,0.3,-0.59,0.6,0.4,0.0113,75.0%
630,Brandin Podziemski,PR,18.5,OVER,PrizePicks,,,50.2%,D,DO NOT BET,50.03,,,UNDER,54.6%,56.78,,UNDER,54.4%,56.66,,OVER,54.9%,54.71,,OVER,55.0%,54.84,,0.04,-0.28,-1.5,-2.7,3.04,1.2,0.8,0.0475,50.0%
631,Kevin Durant,AST,4.0,OVER,PrizePicks,,,50.7%,C,DO NOT BET,50.02,,,OVER,51.8%,51.16,,OVER,51.1%,50.47,,OVER,50.2%,49.54,,UNDER,50.4%,53.11,,-0.32,0.29,-1.0,0.4,-0.83,0.8,0.8,0.0086,75.0%
632,Scottie Barnes,PRA,28.5,OVER,Underdog and PrizePicks,,,56.1%,D,DO NOT BET,49.82,,,OVER,59.1%,52.81,,OVER,59.0%,52.74,,OVER,53.0%,46.71,,OVER,53.3%,47.02,,-0.69,0.35,-3.0,1.7,-5.02,0.4,0.8,0.0296,100.0%
633,Jayson Tatum,FTM,2.5,OVER,Underdog,,0.87x,50.3%,B,DO NOT BET,49.77,,,UNDER,50.8%,53.36,,UNDER,52.0%,54.54,,OVER,52.9%,52.36,,OVER,51.2%,50.65,,-0.08,-0.33,-1.0,-0.7,0.53,1.0,1.2,0.0188,50.0%
634,Jaylen Brown,PTS,25.5,OVER,Underdog and PrizePicks,,,50.3%,D,DO NOT BET,49.67,,,OVER,52.8%,52.21,,OVER,52.3%,51.71,,UNDER,51.8%,54.39,,UNDER,52.2%,54.86,,-0.24,-0.06,1.67,-0.7,-2.28,1.0,1.2,0.023,50.0%
635,RJ Barrett,PA,23.5,UNDER,Underdog and PrizePicks,,,50.4%,D,DO NOT BET,49.66,,,OVER,50.1%,52.86,,OVER,50.5%,53.23,,UNDER,51.3%,50.59,,UNDER,50.8%,50.11,,-0.29,0.32,-0.15,1.3,-2.48,0.6,0.4,0.0073,50.0%
636,Mikal Bridges,PRA,19.5,OVER,Underdog,,0.88x,51.9%,D,DO NOT BET,49.58,,,OVER,50.7%,48.4,,OVER,50.8%,48.53,,OVER,52.9%,50.54,,OVER,53.2%,50.85,,-1.1,1.47,0.34,4.3,-7.53,0.2,0.0,0.0112,100.0%
637,Jalen Duren,STL,0.5,OVER,PrizePicks,Goblin,,54.1%,A,DO NOT BET,49.44,,,OVER,51.2%,46.51,,OVER,50.8%,46.11,,OVER,57.5%,52.82,,OVER,57.0%,52.34,,-0.48,-0.12,-4.5,-0.1,-0.28,0.8,0.8,0.0314,100.0%
638,CJ McCollum,FGA,14.5,OVER,Underdog,,0.87x,50.0%,D,DO NOT BET,49.24,,,OVER,51.5%,50.73,,OVER,50.6%,49.8,,UNDER,50.7%,53.52,,UNDER,51.2%,54.05,,-0.36,-0.68,0.0,-1.1,0.52,0.8,1.2,0.0109,50.0%
639,Kevin Durant,PA,28.5,OVER,Underdog and PrizePicks,,,51.1%,D,DO NOT BET,49.05,,,UNDER,52.5%,56.51,,UNDER,52.1%,56.16,,OVER,54.2%,52.19,,OVER,54.7%,52.69,,-0.21,0.43,-1.4,3.3,-4.94,0.8,0.8,0.0339,50.0%
640,Payton Pritchard,REB,3.5,OVER,Underdog,,1.05x,52.5%,B,DO NOT BET,48.47,,,OVER,52.6%,48.52,,OVER,53.3%,49.27,,OVER,51.8%,47.73,,OVER,52.4%,48.38,,-0.35,0.32,-4.5,0.5,-1.04,1.0,1.2,0.0055,100.0%
641,Brandon Ingram,REB,5.0,OVER,PrizePicks,,,50.4%,B,DO NOT BET,47.43,,,UNDER,50.6%,55.58,,OVER,50.3%,47.31,,OVER,50.6%,47.64,,OVER,51.3%,48.35,,-0.31,0.19,-3.0,0.4,-1.04,0.8,0.8,0.0069,75.0%
642,Scottie Barnes,AST,4.5,OVER,Underdog,,0.88x,50.7%,C,DO NOT BET,47.06,,,OVER,50.3%,46.6,,UNDER,50.3%,55.95,,OVER,51.8%,48.18,,OVER,51.1%,47.38,,-0.4,0.15,-3.0,0.3,-1.12,0.4,0.4,0.008,75.0%
643,Amen Thompson,PRA,32.5,UNDER,Underdog and PrizePicks,,,50.8%,D,DO NOT BET,46.93,,,OVER,51.9%,57.77,,OVER,52.0%,57.87,,UNDER,53.8%,49.85,,UNDER,53.4%,49.53,,-0.23,0.45,-3.0,2.9,-4.42,0.4,0.8,0.0276,50.0%
644,Scottie Barnes,PR,24.5,OVER,PrizePicks,,,50.6%,D,DO NOT BET,45.95,,,OVER,52.1%,47.5,,OVER,52.0%,47.4,,UNDER,51.0%,57.62,,UNDER,50.9%,57.48,,-0.42,0.4,-3.0,1.9,-3.9,0.4,0.8,0.015,50.0%
645,Scottie Barnes,RA,11.5,OVER,Underdog and PrizePicks,,,50.1%,C,DO NOT BET,45.33,,,OVER,54.3%,49.54,,OVER,54.0%,49.25,,UNDER,54.2%,60.99,,UNDER,53.7%,60.46,,-0.45,0.14,-3.0,0.5,-2.17,0.2,0.4,0.0406,50.0%
