Rank,Player,Stat,Line,Pick,Platform,Goblin/Demon,Multiplier,Confidence,Rank Score,Result,Actual Value,Avg Edge Side,Avg Same Line Market Prob Side,Avg All Books Market Prob Side,Same Line Books,All Books,Edge,Model Alpha,Agreement,Signals,Market Consensus Line,Market Consensus Prob,Best Over Odds,Best Over Book,Best Under Odds,Best Under Book,DFS vs Market,FanDuel line,FanDuel line_delta,FanDuel over_no_vig_prob,FanDuel under_no_vig_prob,FanDuel edge,DraftKings line,DraftKings line_delta,DraftKings over_no_vig_prob,DraftKings under_no_vig_prob,DraftKings edge,BetRivers line,BetRivers line_delta,BetRivers over_no_vig_prob,BetRivers under_no_vig_prob,BetRivers edge,BetOnline line,BetOnline line_delta,BetOnline over_no_vig_prob,BetOnline under_no_vig_prob,BetOnline edge,Bovada line,Bovada line_delta,Bovada over_no_vig_prob,Bovada under_no_vig_prob,Bovada edge,BetMGM line,BetMGM line_delta,BetMGM over_no_vig_prob,BetMGM under_no_vig_prob,BetMGM edge,z_line,z_recent,z_matchup,line_diff,momentum,last10,last5,probability_std,Agreement ratio
1,Dyson Daniels,PA,30.5,UNDER,Underdog,,,78.5%,95.44,,,0.4133,,0.9533,0,4,0.4133,-0.1685,1.0,-14.6814,18.5,50.8%,-105,BetMGM,-102,DraftKings,FAVORABLE,18.5,-12.0,4.7%,95.3%,0.2449,17.5,-13.0,4.5%,95.5%,0.2449,,,,,,,,,,,18.5,-12.0,4.7%,95.3%,0.2449,18.5,-12.0,4.7%,95.3%,0.2449,-1.28,-1.34,-2.58,-13.5,0.63,1.8,1.6,0.0041,100.0%
2,LaMelo Ball,PTS,14.5,OVER,PrizePicks,Goblin,,80.9%,81.39,,,0.2676,,0.8076,0,6,0.2676,0.001,1.0,-5.5828,20.0,48.5%,185,Bovada,120,BetRivers,FAVORABLE,20.5,6.0,80.7%,19.3%,0.2687,19.5,5.0,79.8%,20.2%,0.2687,18.5,4.0,79.5%,20.5%,0.2687,20.5,6.0,81.7%,18.3%,0.2687,23.5,9.0,83.2%,16.8%,0.2687,19.5,5.0,79.7%,20.3%,0.2687,-1.19,-2.2,-0.78,-9.7,4.49,1.8,2.0,0.0074,100.0%
3,Tyrese Maxey,3PM,1.5,OVER,PrizePicks,Goblin,,74.9%,71.38,,,0.244,,0.784,0,6,0.244,-0.0352,1.0,-1.7402,2.5,51.9%,160,Bovada,114,DraftKings,FAVORABLE,2.5,1.0,77.4%,22.6%,0.2088,2.5,1.0,78.5%,21.4%,0.2088,2.5,1.0,78.3%,21.7%,0.2088,2.5,1.0,77.6%,22.4%,0.2088,3.5,2.0,82.0%,18.0%,0.2088,2.5,1.0,76.5%,23.5%,0.2088,-1.55,-1.46,-0.92,-1.7,-0.11,2.0,2.0,0.0077,100.0%
4,Mikal Bridges,3PM,0.5,OVER,PrizePicks,Goblin,,78.0%,69.13,,,0.1987,,0.7387,0,1,0.1987,0.0408,1.0,-1.4262,1.5,46.3%,102,FanDuel,-135,FanDuel,FAVORABLE,1.5,1.0,73.9%,26.1%,0.2395,,,,,,,,,,,,,,,,,,,,,,,,,,-1.5,-1.74,-0.51,-1.7,0.23,1.8,2.0,0.0039,100.0%
5,Joel Embiid,3PM,0.5,OVER,PrizePicks,Goblin,,74.2%,66.6,,,0.2164,,0.7564,0,6,0.2164,-0.0149,1.0,-0.9874,1.5,40.6%,134,BetOnline.ag,-169,Bovada,FAVORABLE,1.5,1.0,75.3%,24.7%,0.2015,1.5,1.0,75.8%,24.2%,0.2015,1.5,1.0,76.0%,24.0%,0.2015,1.5,1.0,75.3%,24.7%,0.2015,1.5,1.0,75.8%,24.1%,0.2015,1.5,1.0,75.6%,24.4%,0.2015,-0.71,-1.46,-2.0,-1.7,0.88,2.0,2.0,0.0074,100.0%
6,Stephon Castle,3PM,0.5,OVER,PrizePicks,Goblin,,71.2%,63.35,,,0.217,,0.757,0,6,0.217,-0.0446,1.0,0.3216,1.5,37.5%,165,BetMGM,-189,FanDuel,FAVORABLE,1.5,1.0,76.4%,23.6%,0.1724,1.5,1.0,76.4%,23.6%,0.1724,1.5,1.0,75.4%,24.6%,0.1724,1.5,1.0,75.5%,24.4%,0.1724,1.5,1.0,76.5%,23.5%,0.1724,1.5,1.0,73.9%,26.1%,0.1724,-0.97,-0.79,-0.5,-0.5,-0.11,1.6,1.6,0.004,100.0%
7,Karl-Anthony Towns,3PM,0.5,OVER,PrizePicks,Goblin,,69.8%,62.63,,,0.2302,,0.7702,0,1,0.2302,-0.0718,1.0,-0.9675,1.5,43.7%,114,FanDuel,-152,FanDuel,FAVORABLE,1.5,1.0,77.0%,23.0%,0.1584,,,,,,,,,,,,,,,,,,,,,,,,,,-2.14,-1.84,0.27,-0.9,-0.15,1.8,2.0,0.0077,100.0%
8,Naz Reid,3PM,2.5,UNDER,Underdog,,0.76x,81.4%,62.39,,,0.1408,0.6595,0.6809,1,6,0.1195,0.1542,1.0,-0.0067,1.5,45.1%,175,Bovada,132,DraftKings,FAVORABLE,1.5,-1.0,30.8%,69.2%,0.2737,1.5,-1.0,32.0%,68.0%,0.2737,1.5,-1.0,31.4%,68.7%,0.2737,1.5,-1.0,31.5%,68.5%,0.2737,2.5,0.0,34.1%,66.0%,0.2737,1.5,-1.0,31.8%,68.2%,0.2737,-0.54,-2.37,-0.75,-1.5,1.16,2.0,2.0,0.0179,100.0%
9,De'Aaron Fox,STL,1.5,UNDER,Underdog,,0.76x,79.7%,57.88,,,0.1104,0.6504,0.6504,3,3,0.1104,0.1462,1.0,-2.0333,1.5,65.0%,170,DraftKings,-222,FanDuel,NEUTRAL,1.5,0.0,35.6%,64.4%,0.2566,1.5,0.0,34.6%,65.4%,0.2566,,,,,,,,,,,1.5,0.0,34.6%,65.4%,0.2566,,,,,,-0.77,-1.75,-3.0,-0.7,0.39,1.8,2.0,0.008,100.0%
10,De'Aaron Fox,REB,2.5,OVER,PrizePicks,Goblin,,75.5%,57.4,,,0.1388,,0.6789,0,6,0.1389,0.0766,1.0,-0.2532,3.5,46.4%,110,Bovada,-115,BetMGM,FAVORABLE,3.5,1.0,67.4%,32.6%,0.2154,3.5,1.0,66.9%,33.1%,0.2154,3.5,1.0,67.6%,32.4%,0.2154,3.5,1.0,68.1%,31.9%,0.2154,3.5,1.0,66.3%,33.7%,0.2154,3.5,1.0,71.1%,28.9%,0.2154,-0.8,-1.06,-0.71,-1.7,0.42,1.6,2.0,0.0023,100.0%
11,Jalen Green,STL,1.5,UNDER,Underdog,,0.70x,78.0%,57.19,,,0.1178,0.6578,0.6578,3,3,0.1178,0.1221,1.0,-0.7261,1.5,65.8%,178,FanDuel,-233,DraftKings,NEUTRAL,1.5,0.0,33.7%,66.3%,0.2399,1.5,0.0,34.4%,65.6%,0.2399,,,,,,,,,,,1.5,0.0,34.6%,65.4%,0.2399,,,,,,-0.52,-1.12,-1.86,-0.9,0.48,1.6,1.6,0.0123,100.0%
12,Donte DiVincenzo,STL,0.5,OVER,PrizePicks,Goblin,,70.2%,57.08,,,0.1937,,0.7337,0,3,0.1937,-0.0319,1.0,-1.9466,1.5,38.1%,148,FanDuel,-189,Bovada,FAVORABLE,1.5,1.0,73.0%,27.0%,0.1618,1.5,1.0,73.5%,26.5%,0.1618,,,,,,,,,,,1.5,1.0,73.6%,26.4%,0.1618,,,,,,-2.14,-1.75,-1.0,-0.7,-0.16,1.8,2.0,0.0102,100.0%
13,LaMelo Ball,REB,3.5,OVER,PrizePicks,Goblin,,71.3%,56.01,,,0.173,,0.713,0,6,0.173,0.0003,1.0,-1.3429,4.5,51.4%,140,Bovada,115,BetMGM,FAVORABLE,4.5,1.0,70.7%,29.3%,0.1733,4.5,1.0,70.6%,29.4%,0.1733,4.5,1.0,68.9%,31.1%,0.1733,4.5,1.0,71.0%,29.0%,0.1733,5.5,2.0,73.4%,26.6%,0.1733,4.5,1.0,73.2%,26.9%,0.1733,-1.15,-1.46,-0.59,-1.7,0.36,1.6,1.6,0.0049,100.0%
14,Tobias Harris,3PM,0.5,OVER,PrizePicks,Goblin,,69.3%,55.49,,,0.1884,,0.7284,0,6,0.1884,-0.0354,1.0,-1.4294,1.5,37.8%,152,BetOnline.ag,-189,BetMGM,FAVORABLE,1.5,1.0,72.9%,27.1%,0.1531,1.5,1.0,72.8%,27.2%,0.1531,1.5,1.0,72.5%,27.5%,0.1531,1.5,1.0,72.4%,27.6%,0.1531,1.5,1.0,72.6%,27.4%,0.1531,1.5,1.0,73.8%,26.2%,0.1531,-1.03,-0.94,-1.5,-0.7,-0.07,1.2,1.6,0.0036,100.0%
15,Stephon Castle,RA,9.5,OVER,PrizePicks,Goblin,,67.2%,55.28,,,0.2155,,0.7555,0,4,0.2155,-0.0833,1.0,-2.9689,12.0,49.5%,110,FanDuel,103,DraftKings,FAVORABLE,12.5,3.0,76.3%,23.7%,0.1322,11.5,2.0,74.5%,25.5%,0.1322,,,,,,,,,,,12.5,3.0,77.1%,22.9%,0.1322,11.5,2.0,74.2%,25.8%,0.1322,-1.49,-2.52,-0.1,-4.5,1.84,1.8,2.0,0.0273,100.0%
16,Karl-Anthony Towns,AST,1.5,OVER,PrizePicks,Goblin,,69.8%,53.17,,,0.1679,,0.7079,0,1,0.1679,-0.0094,1.0,-0.9642,2.5,44.4%,110,FanDuel,-147,FanDuel,FAVORABLE,2.5,1.0,70.8%,29.2%,0.1585,,,,,,,,,,,,,,,,,,,,,,,,,,-1.77,-0.4,-0.27,-0.3,-1.03,1.6,1.2,0.0129,100.0%
17,Jalen Johnson,STL,0.5,OVER,PrizePicks,Goblin,,68.4%,52.38,,,0.1742,,0.7142,0,1,0.1742,-0.0302,1.0,-0.6356,1.5,35.6%,162,FanDuel,-222,FanDuel,FAVORABLE,1.5,1.0,71.4%,28.6%,0.144,,,,,,,,,,,,,,,,,,,,,,,,,,-1.25,-0.79,-1.0,-0.5,-0.29,1.6,1.6,0.0075,100.0%
18,LaMelo Ball,STL,0.5,OVER,PrizePicks,Goblin,,65.7%,51.84,,,0.1976,,0.7376,0,2,0.1976,-0.0803,1.0,-1.0156,1.5,38.7%,148,FanDuel,-182,DraftKings,FAVORABLE,1.5,1.0,73.0%,27.0%,0.1173,1.5,1.0,74.5%,25.5%,0.1173,,,,,,,,,,,,,,,,,,,,,-0.61,-1.11,-1.79,-1.3,0.59,1.6,1.6,0.0129,100.0%
19,Julius Randle,3PM,0.5,OVER,PrizePicks,Goblin,,65.1%,51.76,,,0.1991,,0.7391,0,6,0.1991,-0.0879,1.0,-0.0012,1.5,38.2%,160,Bovada,-179,BetRivers,FAVORABLE,1.5,1.0,73.6%,26.4%,0.1111,1.5,1.0,73.4%,26.6%,0.1111,1.5,1.0,76.0%,24.0%,0.1111,1.5,1.0,73.2%,26.8%,0.1111,1.5,1.0,72.2%,27.9%,0.1111,1.5,1.0,75.1%,24.9%,0.1111,-1.14,-0.4,0.0,-0.3,-0.56,1.2,1.2,0.0104,100.0%
20,Julius Randle,STL,0.5,OVER,PrizePicks,Goblin,,65.7%,51.45,,,0.1789,,0.7189,0,3,0.1789,-0.0616,1.0,3.4753,1.5,36.2%,162,FanDuel,-208,Bovada,FAVORABLE,1.5,1.0,71.4%,28.6%,0.1172,1.5,1.0,72.0%,28.1%,0.1172,,,,,,,,,,,1.5,1.0,72.3%,27.7%,0.1172,,,,,,-0.62,-1.86,3.0,-1.9,1.26,1.6,2.0,0.0053,100.0%
21,Jalen Brunson,AST,5.5,OVER,PrizePicks,Goblin,,67.6%,50.88,,,0.1703,,0.7103,0,1,0.1703,-0.0346,1.0,0.1184,7.5,45.7%,104,FanDuel,-139,FanDuel,FAVORABLE,7.5,2.0,71.0%,29.0%,0.1357,,,,,,,,,,,,,,,,,,,,,,,,,,-0.41,-0.92,-0.76,-2.7,1.51,1.8,1.6,0.0127,100.0%
22,Stephon Castle,STL,1.5,UNDER,Underdog,,0.81x,76.9%,50.46,,,0.0896,0.6296,0.6296,3,3,0.0896,0.139,1.0,-2.944,1.5,63.0%,155,DraftKings,-200,FanDuel,NEUTRAL,1.5,0.0,37.7%,62.3%,0.2286,1.5,0.0,36.7%,63.3%,0.2286,,,,,,,,,,,1.5,0.0,36.7%,63.3%,0.2286,,,,,,-0.41,-0.94,-4.5,-0.7,0.4,1.6,1.6,0.0042,100.0%
23,Naz Reid,BLK,1.5,UNDER,Underdog,,0.76x,74.6%,49.88,,,0.1037,0.6437,0.6437,1,1,0.1037,0.1018,1.0,-1.1949,1.5,64.4%,162,FanDuel,-222,FanDuel,NEUTRAL,1.5,0.0,35.6%,64.4%,0.2055,,,,,,,,,,,,,,,,,,,,,,,,,,-0.37,0.07,-3.0,0.1,-0.6,1.4,1.2,0.018,100.0%
24,Jalen Williams,AST,3.5,OVER,PrizePicks,Goblin,,69.9%,47.57,,,0.1397,,0.6797,0,1,0.1397,0.0193,1.0,-3.8097,4.5,51.9%,-125,FanDuel,-106,FanDuel,FAVORABLE,4.5,1.0,68.0%,32.0%,0.159,,,,,,,,,,,,,,,,,,,,,,,,,,-0.81,-0.46,-3.0,-1.1,-0.85,1.2,1.2,0.0133,100.0%
25,Naz Reid,TOV,2.5,UNDER,Underdog,,0.82x,83.5%,46.73,,,0.0,,,0,0,,0.2945,1.0,-2.0412,,,,,,,,,,,,,,,,,,,,,,,,,,,,,,,,,,,,,,-0.62,-0.35,-3.0,-0.5,-0.37,1.6,1.2,0.0034,100.0%
26,Stephon Castle,STL,0.5,OVER,PrizePicks,Goblin,,60.3%,45.35,,,0.1854,,0.7254,0,3,0.1854,-0.1226,1.0,4.4714,1.5,37.0%,155,DraftKings,-200,FanDuel,FAVORABLE,1.5,1.0,73.0%,27.0%,0.0628,1.5,1.0,72.3%,27.7%,0.0628,,,,,,,,,,,1.5,1.0,72.3%,27.7%,0.0628,,,,,,-0.93,-0.4,4.5,-0.3,-0.4,0.8,1.2,0.0032,100.0%
27,Brandon Miller,AST,2.5,OVER,PrizePicks,Goblin,,68.0%,45.27,,,0.1272,,0.6672,0,6,0.1272,0.0123,1.0,1.5165,3.5,46.5%,105,Bovada,-125,BetMGM,FAVORABLE,3.5,1.0,66.0%,34.0%,0.1395,3.5,1.0,66.6%,33.4%,0.1395,3.5,1.0,66.2%,33.8%,0.1395,3.5,1.0,67.1%,32.9%,0.1395,3.5,1.0,66.2%,33.8%,0.1395,3.5,1.0,68.1%,31.9%,0.1395,-0.45,-0.85,0.41,-1.9,0.9,1.8,1.6,0.0278,100.0%
28,Kon Knueppel,AST,2.5,OVER,PrizePicks,Goblin,,71.1%,44.88,,,0.095,,0.635,0,6,0.095,0.0764,1.0,0.6329,3.5,43.7%,120,BetMGM,-145,BetOnline.ag,FAVORABLE,3.5,1.0,63.1%,36.9%,0.1714,3.5,1.0,64.1%,35.9%,0.1714,3.5,1.0,63.0%,37.0%,0.1714,3.5,1.0,64.1%,35.9%,0.1714,3.5,1.0,64.4%,35.6%,0.1714,3.5,1.0,62.3%,37.7%,0.1714,-0.47,-0.92,-0.2,-1.9,0.93,1.6,1.6,0.0115,100.0%
29,Donte DiVincenzo,3PM,3.5,UNDER,Underdog,,0.79x,77.0%,44.82,,,0.062,0.5829,0.602,4,6,0.0429,0.187,1.0,-0.2059,3.5,52.1%,132,BetOnline.ag,140,FanDuel,NEUTRAL,2.5,-1.0,36.3%,63.7%,0.23,3.5,0.0,42.2%,57.8%,0.23,2.5,-1.0,35.7%,64.3%,0.23,3.5,0.0,40.5%,59.5%,0.23,3.5,0.0,42.4%,57.6%,0.23,3.5,0.0,41.7%,58.3%,0.23,-0.32,-0.55,-2.0,-0.9,0.37,1.6,1.6,0.0126,100.0%
30,Victor Wembanyama,STL,1.5,UNDER,Underdog,,0.82x,76.6%,44.77,,,0.0443,0.5843,0.5843,3,3,0.0443,0.1822,1.0,0.8846,1.5,58.4%,126,FanDuel,-164,Bovada,NEUTRAL,1.5,0.0,41.4%,58.6%,0.2264,1.5,0.0,41.6%,58.4%,0.2264,,,,,,,,,,,1.5,0.0,41.7%,58.3%,0.2264,,,,,,-0.33,-0.07,-0.66,-0.1,-0.35,1.2,1.2,0.0245,100.0%
31,Victor Wembanyama,STL,0.5,OVER,PrizePicks,Goblin,,58.0%,44.65,,,0.2188,,0.7588,0,3,0.2188,-0.1792,1.0,1.0455,1.5,41.6%,126,FanDuel,-164,Bovada,FAVORABLE,1.5,1.0,75.8%,24.2%,0.0395,1.5,1.0,75.9%,24.1%,0.0395,,,,,,,,,,,1.5,1.0,76.0%,24.0%,0.0395,,,,,,-0.41,-0.66,-0.13,-0.9,0.35,1.6,1.2,0.0327,100.0%
32,De'Aaron Fox,STL,0.5,OVER,PrizePicks,Goblin,,62.2%,44.33,,,0.1688,,0.7088,0,3,0.1688,-0.0873,1.0,3.0333,1.5,35.0%,170,DraftKings,-222,FanDuel,FAVORABLE,1.5,1.0,71.4%,28.6%,0.0815,1.5,1.0,70.6%,29.4%,0.0815,,,,,,,,,,,1.5,1.0,70.6%,29.4%,0.0815,,,,,,-1.73,-0.75,3.0,-0.3,-0.39,1.6,1.6,0.0205,100.0%
33,Brandon Miller,STL,1.5,UNDER,Underdog,,0.71x,81.4%,43.86,,,0.0,,,0,0,,0.2737,1.0,-1.3578,,,,,,,,,,,,,,,,,,,,,,,,,,,,,,,,,,,,,,-0.91,-2.25,-1.15,-1.1,0.65,1.4,2.0,0.0153,100.0%
34,Julius Randle,3PM,1.5,UNDER,Underdog,,0.78x,71.7%,43.52,,,0.0784,0.6184,0.6184,6,6,0.0784,0.0984,1.0,0.9285,1.5,61.8%,160,Bovada,-179,BetRivers,NEUTRAL,1.5,0.0,37.8%,62.2%,0.1768,1.5,0.0,37.5%,62.5%,0.1768,1.5,0.0,40.6%,59.4%,0.1768,1.5,0.0,37.3%,62.7%,0.1768,1.5,0.0,36.1%,63.9%,0.1768,1.5,0.0,39.6%,60.4%,0.1768,-0.19,-0.94,-1.0,-0.7,0.56,1.6,1.6,0.0024,100.0%
35,Jalen Green,STL,0.5,OVER,PrizePicks,Goblin,,62.5%,43.08,,,0.1628,,0.7028,0,3,0.1628,-0.0776,1.0,0.6352,1.5,34.2%,178,FanDuel,-233,DraftKings,FAVORABLE,1.5,1.0,69.8%,30.2%,0.0852,1.5,1.0,70.4%,29.6%,0.0852,,,,,,,,,,,1.5,1.0,70.6%,29.4%,0.0852,,,,,,-0.72,-0.12,0.27,-0.1,-0.48,1.0,0.8,0.0072,100.0%
36,Brandon Miller,3PM,2.5,OVER,PrizePicks,Goblin,,63.2%,42.82,,,0.1591,,0.6991,0,6,0.1591,-0.0666,1.0,-0.8522,3.5,43.3%,120,BetMGM,-143,BetRivers,FAVORABLE,3.5,1.0,69.9%,30.1%,0.0925,3.5,1.0,69.8%,30.2%,0.0925,3.5,1.0,71.6%,28.4%,0.0925,3.5,1.0,69.9%,30.1%,0.0925,3.5,1.0,69.1%,30.9%,0.0925,3.5,1.0,69.1%,30.9%,0.0925,-0.88,-2.27,-0.44,-1.7,1.04,1.4,2.0,0.0065,100.0%
37,Josh Giddey,3PM,1.5,OVER,PrizePicks,Goblin,,63.8%,42.71,,,0.1614,,0.7014,0,1,0.1614,-0.0629,1.0,-3.2281,2.5,43.7%,115,Bovada,-149,Bovada,FAVORABLE,,,,,,,,,,,,,,,,,,,,,2.5,1.0,70.1%,29.9%,0.0985,,,,,,-0.38,-0.08,-4.5,-0.1,-0.36,1.4,0.8,0.011,100.0%
38,LaMelo Ball,STL,1.5,UNDER,Underdog,,0.72x,70.4%,41.85,,,0.0733,0.6134,0.6134,2,2,0.0734,0.0908,1.0,2.6062,1.5,61.3%,148,FanDuel,-182,DraftKings,NEUTRAL,1.5,0.0,37.7%,62.3%,0.1642,1.5,0.0,39.6%,60.4%,0.1642,,,,,,,,,,,,,,,,,,,,,-0.25,0.26,0.89,0.3,-0.59,1.2,0.8,0.0017,100.0%
39,Josh Hart,3PM,0.5,OVER,PrizePicks,Goblin,,71.0%,41.76,,,0.0781,,0.6181,0,1,0.0781,0.0919,1.0,0.1115,1.5,34.1%,174,FanDuel,-238,FanDuel,FAVORABLE,1.5,1.0,61.8%,38.2%,0.17,,,,,,,,,,,,,,,,,,,,,,,,,,-0.58,-0.99,-0.13,-1.7,0.71,1.2,1.6,0.0164,100.0%
40,Donte DiVincenzo,TOV,2.5,UNDER,Underdog,,0.77x,79.2%,41.72,,,0.0,,,0,0,,0.252,1.0,0.5676,,,,,,,,,,,,,,,,,,,,,,,,,,,,,,,,,,,,,,-0.92,-0.46,-0.25,-0.5,-0.51,1.6,1.6,0.0176,100.0%
41,Naz Reid,BLK,0.5,OVER,PrizePicks,Goblin,,58.6%,40.94,,,0.1742,,0.7142,0,1,0.1742,-0.1284,1.0,4.3205,1.5,35.6%,162,FanDuel,-222,FanDuel,FAVORABLE,1.5,1.0,71.4%,28.6%,0.0458,,,,,,,,,,,,,,,,,,,,,,,,,,-0.37,-0.81,3.0,-1.1,0.6,1.4,1.6,0.0144,100.0%
42,Jalen Johnson,STL,1.5,UNDER,Underdog,,0.70x,66.9%,40.9,,,0.1037,0.6437,0.6437,1,1,0.1037,0.0257,1.0,1.4733,1.5,64.4%,162,FanDuel,-222,FanDuel,NEUTRAL,1.5,0.0,35.6%,64.4%,0.1294,,,,,,,,,,,,,,,,,,,,,,,,,,-0.33,-0.79,-0.0,-0.5,0.29,1.2,1.6,0.0041,100.0%
43,Ace Bailey,AST,1.5,OVER,PrizePicks,Goblin,,71.4%,40.52,,,0.0813,0.604,0.6213,2,3,0.064,0.1103,1.0,0.8363,1.5,51.8%,170,Bovada,140,BetMGM,NEUTRAL,,,,,,1.5,0.0,59.7%,40.3%,0.1744,,,,,,,,,,,2.5,1.0,65.6%,34.4%,0.1744,1.5,0.0,61.1%,38.9%,0.1744,-0.26,-1.37,-0.25,-1.5,1.22,1.4,1.6,0.0208,100.0%
44,Donte DiVincenzo,3PA,8.5,UNDER,Underdog,,,77.9%,39.61,,,0.0,,,0,0,,0.2387,1.0,-0.4089,,,,,,,,,,,,,,,,,,,,,,,,,,,,,,,,,,,,,,-0.26,0.04,-2.25,0.1,-0.83,1.6,1.2,0.0079,100.0%
45,Julius Randle,FGA,18.5,UNDER,Underdog and PrizePicks,,1.03x,78.2%,39.51,,,0.0,,,0,0,,0.2424,1.0,-1.1867,,,,,,,,,,,,,,,,,,,,,,,,,,,,,,,,,,,,,,-0.56,-0.3,-0.58,-1.7,-1.44,1.8,1.6,0.0173,100.0%
46,Paul George,3PM,1.5,OVER,PrizePicks,Goblin,,68.8%,39.24,,,0.0404,0.6218,0.5804,1,6,0.0818,0.0662,1.0,-0.4091,2.5,44.1%,142,FanDuel,145,BetRivers,FAVORABLE,2.5,1.0,55.3%,44.7%,0.148,2.5,1.0,58.2%,41.8%,0.148,1.5,0.0,62.2%,37.8%,0.148,2.5,1.0,56.9%,43.1%,0.148,2.5,1.0,58.5%,41.5%,0.148,2.5,1.0,57.3%,42.7%,0.148,-0.32,-0.62,-0.8,-2.1,1.03,1.2,1.2,0.0055,100.0%
47,Donte DiVincenzo,STL,1.5,UNDER,Underdog,,0.75x,68.7%,39.07,,,0.0786,0.6186,0.6186,3,3,0.0786,0.0686,1.0,2.1466,1.5,61.9%,148,FanDuel,-189,Bovada,NEUTRAL,1.5,0.0,37.7%,62.3%,0.1472,1.5,0.0,38.3%,61.7%,0.1472,,,,,,,,,,,1.5,0.0,38.4%,61.6%,0.1472,,,,,,-0.36,-0.75,-0.0,-0.3,0.16,1.8,1.6,0.0399,100.0%
48,Julius Randle,STL,1.5,UNDER,Underdog,,0.75x,67.0%,38.42,,,0.0978,0.6378,0.6378,3,3,0.0978,0.0326,1.0,-1.4365,1.5,63.8%,162,FanDuel,-208,Bovada,NEUTRAL,1.5,0.0,35.6%,64.4%,0.1305,1.5,0.0,36.3%,63.7%,0.1305,,,,,,,,,,,1.5,0.0,36.7%,63.3%,0.1305,,,,,,-0.36,0.88,-3.0,0.9,-1.26,1.0,0.4,0.016,100.0%
49,Tyrese Maxey,RA,8.5,OVER,PrizePicks,Goblin,,65.2%,38.41,,,0.1171,,0.6571,0,4,0.1171,-0.0053,1.0,-2.2405,10.5,47.0%,115,Bovada,105,DraftKings,FAVORABLE,10.5,2.0,66.2%,33.8%,0.1118,9.5,1.0,65.0%,35.0%,0.1118,,,,,,,,,,,10.5,2.0,65.2%,34.8%,0.1118,10.5,2.0,66.5%,33.5%,0.1118,-0.82,-0.47,-1.07,-1.3,-0.99,1.2,1.2,0.0114,100.0%
50,LaMelo Ball,3PM,4.5,UNDER,Underdog,,0.80x,65.9%,38.17,,,0.1038,0.6388,0.6438,1,6,0.0988,0.0201,1.0,0.67,3.5,48.1%,160,Bovada,118,BetRivers,FAVORABLE,3.5,-1.0,36.7%,63.3%,0.1189,3.5,-1.0,34.3%,65.7%,0.1189,3.5,-1.0,37.7%,62.3%,0.1189,3.5,-1.0,34.8%,65.1%,0.1189,4.5,0.0,36.1%,63.9%,0.1189,3.5,-1.0,34.0%,66.0%,0.1189,-0.58,0.2,-0.51,0.3,-1.15,1.2,1.2,0.0092,100.0%
51,Tobias Harris,REB,4.5,OVER,PrizePicks,Goblin,,66.9%,38.02,,,0.093,,0.633,0,6,0.093,0.0357,1.0,-0.6293,5.5,44.7%,165,Bovada,-122,DraftKings,FAVORABLE,5.5,1.0,62.7%,37.3%,0.1286,5.5,1.0,64.4%,35.6%,0.1286,5.5,1.0,61.8%,38.2%,0.1286,5.5,1.0,62.3%,37.7%,0.1286,6.5,2.0,67.0%,33.0%,0.1286,5.5,1.0,61.5%,38.5%,0.1286,-0.39,-0.97,-1.5,-1.9,1.13,1.4,1.6,0.0087,100.0%
52,Victor Wembanyama,AST,3.5,UNDER,Underdog,,0.83x,70.8%,37.79,,,0.0745,0.6022,0.6145,4,6,0.0622,0.1057,1.0,-2.7971,3.5,54.2%,150,Bovada,124,BetOnline.ag,NEUTRAL,3.5,0.0,40.0%,60.1%,0.1679,2.5,-1.0,36.0%,64.0%,0.1679,3.5,0.0,41.1%,58.9%,0.1679,2.5,-1.0,36.2%,63.8%,0.1679,3.5,0.0,37.5%,62.5%,0.1679,3.5,0.0,40.6%,59.4%,0.1679,-0.32,-0.06,-4.5,-0.1,-0.42,1.4,1.2,0.0096,100.0%
53,Naz Reid,FGA,12.5,UNDER,PrizePicks,,,77.2%,37.79,,,0.0,,,0,0,,0.2319,1.0,-1.5881,,,,,,,,,,,,,,,,,,,,,,,,,,,,,,,,,,,,,,-0.42,-1.1,-1.87,-3.7,2.3,1.6,1.6,0.0194,100.0%
54,Naz Reid,SB,2.5,UNDER,Underdog,,0.79x,76.4%,37.19,,,0.0,,,0,0,,0.2239,1.0,-1.0857,,,,,,,,,,,,,,,,,,,,,,,,,,,,,,,,,,,,,,-0.44,0.08,-3.0,0.1,-0.63,1.6,1.2,0.0083,100.0%
55,Ausar Thompson,AST,3.5,UNDER,Underdog,,0.78x,70.0%,36.94,,,0.0581,0.5956,0.5981,5,6,0.0556,0.1048,1.0,-0.6224,3.5,56.4%,140,Bovada,131,DraftKings,NEUTRAL,3.5,0.0,41.0%,59.0%,0.1604,2.5,-1.0,39.0%,61.1%,0.1604,3.5,0.0,40.6%,59.4%,0.1604,3.5,0.0,40.9%,59.1%,0.1604,3.5,0.0,39.1%,60.9%,0.1604,3.5,0.0,40.6%,59.4%,0.1604,-0.35,-0.3,-2.0,-0.5,-0.08,1.4,1.2,0.0062,100.0%
56,Julius Randle,3PA,4.5,UNDER,Underdog,,0.88x,75.8%,36.5,,,0.0,,,0,0,,0.2185,1.0,-1.074,,,,,,,,,,,,,,,,,,,,,,,,,,,,,,,,,,,,,,-0.1,-1.46,-3.0,-1.7,1.58,1.6,2.0,0.0059,100.0%
57,Stephon Castle,3PM,1.5,UNDER,Underdog,,0.71x,65.6%,35.83,,,0.0849,0.6249,0.6249,6,6,0.0849,0.0313,1.0,0.9148,1.5,62.5%,165,BetMGM,-189,FanDuel,NEUTRAL,1.5,0.0,38.4%,61.7%,0.1163,1.5,0.0,38.4%,61.6%,0.1163,1.5,0.0,37.2%,62.8%,0.1163,1.5,0.0,37.3%,62.7%,0.1163,1.5,0.0,38.4%,61.6%,0.1163,1.5,0.0,35.4%,64.6%,0.1163,-0.61,-0.79,-0.1,-0.5,0.11,1.2,1.6,0.01,100.0%
58,Dyson Daniels,REB,7.5,UNDER,Underdog,,0.87x,69.3%,35.71,,,0.0789,0.5875,0.6189,2,6,0.0474,0.1061,1.0,1.505,6.5,51.8%,140,Bovada,100,BetRivers,FAVORABLE,6.5,-1.0,35.4%,64.6%,0.1535,6.5,-1.0,36.6%,63.4%,0.1535,6.5,-1.0,38.2%,61.8%,0.1535,6.5,-1.0,35.9%,64.1%,0.1535,7.5,0.0,39.1%,60.9%,0.1535,7.5,0.0,43.4%,56.6%,0.1535,-0.24,-0.21,-0.25,-0.7,-0.1,1.4,1.6,0.0102,100.0%
59,OG Anunoby,3PM,1.5,OVER,PrizePicks,Goblin,,66.7%,35.35,,,0.0742,0.6142,0.6142,1,1,0.0742,0.0529,1.0,0.1457,1.5,61.4%,-192,FanDuel,142,FanDuel,NEUTRAL,1.5,0.0,61.4%,38.6%,0.1271,,,,,,,,,,,,,,,,,,,,,,,,,,-0.41,-0.93,-0.37,-1.7,0.95,1.4,1.2,0.0099,100.0%
60,Victor Wembanyama,3PM,2.5,UNDER,Underdog,,0.85x,71.5%,34.97,,,0.0261,0.5661,0.5661,6,6,0.0261,0.1492,1.0,0.2198,2.5,56.6%,126,FanDuel,-143,DraftKings,NEUTRAL,2.5,0.0,41.8%,58.2%,0.1753,2.5,0.0,45.0%,55.0%,0.1753,2.5,0.0,44.3%,55.7%,0.1753,2.5,0.0,42.3%,57.7%,0.1753,2.5,0.0,44.6%,55.4%,0.1753,2.5,0.0,42.4%,57.6%,0.1753,-1.16,-2.25,0.8,-1.1,0.53,1.4,2.0,0.0077,100.0%
61,Victor Wembanyama,3PM,1.5,OVER,PrizePicks,Goblin,,58.9%,34.28,,,0.1402,,0.6802,0,6,0.1402,-0.0912,1.0,-0.2326,2.5,43.4%,126,FanDuel,-143,DraftKings,FAVORABLE,2.5,1.0,66.5%,33.5%,0.049,2.5,1.0,69.5%,30.6%,0.049,2.5,1.0,68.8%,31.2%,0.049,2.5,1.0,67.1%,32.9%,0.049,2.5,1.0,69.1%,30.9%,0.049,2.5,1.0,67.1%,32.9%,0.049,-0.88,0.2,-1.33,0.1,-0.53,1.4,0.8,0.0038,100.0%
62,Tobias Harris,TOV,0.5,OVER,PrizePicks,Goblin,,74.3%,34.24,,,0.0,,,0,0,,0.2031,1.0,-1.0,,,,,,,,,,,,,,,,,,,,,,,,,,,,,,,,,,,,,,-1.25,-0.75,-1.5,-0.3,-0.2,1.4,1.6,0.0118,100.0%
63,Naz Reid,PA,17.5,UNDER,PrizePicks,,,73.9%,33.83,,,0.0,,,0,0,,0.1985,1.0,-0.9104,,,,,,,,,,,,,,,,,,,,,,,,,,,,,,,,,,,,,,-0.4,-1.22,-1.57,-4.7,3.17,1.8,2.0,0.0045,100.0%
64,Donte DiVincenzo,FGA,11.5,UNDER,PrizePicks,,,74.3%,33.53,,,0.0,,,0,0,,0.2026,1.0,-2.0262,,,,,,,,,,,,,,,,,,,,,,,,,,,,,,,,,,,,,,-0.36,-0.13,-3.0,-0.5,-0.84,1.6,1.2,0.0167,100.0%
65,Donte DiVincenzo,AST,2.5,OVER,PrizePicks,Goblin,,60.5%,33.3,,,0.1356,,0.6756,0,5,0.1356,-0.0709,1.0,-4.2553,3.5,48.6%,100,Bovada,-108,FanDuel,FAVORABLE,3.5,1.0,69.7%,30.3%,0.0647,3.5,1.0,66.4%,33.6%,0.0647,3.5,1.0,68.2%,31.8%,0.0647,3.5,1.0,67.4%,32.6%,0.0647,3.5,1.0,66.0%,34.0%,0.0647,,,,,,-0.78,-0.36,-3.0,-0.7,-0.81,0.6,0.8,0.0229,100.0%
66,Julius Randle,FGM,8.5,UNDER,PrizePicks,,,73.0%,33.25,,,0.0,,,0,0,,0.1902,1.0,0.3412,,,,,,,,,,,,,,,,,,,,,,,,,,,,,,,,,,,,,,-0.4,-0.38,-0.33,-1.1,-0.04,1.4,1.2,0.006,100.0%
67,Shai Gilgeous-Alexander,AST,5.5,OVER,PrizePicks,Goblin,,62.8%,33.17,,,0.0981,,0.6381,0,1,0.0981,-0.01,1.0,-0.2552,6.5,46.3%,102,FanDuel,-135,FanDuel,FAVORABLE,6.5,1.0,63.8%,36.2%,0.0881,,,,,,,,,,,,,,,,,,,,,,,,,,-0.93,-0.6,-0.05,-0.7,-0.38,1.2,1.2,0.0142,100.0%
68,Naz Reid,PRA,25.5,UNDER,PrizePicks,,,78.2%,32.63,,,0.0106,0.5,0.5506,1,3,-0.04,0.2824,1.0,-3.6311,24.5,49.9%,-110,BetOnline.ag,-110,BetMGM,FAVORABLE,,,,,,25.5,0.0,50.0%,50.0%,0.2424,,,,,,24.5,-1.0,44.0%,56.0%,0.2424,,,,,,23.5,-2.0,40.8%,59.2%,0.2424,-0.57,-1.17,-2.06,-6.7,3.47,1.8,1.6,0.0035,100.0%
69,Jalen Duren,FGM,8.5,UNDER,PrizePicks,,,73.1%,32.53,,,0.0,,,0,0,,0.1907,1.0,-1.3434,,,,,,,,,,,,,,,,,,,,,,,,,,,,,,,,,,,,,,-0.6,-0.17,-1.12,-0.3,-0.74,0.8,0.8,0.0036,100.0%
70,Myles Turner,BLK,0.5,OVER,PrizePicks,Goblin,,62.0%,32.4,,,0.1006,0.6406,0.6406,2,2,0.1006,-0.0206,1.0,-0.4378,0.5,64.1%,-208,FanDuel,165,BetMGM,NEUTRAL,0.5,0.0,63.2%,36.8%,0.08,,,,,,,,,,,,,,,,,,,,,0.5,0.0,65.0%,35.0%,0.08,-1.36,-0.4,-0.27,-0.3,-0.72,1.4,1.2,0.0113,100.0%
71,De'Aaron Fox,FGM,5.5,OVER,PrizePicks,,,73.0%,32.21,,,0.0,,,0,0,,0.1896,1.0,-1.4353,,,,,,,,,,,,,,,,,,,,,,,,,,,,,,,,,,,,,,-1.49,-0.46,-0.67,-0.5,-1.13,1.6,1.2,0.0088,100.0%
72,Jalen Brunson,3PM,1.5,OVER,PrizePicks,Goblin,,64.7%,32.08,,,0.0722,0.6122,0.6122,1,1,0.0722,0.0352,1.0,0.3372,1.5,61.2%,-192,FanDuel,140,FanDuel,NEUTRAL,1.5,0.0,61.2%,38.8%,0.1074,,,,,,,,,,,,,,,,,,,,,,,,,,-1.47,0.12,0.46,0.1,-1.28,1.2,1.2,0.0223,100.0%
73,Naz Reid,FGM,5.5,UNDER,PrizePicks,,,72.6%,31.82,,,0.0,,,0,0,,0.186,1.0,-1.2176,,,,,,,,,,,,,,,,,,,,,,,,,,,,,,,,,,,,,,-0.22,-1.27,-3.0,-1.9,1.57,1.6,2.0,0.0086,100.0%
74,Julius Randle,PTS,24.5,UNDER,Underdog and PrizePicks,,,75.7%,30.89,,,-0.0257,0.5053,0.5143,3,6,-0.0347,0.2513,1.0,-1.4789,24.5,54.0%,200,Bovada,-105,BetMGM,NEUTRAL,24.5,0.0,49.6%,50.4%,0.2166,24.5,0.0,49.6%,50.4%,0.2166,25.5,1.0,49.3%,50.7%,0.2166,24.5,0.0,49.2%,50.8%,0.2166,28.5,4.0,52.0%,48.0%,0.2166,22.5,-2.0,41.7%,58.3%,0.2166,-0.46,-0.47,-0.33,-3.5,0.08,1.6,1.6,0.004,100.0%
75,Coby White,3PM,1.5,OVER,Underdog and PrizePicks,Goblin,0.76x,64.5%,30.6,,,0.0524,0.6024,0.5924,4,6,0.0624,0.0423,1.0,0.2536,1.5,52.2%,175,Bovada,142,FanDuel,NEUTRAL,1.5,0.0,61.4%,38.6%,0.1047,1.5,0.0,59.0%,41.0%,0.1047,1.5,0.0,60.6%,39.4%,0.1047,1.5,0.0,60.0%,40.1%,0.1047,2.5,1.0,55.2%,44.8%,0.1047,2.5,1.0,59.3%,40.7%,0.1047,-0.43,-0.83,0.0,-1.7,0.82,1.2,1.2,0.0055,100.0%
76,Myles Turner,RA,4.5,OVER,PrizePicks,Goblin,,55.4%,30.59,,,0.1561,,0.6961,0,1,0.1561,-0.1426,1.0,-1.723,6.5,44.3%,110,BetMGM,-149,BetMGM,FAVORABLE,,,,,,,,,,,,,,,,,,,,,,,,,,6.5,2.0,69.6%,30.4%,0.0135,-0.77,0.17,0.1,0.5,-2.73,0.6,0.4,0.0179,100.0%
77,Tobias Harris,3PM,1.5,UNDER,Underdog,,0.74x,61.4%,30.43,,,0.0822,0.6222,0.6222,6,6,0.0822,-0.0085,1.0,2.9568,1.5,62.2%,152,BetOnline.ag,-189,BetMGM,NEUTRAL,1.5,0.0,37.8%,62.2%,0.0738,1.5,0.0,37.8%,62.3%,0.0738,1.5,0.0,37.4%,62.6%,0.0738,1.5,0.0,37.3%,62.7%,0.0738,1.5,0.0,37.5%,62.5%,0.0738,1.5,0.0,38.9%,61.1%,0.0738,-0.31,-0.4,1.5,-0.3,0.07,1.2,1.2,0.0122,100.0%
78,Josh Giddey,FGA,15.5,UNDER,PrizePicks,,,73.1%,29.65,,,0.0,,,0,0,,0.1911,1.0,-6.6769,,,,,,,,,,,,,,,,,,,,,,,,,,,,,,,,,,,,,,-1.66,-2.58,-3.84,-3.1,1.11,1.4,2.0,0.0145,100.0%
79,Rudy Gobert,AST,0.5,OVER,PrizePicks,Goblin,,70.2%,29.52,,,0.0,,,0,0,,0.1616,1.0,1.2,,,,,,,,,,,,,,,,,,,,,,,,,,,,,,,,,,,,,,-3.04,-0.75,3.0,-0.3,-0.91,1.6,1.6,0.012,100.0%
80,Jalen Williams,REB,3.5,OVER,PrizePicks,Goblin,,59.5%,29.18,,,0.1105,,0.6505,0,1,0.1105,-0.0552,1.0,-3.2002,4.5,44.2%,112,FanDuel,-147,FanDuel,FAVORABLE,4.5,1.0,65.0%,34.9%,0.0553,,,,,,,,,,,,,,,,,,,,,,,,,,-1.02,-0.46,-3.0,-0.5,-0.62,1.2,1.2,0.0052,100.0%
81,VJ Edgecombe,REB,4.5,OVER,PrizePicks,Goblin,,64.2%,29.1,,,0.0652,,0.6052,0,6,0.0652,0.0365,1.0,-2.3219,5.5,42.4%,200,Bovada,-135,BetMGM,FAVORABLE,5.5,1.0,60.1%,40.0%,0.1017,5.5,1.0,59.9%,40.1%,0.1017,5.5,1.0,59.0%,41.0%,0.1017,5.5,1.0,60.3%,39.7%,0.1017,6.5,2.0,61.7%,38.3%,0.1017,5.5,1.0,62.1%,37.9%,0.1017,-0.36,-0.76,-3.0,-2.5,1.3,1.4,1.6,0.0141,100.0%
82,Kon Knueppel,3PA,8.5,UNDER,Underdog and PrizePicks,,,70.8%,29.05,,,0.0,,,0,0,,0.1683,1.0,-1.9392,,,,,,,,,,,,,,,,,,,,,,,,,,,,,,,,,,,,,,-0.3,-0.55,-3.0,-0.9,0.41,1.2,1.2,0.0057,100.0%
83,VJ Edgecombe,STL,0.5,OVER,PrizePicks,Goblin,,70.4%,28.99,,,0.0,,,0,0,,0.1644,1.0,-0.9262,,,,,,,,,,,,,,,,,,,,,,,,,,,,,,,,,,,,,,-1.46,-0.79,-0.75,-0.5,-0.42,1.4,1.6,0.0068,100.0%
84,Brandon Miller,3PM,3.5,UNDER,Underdog,,0.88x,66.6%,28.93,,,0.0269,0.5669,0.5669,6,6,0.0269,0.0991,1.0,1.8301,3.5,56.7%,120,BetMGM,-143,BetRivers,NEUTRAL,3.5,0.0,43.3%,56.7%,0.126,3.5,0.0,43.2%,56.8%,0.126,3.5,0.0,45.2%,54.8%,0.126,3.5,0.0,43.3%,56.7%,0.126,3.5,0.0,42.4%,57.6%,0.126,3.5,0.0,42.4%,57.6%,0.126,-0.45,0.94,0.09,0.7,-1.04,1.2,0.4,0.0104,100.0%
85,CJ McCollum,3PM,1.5,OVER,PrizePicks,Goblin,,70.4%,28.91,,,0.0,,,0,0,,0.1639,1.0,-1.1186,,,,,,,,,,,,,,,,,,,,,,,,,,,,,,,,,,,,,,-0.76,-0.98,-1.17,-1.3,0.29,1.2,1.6,0.0034,100.0%
86,Coby White,REB,2.5,OVER,Underdog and PrizePicks,Goblin,0.86x,71.0%,28.63,,,-0.0053,0.5338,0.5347,5,6,-0.0062,0.176,1.0,-1.229,2.5,50.4%,165,Bovada,104,BetRivers,NEUTRAL,2.5,0.0,52.4%,47.6%,0.1698,2.5,0.0,53.6%,46.4%,0.1698,2.5,0.0,54.4%,45.6%,0.1698,2.5,0.0,53.0%,46.9%,0.1698,3.5,1.0,53.9%,46.1%,0.1698,2.5,0.0,53.5%,46.5%,0.1698,-0.55,-0.97,-2.04,-1.9,0.83,1.4,2.0,0.0084,100.0%
87,Naz Reid,PR,22.5,UNDER,PrizePicks,,,75.8%,28.23,,,-0.0555,0.4893,0.4845,2,3,-0.0507,0.2685,1.0,-2.3831,22.5,50.3%,100,Bovada,-105,DraftKings,NEUTRAL,22.5,0.0,50.0%,50.0%,0.2178,22.5,0.0,52.1%,47.9%,0.2178,,,,,,,,,,,23.5,1.0,52.5%,47.5%,0.2178,,,,,,-0.44,-1.0,-1.81,-5.7,3.17,1.8,1.6,0.0026,100.0%
88,DeMar DeRozan,SB,0.5,OVER,PrizePicks,Goblin,,70.1%,28.15,,,0.0,,,0,0,,0.1609,1.0,-1.3612,,,,,,,,,,,,,,,,,,,,,,,,,,,,,,,,,,,,,,-2.17,0.75,-0.67,0.3,-1.17,1.2,0.4,0.0118,100.0%
89,Karl-Anthony Towns,RA,12.5,OVER,PrizePicks,Goblin,,70.0%,28.12,,,-0.0028,0.5372,0.5372,1,1,-0.0028,0.1623,1.0,-0.1908,12.5,53.7%,-135,FanDuel,102,FanDuel,NEUTRAL,12.5,0.0,53.7%,46.3%,0.1595,,,,,,,,,,,,,,,,,,,,,,,,,,-0.46,-0.23,-0.71,-1.1,-1.08,1.8,1.6,0.0121,100.0%
90,Tyrese Maxey,FGA,17.5,OVER,Underdog and PrizePicks,,0.88x,70.6%,27.89,,,0.0,,,0,0,,0.1661,1.0,-2.963,,,,,,,,,,,,,,,,,,,,,,,,,,,,,,,,,,,,,,-0.85,-1.37,-0.35,-7.1,2.7,2.0,2.0,0.0194,100.0%
91,Naz Reid,PTS,15.5,UNDER,Underdog and PrizePicks,,,77.1%,27.56,,,-0.1001,0.4709,0.4399,1,6,-0.0691,0.3004,1.0,-1.9318,16.5,51.7%,215,Bovada,116,BetRivers,UNFAVORABLE,15.5,0.0,52.9%,47.1%,0.2313,16.5,1.0,56.6%,43.4%,0.2313,14.5,-1.0,50.2%,49.8%,0.2313,16.5,1.0,59.0%,41.0%,0.2313,20.5,5.0,62.5%,37.5%,0.2313,16.5,1.0,54.8%,45.2%,0.2313,-0.69,-1.78,-1.43,-4.7,2.87,1.8,2.0,0.0037,100.0%
92,Julius Randle,PR,31.5,UNDER,PrizePicks,,,73.1%,27.37,,,-0.0375,0.5067,0.5025,3,4,-0.0333,0.2247,1.0,-1.8081,31.5,51.5%,105,Bovada,-115,FanDuel,NEUTRAL,31.5,0.0,49.6%,50.4%,0.1914,31.5,0.0,49.9%,50.1%,0.1914,,,,,,,,,,,32.5,1.0,51.0%,49.0%,0.1914,31.5,0.0,48.5%,51.5%,0.1914,-0.49,-0.67,-0.25,-4.9,1.3,1.6,1.6,0.0048,100.0%
93,Coby White,PR,17.5,OVER,PrizePicks,,,73.9%,27.11,,,-0.033,0.5013,0.507,2,3,-0.0387,0.2379,1.0,-2.4153,17.5,48.7%,105,Bovada,-111,DraftKings,NEUTRAL,17.5,0.0,49.5%,50.5%,0.1992,17.5,0.0,50.8%,49.2%,0.1992,,,,,,,,,,,18.5,1.0,51.8%,48.2%,0.1992,,,,,,-0.78,-1.66,0.3,-8.3,4.42,1.6,2.0,0.0149,100.0%
94,Naz Reid,3PA,5.5,UNDER,Underdog,,1.06x,68.1%,26.86,,,0.0,,,0,0,,0.1412,1.0,1.7924,,,,,,,,,,,,,,,,,,,,,,,,,,,,,,,,,,,,,,0.23,-1.73,-1.0,-2.3,2.6,2.0,2.0,0.0164,100.0%
95,Dyson Daniels,SB,2.5,UNDER,Underdog,,,68.6%,26.53,,,0.0,,,0,0,,0.1461,1.0,2.1171,,,,,,,,,,,,,,,,,,,,,,,,,,,,,,,,,,,,,,-0.19,0.4,0.25,0.3,-0.44,1.0,0.8,0.0636,100.0%
96,VJ Edgecombe,FGA,13.5,OVER,PrizePicks,Demon,,68.0%,26.46,,,0.0,,,0,0,,0.1402,1.0,1.4435,,,,,,,,,,,,,,,,,,,,,,,,,,,,,,,,,,,,,,-0.04,-0.72,0.12,-5.7,5.38,1.2,1.2,0.0194,100.0%
97,Victor Wembanyama,RA,15.0,UNDER,PrizePicks,,,67.9%,26.37,,,0.0024,,0.5424,0,4,0.0024,0.1366,1.0,0.4848,14.5,51.7%,120,Bovada,-106,FanDuel,NEUTRAL,14.5,-0.5,46.3%,53.7%,0.139,14.5,-0.5,45.4%,54.6%,0.139,,,,,,,,,,,15.5,0.5,47.5%,52.5%,0.139,14.5,-0.5,43.8%,56.2%,0.139,-0.26,-0.0,-1.06,-0.0,-0.79,1.4,1.2,0.0116,100.0%
98,Josh Hart,REB,6.5,OVER,PrizePicks,Goblin,,66.7%,26.35,,,0.0156,0.5556,0.5556,1,1,0.0156,0.1118,1.0,-0.5201,6.5,55.6%,-147,FanDuel,110,FanDuel,NEUTRAL,6.5,0.0,55.6%,44.4%,0.1274,,,,,,,,,,,,,,,,,,,,,,,,,,-0.52,-0.72,-1.19,-1.5,0.41,1.4,1.6,0.0066,100.0%
99,Victor Wembanyama,BLK,3.5,UNDER,Underdog and PrizePicks,,,70.6%,26.23,,,-0.0388,0.5134,0.5012,3,4,-0.0266,0.1929,1.0,1.0368,3.5,55.0%,175,Bovada,-112,DraftKings,NEUTRAL,3.5,0.0,48.9%,51.1%,0.1663,3.5,0.0,50.5%,49.5%,0.1663,,,,,,,,,,,4.5,1.0,53.5%,46.5%,0.1663,3.5,0.0,46.5%,53.5%,0.1663,-0.17,0.12,0.07,0.3,-0.7,0.6,0.8,0.0069,100.0%
100,Naz Reid,REB,6.5,UNDER,Underdog,,0.87x,68.1%,26.14,,,-0.0016,0.5424,0.5384,5,6,0.0024,0.1387,1.0,-0.7845,6.5,56.1%,170,Bovada,-132,DraftKings,NEUTRAL,6.5,0.0,45.3%,54.7%,0.1412,6.5,0.0,46.8%,53.2%,0.1412,6.5,0.0,47.0%,53.0%,0.1412,6.5,0.0,45.4%,54.6%,0.1412,7.5,1.0,48.1%,51.8%,0.1412,6.5,0.0,44.3%,55.7%,0.1412,-0.05,-0.13,-3.0,-0.5,0.3,1.4,1.2,0.0077,100.0%
101,Jalen Johnson,3PM,1.5,OVER,Underdog and PrizePicks,Goblin,0.78x,61.5%,25.95,,,0.0818,0.6037,0.6218,4,6,0.0637,0.0117,1.0,-0.441,1.5,52.3%,170,Bovada,142,FanDuel,NEUTRAL,1.5,0.0,61.4%,38.6%,0.0754,1.5,0.0,60.0%,40.0%,0.0754,1.5,0.0,60.2%,39.8%,0.0754,1.5,0.0,59.9%,40.2%,0.0754,2.5,1.0,64.2%,35.8%,0.0754,2.5,1.0,67.4%,32.6%,0.0754,-0.15,-0.92,-3.0,-1.1,0.92,1.8,2.0,0.0213,100.0%
102,Julius Randle,PRA,36.5,UNDER,Underdog and PrizePicks,,,72.6%,25.73,,,-0.0295,0.5009,0.5105,3,6,-0.0391,0.2252,1.0,-1.8173,36.5,49.4%,105,Bovada,115,BetRivers,NEUTRAL,36.5,0.0,48.9%,51.1%,0.1861,36.5,0.0,50.5%,49.5%,0.1861,34.5,-2.0,47.0%,53.0%,0.1861,36.5,0.0,50.3%,49.7%,0.1861,37.5,1.0,50.9%,49.1%,0.1861,35.5,-1.0,46.1%,53.9%,0.1861,-0.53,-0.78,-0.22,-5.1,1.61,1.6,1.6,0.0059,100.0%
103,Tyrese Maxey,TOV,1.5,OVER,PrizePicks,Goblin,,68.0%,25.41,,,0.0,,,0,0,,0.1401,1.0,-1.1724,,,,,,,,,,,,,,,,,,,,,,,,,,,,,,,,,,,,,,-0.55,-0.17,-1.51,-0.3,-0.64,1.2,0.8,0.0085,100.0%
104,VJ Edgecombe,FGM,5.5,OVER,PrizePicks,,,66.8%,25.37,,,0.0,,,0,0,,0.1283,1.0,1.8553,,,,,,,,,,,,,,,,,,,,,,,,,,,,,,,,,,,,,,-0.11,-0.91,0.37,-4.3,3.8,1.4,1.6,0.0049,100.0%
105,Myles Turner,AST,0.5,OVER,PrizePicks,Goblin,,68.0%,25.14,,,0.0,,,0,0,,0.1397,1.0,-0.96,,,,,,,,,,,,,,,,,,,,,,,,,,,,,,,,,,,,,,-0.83,-0.26,-0.7,-0.3,-0.67,1.0,0.8,0.0214,100.0%
106,Julius Randle,PA,29.5,UNDER,PrizePicks,,,71.7%,25.12,,,-0.0318,0.506,0.5082,2,4,-0.034,0.211,1.0,-1.9801,29.5,50.8%,105,Bovada,-105,BetMGM,NEUTRAL,29.5,0.0,48.9%,51.1%,0.177,29.5,0.0,49.9%,50.1%,0.177,,,,,,,,,,,30.5,1.0,51.0%,48.9%,0.177,28.5,-1.0,46.9%,53.1%,0.177,-0.45,-0.51,-0.31,-3.7,0.39,1.4,1.2,0.0069,100.0%
107,Coby White,PA,18.5,OVER,Underdog and PrizePicks,,,74.1%,25.06,,,-0.0543,0.4857,0.4857,3,3,-0.0543,0.255,1.0,-1.7481,18.5,48.6%,-104,FanDuel,-119,DraftKings,NEUTRAL,18.5,0.0,47.6%,52.4%,0.2008,18.5,0.0,49.2%,50.8%,0.2008,,,,,,,,,,,18.5,0.0,48.9%,51.1%,0.2008,,,,,,-0.7,-1.26,0.43,-6.5,2.88,1.4,2.0,0.0252,100.0%
108,Coby White,PRA,21.5,OVER,Underdog and PrizePicks,,,74.7%,24.85,,,-0.0481,0.4818,0.4919,3,6,-0.0582,0.2651,1.0,-3.3501,21.5,48.3%,110,Bovada,-105,BetRivers,NEUTRAL,21.5,0.0,47.6%,52.4%,0.2069,21.5,0.0,48.8%,51.2%,0.2069,20.5,-1.0,46.8%,53.2%,0.2069,21.5,0.0,48.1%,51.9%,0.2069,22.5,1.0,50.2%,49.8%,0.2069,22.5,1.0,53.6%,46.4%,0.2069,-0.91,-1.72,0.08,-7.9,3.71,1.4,2.0,0.0119,100.0%
109,Donte DiVincenzo,PTS,13.5,UNDER,Underdog and PrizePicks,,,72.7%,24.6,,,-0.0577,0.493,0.4823,4,6,-0.047,0.2336,1.0,-1.9479,13.5,51.6%,215,Bovada,120,BetRivers,NEUTRAL,13.5,0.0,51.1%,48.9%,0.1866,13.5,0.0,52.0%,48.0%,0.1866,12.5,-1.0,50.9%,49.1%,0.1866,13.5,0.0,50.8%,49.2%,0.1866,17.5,4.0,56.9%,43.1%,0.1866,13.5,0.0,48.9%,51.1%,0.1866,-0.21,-0.72,-3.0,-4.1,2.89,1.6,1.6,0.0043,100.0%
110,Jalen Johnson,FGA,18.5,UNDER,Underdog,,,68.1%,24.5,,,0.0,,,0,0,,0.1412,1.0,-3.1537,,,,,,,,,,,,,,,,,,,,,,,,,,,,,,,,,,,,,,-0.42,-0.23,-3.0,-0.7,-0.6,1.0,0.8,0.0116,100.0%
111,Myles Turner,3PA,5.5,UNDER,Underdog,,0.84x,66.0%,24.47,,,0.0,,,0,0,,0.1201,1.0,2.6731,,,,,,,,,,,,,,,,,,,,,,,,,,,,,,,,,,,,,,-0.06,-1.06,0.69,-1.5,1.41,1.6,1.6,0.0115,100.0%
112,De'Aaron Fox,TOV,1.5,OVER,PrizePicks,,,67.5%,24.34,,,0.0,,,0,0,,0.1349,1.0,-2.056,,,,,,,,,,,,,,,,,,,,,,,,,,,,,,,,,,,,,,-0.59,-0.66,-3.0,-0.9,0.1,1.4,1.6,0.0048,100.0%
113,VJ Edgecombe,PRA,24.5,OVER,PrizePicks,,,70.7%,24.28,,,-0.0367,0.502,0.5033,2,6,-0.038,0.2048,1.0,0.6823,25.0,48.3%,125,Bovada,108,BetRivers,NEUTRAL,24.5,0.0,50.5%,49.5%,0.1668,24.5,0.0,49.9%,50.1%,0.1668,23.5,-1.0,51.2%,48.8%,0.1668,25.5,1.0,48.8%,51.2%,0.1668,26.5,2.0,49.9%,50.1%,0.1668,25.5,1.0,51.7%,48.3%,0.1668,-0.1,-1.02,0.15,-13.5,12.15,1.4,1.6,0.0128,100.0%
114,Naz Reid,PRA,23.5,UNDER,Underdog,,,72.5%,24.2,,,-0.0924,0.4893,0.4476,1,3,-0.0507,0.2353,1.0,-0.6801,24.5,49.9%,-110,BetOnline.ag,-110,BetMGM,UNFAVORABLE,,,,,,25.5,2.0,60.3%,39.7%,0.1846,,,,,,24.5,1.0,54.4%,45.6%,0.1846,,,,,,23.5,0.0,51.1%,48.9%,0.1846,-0.22,-0.82,-1.81,-4.7,3.47,1.8,1.6,0.0122,100.0%
115,Jalen Johnson,PR,35.5,UNDER,Underdog and PrizePicks,,,70.2%,24.12,,,-0.0162,0.5133,0.5239,3,4,-0.0267,0.1892,1.0,-0.6883,35.5,51.3%,-105,Bovada,-118,BetMGM,NEUTRAL,34.5,-1.0,44.5%,55.5%,0.1625,35.5,0.0,48.3%,51.7%,0.1625,,,,,,,,,,,35.5,0.0,48.0%,52.0%,0.1625,35.5,0.0,49.7%,50.3%,0.1625,-0.33,-0.61,-0.6,-4.3,1.95,1.6,1.6,0.0355,100.0%
116,Ausar Thompson,FGM,4.5,UNDER,PrizePicks,,,65.3%,24.01,,,0.0,,,0,0,,0.1127,1.0,3.8154,,,,,,,,,,,,,,,,,,,,,,,,,,,,,,,,,,,,,,-0.13,0.04,1.0,0.1,-0.4,1.6,1.6,0.0109,100.0%
117,Stephon Castle,AST,6.5,OVER,PrizePicks,Goblin,,57.0%,23.98,,,0.0872,,0.6272,0,6,0.0872,-0.0571,1.0,0.6297,7.5,44.9%,180,Bovada,-122,BetRivers,FAVORABLE,7.5,1.0,62.5%,37.5%,0.0301,7.5,1.0,61.1%,39.0%,0.0301,7.5,1.0,64.3%,35.7%,0.0301,7.5,1.0,61.7%,38.3%,0.0301,8.5,2.0,63.9%,36.1%,0.0301,7.5,1.0,62.9%,37.1%,0.0301,-0.32,-1.25,-0.17,-2.5,1.87,1.4,1.6,0.0088,100.0%
118,De'Aaron Fox,PTS,15.5,OVER,Underdog and PrizePicks,,,71.5%,23.7,,,-0.0289,0.5067,0.5111,4,6,-0.0333,0.2079,1.0,-4.3062,15.5,46.0%,210,Bovada,-110,BetOnline.ag,NEUTRAL,15.5,0.0,50.4%,49.6%,0.1746,15.5,0.0,50.4%,49.6%,0.1746,16.5,1.0,49.5%,50.5%,0.1746,15.5,0.0,50.8%,49.2%,0.1746,19.5,4.0,54.5%,45.5%,0.1746,15.5,0.0,51.1%,48.9%,0.1746,-0.99,-0.38,-1.75,-1.3,-2.09,1.4,0.8,0.0077,100.0%
119,Dyson Daniels,3PM,0.5,UNDER,Underdog,,0.78x,58.8%,23.67,,,0.0641,0.6041,0.6041,1,1,0.0641,-0.0157,1.0,2.6077,0.5,60.4%,135,BetMGM,-185,BetMGM,NEUTRAL,,,,,,,,,,,,,,,,,,,,,,,,,,0.5,0.0,39.6%,60.4%,0.0484,-0.28,0.31,0.25,0.3,-0.57,1.4,1.2,0.025,100.0%
120,Dyson Daniels,AST,4.5,OVER,PrizePicks,Goblin,,57.5%,23.6,,,0.0857,,0.6257,0,6,0.0857,-0.0512,1.0,-0.8712,5.5,45.1%,180,Bovada,-120,BetMGM,FAVORABLE,5.5,1.0,61.4%,38.6%,0.0345,5.5,1.0,63.2%,36.8%,0.0345,5.5,1.0,61.2%,38.8%,0.0345,5.5,1.0,62.5%,37.5%,0.0345,6.5,2.0,63.2%,36.8%,0.0345,5.5,1.0,63.9%,36.1%,0.0345,-0.84,0.3,-0.33,0.5,-1.9,0.6,0.8,0.0099,100.0%
121,LaMelo Ball,TOV,2.5,OVER,Underdog,,0.94x,66.2%,23.54,,,0.0,,,0,0,,0.1216,1.0,0.4643,,,,,,,,,,,,,,,,,,,,,,,,,,,,,,,,,,,,,,-0.14,0.06,-1.61,0.1,-0.35,1.2,1.2,0.0124,100.0%
122,Joel Embiid,3PM,1.5,UNDER,Underdog,,0.81x,59.7%,23.47,,,0.0538,0.5938,0.5938,6,6,0.0538,0.0034,1.0,3.0724,1.5,59.4%,134,BetOnline.ag,-169,Bovada,NEUTRAL,1.5,0.0,40.2%,59.8%,0.0572,1.5,0.0,40.8%,59.2%,0.0572,1.5,0.0,41.1%,58.9%,0.0572,1.5,0.0,40.2%,59.9%,0.0572,1.5,0.0,40.9%,59.1%,0.0572,1.5,0.0,40.6%,59.4%,0.0572,-0.15,0.6,1.0,0.7,-0.88,1.0,0.8,0.0297,100.0%
123,Tyrese Maxey,FTA,4.5,OVER,PrizePicks,,,66.8%,23.26,,,0.0,,,0,0,,0.1275,1.0,-1.1873,,,,,,,,,,,,,,,,,,,,,,,,,,,,,,,,,,,,,,-1.38,-0.6,-0.39,-0.7,-0.91,1.6,1.2,0.0237,100.0%
124,Donte DiVincenzo,REB,4.0,UNDER,PrizePicks,,,61.3%,23.23,,,0.0364,,0.5765,0,6,0.0364,0.0365,1.0,2.2055,3.5,50.5%,165,Bovada,100,FanDuel,NEUTRAL,3.5,-0.5,42.3%,57.7%,0.073,3.5,-0.5,41.4%,58.6%,0.073,3.5,-0.5,42.3%,57.7%,0.073,3.5,-0.5,41.0%,59.0%,0.073,4.5,0.5,45.7%,54.3%,0.073,3.5,-0.5,41.4%,58.6%,0.073,0.34,-1.37,-0.5,-1.4,1.74,1.4,2.0,0.0064,100.0%
125,Shai Gilgeous-Alexander,REB,3.5,OVER,PrizePicks,Goblin,,55.8%,23.16,,,0.0929,,0.6329,0,1,0.0929,-0.0753,1.0,0.4556,4.5,43.3%,116,FanDuel,-154,FanDuel,FAVORABLE,4.5,1.0,63.3%,36.7%,0.0176,,,,,,,,,,,,,,,,,,,,,,,,,,-0.8,0.46,0.27,0.5,-1.37,1.0,0.4,0.0028,100.0%
126,DeMar DeRozan,AST,5.5,UNDER,Underdog,,0.82x,61.1%,22.93,,,0.0594,0.5913,0.5994,1,6,0.0513,0.0194,1.0,-2.3853,4.5,47.5%,130,Bovada,116,DraftKings,FAVORABLE,4.5,-1.0,39.4%,60.6%,0.0707,4.5,-1.0,41.8%,58.2%,0.0707,4.5,-1.0,39.4%,60.6%,0.0707,4.5,-1.0,40.4%,59.7%,0.0707,5.5,0.0,40.9%,59.1%,0.0707,4.5,-1.0,38.6%,61.4%,0.0707,-0.4,0.15,-3.0,0.5,-1.84,1.0,1.2,0.0031,100.0%
127,Jalen Johnson,REB,10.5,UNDER,Underdog and PrizePicks,,0.89x,67.4%,22.83,,,-0.0195,0.5194,0.5205,5,6,-0.0206,0.1545,1.0,1.483,10.5,53.9%,160,Bovada,-120,BetMGM,NEUTRAL,10.5,0.0,48.5%,51.5%,0.134,10.5,0.0,46.3%,53.7%,0.134,10.5,0.0,49.1%,50.9%,0.134,10.5,0.0,47.5%,52.5%,0.134,11.5,1.0,47.4%,52.6%,0.134,10.5,0.0,48.9%,51.1%,0.134,-0.07,-0.41,-0.6,-1.5,1.26,1.6,1.2,0.0072,100.0%
128,Paul George,STL,0.5,OVER,PrizePicks,Goblin,,67.9%,22.66,,,0.0,,,0,0,,0.139,1.0,-5.2772,,,,,,,,,,,,,,,,,,,,,,,,,,,,,,,,,,,,,,-1.34,-2.62,-4.04,-2.1,1.03,1.8,2.0,0.0305,100.0%
129,VJ Edgecombe,FTM,1.5,OVER,PrizePicks,Goblin,,65.5%,22.59,,,0.0,,,0,0,,0.1147,1.0,0.6389,,,,,,,,,,,,,,,,,,,,,,,,,,,,,,,,,,,,,,-0.42,-0.81,-0.75,-1.1,0.52,1.6,1.6,0.0157,100.0%
130,Rudy Gobert,SB,2.5,UNDER,Underdog,,1.08x,66.3%,22.58,,,0.0,,,0,0,,0.1226,1.0,1.1781,,,,,,,,,,,,,,,,,,,,,,,,,,,,,,,,,,,,,,-0.04,1.46,-1.0,1.7,-1.74,0.8,0.0,0.0709,100.0%
131,Paul George,PRA,25.5,UNDER,Underdog,,0.86x,64.0%,22.56,,,0.0041,0.5479,0.5442,1,6,0.0079,0.0921,1.0,3.2874,24.5,51.9%,125,Bovada,-108,FanDuel,FAVORABLE,24.5,-1.0,46.5%,53.5%,0.1,24.5,-1.0,45.3%,54.7%,0.1,25.5,0.0,45.2%,54.8%,0.1,24.5,-1.0,44.8%,55.2%,0.1,26.5,1.0,46.6%,53.4%,0.1,24.5,-1.0,45.1%,54.9%,0.1,-0.02,0.23,0.9,2.3,-2.51,1.2,1.2,0.0345,100.0%
132,Tyrese Maxey,FTM,4.5,OVER,Underdog,,1.04x,65.5%,22.52,,,0.0,,,0,0,,0.115,1.0,0.5345,,,,,,,,,,,,,,,,,,,,,,,,,,,,,,,,,,,,,,-0.72,-0.23,-0.16,-0.3,-0.66,1.4,1.2,0.0181,100.0%
133,Joel Embiid,AST,4.5,UNDER,Underdog,,0.84x,58.8%,22.29,,,0.0715,0.5969,0.6115,3,6,0.0569,-0.009,1.0,1.6728,4.0,51.2%,150,Bovada,128,BetRivers,NEUTRAL,4.5,0.0,42.2%,57.8%,0.0479,3.5,-1.0,35.2%,64.8%,0.0479,3.5,-1.0,39.4%,60.6%,0.0479,4.5,0.0,41.2%,58.8%,0.0479,4.5,0.0,37.5%,62.5%,0.0479,3.5,-1.0,37.6%,62.4%,0.0479,-0.29,0.44,0.4,0.7,-1.17,0.8,0.8,0.0155,100.0%
134,Karl-Anthony Towns,PR,27.5,OVER,PrizePicks,,,71.4%,22.25,,,-0.04,0.5,0.5,1,1,-0.04,0.2138,1.0,-4.4185,27.5,50.0%,-114,FanDuel,-114,FanDuel,NEUTRAL,27.5,0.0,50.0%,50.0%,0.1738,,,,,,,,,,,,,,,,,,,,,,,,,,-0.48,-0.63,-2.24,-5.9,1.43,1.8,1.6,0.0186,100.0%
135,Jalen Green,FGA,15.5,OVER,Underdog and PrizePicks,,,65.3%,22.19,,,0.0,,,0,0,,0.1129,1.0,0.452,,,,,,,,,,,,,,,,,,,,,,,,,,,,,,,,,,,,,,-0.32,-0.39,-0.9,-0.9,0.16,1.6,1.2,0.0174,100.0%
136,Brandon Miller,REB,5.5,UNDER,Underdog and PrizePicks,,0.87x,67.5%,22.12,,,-0.0254,0.5165,0.5146,5,6,-0.0235,0.1586,1.0,0.7644,5.5,53.8%,165,Bovada,-120,BetMGM,NEUTRAL,5.5,0.0,48.1%,51.9%,0.1351,5.5,0.0,48.5%,51.5%,0.1351,5.5,0.0,48.4%,51.6%,0.1351,5.5,0.0,47.8%,52.2%,0.1351,6.5,1.0,49.5%,50.5%,0.1351,5.5,0.0,48.9%,51.1%,0.1351,-0.23,-0.53,-0.61,-1.1,0.64,1.0,1.6,0.0106,100.0%
137,Jalen Duren,PR,33.5,UNDER,Underdog and PrizePicks,,,70.9%,22.0,,,-0.0468,0.4964,0.4933,3,4,-0.0436,0.2127,1.0,-3.3569,33.5,50.5%,100,Bovada,-110,DraftKings,NEUTRAL,33.5,0.0,50.0%,50.0%,0.1691,33.5,0.0,51.1%,48.9%,0.1691,,,,,,,,,,,34.5,1.0,51.6%,48.4%,0.1691,33.5,0.0,50.0%,50.0%,0.1691,-0.76,0.33,-1.29,1.5,-4.94,1.0,0.8,0.0022,100.0%
138,Devin Booker,FGA,17.5,OVER,Underdog and PrizePicks,,,65.5%,21.81,,,0.0,,,0,0,,0.1153,1.0,-0.9965,,,,,,,,,,,,,,,,,,,,,,,,,,,,,,,,,,,,,,-0.22,-0.27,-1.66,-1.3,0.26,1.4,0.8,0.0171,100.0%
139,Joel Embiid,REB,7.5,UNDER,Underdog,,0.87x,61.3%,21.7,,,0.047,0.5722,0.587,3,6,0.0322,0.041,1.0,1.0214,7.0,51.3%,125,Bovada,110,BetMGM,NEUTRAL,6.5,-1.0,39.8%,60.2%,0.0732,6.5,-1.0,38.8%,61.2%,0.0732,7.5,0.0,43.9%,56.1%,0.0732,7.5,0.0,42.7%,57.3%,0.0732,7.5,0.0,41.7%,58.3%,0.0732,6.5,-1.0,40.9%,59.1%,0.0732,-0.0,0.15,-1.33,0.3,-0.3,1.0,1.2,0.0195,100.0%
140,Tyrese Maxey,3PA,7.5,OVER,Underdog,,,65.1%,21.68,,,0.0,,,0,0,,0.111,1.0,-0.4759,,,,,,,,,,,,,,,,,,,,,,,,,,,,,,,,,,,,,,-0.6,-0.73,-0.36,-1.7,0.31,1.4,1.2,0.0089,100.0%
141,VJ Edgecombe,PR,20.5,OVER,PrizePicks,,,67.2%,21.55,,,-0.025,0.5181,0.515,2,4,-0.022,0.1541,1.0,0.7779,21.0,49.3%,105,Bovada,-104,FanDuel,NEUTRAL,20.5,0.0,52.4%,47.6%,0.1322,20.5,0.0,51.2%,48.8%,0.1322,,,,,,,,,,,21.5,1.0,50.4%,49.6%,0.1322,21.5,1.0,52.0%,48.0%,0.1322,-0.11,-1.01,0.42,-11.7,10.38,1.2,1.6,0.026,100.0%
142,OG Anunoby,AST,1.5,OVER,PrizePicks,Goblin,,55.9%,21.54,,,0.081,,0.621,0,1,0.081,-0.0616,1.0,0.5248,2.5,37.7%,148,FanDuel,-200,FanDuel,FAVORABLE,2.5,1.0,62.1%,37.9%,0.0194,,,,,,,,,,,,,,,,,,,,,,,,,,-0.44,-0.44,-0.1,-0.7,0.0,1.0,1.2,0.0078,100.0%
143,Ausar Thompson,REB,4.5,OVER,Underdog,,0.78x,60.9%,21.46,,,0.0615,0.5789,0.6016,1,6,0.0389,0.03,1.0,-0.6779,5.5,44.7%,200,Bovada,120,BetRivers,FAVORABLE,5.5,1.0,60.0%,40.0%,0.0689,5.5,1.0,59.8%,40.2%,0.0689,4.5,0.0,57.9%,42.1%,0.0689,5.5,1.0,59.6%,40.4%,0.0689,6.5,2.0,61.6%,38.4%,0.0689,5.5,1.0,62.0%,38.0%,0.0689,-0.59,-0.24,-0.42,-0.5,-0.73,1.0,0.8,0.0114,100.0%
144,Stephon Castle,SB,1.5,UNDER,PrizePicks,,,65.7%,21.37,,,0.0,,,0,0,,0.1168,1.0,-2.0694,,,,,,,,,,,,,,,,,,,,,,,,,,,,,,,,,,,,,,0.01,-0.79,-4.5,-0.5,0.51,1.6,1.6,0.0219,100.0%
145,Donte DiVincenzo,PR,17.5,UNDER,PrizePicks,,,69.7%,21.16,,,-0.0453,0.5,0.4947,3,4,-0.04,0.1969,1.0,-1.6435,17.5,51.0%,105,Bovada,-110,DraftKings,NEUTRAL,17.5,0.0,50.0%,50.0%,0.1569,17.5,0.0,51.1%,48.9%,0.1569,,,,,,,,,,,18.5,1.0,52.1%,47.9%,0.1569,17.5,0.0,48.9%,51.1%,0.1569,-0.13,-0.84,-3.0,-5.5,4.63,1.6,1.6,0.0236,100.0%
146,Joel Embiid,BLK,0.5,OVER,PrizePicks,Goblin,,60.5%,21.01,,,0.0374,0.5774,0.5774,1,1,0.0374,0.0273,1.0,0.517,0.5,57.7%,-164,BetMGM,120,BetMGM,NEUTRAL,,,,,,,,,,,,,,,,,,,,,,,,,,0.5,0.0,57.7%,42.3%,0.0647,-0.88,-0.79,-0.25,-0.5,-0.06,1.4,1.6,0.0206,100.0%
147,Ausar Thompson,PTS,11.0,UNDER,PrizePicks,,,63.9%,20.9,,,-0.0039,,0.5361,0,5,-0.0039,0.1031,1.0,2.1846,10.5,52.6%,165,Bovada,-108,FanDuel,NEUTRAL,10.5,-0.5,46.5%,53.5%,0.0992,10.5,-0.5,45.2%,54.8%,0.0992,10.5,-0.5,46.4%,53.6%,0.0992,10.5,-0.5,45.2%,54.8%,0.0992,12.5,1.5,48.8%,51.2%,0.0992,,,,,,-0.23,-0.1,0.25,-0.4,-0.54,1.6,1.6,0.0038,100.0%
148,Victor Wembanyama,PA,28.5,UNDER,Underdog and PrizePicks,,,66.7%,20.78,,,-0.0041,0.518,0.5359,2,4,-0.022,0.1486,1.0,-0.3137,28.0,51.0%,-105,BetMGM,-106,FanDuel,NEUTRAL,27.5,-1.0,46.7%,53.3%,0.1266,28.5,0.0,48.4%,51.6%,0.1266,,,,,,,,,,,28.5,0.0,48.0%,52.0%,0.1266,27.5,-1.0,42.5%,57.5%,0.1266,-0.25,-0.33,-0.62,-1.7,0.39,1.0,1.2,0.0035,100.0%
149,Donte DiVincenzo,PRA,21.5,UNDER,Underdog and PrizePicks,,,68.3%,20.76,,,-0.035,0.5103,0.505,4,6,-0.0297,0.173,1.0,-1.7583,21.5,51.5%,130,Bovada,104,BetRivers,NEUTRAL,21.5,0.0,48.9%,51.1%,0.1433,21.5,0.0,49.7%,50.3%,0.1433,20.5,-1.0,48.5%,51.5%,0.1433,21.5,0.0,49.2%,50.8%,0.1433,23.5,2.0,52.7%,47.3%,0.1433,21.5,0.0,48.0%,52.0%,0.1433,-0.13,-0.97,-3.0,-6.3,5.44,1.6,1.6,0.023,100.0%
150,Julius Randle,REB,7.0,UNDER,PrizePicks,,,63.2%,20.55,,,-0.0015,,0.5385,0,6,-0.0015,0.0936,1.0,2.9272,6.5,51.1%,210,Bovada,104,FanDuel,NEUTRAL,6.5,-0.5,45.8%,54.2%,0.0921,6.5,-0.5,45.8%,54.2%,0.0921,6.5,-0.5,45.0%,55.0%,0.0921,6.5,-0.5,45.1%,54.9%,0.0921,8.5,1.5,53.1%,46.9%,0.0921,6.5,-0.5,42.1%,57.9%,0.0921,-0.07,-0.53,0.5,-1.4,1.22,1.6,1.6,0.0071,100.0%
151,Jalen Green,PRA,27.5,OVER,Underdog,,0.86x,63.6%,20.52,,,-0.0028,0.5267,0.5373,4,6,-0.0133,0.109,1.0,6.0772,27.5,50.9%,105,Bovada,104,BetRivers,NEUTRAL,27.5,0.0,52.4%,47.6%,0.0957,27.5,0.0,52.3%,47.7%,0.0957,27.5,0.0,54.4%,45.6%,0.0957,27.5,0.0,51.6%,48.4%,0.0957,29.5,2.0,54.3%,45.7%,0.0957,29.5,2.0,57.3%,42.7%,0.0957,0.51,0.05,-1.1,0.3,2.92,1.8,1.6,0.0208,100.0%
152,Miles Bridges,SB,0.5,OVER,PrizePicks,Goblin,,64.2%,20.52,,,0.0,,,0,0,,0.1023,1.0,0.1238,,,,,,,,,,,,,,,,,,,,,,,,,,,,,,,,,,,,,,-0.47,-0.26,-0.41,-0.3,-0.24,1.0,0.8,0.0186,100.0%
153,Jalen Duren,TOV,2.5,UNDER,Underdog,,0.76x,64.1%,20.48,,,0.0,,,0,0,,0.1007,1.0,-0.1138,,,,,,,,,,,,,,,,,,,,,,,,,,,,,,,,,,,,,,-0.72,0.1,-0.75,0.1,-0.84,1.2,0.8,0.0063,100.0%
154,Devin Booker,3PM,1.5,OVER,Underdog and PrizePicks,Goblin,0.78x,56.9%,20.39,,,0.0913,0.6097,0.6313,4,6,0.0697,-0.0403,1.0,-1.4372,1.5,53.7%,140,Bovada,142,FanDuel,NEUTRAL,1.5,0.0,61.4%,38.6%,0.0294,2.5,1.0,67.5%,32.5%,0.0294,1.5,0.0,61.2%,38.8%,0.0294,1.5,0.0,60.2%,39.8%,0.0294,2.5,1.0,67.4%,32.6%,0.0294,1.5,0.0,61.1%,38.9%,0.0294,-0.34,0.1,-2.86,0.1,-0.44,1.2,0.8,0.0024,100.0%
155,VJ Edgecombe,RA,8.5,OVER,Underdog,,0.85x,64.6%,20.32,,,0.0144,0.5333,0.5544,2,4,-0.0068,0.113,1.0,0.1604,9.0,49.6%,120,Bovada,102,FanDuel,NEUTRAL,8.5,0.0,53.7%,46.3%,0.1062,8.5,0.0,52.9%,47.1%,0.1062,,,,,,,,,,,9.5,1.0,54.2%,45.8%,0.1062,9.5,1.0,60.9%,39.1%,0.1062,-0.29,-1.03,-0.29,-4.3,3.07,1.4,1.6,0.0086,100.0%
156,Coby White,PTS,14.5,OVER,PrizePicks,,,68.0%,20.27,,,-0.0274,0.5085,0.5126,5,6,-0.0315,0.1718,1.0,-1.4917,14.5,47.4%,210,Bovada,-104,DraftKings,NEUTRAL,14.5,0.0,50.0%,50.0%,0.1403,14.5,0.0,51.8%,48.1%,0.1403,14.5,0.0,50.7%,49.3%,0.1403,14.5,0.0,50.8%,49.2%,0.1403,18.5,4.0,53.3%,46.7%,0.1403,14.5,0.0,50.9%,49.1%,0.1403,-0.56,-1.16,0.73,-6.9,3.59,1.2,1.6,0.0203,100.0%
157,Jalen Johnson,TOV,3.5,UNDER,Underdog,,0.81x,63.6%,20.23,,,0.0,,,0,0,,0.0959,1.0,0.692,,,,,,,,,,,,,,,,,,,,,,,,,,,,,,,,,,,,,,-0.13,0.31,-0.75,0.3,-0.43,1.0,0.4,0.0057,100.0%
158,Jalen Duren,PRA,35.5,UNDER,Underdog and PrizePicks,,,67.9%,20.19,,,-0.0288,0.5112,0.5112,2,2,-0.0288,0.1678,1.0,-2.6847,35.5,51.1%,-103,BetOnline.ag,-115,BetMGM,NEUTRAL,,,,,,,,,,,,,,,,35.5,0.0,47.8%,52.2%,0.1391,,,,,,35.5,0.0,50.0%,50.0%,0.1391,-0.59,0.37,-1.21,2.3,-5.96,1.2,1.2,0.0092,100.0%
159,Chet Holmgren,REB,7.5,OVER,PrizePicks,Goblin,,60.9%,19.89,,,0.0268,,0.5668,0,1,0.0268,0.0419,1.0,-0.5417,8.5,44.8%,108,FanDuel,-145,FanDuel,FAVORABLE,8.5,1.0,56.7%,43.3%,0.0687,,,,,,,,,,,,,,,,,,,,,,,,,,-0.39,-0.03,-1.5,-0.1,-1.32,1.6,1.2,0.0031,100.0%
160,CJ McCollum,RA,8.0,UNDER,PrizePicks,,,63.0%,19.83,,,0.0,,,0,0,,0.0905,1.0,1.5555,,,,,,,,,,,,,,,,,,,,,,,,,,,,,,,,,,,,,,-0.29,-0.13,-0.33,-0.4,-0.48,1.6,1.6,0.0086,100.0%
161,De'Aaron Fox,PR,19.5,OVER,PrizePicks,,,70.4%,19.61,,,-0.0723,0.4841,0.4677,3,4,-0.0559,0.2198,1.0,-2.1218,19.5,48.2%,-102,FanDuel,-120,DraftKings,NEUTRAL,19.5,0.0,47.6%,52.4%,0.1639,19.5,0.0,48.7%,51.3%,0.1639,,,,,,,,,,,19.5,0.0,48.9%,51.1%,0.1639,18.5,-1.0,41.9%,58.1%,0.1639,-0.66,-0.31,-0.78,-1.5,-1.67,1.6,1.2,0.0189,100.0%
162,Devin Booker,FTM,7.5,UNDER,PrizePicks,,,63.4%,19.38,,,0.0,,,0,0,,0.0941,1.0,0.1766,,,,,,,,,,,,,,,,,,,,,,,,,,,,,,,,,,,,,,-0.18,-0.09,-0.98,-0.3,-0.27,0.8,1.2,0.0196,100.0%
163,De'Aaron Fox,PA,21.5,OVER,Underdog,,0.88x,67.7%,19.36,,,-0.0428,0.5133,0.4972,2,4,-0.0267,0.1636,1.0,-4.2914,21.5,49.7%,105,Bovada,-106,FanDuel,NEUTRAL,21.5,0.0,51.9%,48.1%,0.137,21.5,0.0,50.8%,49.2%,0.137,,,,,,,,,,,22.5,1.0,52.2%,47.8%,0.137,20.5,-1.0,44.0%,56.0%,0.137,-1.62,-0.4,-0.62,-0.9,-2.74,1.2,0.8,0.0108,100.0%
164,De'Aaron Fox,PRA,25.5,OVER,Underdog and PrizePicks,,,70.0%,19.17,,,-0.0637,0.4854,0.4763,3,6,-0.0546,0.2147,1.0,-2.4582,25.5,46.7%,120,BetRivers,-120,DraftKings,NEUTRAL,25.5,0.0,48.1%,51.8%,0.1601,25.5,0.0,48.8%,51.2%,0.1601,26.5,1.0,47.9%,52.1%,0.1601,25.5,0.0,48.7%,51.3%,0.1601,26.5,1.0,50.4%,49.5%,0.1601,24.5,-1.0,41.8%,58.2%,0.1601,-0.98,-0.31,-0.55,-1.1,-2.32,1.6,1.2,0.0171,100.0%
165,Tyrese Maxey,SB,1.5,OVER,PrizePicks,Goblin,,63.2%,19.16,,,0.0,,,0,0,,0.0925,1.0,-0.4746,,,,,,,,,,,,,,,,,,,,,,,,,,,,,,,,,,,,,,-1.02,-1.73,-0.17,-2.3,0.95,1.8,2.0,0.0058,100.0%
166,Karl-Anthony Towns,PRA,30.5,OVER,PrizePicks,,,69.9%,18.94,,,-0.0547,0.4853,0.4853,1,1,-0.0547,0.2139,1.0,-3.1299,30.5,48.5%,-108,FanDuel,-122,FanDuel,NEUTRAL,30.5,0.0,48.5%,51.5%,0.1592,,,,,,,,,,,,,,,,,,,,,,,,,,-0.46,-0.5,-1.27,-4.7,0.4,1.8,1.6,0.0071,100.0%
167,LaMelo Ball,3PM,3.5,OVER,PrizePicks,Goblin,,61.0%,18.82,,,0.0116,0.5505,0.5516,5,6,0.0105,0.0595,1.0,1.893,3.5,51.9%,160,Bovada,118,BetRivers,NEUTRAL,3.5,0.0,56.3%,43.7%,0.0699,3.5,0.0,53.7%,46.3%,0.0699,3.5,0.0,57.4%,42.6%,0.0699,3.5,0.0,54.4%,45.6%,0.0699,4.5,1.0,55.7%,44.3%,0.0699,3.5,0.0,53.5%,46.5%,0.0699,-0.1,-0.88,-0.17,-1.3,1.15,1.6,1.6,0.0037,100.0%
168,VJ Edgecombe,PA,19.5,OVER,Underdog and PrizePicks,,,70.1%,18.81,,,-0.0622,0.4769,0.4778,3,4,-0.0631,0.2243,1.0,1.5844,19.5,48.9%,100,Bovada,-103,DraftKings,NEUTRAL,19.5,0.0,48.5%,51.5%,0.1611,18.5,-1.0,48.1%,51.9%,0.1611,,,,,,,,,,,19.5,0.0,46.9%,53.0%,0.1611,19.5,0.0,47.6%,52.4%,0.1611,-0.05,-0.94,0.23,-11.5,10.85,1.4,1.6,0.0669,100.0%
169,Paul George,REB,5.0,UNDER,PrizePicks,,,60.8%,18.79,,,0.0127,,0.5527,0,6,0.0127,0.0547,1.0,2.2938,4.5,48.5%,130,Bovada,115,BetMGM,NEUTRAL,4.5,-0.5,43.6%,56.4%,0.0675,4.5,-0.5,45.3%,54.7%,0.0675,4.5,-0.5,42.3%,57.7%,0.0675,4.5,-0.5,39.7%,60.3%,0.0675,5.5,0.5,50.9%,49.1%,0.0675,4.5,-0.5,46.5%,53.5%,0.0675,0.12,-0.0,-0.0,-0.0,0.18,1.2,0.8,0.0125,100.0%
170,Paul George,3PM,2.5,UNDER,Underdog,,0.75x,55.4%,18.5,,,0.0467,0.5951,0.5867,5,6,0.0551,-0.0409,1.0,3.4178,2.5,55.9%,142,FanDuel,145,BetRivers,NEUTRAL,2.5,0.0,38.6%,61.4%,0.0141,2.5,0.0,41.4%,58.6%,0.0141,1.5,-1.0,45.5%,54.5%,0.0141,2.5,0.0,40.2%,59.9%,0.0141,2.5,0.0,41.7%,58.3%,0.0141,2.5,0.0,40.6%,59.4%,0.0141,0.02,0.33,0.4,1.1,-1.03,1.4,1.2,0.0019,100.0%
171,Jalen Duren,AST,1.5,OVER,PrizePicks,Goblin,,63.2%,18.4,,,0.0,,,0,0,,0.0917,1.0,-1.5352,,,,,,,,,,,,,,,,,,,,,,,,,,,,,,,,,,,,,,-0.12,-0.54,-3.0,-1.3,1.02,1.2,1.2,0.0111,100.0%
172,Victor Wembanyama,PR,36.5,UNDER,Underdog and PrizePicks,,,65.6%,17.97,,,-0.0223,0.5089,0.5177,3,4,-0.0311,0.1476,1.0,0.2481,36.5,50.7%,-108,FanDuel,-115,BetMGM,NEUTRAL,36.5,0.0,48.9%,51.1%,0.1164,36.5,0.0,49.5%,50.5%,0.1164,,,,,,,,,,,36.5,0.0,48.9%,51.1%,0.1164,35.5,-1.0,45.6%,54.4%,0.1164,-0.14,-0.2,-0.34,-1.5,0.43,0.8,1.2,0.0154,100.0%
173,Jalen Green,PR,24.5,OVER,Underdog and PrizePicks,,,63.5%,17.96,,,-0.0071,0.5107,0.533,1,2,-0.0293,0.1248,1.0,4.8577,25.0,51.1%,-120,FanDuel,-110,FanDuel,NEUTRAL,24.5,0.0,51.1%,48.9%,0.0955,,,,,,,,,,,,,,,,,,,,,25.5,1.0,55.5%,44.5%,0.0955,0.49,0.33,-1.9,2.1,1.04,1.6,1.2,0.0017,100.0%
174,Ausar Thompson,AST,2.5,OVER,PrizePicks,Goblin,,55.4%,17.9,,,0.0662,0.5938,0.6062,1,6,0.0538,-0.0396,1.0,3.0272,3.5,43.6%,140,Bovada,131,DraftKings,FAVORABLE,3.5,1.0,61.5%,38.6%,0.0142,2.5,0.0,59.4%,40.6%,0.0142,3.5,1.0,61.1%,38.9%,0.0142,3.5,1.0,61.3%,38.7%,0.0142,3.5,1.0,59.5%,40.5%,0.0142,3.5,1.0,61.0%,39.0%,0.0142,-0.25,-0.3,1.0,-0.5,0.08,1.4,1.6,0.0109,100.0%
175,Miles Bridges,FGA,11.5,OVER,PrizePicks,,,62.6%,17.76,,,0.0,,,0,0,,0.0864,1.0,-1.1766,,,,,,,,,,,,,,,,,,,,,,,,,,,,,,,,,,,,,,-0.67,0.25,-0.58,0.9,-3.28,1.4,0.8,0.0139,100.0%
176,VJ Edgecombe,AST,3.5,OVER,Underdog and PrizePicks,,,65.6%,17.73,,,-0.0398,0.5042,0.5002,5,6,-0.0358,0.1515,1.0,1.6836,3.5,47.2%,200,Bovada,100,BetMGM,NEUTRAL,3.5,0.0,50.5%,49.5%,0.1157,3.5,0.0,49.2%,50.8%,0.1157,3.5,0.0,47.9%,52.1%,0.1157,3.5,0.0,51.1%,48.9%,0.1157,4.5,1.0,48.0%,52.0%,0.1157,3.5,0.0,53.5%,46.5%,0.1157,-0.2,-0.85,-0.14,-2.3,1.77,1.4,2.0,0.0219,100.0%
177,Jalen Green,PRA,28.0,OVER,PrizePicks,,,62.4%,17.61,,,-0.0238,,0.5162,0,6,-0.0238,0.1077,1.0,6.8261,27.5,50.9%,105,Bovada,104,BetRivers,NEUTRAL,27.5,-0.5,50.3%,49.7%,0.0839,27.5,-0.5,50.2%,49.8%,0.0839,27.5,-0.5,52.3%,47.7%,0.0839,27.5,-0.5,49.5%,50.5%,0.0839,29.5,1.5,52.2%,47.8%,0.0839,29.5,1.5,55.2%,44.8%,0.0839,0.59,0.13,-1.01,0.8,2.92,1.8,1.6,0.0234,100.0%
178,De'Aaron Fox,3PA,4.5,OVER,Underdog and PrizePicks,,,62.5%,17.55,,,0.0,,,0,0,,0.0854,1.0,-1.4928,,,,,,,,,,,,,,,,,,,,,,,,,,,,,,,,,,,,,,-2.09,-0.2,-0.37,-0.1,-0.92,1.0,1.2,0.0103,100.0%
179,Karl-Anthony Towns,PA,19.5,OVER,PrizePicks,,,66.4%,17.47,,,-0.0347,0.5053,0.5053,1,1,-0.0347,0.1586,1.0,-2.4178,19.5,50.5%,-118,FanDuel,-112,FanDuel,NEUTRAL,19.5,0.0,50.5%,49.5%,0.1239,,,,,,,,,,,,,,,,,,,,,,,,,,-0.71,-0.81,-0.46,-3.9,0.46,1.4,1.6,0.0023,100.0%
180,Jalen Green,TOV,2.5,UNDER,Underdog,,0.87x,62.7%,17.37,,,0.0,,,0,0,,0.0866,1.0,-0.8211,,,,,,,,,,,,,,,,,,,,,,,,,,,,,,,,,,,,,,-0.47,-0.79,-1.86,-0.5,0.2,1.0,1.6,0.0374,100.0%
181,Paul George,SB,1.5,OVER,PrizePicks,Goblin,,62.1%,17.36,,,0.0,,,0,0,,0.0809,1.0,-0.7304,,,,,,,,,,,,,,,,,,,,,,,,,,,,,,,,,,,,,,-0.45,-1.19,-2.12,-1.5,0.93,1.6,2.0,0.0078,100.0%
182,Coby White,RA,6.0,OVER,PrizePicks,,,66.7%,17.32,,,-0.0335,,0.5065,0,3,-0.0335,0.1607,1.0,-3.5624,6.5,40.8%,185,Bovada,-145,FanDuel,NEUTRAL,6.5,0.5,50.8%,49.2%,0.1272,6.5,0.5,50.7%,49.3%,0.1272,,,,,,,,,,,7.5,1.5,50.4%,49.6%,0.1272,,,,,,-0.52,-0.55,-2.21,-2.0,0.12,0.8,0.8,0.0114,100.0%
183,Coby White,3PA,5.5,OVER,Underdog and PrizePicks,,,61.9%,17.21,,,0.0,,,0,0,,0.0793,1.0,-0.3931,,,,,,,,,,,,,,,,,,,,,,,,,,,,,,,,,,,,,,-0.6,-0.67,-0.15,-1.3,0.13,1.0,1.2,0.0118,100.0%
184,Tyrese Maxey,RA,10.5,UNDER,Underdog,,0.86x,59.1%,17.2,,,0.0169,0.5542,0.5569,3,4,0.0142,0.0364,1.0,3.3518,10.5,53.0%,115,Bovada,105,DraftKings,NEUTRAL,10.5,0.0,44.8%,55.2%,0.0506,9.5,-1.0,43.5%,56.5%,0.0506,,,,,,,,,,,10.5,0.0,43.7%,56.3%,0.0506,10.5,0.0,45.2%,54.8%,0.0506,0.1,-0.25,0.21,-0.7,0.99,1.4,1.6,0.0117,100.0%
185,Jalen Brunson,PR,26.5,OVER,PrizePicks,,,64.6%,17.13,,,-0.0253,0.5147,0.5147,1,1,-0.0253,0.1312,1.0,-0.8747,26.5,51.5%,-122,FanDuel,-108,FanDuel,NEUTRAL,26.5,0.0,51.5%,48.5%,0.1059,,,,,,,,,,,,,,,,,,,,,,,,,,-0.71,-0.21,0.5,-0.9,-2.16,1.4,1.2,0.0023,100.0%
186,Joel Embiid,RA,10.5,OVER,PrizePicks,Goblin,,62.5%,17.07,,,0.0178,0.5319,0.5578,1,4,-0.0081,0.0933,1.0,0.3374,11.5,46.9%,115,Bovada,100,DraftKings,FAVORABLE,11.5,1.0,57.1%,42.9%,0.0852,10.5,0.0,53.2%,46.8%,0.0852,,,,,,,,,,,11.5,1.0,55.5%,44.5%,0.0852,11.5,1.0,57.3%,42.7%,0.0852,-0.73,-1.77,0.06,-2.5,1.47,1.8,2.0,0.0163,100.0%
187,Coby White,FGA,11.5,OVER,PrizePicks,,,62.0%,16.92,,,0.0,,,0,0,,0.0799,1.0,-0.9288,,,,,,,,,,,,,,,,,,,,,,,,,,,,,,,,,,,,,,-1.04,-0.98,-0.13,-1.3,-0.08,1.0,1.6,0.0162,100.0%
188,Julius Randle,TOV,3.5,UNDER,Underdog,,1.04x,61.7%,16.86,,,0.0,,,0,0,,0.0772,1.0,-0.3443,,,,,,,,,,,,,,,,,,,,,,,,,,,,,,,,,,,,,,-0.54,0.35,-1.0,0.5,-1.26,0.8,0.8,0.0149,100.0%
189,Rudy Gobert,FTM,2.5,UNDER,Underdog,,1.03x,61.3%,16.78,,,0.0,,,0,0,,0.0726,1.0,0.4864,,,,,,,,,,,,,,,,,,,,,,,,,,,,,,,,,,,,,,-0.23,-0.2,-0.33,-0.3,-0.04,0.8,0.8,0.0093,100.0%
190,LaMelo Ball,AST,7.5,UNDER,Underdog,,0.87x,58.1%,16.72,,,0.0263,0.5669,0.5663,4,6,0.0269,0.0139,1.0,3.1155,7.5,56.5%,200,Bovada,114,BetRivers,NEUTRAL,7.5,0.0,42.8%,57.2%,0.0409,7.5,0.0,43.7%,56.3%,0.0409,6.5,-1.0,42.4%,57.6%,0.0409,7.5,0.0,43.3%,56.7%,0.0409,8.5,1.0,44.6%,55.4%,0.0409,7.5,0.0,43.4%,56.6%,0.0409,-0.13,-0.09,0.96,-0.3,-0.12,1.6,1.2,0.0484,100.0%
191,Josh Giddey,PA,30.5,UNDER,PrizePicks,,,66.9%,16.7,,,-0.04,0.5,0.5,1,1,-0.04,0.1692,1.0,-3.5087,30.5,50.0%,-115,BetMGM,-115,BetMGM,NEUTRAL,,,,,,,,,,,,,,,,,,,,,,,,,,30.5,0.0,50.0%,50.0%,0.1292,-0.46,-0.79,-1.33,-6.7,2.77,1.4,1.6,0.0093,100.0%
192,Joel Embiid,TOV,2.5,OVER,Underdog and PrizePicks,Goblin,0.85x,62.0%,16.53,,,0.0,,,0,0,,0.0804,1.0,-2.3003,,,,,,,,,,,,,,,,,,,,,,,,,,,,,,,,,,,,,,-0.63,-0.4,-3.0,-0.3,-0.17,1.0,1.2,0.0072,100.0%
193,Victor Wembanyama,FTM,5.5,UNDER,Underdog,,0.83x,60.7%,16.45,,,0.0,,,0,0,,0.0673,1.0,2.2545,,,,,,,,,,,,,,,,,,,,,,,,,,,,,,,,,,,,,,0.02,-0.29,-0.57,-1.1,1.19,1.4,1.6,0.028,100.0%
194,VJ Edgecombe,REB,5.5,UNDER,Underdog,,0.84x,58.0%,16.37,,,0.0107,0.5532,0.5507,5,6,0.0132,0.0268,1.0,5.1133,5.5,57.6%,200,Bovada,-135,BetMGM,NEUTRAL,5.5,0.0,44.4%,55.6%,0.0399,5.5,0.0,44.3%,55.7%,0.0399,5.5,0.0,43.4%,56.6%,0.0399,5.5,0.0,44.7%,55.3%,0.0399,6.5,1.0,46.2%,53.8%,0.0399,5.5,0.0,46.5%,53.5%,0.0399,0.06,0.46,3.0,1.5,-1.3,1.0,0.4,0.0141,100.0%
195,Dyson Daniels,SB,1.5,OVER,PrizePicks,Goblin,,62.0%,16.29,,,0.0,,,0,0,,0.08,1.0,-0.4897,,,,,,,,,,,,,,,,,,,,,,,,,,,,,,,,,,,,,,-1.15,-1.74,-0.75,-1.3,0.44,2.0,2.0,0.0508,100.0%
196,Tyrese Maxey,3PM,2.5,OVER,Underdog,,0.78x,60.2%,16.26,,,0.0201,0.55,0.5601,5,6,0.01,0.0517,1.0,-0.1664,2.5,51.9%,160,Bovada,114,DraftKings,NEUTRAL,2.5,0.0,54.6%,45.4%,0.0617,2.5,0.0,56.2%,43.8%,0.0617,2.5,0.0,55.9%,44.1%,0.0617,2.5,0.0,54.9%,45.1%,0.0617,3.5,1.0,61.0%,39.0%,0.0617,2.5,0.0,53.5%,46.5%,0.0617,-0.7,-0.6,-0.46,-0.7,-0.11,1.2,1.2,0.0159,100.0%
197,Victor Wembanyama,PRA,39.5,UNDER,Underdog and PrizePicks,,,65.4%,16.17,,,-0.0365,0.496,0.5035,2,6,-0.044,0.1583,1.0,0.4919,39.0,49.6%,115,Bovada,105,BetRivers,NEUTRAL,39.5,0.0,50.0%,50.0%,0.1143,39.5,0.0,50.8%,49.2%,0.1143,38.5,-1.0,50.4%,49.6%,0.1143,38.5,-1.0,48.7%,51.3%,0.1143,41.5,2.0,52.3%,47.7%,0.1143,38.5,-1.0,45.7%,54.3%,0.1143,-0.16,-0.16,-0.5,-1.1,0.01,1.2,1.2,0.0033,100.0%
198,Jalen Brunson,PTS,23.5,OVER,PrizePicks,,,62.3%,15.92,,,-0.0117,,0.5283,0,1,-0.0117,0.0943,1.0,-0.7045,24.5,47.6%,-104,FanDuel,-128,FanDuel,FAVORABLE,24.5,1.0,52.8%,47.2%,0.0826,,,,,,,,,,,,,,,,,,,,,,,,,,-0.51,-0.4,0.31,-2.1,-0.61,1.4,1.2,0.0053,100.0%
199,Tyrese Maxey,AST,5.5,OVER,PrizePicks,Goblin,,57.2%,15.89,,,0.0683,0.5766,0.6083,1,6,0.0366,-0.0042,1.0,-0.1942,6.5,47.0%,180,Bovada,122,BetOnline.ag,FAVORABLE,6.5,1.0,62.8%,37.2%,0.0324,6.5,1.0,61.0%,39.0%,0.0324,6.5,1.0,60.6%,39.4%,0.0324,5.5,0.0,57.7%,42.3%,0.0324,7.5,2.0,61.0%,39.0%,0.0324,6.5,1.0,61.9%,38.1%,0.0324,-0.4,-0.17,-0.85,-0.5,-0.67,1.2,1.2,0.0257,100.0%
200,DeMar DeRozan,REB,2.5,OVER,Underdog and PrizePicks,,,63.9%,15.7,,,-0.0345,0.5055,0.5055,6,6,-0.0345,0.1337,1.0,1.1087,2.5,50.5%,-110,Bovada,105,BetMGM,NEUTRAL,2.5,0.0,50.0%,50.0%,0.0993,2.5,0.0,49.3%,50.7%,0.0993,2.5,0.0,50.0%,50.0%,0.0993,2.5,0.0,50.5%,49.5%,0.0993,2.5,0.0,48.9%,51.1%,0.0993,2.5,0.0,54.5%,45.5%,0.0993,-0.23,-0.14,-0.42,-0.3,-0.2,1.2,1.2,0.007,100.0%
201,VJ Edgecombe,STL,1.5,UNDER,Underdog,,0.75x,60.2%,15.57,,,0.0,,,0,0,,0.0619,1.0,2.2639,,,,,,,,,,,,,,,,,,,,,,,,,,,,,,,,,,,,,,-0.12,-0.79,0.25,-0.5,0.42,1.4,1.6,0.0332,100.0%
202,CJ McCollum,3PA,7.5,UNDER,Underdog,,0.89x,59.7%,15.56,,,0.0,,,0,0,,0.0572,1.0,2.4029,,,,,,,,,,,,,,,,,,,,,,,,,,,,,,,,,,,,,,-0.24,-0.03,0.81,-0.1,-0.63,1.4,1.2,0.0103,100.0%
203,Jalen Duren,FTA,6.5,UNDER,PrizePicks,,,60.8%,15.25,,,0.0,,,0,0,,0.0676,1.0,-1.1627,,,,,,,,,,,,,,,,,,,,,,,,,,,,,,,,,,,,,,-0.27,2.29,-3.0,3.1,-3.47,0.2,0.0,0.0091,100.0%
204,Josh Giddey,PRA,40.5,UNDER,PrizePicks,,,65.9%,15.22,,,-0.023,0.508,0.5171,1,2,-0.032,0.1509,1.0,-5.1569,41.0,53.5%,115,Bovada,-118,BetMGM,NEUTRAL,,,,,,,,,,,,,,,,,,,,,41.5,1.0,47.4%,52.6%,0.1189,40.5,0.0,49.2%,50.8%,0.1189,-0.51,-0.99,-0.62,-10.9,5.26,1.0,1.6,0.0258,100.0%
205,Tyrese Maxey,PR,27.5,OVER,Underdog and PrizePicks,,,65.4%,15.21,,,-0.0239,0.5111,0.5161,3,4,-0.0289,0.1432,1.0,-5.279,27.5,50.3%,-105,Bovada,-106,DraftKings,NEUTRAL,27.5,0.0,50.5%,49.5%,0.1143,27.5,0.0,51.7%,48.3%,0.1143,,,,,,,,,,,28.5,1.0,53.1%,46.9%,0.1143,27.5,0.0,51.1%,48.9%,0.1143,-1.78,-1.24,-0.07,-3.9,-1.68,1.8,1.6,0.0165,100.0%
206,Jalen Green,3PA,6.5,OVER,Underdog,,,60.8%,15.15,,,0.0,,,0,0,,0.0682,1.0,-1.1915,,,,,,,,,,,,,,,,,,,,,,,,,,,,,,,,,,,,,,-1.49,0.79,-1.16,0.5,-1.44,1.2,0.4,0.0161,100.0%
207,De'Aaron Fox,AST,5.5,OVER,Underdog,,0.88x,58.4%,15.01,,,0.0244,0.5492,0.5644,4,6,0.0092,0.0352,1.0,2.0665,5.5,50.6%,135,Bovada,115,BetRivers,NEUTRAL,5.5,0.0,54.2%,45.8%,0.0443,5.5,0.0,54.1%,45.9%,0.0443,5.5,0.0,56.7%,43.3%,0.0443,5.5,0.0,54.6%,45.4%,0.0443,6.5,1.0,57.3%,42.7%,0.0443,6.5,1.0,61.7%,38.3%,0.0443,-0.56,-0.07,0.25,-0.1,-0.65,1.6,1.6,0.0084,100.0%
208,Julius Randle,FTM,5.5,UNDER,Underdog and PrizePicks,,,59.5%,14.99,,,0.0,,,0,0,,0.0553,1.0,1.5729,,,,,,,,,,,,,,,,,,,,,,,,,,,,,,,,,,,,,,-0.16,-0.03,0.25,-0.1,-0.39,1.2,0.8,0.0055,100.0%
209,Stephon Castle,AST,7.5,UNDER,Underdog,,0.85x,60.6%,14.55,,,-0.0137,0.5287,0.5263,5,6,-0.0113,0.077,1.0,1.0231,7.5,55.1%,180,Bovada,-122,BetRivers,NEUTRAL,7.5,0.0,47.1%,52.9%,0.0657,7.5,0.0,45.6%,54.4%,0.0657,7.5,0.0,49.1%,50.9%,0.0657,7.5,0.0,46.3%,53.7%,0.0657,8.5,1.0,48.6%,51.4%,0.0657,7.5,0.0,47.6%,52.4%,0.0657,-0.18,0.75,-0.17,1.5,-1.87,0.6,0.4,0.0029,100.0%
210,Devin Booker,STL,0.5,OVER,PrizePicks,Goblin,,60.2%,14.53,,,0.0,,,0,0,,0.0622,1.0,0.0932,,,,,,,,,,,,,,,,,,,,,,,,,,,,,,,,,,,,,,-0.41,0.12,-0.3,0.1,-0.42,0.6,0.4,0.0329,100.0%
211,Devin Booker,AST,6.5,UNDER,Underdog and PrizePicks,,,61.7%,14.51,,,-0.0261,0.5174,0.5139,5,6,-0.0226,0.0996,1.0,1.8621,6.5,54.0%,170,Bovada,-122,FanDuel,NEUTRAL,6.5,0.0,48.5%,51.5%,0.0769,6.5,0.0,47.7%,52.3%,0.0769,6.5,0.0,48.7%,51.3%,0.0769,6.5,0.0,48.4%,51.6%,0.0769,7.5,1.0,50.3%,49.7%,0.0769,6.5,0.0,48.0%,52.0%,0.0769,-0.32,-0.41,0.74,-0.7,0.15,1.2,1.2,0.0156,100.0%
212,Tyrese Maxey,SB,2.5,UNDER,Underdog,,0.88x,59.1%,14.49,,,0.0,,,0,0,,0.0509,1.0,2.091,,,,,,,,,,,,,,,,,,,,,,,,,,,,,,,,,,,,,,0.27,0.98,-0.51,1.3,-0.95,0.6,0.4,0.0113,100.0%
213,Karl-Anthony Towns,REB,10.5,OVER,PrizePicks,,,64.6%,14.44,,,-0.0453,0.4947,0.4947,1,1,-0.0453,0.1513,1.0,0.392,10.5,49.5%,-112,FanDuel,-118,FanDuel,NEUTRAL,10.5,0.0,49.5%,50.5%,0.106,,,,,,,,,,,,,,,,,,,,,,,,,,-0.29,-0.28,-0.89,-1.3,-0.06,1.6,1.6,0.016,100.0%
214,Tobias Harris,PTS,14.5,UNDER,Underdog,,0.89x,60.6%,14.42,,,-0.0157,0.5225,0.5243,3,6,-0.0175,0.0832,1.0,2.8275,14.5,53.5%,205,Bovada,102,BetRivers,NEUTRAL,14.5,0.0,48.3%,51.7%,0.0657,14.5,0.0,47.2%,52.8%,0.0657,13.5,-1.0,47.0%,53.0%,0.0657,14.5,0.0,47.8%,52.2%,0.0657,17.5,3.0,51.1%,48.9%,0.0657,13.5,-1.0,44.1%,55.9%,0.0657,-0.25,-0.19,1.5,-0.9,-0.33,1.4,1.6,0.0066,100.0%
215,Joel Embiid,FTM,7.5,UNDER,Underdog,,1.03x,59.4%,14.4,,,0.0,,,0,0,,0.0543,1.0,0.5216,,,,,,,,,,,,,,,,,,,,,,,,,,,,,,,,,,,,,,-0.07,0.13,-0.4,0.3,-0.45,0.6,0.4,0.0028,100.0%
216,Paul George,PRA,25.0,UNDER,PrizePicks,,,61.1%,14.35,,,-0.0205,,0.5195,0,6,-0.0205,0.091,1.0,3.94,24.5,51.9%,125,Bovada,-108,FanDuel,NEUTRAL,24.5,-0.5,49.0%,51.0%,0.0705,24.5,-0.5,47.8%,52.2%,0.0705,25.5,0.5,47.7%,52.3%,0.0705,24.5,-0.5,47.3%,52.7%,0.0705,26.5,1.5,49.1%,50.9%,0.0705,24.5,-0.5,47.5%,52.5%,0.0705,0.03,0.28,0.95,2.8,-2.51,1.2,1.2,0.0402,100.0%
217,Jalen Brunson,REB,2.5,OVER,PrizePicks,,,60.6%,14.33,,,-0.012,0.528,0.528,1,1,-0.012,0.0779,1.0,0.7907,2.5,52.8%,-130,FanDuel,-102,FanDuel,NEUTRAL,2.5,0.0,52.8%,47.2%,0.0659,,,,,,,,,,,,,,,,,,,,,,,,,,-0.5,0.41,0.13,0.7,-1.55,1.2,0.4,0.0034,100.0%
218,Isaiah Hartenstein,RA,11.5,OVER,PrizePicks,,,62.0%,14.09,,,-0.0213,0.5187,0.5187,1,1,-0.0213,0.1008,1.0,-0.5002,11.5,51.9%,-125,FanDuel,-106,FanDuel,NEUTRAL,11.5,0.0,51.9%,48.1%,0.0795,,,,,,,,,,,,,,,,,,,,,,,,,,-0.25,-0.82,-0.37,-6.1,4.24,1.2,1.6,0.0075,100.0%
219,Ausar Thompson,PA,14.0,UNDER,PrizePicks,,,61.9%,14.08,,,-0.0287,,0.5113,0,4,-0.0287,0.1075,1.0,1.7278,13.5,49.2%,105,Bovada,100,FanDuel,NEUTRAL,13.5,-0.5,49.4%,50.6%,0.0788,13.5,-0.5,48.2%,51.8%,0.0788,,,,,,,,,,,14.5,0.5,49.7%,50.3%,0.0788,13.5,-0.5,48.2%,51.8%,0.0788,-0.21,-0.08,-0.17,-0.4,-0.62,1.6,1.6,0.0047,100.0%
220,Victor Wembanyama,TOV,2.5,UNDER,Underdog,,0.77x,58.8%,14.03,,,0.0,,,0,0,,0.0483,1.0,1.6227,,,,,,,,,,,,,,,,,,,,,,,,,,,,,,,,,,,,,,-0.0,-0.71,-0.66,-0.7,0.7,1.4,1.6,0.0059,100.0%
221,Ace Bailey,PA,20.5,OVER,PrizePicks,,,60.0%,14.01,,,-0.0418,0.5007,0.4982,2,3,-0.0393,0.0995,1.0,10.2222,20.5,48.2%,110,Bovada,-115,DraftKings,NEUTRAL,,,,,,20.5,0.0,49.9%,50.1%,0.0602,,,,,,,,,,,21.5,1.0,49.3%,50.7%,0.0602,20.5,0.0,50.3%,49.7%,0.0602,0.54,-0.77,3.0,-7.5,12.75,1.0,1.2,0.0091,100.0%
222,Devin Booker,TOV,2.5,OVER,Underdog and PrizePicks,Goblin,,59.1%,13.98,,,0.0,,,0,0,,0.0512,1.0,0.58,,,,,,,,,,,,,,,,,,,,,,,,,,,,,,,,,,,,,,-0.54,0.23,0.0,0.3,-1.01,0.8,0.8,0.0033,100.0%
223,Rudy Gobert,PA,14.5,UNDER,PrizePicks,,,62.1%,13.88,,,-0.02,0.52,0.52,1,1,-0.02,0.1006,1.0,-0.1719,14.5,52.0%,-105,BetMGM,-125,BetMGM,NEUTRAL,,,,,,,,,,,,,,,,,,,,,,,,,,14.5,0.0,48.0%,52.0%,0.0806,-0.39,0.11,-0.15,0.5,-2.24,1.2,0.8,0.0367,100.0%
224,VJ Edgecombe,PTS,15.5,OVER,Underdog and PrizePicks,,,63.0%,13.85,,,-0.0418,0.5,0.4982,3,6,-0.04,0.1301,1.0,1.9715,15.5,47.4%,185,Bovada,116,BetRivers,NEUTRAL,15.5,0.0,50.0%,50.0%,0.0901,15.5,0.0,49.1%,50.9%,0.0901,14.5,-1.0,52.1%,47.9%,0.0901,16.5,1.0,49.6%,50.3%,0.0901,18.5,3.0,47.2%,52.8%,0.0901,15.5,0.0,50.9%,49.1%,0.0901,-0.06,-0.93,0.58,-9.7,9.08,1.4,1.6,0.0143,100.0%
225,Jalen Green,FGM,7.5,OVER,PrizePicks,,,57.9%,13.62,,,0.0,,,0,0,,0.0392,1.0,3.5149,,,,,,,,,,,,,,,,,,,,,,,,,,,,,,,,,,,,,,0.44,0.44,-0.46,0.9,0.0,1.4,0.8,0.0092,100.0%
226,Jalen Green,PA,23.5,OVER,Underdog and PrizePicks,,,61.5%,13.47,,,-0.0358,0.4987,0.5043,2,4,-0.0413,0.1167,1.0,5.2947,24.0,48.1%,110,Bovada,-114,DraftKings,NEUTRAL,23.5,0.0,49.5%,50.5%,0.0754,23.5,0.0,50.3%,49.7%,0.0754,,,,,,,,,,,24.5,1.0,49.3%,50.7%,0.0754,24.5,1.0,52.7%,47.3%,0.0754,0.57,0.1,-0.83,0.5,2.36,1.4,1.2,0.0054,100.0%
227,Brandon Miller,3PA,8.5,UNDER,Underdog,,1.07x,58.9%,13.43,,,0.0,,,0,0,,0.0493,1.0,1.6212,,,,,,,,,,,,,,,,,,,,,,,,,,,,,,,,,,,,,,-0.24,0.07,-0.05,0.1,-0.46,1.4,0.8,0.0352,100.0%
228,Tyrese Maxey,PTS,23.5,OVER,PrizePicks,,,66.1%,13.3,,,-0.0088,0.4893,0.5312,1,6,-0.0507,0.1722,1.0,-4.3687,24.5,45.5%,205,Bovada,-118,DraftKings,FAVORABLE,24.5,1.0,52.8%,47.2%,0.1215,24.5,1.0,54.3%,45.7%,0.1215,24.5,1.0,53.3%,46.7%,0.1215,24.5,1.0,53.3%,46.7%,0.1215,28.5,5.0,56.0%,44.0%,0.1215,23.5,0.0,48.9%,51.1%,0.1215,-1.28,-0.96,-0.06,-4.1,-1.37,1.8,1.6,0.0209,100.0%
229,Tyrese Maxey,PA,30.5,OVER,Underdog and PrizePicks,,,63.4%,13.23,,,-0.0298,0.5084,0.5102,3,4,-0.0316,0.1251,1.0,-3.1428,30.5,49.9%,100,Bovada,-109,DraftKings,NEUTRAL,30.5,0.0,50.5%,49.5%,0.0936,30.5,0.0,51.2%,48.8%,0.0936,,,,,,,,,,,31.5,1.0,51.5%,48.5%,0.0936,30.5,0.0,50.8%,49.2%,0.0936,-0.85,-0.51,-0.04,-3.1,-2.04,1.8,1.6,0.0064,100.0%
230,Jalen Green,REB,4.5,UNDER,Underdog,,0.83x,59.6%,13.22,,,-0.0206,0.5296,0.5194,5,6,-0.0104,0.066,1.0,1.2462,4.5,55.2%,180,Bovada,-125,BetRivers,NEUTRAL,4.5,0.0,46.3%,53.7%,0.0556,4.5,0.0,47.7%,52.3%,0.0556,4.5,0.0,48.4%,51.6%,0.0556,4.5,0.0,46.3%,53.7%,0.0556,5.5,1.0,53.1%,46.9%,0.0556,4.5,0.0,46.5%,53.5%,0.0556,-0.35,-0.12,0.17,-0.3,-0.56,1.2,1.2,0.0085,100.0%
231,Joel Embiid,PRA,37.5,OVER,Underdog,,,61.7%,13.09,,,-0.0265,0.509,0.5135,4,6,-0.031,0.1081,1.0,1.1206,37.5,48.4%,120,Bovada,-110,FanDuel,NEUTRAL,37.5,0.0,51.1%,48.9%,0.0771,37.5,0.0,50.9%,49.1%,0.0771,39.5,2.0,53.4%,46.6%,0.0771,37.5,0.0,50.5%,49.5%,0.0771,39.5,2.0,51.1%,48.9%,0.0771,37.5,0.0,51.1%,48.9%,0.0771,-0.21,-1.61,0.02,-6.7,5.82,1.8,2.0,0.0086,100.0%
232,Rudy Gobert,TOV,1.5,UNDER,PrizePicks,,,57.9%,12.99,,,0.0,,,0,0,,0.0393,1.0,1.9274,,,,,,,,,,,,,,,,,,,,,,,,,,,,,,,,,,,,,,-0.12,-0.26,0.25,-0.3,0.16,1.0,1.2,0.0029,100.0%
233,Shai Gilgeous-Alexander,PTS,30.5,UNDER,PrizePicks,,,59.2%,12.98,,,-0.0159,0.5241,0.5241,1,1,-0.0159,0.0684,1.0,3.195,30.5,52.4%,-104,FanDuel,-128,FanDuel,NEUTRAL,30.5,0.0,47.6%,52.4%,0.0525,,,,,,,,,,,,,,,,,,,,,,,,,,0.12,-0.34,0.31,-2.5,3.4,1.0,1.2,0.0072,100.0%
234,Isaiah Hartenstein,PA,10.5,OVER,PrizePicks,,,60.9%,12.98,,,-0.0159,0.5241,0.5241,1,1,-0.0159,0.0847,1.0,-1.4851,10.5,52.4%,-128,FanDuel,-104,FanDuel,NEUTRAL,10.5,0.0,52.4%,47.6%,0.0688,,,,,,,,,,,,,,,,,,,,,,,,,,-0.62,-0.29,0.36,-1.3,-1.44,1.0,0.8,0.005,100.0%
235,Devin Booker,FTA,8.5,UNDER,PrizePicks,,,58.7%,12.95,,,0.0,,,0,0,,0.0466,1.0,0.793,,,,,,,,,,,,,,,,,,,,,,,,,,,,,,,,,,,,,,-0.13,0.02,-0.59,0.1,-0.62,0.8,1.2,0.0232,100.0%
236,Tobias Harris,FTA,2.5,UNDER,PrizePicks,,,57.5%,12.94,,,0.0,,,0,0,,0.0351,1.0,3.516,,,,,,,,,,,,,,,,,,,,,,,,,,,,,,,,,,,,,,-0.01,-0.35,1.5,-0.5,0.48,1.2,1.2,0.0134,100.0%
237,Ace Bailey,3PM,2.5,UNDER,Underdog and PrizePicks,,1.03x,64.1%,12.9,,,-0.0522,0.4874,0.4878,5,6,-0.0526,0.1535,1.0,0.596,2.5,52.1%,200,Bovada,-105,BetMGM,NEUTRAL,2.5,0.0,51.1%,48.9%,0.1009,2.5,0.0,51.5%,48.5%,0.1009,2.5,0.0,50.9%,49.1%,0.1009,2.5,0.0,50.8%,49.2%,0.1009,3.5,1.0,51.0%,49.0%,0.1009,2.5,0.0,52.0%,48.0%,0.1009,-0.22,0.56,-0.75,1.5,-2.09,0.8,0.8,0.0099,100.0%
238,CJ McCollum,PR,23.5,UNDER,Underdog,,,58.3%,12.74,,,0.0,,,0,0,,0.0431,1.0,1.1643,,,,,,,,,,,,,,,,,,,,,,,,,,,,,,,,,,,,,,-0.35,0.03,1.03,0.1,-1.44,1.0,0.8,0.0193,100.0%
239,Joel Embiid,FGM,8.5,OVER,PrizePicks,Goblin,,58.1%,12.73,,,0.0,,,0,0,,0.0411,1.0,0.9624,,,,,,,,,,,,,,,,,,,,,,,,,,,,,,,,,,,,,,-0.32,-1.13,-0.2,-2.1,1.51,1.6,1.6,0.0042,100.0%
240,Ace Bailey,STL,0.5,OVER,PrizePicks,Goblin,,58.2%,12.62,,,0.0,,,0,0,,0.0419,1.0,0.9574,,,,,,,,,,,,,,,,,,,,,,,,,,,,,,,,,,,,,,-0.29,-0.4,0.0,-0.5,0.14,1.2,0.8,0.0128,100.0%
241,Donte DiVincenzo,PA,17.0,UNDER,PrizePicks,,,66.9%,12.62,,,-0.0729,,0.4671,0,4,-0.0729,0.202,1.0,-1.2079,17.5,51.7%,110,Bovada,-114,FanDuel,NEUTRAL,17.5,0.5,53.3%,46.7%,0.1292,17.5,0.5,53.0%,46.9%,0.1292,,,,,,,,,,,18.5,1.5,54.5%,45.5%,0.1292,17.5,0.5,52.2%,47.8%,0.1292,-0.12,-0.78,-3.0,-4.4,3.7,1.8,1.6,0.0213,100.0%
242,Joel Embiid,3PA,3.5,OVER,PrizePicks,Goblin,,58.4%,12.61,,,0.0,,,0,0,,0.0436,1.0,0.4404,,,,,,,,,,,,,,,,,,,,,,,,,,,,,,,,,,,,,,-0.25,-0.49,-0.75,-0.9,0.43,1.2,1.2,0.0124,100.0%
243,Rudy Gobert,BLK,1.5,OVER,Underdog and PrizePicks,Goblin,0.82x,56.5%,12.57,,,0.0169,0.5569,0.5569,4,4,0.0169,0.008,1.0,0.9552,1.5,55.7%,-135,Bovada,116,FanDuel,NEUTRAL,1.5,0.0,57.0%,43.0%,0.0249,1.5,0.0,54.6%,45.4%,0.0249,,,,,,,,,,,1.5,0.0,54.1%,45.9%,0.0249,1.5,0.0,57.0%,43.0%,0.0249,-0.12,-1.16,0.0,-1.7,1.53,0.8,1.6,0.0207,100.0%
244,Brandon Miller,RA,9.0,UNDER,PrizePicks,,,62.5%,12.52,,,-0.0402,,0.4998,0,4,-0.0402,0.1249,1.0,0.5663,9.0,50.0%,115,Bovada,104,FanDuel,NEUTRAL,8.5,-0.5,48.6%,51.4%,0.0847,8.5,-0.5,48.4%,51.5%,0.0847,,,,,,,,,,,9.5,0.5,49.4%,50.6%,0.0847,9.5,0.5,53.7%,46.3%,0.0847,-0.17,-0.07,-0.93,-0.2,-0.26,1.0,1.2,0.0081,100.0%
245,Naz Reid,REB,5.5,OVER,PrizePicks,Goblin,,50.5%,12.47,,,0.0597,,0.5997,0,6,0.0597,-0.0948,1.0,3.8574,6.5,43.9%,170,Bovada,-132,DraftKings,FAVORABLE,6.5,1.0,59.1%,40.9%,-0.0351,6.5,1.0,60.6%,39.4%,-0.0351,6.5,1.0,60.8%,39.2%,-0.0351,6.5,1.0,59.2%,40.8%,-0.0351,7.5,2.0,61.9%,38.1%,-0.0351,6.5,1.0,58.1%,41.9%,-0.0351,-0.21,-0.13,3.0,-0.5,-0.3,1.2,0.8,0.004,100.0%
246,Donte DiVincenzo,RA,7.5,UNDER,Underdog and PrizePicks,,,58.0%,12.43,,,-0.0056,0.5344,0.5344,4,4,-0.0056,0.0459,1.0,2.6773,7.5,53.4%,110,BetMGM,-115,FanDuel,NEUTRAL,7.5,0.0,49.6%,50.4%,0.0403,7.5,0.0,46.2%,53.8%,0.0403,,,,,,,,,,,7.5,0.0,45.9%,54.1%,0.0403,7.5,0.0,44.6%,55.4%,0.0403,0.38,-0.76,-1.0,-1.7,2.56,1.6,1.6,0.0121,100.0%
247,Victor Wembanyama,RA,14.5,UNDER,Underdog,,,62.5%,12.41,,,-0.0489,0.4969,0.4911,3,4,-0.0431,0.1276,1.0,1.3133,14.5,51.7%,120,Bovada,-106,FanDuel,NEUTRAL,14.5,0.0,51.5%,48.5%,0.0845,14.5,0.0,50.5%,49.5%,0.0845,,,,,,,,,,,15.5,1.0,52.6%,47.3%,0.0845,14.5,0.0,48.9%,51.1%,0.0845,-0.1,0.16,-0.86,0.5,-0.79,1.2,1.2,0.0086,100.0%
248,Coby White,FTA,3.5,OVER,PrizePicks,Goblin,,58.1%,12.34,,,0.0,,,0,0,,0.0415,1.0,0.7887,,,,,,,,,,,,,,,,,,,,,,,,,,,,,,,,,,,,,,-0.77,-0.84,0.98,-1.5,0.12,1.2,1.6,0.0189,100.0%
249,Myles Turner,FTA,1.5,OVER,PrizePicks,Goblin,,58.6%,12.29,,,0.0,,,0,0,,0.046,1.0,0.1738,,,,,,,,,,,,,,,,,,,,,,,,,,,,,,,,,,,,,,-0.83,-0.26,-0.37,-0.3,-0.67,1.4,1.2,0.0336,100.0%
250,Tobias Harris,RA,8.5,UNDER,Underdog and PrizePicks,,,58.3%,12.21,,,-0.0185,0.5292,0.5215,3,4,-0.0108,0.0534,1.0,2.8453,8.5,55.1%,145,Bovada,-118,DraftKings,NEUTRAL,8.5,0.0,47.6%,52.4%,0.0426,8.5,0.0,49.3%,50.7%,0.0426,,,,,,,,,,,9.5,1.0,50.1%,49.9%,0.0426,8.5,0.0,44.3%,55.7%,0.0426,-0.23,0.91,1.5,2.9,-3.63,1.0,0.4,0.0062,100.0%
251,Josh Hart,PRA,23.5,OVER,PrizePicks,,,61.9%,12.2,,,-0.0347,0.5053,0.5053,1,1,-0.0347,0.1138,1.0,-0.2312,23.5,50.5%,-118,FanDuel,-112,FanDuel,NEUTRAL,23.5,0.0,50.5%,49.5%,0.0791,,,,,,,,,,,,,,,,,,,,,,,,,,-0.15,-0.6,-1.38,-5.1,3.8,1.6,1.6,0.0059,100.0%
252,Tobias Harris,REB,5.5,UNDER,Underdog,,0.94x,57.8%,12.15,,,-0.0134,0.5345,0.5267,5,6,-0.0055,0.0431,1.0,3.0087,5.5,55.3%,165,Bovada,-122,DraftKings,NEUTRAL,5.5,0.0,46.7%,53.3%,0.0376,5.5,0.0,48.5%,51.5%,0.0376,5.5,0.0,45.7%,54.3%,0.0376,5.5,0.0,46.3%,53.7%,0.0376,6.5,1.0,51.3%,48.7%,0.0376,5.5,0.0,45.5%,54.5%,0.0376,-0.12,0.46,1.5,0.9,-1.13,1.0,0.4,0.0156,100.0%
253,Dyson Daniels,PTS,12.5,OVER,Underdog and PrizePicks,,,62.6%,12.05,,,-0.0486,0.4864,0.4914,4,6,-0.0536,0.1401,1.0,3.1357,12.5,47.1%,205,Bovada,118,BetRivers,NEUTRAL,12.5,0.0,50.0%,50.0%,0.0865,12.5,0.0,47.9%,52.1%,0.0865,11.5,-1.0,51.2%,48.8%,0.0865,12.5,0.0,48.7%,51.3%,0.0865,15.5,3.0,49.1%,50.9%,0.0865,12.5,0.0,48.0%,52.0%,0.0865,0.09,-0.06,0.33,-0.5,1.27,1.2,0.8,0.0072,100.0%
254,Jalen Duren,PA,24.5,UNDER,Underdog and PrizePicks,,,65.4%,12.04,,,-0.06,0.48,0.48,1,1,-0.06,0.1742,1.0,-2.6746,24.5,48.0%,-125,BetMGM,-105,BetMGM,NEUTRAL,,,,,,,,,,,,,,,,,,,,,,,,,,24.5,0.0,52.0%,48.0%,0.1142,-0.62,0.55,-1.56,2.9,-6.15,1.0,1.2,0.0087,100.0%
255,VJ Edgecombe,PRA,25.5,OVER,Underdog,,1.06x,65.8%,12.03,,,-0.0776,0.4616,0.4624,2,6,-0.0784,0.1967,1.0,1.9105,25.0,48.3%,125,Bovada,108,BetRivers,NEUTRAL,24.5,-1.0,46.4%,53.6%,0.1183,24.5,-1.0,45.8%,54.2%,0.1183,23.5,-2.0,47.1%,52.9%,0.1183,25.5,0.0,44.7%,55.3%,0.1183,26.5,1.0,45.8%,54.2%,0.1183,25.5,0.0,47.6%,52.4%,0.1183,-0.03,-0.95,0.23,-12.5,12.15,1.4,1.6,0.0132,100.0%
256,Tobias Harris,STL,0.5,OVER,PrizePicks,Goblin,,57.2%,12.03,,,0.0,,,0,0,,0.0323,1.0,2.1554,,,,,,,,,,,,,,,,,,,,,,,,,,,,,,,,,,,,,,-0.77,-0.2,1.5,-0.1,-0.28,0.8,1.2,0.0067,100.0%
257,Devin Booker,FGM,8.5,OVER,PrizePicks,,,58.3%,11.93,,,0.0,,,0,0,,0.0428,1.0,0.7769,,,,,,,,,,,,,,,,,,,,,,,,,,,,,,,,,,,,,,0.06,0.43,-1.86,1.1,-0.95,1.2,0.8,0.0422,100.0%
258,Jalen Johnson,PRA,43.5,UNDER,Underdog and PrizePicks,,,63.6%,11.87,,,-0.0449,0.4947,0.4951,2,6,-0.0454,0.1411,1.0,-1.0579,43.5,49.5%,110,Bovada,114,BetRivers,NEUTRAL,42.5,-1.0,47.8%,52.2%,0.0957,43.5,0.0,50.8%,49.2%,0.0957,41.5,-2.0,49.2%,50.8%,0.0957,43.5,0.0,50.3%,49.7%,0.0957,45.5,2.0,52.0%,48.0%,0.0957,44.5,1.0,52.9%,47.1%,0.0957,-0.22,-0.36,-0.61,-3.7,1.43,1.2,1.2,0.0323,100.0%
259,Ace Bailey,PRA,24.5,OVER,Underdog,,0.85x,57.2%,11.68,,,-0.0093,0.5213,0.5307,1,5,-0.0187,0.0506,1.0,8.1286,25.5,48.8%,110,Bovada,-104,FanDuel,FAVORABLE,24.5,0.0,52.1%,47.9%,0.0319,25.5,1.0,53.5%,46.5%,0.0319,,,,,,25.5,1.0,52.7%,47.3%,0.0319,26.5,2.0,53.1%,46.9%,0.0319,25.5,1.0,54.0%,46.0%,0.0319,0.49,-1.0,1.33,-10.3,15.4,1.0,1.2,0.0258,100.0%
260,Julius Randle,SB,1.5,UNDER,PrizePicks,,,57.2%,11.62,,,0.0,,,0,0,,0.0325,1.0,1.0248,,,,,,,,,,,,,,,,,,,,,,,,,,,,,,,,,,,,,,-0.13,0.88,-1.0,0.9,-1.03,1.0,0.4,0.0016,100.0%
261,CJ McCollum,RA,7.5,UNDER,Underdog,,1.07x,56.9%,11.61,,,0.0,,,0,0,,0.0294,1.0,2.1215,,,,,,,,,,,,,,,,,,,,,,,,,,,,,,,,,,,,,,-0.13,0.03,-0.0,0.1,-0.48,1.4,1.2,0.0063,100.0%
262,Tyrese Maxey,AST,6.5,UNDER,Underdog,,0.87x,58.7%,11.58,,,-0.009,0.5233,0.531,4,6,-0.0167,0.0633,1.0,3.028,6.5,53.0%,180,Bovada,122,BetOnline.ag,NEUTRAL,6.5,0.0,48.9%,51.1%,0.0466,6.5,0.0,47.1%,52.9%,0.0466,6.5,0.0,46.7%,53.3%,0.0466,5.5,-1.0,43.6%,56.4%,0.0466,7.5,1.0,47.1%,52.9%,0.0466,6.5,0.0,48.0%,52.0%,0.0466,0.06,-0.17,0.17,-0.5,0.67,1.2,1.6,0.0224,100.0%
263,Jalen Duren,PTS,22.5,UNDER,Underdog and PrizePicks,,,63.7%,11.53,,,-0.0508,0.4968,0.4892,5,6,-0.0432,0.1407,1.0,-3.9893,22.5,53.0%,210,Bovada,-110,BetMGM,NEUTRAL,22.5,0.0,50.4%,49.6%,0.0975,22.5,0.0,50.1%,49.9%,0.0975,22.5,0.0,50.0%,50.0%,0.0975,22.5,0.0,50.0%,50.0%,0.0975,26.5,4.0,54.9%,45.1%,0.0975,22.5,0.0,51.1%,48.9%,0.0975,-0.91,0.63,-1.69,2.1,-5.12,0.6,0.4,0.0101,100.0%
264,Ace Bailey,FTA,1.5,OVER,PrizePicks,Goblin,,57.6%,11.42,,,0.0,,,0,0,,0.0357,1.0,1.5928,,,,,,,,,,,,,,,,,,,,,,,,,,,,,,,,,,,,,,0.08,-0.43,0.25,-1.7,2.0,0.6,0.8,0.0387,100.0%
265,Rudy Gobert,FTM,1.5,OVER,PrizePicks,Goblin,,57.3%,11.33,,,0.0,,,0,0,,0.0332,1.0,0.8194,,,,,,,,,,,,,,,,,,,,,,,,,,,,,,,,,,,,,,-0.45,-0.48,0.0,-0.7,0.04,1.2,1.2,0.0131,100.0%
266,Miles Bridges,RA,8.5,UNDER,Underdog,,0.86x,56.5%,11.27,,,-0.0033,0.5368,0.5368,4,4,-0.0032,0.0286,1.0,3.6509,8.5,53.7%,108,FanDuel,-118,BetMGM,NEUTRAL,8.5,0.0,44.8%,55.2%,0.0253,8.5,0.0,45.4%,54.6%,0.0253,,,,,,,,,,,8.5,0.0,45.9%,54.1%,0.0253,8.5,0.0,49.2%,50.8%,0.0253,0.17,-0.14,0.4,-0.5,1.12,1.4,1.2,0.0087,100.0%
267,Victor Wembanyama,REB,11.5,UNDER,Underdog and PrizePicks,,,60.0%,11.22,,,-0.0201,0.512,0.5199,4,6,-0.028,0.0876,1.0,1.4018,11.5,52.0%,145,Bovada,105,BetMGM,NEUTRAL,11.5,0.0,49.6%,50.4%,0.0596,11.5,0.0,48.4%,51.6%,0.0596,11.5,0.0,49.7%,50.3%,0.0596,11.5,0.0,47.5%,52.5%,0.0596,12.5,1.0,50.5%,49.5%,0.0596,10.5,-1.0,42.4%,57.6%,0.0596,-0.09,0.03,-0.07,0.1,-0.38,1.0,0.8,0.009,100.0%
268,CJ McCollum,REB,3.5,UNDER,Underdog and PrizePicks,,,56.5%,11.16,,,0.0,,,0,0,,0.0246,1.0,2.5363,,,,,,,,,,,,,,,,,,,,,,,,,,,,,,,,,,,,,,-0.09,-0.35,0.7,-0.5,0.38,1.2,1.2,0.0059,100.0%
269,Victor Wembanyama,AST,2.5,OVER,PrizePicks,Goblin,,50.9%,11.06,,,0.0641,0.5792,0.6041,2,6,0.0392,-0.07,1.0,5.9662,3.5,45.8%,150,Bovada,124,BetOnline.ag,FAVORABLE,3.5,1.0,61.8%,38.2%,-0.0308,2.5,0.0,57.8%,42.2%,-0.0308,3.5,1.0,63.0%,37.0%,-0.0308,2.5,0.0,58.0%,42.0%,-0.0308,3.5,1.0,59.4%,40.6%,-0.0308,3.5,1.0,62.4%,37.6%,-0.0308,-0.3,-0.55,4.5,-0.9,0.42,1.2,1.6,0.0035,100.0%
270,Naz Reid,STL,0.5,OVER,PrizePicks,Goblin,,56.0%,10.99,,,0.0,,,0,0,,0.0199,1.0,3.4425,,,,,,,,,,,,,,,,,,,,,,,,,,,,,,,,,,,,,,-0.53,-0.56,3.0,-0.5,0.03,0.8,1.2,0.0049,100.0%
271,Paul George,AST,3.5,OVER,Underdog and PrizePicks,Goblin,0.85x,59.0%,10.9,,,0.0175,0.5369,0.5575,5,6,-0.0031,0.0532,1.0,-3.6663,3.5,50.9%,155,Bovada,112,BetRivers,NEUTRAL,3.5,0.0,51.9%,48.1%,0.0501,3.5,0.0,53.8%,46.2%,0.0501,3.5,0.0,56.1%,43.9%,0.0501,3.5,0.0,53.2%,46.8%,0.0501,4.5,1.0,66.1%,33.9%,0.0501,3.5,0.0,53.5%,46.5%,0.0501,-0.2,-0.46,-6.0,-0.5,0.29,1.6,1.6,0.0167,100.0%
272,Devin Booker,3PA,5.5,OVER,Underdog,,1.04x,58.1%,10.9,,,0.0,,,0,0,,0.041,1.0,-2.1915,,,,,,,,,,,,,,,,,,,,,,,,,,,,,,,,,,,,,,-0.19,0.26,-4.04,0.3,-0.52,1.2,0.8,0.0137,100.0%
273,DeMar DeRozan,PR,19.5,OVER,Underdog and PrizePicks,,,59.8%,10.85,,,-0.025,0.5169,0.5151,3,4,-0.0231,0.0811,1.0,-0.6298,19.5,50.5%,100,Bovada,-104,FanDuel,NEUTRAL,19.5,0.0,52.4%,47.6%,0.058,19.5,0.0,51.6%,48.4%,0.058,,,,,,,,,,,20.5,1.0,50.9%,49.1%,0.058,19.5,0.0,51.1%,48.9%,0.058,-0.16,0.3,-0.03,3.7,-5.64,0.8,0.4,0.0037,100.0%
274,Jalen Williams,RA,8.5,OVER,PrizePicks,Goblin,,56.5%,10.82,,,0.0156,0.5556,0.5556,1,1,0.0156,0.0092,1.0,-2.854,8.5,55.6%,-147,FanDuel,110,FanDuel,NEUTRAL,8.5,0.0,55.6%,44.4%,0.0248,,,,,,,,,,,,,,,,,,,,,,,,,,-0.46,-0.03,-3.0,-0.1,-1.47,1.0,1.2,0.0068,100.0%
275,VJ Edgecombe,3PM,1.5,OVER,Underdog and PrizePicks,Goblin,0.78x,52.2%,10.76,,,0.048,0.5961,0.588,5,6,0.0561,-0.0738,0.5,3.4195,1.5,55.2%,185,Bovada,143,BetRivers,NEUTRAL,1.5,0.0,61.4%,38.6%,-0.0177,1.5,0.0,58.6%,41.4%,-0.0177,1.5,0.0,61.8%,38.2%,-0.0177,1.5,0.0,58.7%,41.3%,-0.0177,2.5,1.0,54.7%,45.3%,-0.0177,1.5,0.0,57.6%,42.4%,-0.0177,-0.22,-0.61,3.0,-1.5,0.95,0.6,1.2,0.0394,50.0%
276,Kon Knueppel,RA,8.5,UNDER,Underdog,,0.86x,57.5%,10.75,,,-0.015,0.5263,0.5251,3,4,-0.0137,0.0488,1.0,3.0321,8.5,55.1%,150,Bovada,-123,DraftKings,NEUTRAL,8.5,0.0,47.2%,52.8%,0.0351,8.5,0.0,48.4%,51.6%,0.0351,,,,,,,,,,,9.5,1.0,47.9%,52.1%,0.0351,8.5,0.0,46.5%,53.5%,0.0351,0.06,0.22,0.05,1.1,-0.79,1.2,1.2,0.009,100.0%
277,Rudy Gobert,PTS,12.5,UNDER,Underdog and PrizePicks,,,61.1%,10.68,,,-0.0652,0.4991,0.4748,3,6,-0.0409,0.112,1.0,0.5935,13.0,53.8%,170,Bovada,-110,BetMGM,NEUTRAL,12.5,0.0,48.9%,51.1%,0.0711,13.5,1.0,54.4%,45.6%,0.0711,13.5,1.0,53.0%,46.9%,0.0711,12.5,0.0,50.3%,49.7%,0.0711,15.5,3.0,57.4%,42.6%,0.0711,12.5,0.0,51.1%,48.9%,0.0711,-0.3,0.35,-0.0,1.7,-3.16,1.2,0.8,0.0012,100.0%
278,Kon Knueppel,AST,3.5,UNDER,Underdog,,0.79x,53.9%,10.66,,,0.0231,0.5631,0.5631,6,6,0.0231,-0.0242,1.0,2.1958,3.5,56.3%,120,BetMGM,-145,BetOnline.ag,NEUTRAL,3.5,0.0,43.3%,56.7%,-0.0011,3.5,0.0,44.3%,55.7%,-0.0011,3.5,0.0,43.2%,56.8%,-0.0011,3.5,0.0,44.4%,55.6%,-0.0011,3.5,0.0,44.6%,55.4%,-0.0011,3.5,0.0,42.4%,57.6%,-0.0011,-0.01,0.44,-0.0,0.9,-0.93,1.0,0.8,0.0138,100.0%
279,Josh Giddey,PTS,19.5,UNDER,PrizePicks,,,58.2%,10.66,,,0.0,,,0,0,,0.0422,1.0,-3.2829,,,,,,,,,,,,,,,,,,,,,,,,,,,,,,,,,,,,,,-0.34,-1.16,-2.45,-7.3,5.17,1.2,1.6,0.0083,100.0%
280,LaMelo Ball,PR,24.5,OVER,Underdog,,,59.5%,10.66,,,-0.0074,0.512,0.5326,1,4,-0.028,0.0828,1.0,1.8051,25.5,49.2%,100,Bovada,-109,DraftKings,FAVORABLE,25.5,1.0,53.0%,47.0%,0.0548,24.5,0.0,51.2%,48.8%,0.0548,,,,,,,,,,,25.5,1.0,52.4%,47.6%,0.0548,25.5,1.0,56.5%,43.5%,0.0548,-0.01,-1.23,-0.29,-4.9,4.84,1.4,2.0,0.0124,100.0%
281,Victor Wembanyama,FGM,8.5,UNDER,PrizePicks,,,56.6%,10.63,,,0.0,,,0,0,,0.0262,1.0,1.0742,,,,,,,,,,,,,,,,,,,,,,,,,,,,,,,,,,,,,,-0.11,0.2,-0.67,0.3,-0.46,0.6,1.2,0.0067,100.0%
282,Rudy Gobert,FTA,3.5,OVER,PrizePicks,Goblin,,56.5%,10.58,,,0.0,,,0,0,,0.0252,1.0,1.5733,,,,,,,,,,,,,,,,,,,,,,,,,,,,,,,,,,,,,,-0.31,0.05,0.25,0.1,-0.71,1.0,1.2,0.0134,100.0%
283,Dyson Daniels,AST,5.5,UNDER,Underdog,,0.88x,57.4%,10.51,,,-0.0155,0.5258,0.5245,5,6,-0.0142,0.0477,1.0,2.9426,5.5,54.9%,180,Bovada,-120,BetMGM,NEUTRAL,5.5,0.0,46.3%,53.7%,0.0336,5.5,0.0,48.3%,51.7%,0.0336,5.5,0.0,46.1%,53.9%,0.0336,5.5,0.0,47.5%,52.5%,0.0336,6.5,1.0,48.2%,51.8%,0.0336,5.5,0.0,48.9%,51.1%,0.0336,0.24,-0.9,-0.0,-1.5,1.9,1.6,1.6,0.0055,100.0%
284,Miles Bridges,FTM,1.5,OVER,PrizePicks,Goblin,,57.7%,10.44,,,0.0,,,0,0,,0.0371,1.0,-2.0756,,,,,,,,,,,,,,,,,,,,,,,,,,,,,,,,,,,,,,-2.0,0.79,-0.8,0.5,-1.76,0.8,0.4,0.0126,100.0%
285,De'Aaron Fox,PA,22.0,OVER,PrizePicks,,,66.0%,10.43,,,-0.0742,,0.4658,0,4,-0.0742,0.1946,1.0,-3.221,21.5,49.7%,105,Bovada,-106,FanDuel,NEUTRAL,21.5,-0.5,48.7%,51.3%,0.1204,21.5,-0.5,47.6%,52.3%,0.1204,,,,,,,,,,,22.5,0.5,49.1%,50.9%,0.1204,20.5,-1.5,40.9%,59.1%,0.1204,-1.4,-0.18,-0.5,-0.4,-2.74,1.2,0.8,0.0114,100.0%
286,Kon Knueppel,SB,0.5,OVER,PrizePicks,Goblin,,57.1%,10.4,,,0.0,,,0,0,,0.0313,1.0,-0.3481,,,,,,,,,,,,,,,,,,,,,,,,,,,,,,,,,,,,,,-0.37,-0.08,-0.25,-0.1,-0.34,0.4,0.4,0.0161,100.0%
287,Isaiah Hartenstein,PRA,19.5,OVER,PrizePicks,,,62.1%,10.37,,,-0.04,0.5,0.5,1,1,-0.04,0.1212,1.0,-1.7982,19.5,50.0%,-114,FanDuel,-114,FanDuel,NEUTRAL,19.5,0.0,50.0%,50.0%,0.0812,,,,,,,,,,,,,,,,,,,,,,,,,,-0.36,-0.46,0.18,-4.3,0.94,1.0,1.2,0.0279,100.0%
288,DeMar DeRozan,3PM,0.5,UNDER,Underdog,,0.75x,56.0%,10.33,,,0.0,,,0,0,,0.0205,1.0,3.889,,,,,,,,,,,,,,,,,,,,,,,,,,,,,,,,,,,,,,6.0,-6.0,-0.0,-0.5,0.59,1.8,2.0,0.0434,100.0%
289,Devin Booker,PTS,25.5,OVER,Underdog,,,59.5%,10.28,,,-0.0079,0.5148,0.5321,3,6,-0.0252,0.0805,1.0,-0.3108,26.0,46.9%,200,Bovada,-103,BetRivers,NEUTRAL,25.5,0.0,51.5%,48.5%,0.0552,26.5,1.0,53.1%,46.9%,0.0552,25.5,0.0,53.0%,47.0%,0.0552,26.5,1.0,53.7%,46.3%,0.0552,30.5,5.0,58.0%,42.0%,0.0552,25.5,0.0,50.0%,50.0%,0.0552,0.0,0.33,-2.27,2.1,-2.07,1.2,0.4,0.0047,100.0%
290,Jalen Johnson,PTS,24.5,UNDER,Underdog and PrizePicks,,,60.9%,10.22,,,-0.0355,0.5049,0.5046,3,6,-0.0351,0.1037,1.0,-0.4343,24.5,51.3%,180,Bovada,120,BetRivers,NEUTRAL,23.5,-1.0,47.0%,53.0%,0.0686,24.5,0.0,50.8%,49.2%,0.0686,22.5,-2.0,47.1%,52.9%,0.0686,24.5,0.0,49.7%,50.3%,0.0686,28.5,4.0,54.6%,45.4%,0.0686,24.5,0.0,48.0%,52.0%,0.0686,-0.28,-0.4,-0.55,-2.3,0.69,1.2,1.2,0.0203,100.0%
291,Jalen Green,FTM,2.5,UNDER,Underdog,,0.81x,56.6%,10.17,,,0.0,,,0,0,,0.0264,1.0,1.6348,,,,,,,,,,,,,,,,,,,,,,,,,,,,,,,,,,,,,,-0.17,0.17,-0.27,0.3,-0.6,1.0,1.2,0.0377,100.0%
292,Miles Bridges,FGM,5.5,OVER,PrizePicks,,,56.5%,10.05,,,0.0,,,0,0,,0.0249,1.0,0.8779,,,,,,,,,,,,,,,,,,,,,,,,,,,,,,,,,,,,,,-0.5,-0.07,-0.2,-0.1,-0.65,1.2,1.2,0.0193,100.0%
293,Brandon Miller,FGA,15.5,UNDER,Underdog,,1.04x,55.3%,10.02,,,0.0,,,0,0,,0.0131,1.0,3.2321,,,,,,,,,,,,,,,,,,,,,,,,,,,,,,,,,,,,,,0.51,-1.4,-0.38,-1.9,2.6,1.8,2.0,0.0013,100.0%
294,Paul George,STL,1.5,UNDER,Underdog,,0.83x,56.0%,9.82,,,0.0,,,0,0,,0.0204,1.0,3.6678,,,,,,,,,,,,,,,,,,,,,,,,,,,,,,,,,,,,,,0.09,1.37,1.73,1.1,-1.03,0.4,0.0,0.0587,100.0%
295,LaMelo Ball,3PA,10.5,UNDER,Underdog,,1.03x,56.5%,9.81,,,0.0,,,0,0,,0.0251,1.0,1.0368,,,,,,,,,,,,,,,,,,,,,,,,,,,,,,,,,,,,,,-0.28,0.3,0.05,0.7,-1.34,0.8,0.8,0.0331,100.0%
296,Devin Booker,FTM,6.5,UNDER,Underdog,,0.86x,55.8%,9.78,,,0.0,,,0,0,,0.0184,1.0,2.3642,,,,,,,,,,,,,,,,,,,,,,,,,,,,,,,,,,,,,,0.13,0.22,-0.42,0.7,-0.27,0.8,1.2,0.0229,100.0%
297,Brandon Miller,STL,0.5,OVER,PrizePicks,Goblin,,56.6%,9.66,,,0.0,,,0,0,,0.0259,1.0,0.5206,,,,,,,,,,,,,,,,,,,,,,,,,,,,,,,,,,,,,,-1.13,0.2,0.0,0.1,-0.65,1.2,0.8,0.0331,100.0%
298,CJ McCollum,AST,4.5,UNDER,Underdog,,0.86x,57.5%,9.56,,,0.0,,,0,0,,0.0348,1.0,-3.0588,,,,,,,,,,,,,,,,,,,,,,,,,,,,,,,,,,,,,,-0.3,0.04,-4.04,0.1,-0.86,1.2,0.8,0.0154,100.0%
299,Ausar Thompson,SB,2.5,UNDER,Underdog,,1.04x,55.8%,9.46,,,0.0,,,0,0,,0.0181,1.0,2.8371,,,,,,,,,,,,,,,,,,,,,,,,,,,,,,,,,,,,,,0.17,1.02,0.08,2.1,-1.74,0.8,0.4,0.0436,100.0%
300,CJ McCollum,TOV,1.5,OVER,PrizePicks,Goblin,,56.3%,9.4,,,0.0,,,0,0,,0.0232,1.0,0.2193,,,,,,,,,,,,,,,,,,,,,,,,,,,,,,,,,,,,,,-0.22,-0.53,-1.73,-0.7,0.4,1.4,1.6,0.0222,100.0%
301,Kon Knueppel,REB,4.5,OVER,Underdog,,0.83x,53.0%,9.34,,,0.0306,0.5707,0.5706,5,6,0.0307,-0.041,1.0,0.0856,4.5,54.6%,120,Bovada,122,DraftKings,NEUTRAL,4.5,0.0,57.2%,42.8%,-0.0103,4.5,0.0,57.8%,42.2%,-0.0103,4.5,0.0,56.5%,43.5%,-0.0103,4.5,0.0,57.3%,42.7%,-0.0103,5.5,1.0,57.0%,43.0%,-0.0103,4.5,0.0,56.6%,43.4%,-0.0103,-0.26,-0.22,-0.2,-0.7,-0.13,0.8,0.8,0.0186,100.0%
302,Rudy Gobert,PRA,26.5,UNDER,Underdog and PrizePicks,,,61.2%,9.29,,,-0.0427,0.4973,0.4973,3,3,-0.0427,0.1147,1.0,-0.4977,26.5,49.7%,-114,BetOnline.ag,-111,DraftKings,NEUTRAL,,,,,,26.5,0.0,50.8%,49.2%,0.072,,,,,,26.5,0.0,50.0%,50.0%,0.072,,,,,,26.5,0.0,50.0%,50.0%,0.072,-0.63,0.93,0.05,3.3,-5.54,1.0,0.4,0.0296,100.0%
303,VJ Edgecombe,3PA,5.5,UNDER,Underdog,,0.87x,55.8%,9.23,,,0.0,,,0,0,,0.0177,1.0,1.4005,,,,,,,,,,,,,,,,,,,,,,,,,,,,,,,,,,,,,,0.06,0.3,-2.0,1.3,-1.06,1.6,1.2,0.0216,100.0%
304,CJ McCollum,PA,24.5,UNDER,Underdog,,,55.7%,9.2,,,0.0,,,0,0,,0.0169,1.0,1.0214,,,,,,,,,,,,,,,,,,,,,,,,,,,,,,,,,,,,,,-0.45,0.16,0.89,0.7,-2.68,1.2,1.2,0.0111,100.0%
305,VJ Edgecombe,SB,1.5,OVER,PrizePicks,,,56.3%,9.13,,,0.0,,,0,0,,0.0228,1.0,0.3727,,,,,,,,,,,,,,,,,,,,,,,,,,,,,,,,,,,,,,-1.17,0.75,-0.33,0.3,-0.77,1.2,0.4,0.0342,100.0%
306,LaMelo Ball,FGA,16.5,OVER,Underdog and PrizePicks,,,55.7%,9.02,,,0.0,,,0,0,,0.0167,1.0,0.6671,,,,,,,,,,,,,,,,,,,,,,,,,,,,,,,,,,,,,,-0.17,-0.09,-0.33,-0.3,-0.25,1.0,0.8,0.0098,100.0%
307,CJ McCollum,STL,0.5,OVER,PrizePicks,Goblin,,55.5%,9.0,,,0.0,,,0,0,,0.015,1.0,2.1578,,,,,,,,,,,,,,,,,,,,,,,,,,,,,,,,,,,,,,-0.55,-0.2,0.58,-0.1,-0.17,1.4,1.2,0.0311,100.0%
308,Miles Bridges,TOV,1.5,UNDER,PrizePicks,,,55.6%,8.98,,,0.0,,,0,0,,0.016,1.0,2.1376,,,,,,,,,,,,,,,,,,,,,,,,,,,,,,,,,,,,,,-0.07,-0.75,0.39,-0.3,0.27,1.0,1.6,0.0369,100.0%
309,Rudy Gobert,PR,24.5,UNDER,Underdog and PrizePicks,,,60.1%,8.88,,,-0.0742,0.504,0.4658,1,4,-0.036,0.0969,1.0,0.2318,25.5,51.2%,-105,BetMGM,-115,FanDuel,UNFAVORABLE,24.5,0.0,49.6%,50.4%,0.0609,25.5,1.0,54.9%,45.1%,0.0609,,,,,,,,,,,25.5,1.0,55.0%,45.0%,0.0609,25.5,1.0,54.1%,45.9%,0.0609,-0.52,1.2,0.11,4.5,-6.46,1.0,0.4,0.0383,100.0%
310,Tobias Harris,AST,2.5,OVER,Underdog and PrizePicks,Goblin,0.81x,53.2%,8.78,,,0.0439,0.5639,0.5839,4,6,0.0239,-0.0318,1.0,-0.0764,2.5,50.2%,160,Bovada,120,FanDuel,NEUTRAL,2.5,0.0,57.1%,42.9%,-0.0079,2.5,0.0,56.4%,43.6%,-0.0079,3.5,1.0,64.2%,35.8%,-0.0079,2.5,0.0,56.3%,43.7%,-0.0079,3.5,1.0,60.6%,39.5%,-0.0079,2.5,0.0,55.7%,44.3%,-0.0079,0.0,-1.98,-1.5,-2.5,2.5,1.4,2.0,0.0102,100.0%
311,Coby White,TOV,2.5,UNDER,Underdog,,0.76x,56.0%,8.74,,,0.0,,,0,0,,0.0196,1.0,1.3046,,,,,,,,,,,,,,,,,,,,,,,,,,,,,,,,,,,,,,0.08,-0.05,-0.89,-0.1,0.27,1.2,0.8,0.0502,100.0%
312,Naz Reid,SB,1.5,OVER,PrizePicks,Goblin,,54.1%,8.7,,,0.0,,,0,0,,0.0015,1.0,4.019,,,,,,,,,,,,,,,,,,,,,,,,,,,,,,,,,,,,,,-0.39,-0.92,3.0,-1.1,0.63,1.2,1.6,0.0047,100.0%
313,Donte DiVincenzo,AST,3.5,UNDER,Underdog,,,58.0%,8.35,,,-0.0262,0.5138,0.5138,5,5,-0.0262,0.0657,1.0,0.8239,3.5,51.4%,100,Bovada,-108,FanDuel,NEUTRAL,3.5,0.0,51.1%,48.9%,0.0395,3.5,0.0,47.3%,52.7%,0.0395,3.5,0.0,49.3%,50.7%,0.0395,3.5,0.0,48.4%,51.6%,0.0395,3.5,0.0,46.9%,53.0%,0.0395,,,,,,0.26,-0.15,-3.0,-0.3,0.81,1.6,1.6,0.0108,100.0%
314,Jalen Duren,STL,0.5,OVER,PrizePicks,Goblin,,56.0%,8.34,,,0.0,,,0,0,,0.0201,1.0,-0.1491,,,,,,,,,,,,,,,,,,,,,,,,,,,,,,,,,,,,,,-0.42,-0.56,-1.0,-0.5,0.13,1.0,1.2,0.0403,100.0%
315,LaMelo Ball,FTM,2.5,UNDER,Underdog,,0.80x,54.6%,8.23,,,0.0,,,0,0,,0.0065,1.0,1.8018,,,,,,,,,,,,,,,,,,,,,,,,,,,,,,,,,,,,,,-0.2,0.32,0.59,0.5,-0.81,1.0,0.4,0.0074,100.0%
316,Brandon Miller,PRA,29.5,UNDER,Underdog,,,58.7%,8.18,,,-0.0298,0.508,0.5102,3,6,-0.032,0.0789,1.0,0.5675,29.5,50.2%,120,Bovada,116,BetRivers,NEUTRAL,28.5,-1.0,46.9%,53.1%,0.0469,29.5,0.0,48.4%,51.6%,0.0469,27.5,-2.0,47.1%,52.9%,0.0469,29.5,0.0,49.2%,50.8%,0.0469,31.5,2.0,52.3%,47.7%,0.0469,29.5,0.0,50.0%,50.0%,0.0469,-0.1,-0.21,-0.26,-1.3,0.64,1.0,0.8,0.0189,100.0%
317,Tyrese Maxey,PTS,24.5,OVER,Underdog,,,62.6%,8.15,,,-0.0608,0.4823,0.4792,4,6,-0.0577,0.1434,1.0,-2.8186,24.5,45.5%,205,Bovada,-118,DraftKings,NEUTRAL,24.5,0.0,47.6%,52.4%,0.0857,24.5,0.0,49.1%,50.9%,0.0857,24.5,0.0,48.1%,51.9%,0.0857,24.5,0.0,48.1%,51.9%,0.0857,28.5,4.0,50.9%,49.1%,0.0857,23.5,-1.0,43.8%,56.2%,0.0857,-1.05,-0.73,0.02,-3.1,-1.37,1.8,1.6,0.015,100.0%
318,Victor Wembanyama,3PA,6.5,UNDER,Underdog,,1.06x,55.2%,8.11,,,0.0,,,0,0,,0.0122,1.0,-0.3185,,,,,,,,,,,,,,,,,,,,,,,,,,,,,,,,,,,,,,-0.57,-0.52,0.37,-0.9,-0.1,0.6,0.8,0.0014,100.0%
319,Kon Knueppel,3PM,3.5,UNDER,Underdog and PrizePicks,,,57.1%,7.98,,,-0.0271,0.5203,0.5129,5,6,-0.0197,0.0507,1.0,0.5645,3.5,54.9%,205,Bovada,-122,BetOnline.ag,NEUTRAL,3.5,0.0,46.8%,53.2%,0.031,3.5,0.0,48.5%,51.5%,0.031,3.5,0.0,48.1%,51.9%,0.031,3.5,0.0,48.4%,51.6%,0.031,4.5,1.0,52.4%,47.6%,0.031,3.5,0.0,48.0%,52.0%,0.031,0.01,-0.06,-1.0,-0.1,0.11,0.8,0.8,0.0113,100.0%
320,Ace Bailey,SB,1.5,UNDER,PrizePicks,,,54.8%,7.86,,,0.0,,,0,0,,0.0081,1.0,0.8265,,,,,,,,,,,,,,,,,,,,,,,,,,,,,,,,,,,,,,-0.0,0.84,-1.0,1.5,-1.51,0.6,0.4,0.0114,100.0%
321,Jalen Duren,BLK,0.5,OVER,PrizePicks,Goblin,,51.5%,7.59,,,0.0374,0.5774,0.5774,1,1,0.0374,-0.0624,0.75,0.9722,0.5,57.7%,-164,BetMGM,120,BetMGM,NEUTRAL,,,,,,,,,,,,,,,,,,,,,,,,,,0.5,0.0,57.7%,42.3%,-0.025,-0.36,-0.31,0.0,-0.3,-0.06,1.2,0.8,0.0143,75.0%
322,Ausar Thompson,PTS,10.5,UNDER,Underdog,,,58.6%,7.55,,,-0.0496,0.4963,0.4904,4,5,-0.0437,0.0891,1.0,2.4548,10.5,52.6%,165,Bovada,-108,FanDuel,NEUTRAL,10.5,0.0,51.1%,48.9%,0.0455,10.5,0.0,49.7%,50.3%,0.0455,10.5,0.0,50.9%,49.1%,0.0455,10.5,0.0,49.7%,50.3%,0.0455,12.5,2.0,53.3%,46.7%,0.0455,,,,,,-0.11,0.02,0.37,0.1,-0.54,1.4,1.2,0.0037,100.0%
323,Tyrese Maxey,PRA,34.5,OVER,Underdog and PrizePicks,,,61.4%,7.49,,,-0.0415,0.4955,0.4985,5,6,-0.0445,0.1188,1.0,-4.4248,34.5,48.4%,120,Bovada,-115,BetMGM,NEUTRAL,34.5,0.0,49.5%,50.5%,0.0743,34.5,0.0,49.7%,50.3%,0.0743,34.5,0.0,49.1%,50.9%,0.0743,34.5,0.0,49.5%,50.5%,0.0743,36.5,2.0,51.4%,48.6%,0.0743,34.5,0.0,50.0%,50.0%,0.0743,-1.1,-0.61,-0.06,-2.9,-2.35,1.4,1.2,0.0247,100.0%
324,Ausar Thompson,PR,16.0,UNDER,PrizePicks,,,57.1%,7.43,,,-0.0322,,0.5078,0,4,-0.0322,0.0629,1.0,3.5587,16.0,50.8%,105,Bovada,-105,BetMGM,NEUTRAL,16.5,0.5,50.6%,49.4%,0.0307,15.5,-0.5,48.3%,51.7%,0.0307,,,,,,,,,,,16.5,0.5,49.5%,50.5%,0.0307,15.5,-0.5,48.4%,51.5%,0.0307,-0.05,-0.09,1.5,-0.4,0.2,1.2,1.2,0.0168,100.0%
325,CJ McCollum,PR,23.0,UNDER,PrizePicks,,,54.1%,7.39,,,0.0,,,0,0,,0.0012,1.0,1.9677,,,,,,,,,,,,,,,,,,,,,,,,,,,,,,,,,,,,,,-0.22,0.16,1.07,0.6,-1.44,1.0,0.8,0.0148,100.0%
326,VJ Edgecombe,RA,9.0,OVER,PrizePicks,,,59.1%,7.33,,,-0.0445,,0.4955,0,4,-0.0445,0.095,1.0,0.9719,9.0,49.6%,120,Bovada,102,FanDuel,NEUTRAL,8.5,-0.5,47.8%,52.2%,0.0505,8.5,-0.5,47.0%,53.0%,0.0505,,,,,,,,,,,9.5,0.5,48.3%,51.7%,0.0505,9.5,0.5,55.1%,44.9%,0.0505,-0.17,-0.91,-0.21,-3.8,3.07,1.4,1.6,0.0065,100.0%
327,Ausar Thompson,RA,8.5,UNDER,Underdog and PrizePicks,,,54.8%,7.3,,,-0.0153,0.5309,0.5248,3,4,-0.0091,0.017,1.0,2.2244,8.5,55.4%,150,Bovada,-120,FanDuel,NEUTRAL,8.5,0.0,48.5%,51.5%,0.0078,8.5,0.0,47.6%,52.4%,0.0078,,,,,,,,,,,9.5,1.0,49.4%,50.6%,0.0078,8.5,0.0,44.6%,55.4%,0.0078,0.06,-0.19,-0.0,-0.5,0.66,1.0,1.2,0.0056,100.0%
328,Dyson Daniels,RA,12.5,UNDER,Underdog and PrizePicks,,,56.0%,7.27,,,-0.0178,0.5222,0.5222,4,4,-0.0178,0.0376,1.0,1.9286,12.5,52.2%,100,FanDuel,-115,BetMGM,NEUTRAL,12.5,0.0,46.8%,53.2%,0.0198,12.5,0.0,47.3%,52.7%,0.0198,,,,,,,,,,,12.5,0.0,46.9%,53.0%,0.0198,12.5,0.0,50.0%,50.0%,0.0198,0.02,-0.39,-0.0,-1.7,1.8,1.0,1.2,0.0165,100.0%
329,Ausar Thompson,PRA,19.5,UNDER,Underdog,,,56.3%,7.2,,,-0.0168,0.52,0.5232,4,6,-0.02,0.0434,1.0,1.6213,19.5,52.3%,125,Bovada,-105,BetMGM,NEUTRAL,19.5,0.0,48.9%,51.1%,0.0234,19.5,0.0,47.3%,52.7%,0.0234,19.5,0.0,47.6%,52.4%,0.0234,19.5,0.0,48.1%,51.9%,0.0234,20.5,1.0,47.9%,52.1%,0.0234,18.5,-1.0,46.2%,53.8%,0.0234,-0.15,-0.18,0.33,-0.9,0.12,1.2,1.2,0.0195,100.0%
330,De'Aaron Fox,3PM,1.5,OVER,Underdog and PrizePicks,,0.88x,55.8%,7.16,,,-0.0119,0.5281,0.5281,6,6,-0.0119,0.0298,1.0,-0.0722,1.5,52.8%,-118,FanDuel,105,Bovada,NEUTRAL,1.5,0.0,51.1%,48.9%,0.0179,1.5,0.0,54.1%,45.9%,0.0179,1.5,0.0,51.6%,48.4%,0.0179,1.5,0.0,52.5%,47.5%,0.0179,1.5,0.0,54.1%,45.9%,0.0179,1.5,0.0,53.5%,46.5%,0.0179,-0.38,0.1,-1.0,0.1,-0.49,0.8,0.8,0.0053,100.0%
331,Karl-Anthony Towns,PTS,17.5,OVER,PrizePicks,,,62.5%,7.04,,,-0.068,0.472,0.472,1,1,-0.068,0.1532,1.0,-1.4251,17.5,47.2%,-102,FanDuel,-130,FanDuel,NEUTRAL,17.5,0.0,47.2%,52.8%,0.0852,,,,,,,,,,,,,,,,,,,,,,,,,,-0.55,-0.86,-0.4,-4.1,1.48,1.4,1.6,0.0227,100.0%
332,Miles Bridges,REB,5.5,UNDER,Underdog,,0.84x,53.6%,6.98,,,-0.0033,0.5361,0.5367,5,6,-0.0039,0.0005,1.0,3.4264,5.5,56.0%,190,Bovada,-115,BetMGM,NEUTRAL,5.5,0.0,44.4%,55.6%,-0.0035,5.5,0.0,46.3%,53.7%,-0.0035,5.5,0.0,44.3%,55.7%,-0.0035,5.5,0.0,46.9%,53.0%,-0.0035,6.5,1.0,46.0%,54.0%,-0.0035,5.5,0.0,50.0%,50.0%,-0.0035,0.14,0.19,0.35,0.5,-0.15,1.2,1.2,0.0102,100.0%
333,Coby White,SB,0.5,OVER,PrizePicks,,,54.5%,6.95,,,0.0,,,0,0,,0.0055,1.0,0.0013,,,,,,,,,,,,,,,,,,,,,,,,,,,,,,,,,,,,,,-6.0,6.0,-0.41,0.5,-0.69,0.6,0.0,0.0168,100.0%
334,De'Aaron Fox,AST,6.0,UNDER,PrizePicks,,,55.3%,6.74,,,-0.0171,,0.5229,0,6,-0.0171,0.0303,1.0,2.2463,5.5,49.4%,135,Bovada,115,BetRivers,NEUTRAL,5.5,-0.5,45.5%,54.5%,0.0132,5.5,-0.5,45.4%,54.6%,0.0132,5.5,-0.5,48.0%,52.0%,0.0132,5.5,-0.5,45.9%,54.1%,0.0132,6.5,0.5,48.6%,51.4%,0.0132,6.5,0.5,53.0%,46.9%,0.0132,0.19,-0.29,-0.5,-0.4,0.65,1.0,1.6,0.0107,100.0%
335,Coby White,PTS,15.5,OVER,Underdog,,1.06x,63.8%,6.62,,,-0.0873,,0.4527,0,6,-0.0873,0.1852,1.0,0.0397,14.5,47.4%,210,Bovada,-104,DraftKings,UNFAVORABLE,14.5,-1.0,44.0%,56.0%,0.0979,14.5,-1.0,45.9%,54.1%,0.0979,14.5,-1.0,44.7%,55.3%,0.0979,14.5,-1.0,44.8%,55.2%,0.0979,18.5,3.0,47.3%,52.7%,0.0979,14.5,-1.0,45.0%,55.0%,0.0979,-0.39,-0.99,0.93,-5.9,3.59,1.2,1.6,0.0244,100.0%
336,VJ Edgecombe,PR,21.5,OVER,Underdog,,1.04x,61.6%,6.48,,,-0.0695,0.4675,0.4705,2,4,-0.0726,0.1482,1.0,2.1167,21.0,49.3%,105,Bovada,-104,FanDuel,NEUTRAL,20.5,-1.0,47.9%,52.0%,0.0756,20.5,-1.0,46.8%,53.2%,0.0756,,,,,,,,,,,21.5,0.0,45.9%,54.1%,0.0756,21.5,0.0,47.6%,52.4%,0.0756,-0.03,-0.92,0.58,-10.7,10.38,1.2,1.6,0.0353,100.0%
337,Jalen Johnson,PA,33.5,UNDER,Underdog and PrizePicks,,,59.1%,6.47,,,-0.0281,0.5013,0.5119,2,4,-0.0387,0.0897,1.0,-2.2348,33.5,51.2%,105,Bovada,-115,BetMGM,NEUTRAL,32.5,-1.0,45.1%,54.9%,0.051,33.5,0.0,49.7%,50.3%,0.051,,,,,,,,,,,34.5,1.0,50.4%,49.6%,0.051,33.5,0.0,50.0%,50.0%,0.051,-0.31,-0.33,-0.67,-2.7,0.17,0.8,0.8,0.0143,100.0%
338,Tyrese Maxey,REB,3.5,UNDER,Underdog and PrizePicks,,0.89x,55.8%,6.42,,,-0.0335,0.5099,0.5065,5,6,-0.0301,0.0478,1.0,4.1326,3.5,53.6%,180,Bovada,-115,BetMGM,NEUTRAL,3.5,0.0,47.6%,52.4%,0.0177,3.5,0.0,49.3%,50.7%,0.0177,3.5,0.0,49.7%,50.3%,0.0177,3.5,0.0,48.4%,51.6%,0.0177,4.5,1.0,51.1%,48.9%,0.0177,3.5,0.0,50.0%,50.0%,0.0177,0.28,0.13,0.51,0.3,0.31,1.4,1.2,0.0084,100.0%
339,Jalen Johnson,3PA,5.5,UNDER,Underdog,,,53.9%,6.34,,,0.0,,,0,0,,-0.0007,1.0,0.2124,,,,,,,,,,,,,,,,,,,,,,,,,,,,,,,,,,,,,,-0.38,0.88,-0.33,1.7,-2.45,0.8,0.0,0.0108,100.0%
340,DeMar DeRozan,AST,5.0,UNDER,PrizePicks,,,56.1%,6.31,,,-0.0146,,0.5254,0,6,-0.0146,0.0357,1.0,-1.5865,4.5,47.5%,130,Bovada,116,DraftKings,NEUTRAL,4.5,-0.5,46.8%,53.2%,0.0211,4.5,-0.5,49.2%,50.8%,0.0211,4.5,-0.5,46.8%,53.2%,0.0211,4.5,-0.5,47.8%,52.2%,0.0211,5.5,0.5,48.3%,51.7%,0.0211,4.5,-0.5,46.0%,54.0%,0.0211,-0.25,0.3,-3.0,1.0,-1.84,1.0,1.2,0.01,100.0%
341,CJ McCollum,PA,24.0,UNDER,PrizePicks,,,53.3%,6.26,,,0.0,,,0,0,,-0.0068,1.0,1.7944,,,,,,,,,,,,,,,,,,,,,,,,,,,,,,,,,,,,,,-0.33,0.27,0.94,1.2,-2.68,1.2,1.2,0.0111,100.0%
342,Rudy Gobert,RA,13.5,UNDER,Underdog and PrizePicks,,,58.8%,6.18,,,-0.048,0.492,0.492,1,1,-0.048,0.0961,1.0,1.9236,13.5,49.2%,-118,BetMGM,-110,BetMGM,NEUTRAL,,,,,,,,,,,,,,,,,,,,,,,,,,13.5,0.0,50.8%,49.2%,0.0481,-0.11,0.81,0.11,2.1,-2.39,1.0,0.4,0.0367,100.0%
343,DeMar DeRozan,RA,7.5,OVER,Underdog and PrizePicks,,,55.8%,6.15,,,-0.0312,0.5115,0.5088,3,4,-0.0285,0.0463,1.0,3.0177,7.5,48.1%,140,Bovada,100,BetMGM,NEUTRAL,7.5,0.0,50.0%,50.0%,0.0178,7.5,0.0,50.4%,49.6%,0.0178,,,,,,,,,,,8.5,1.0,50.1%,49.9%,0.0178,7.5,0.0,53.0%,46.9%,0.0178,0.07,-0.27,0.08,-1.3,1.64,1.2,1.6,0.007,100.0%
344,Tobias Harris,PTS,14.0,UNDER,PrizePicks,,,57.9%,6.03,,,-0.0508,,0.4892,0,6,-0.0508,0.0898,1.0,3.534,14.5,53.5%,205,Bovada,102,BetRivers,NEUTRAL,14.5,0.5,51.8%,48.2%,0.039,14.5,0.5,50.7%,49.3%,0.039,13.5,-0.5,50.5%,49.5%,0.039,14.5,0.5,51.3%,48.7%,0.039,17.5,3.5,54.6%,45.4%,0.039,13.5,-0.5,47.6%,52.4%,0.039,-0.15,-0.08,1.5,-0.4,-0.33,1.4,1.6,0.0068,100.0%
345,Brandon Miller,FGM,6.5,OVER,PrizePicks,Goblin,,53.3%,5.98,,,0.0,,,0,0,,-0.0065,1.0,1.1177,,,,,,,,,,,,,,,,,,,,,,,,,,,,,,,,,,,,,,-0.44,-0.26,-0.06,-0.3,-0.22,1.2,1.2,0.0106,100.0%
346,Mikal Bridges,PR,16.5,UNDER,PrizePicks,,,50.8%,5.79,,,0.0029,,0.5429,0,1,0.0029,-0.0346,1.0,6.5764,15.5,47.2%,-130,FanDuel,-102,FanDuel,FAVORABLE,15.5,-1.0,45.7%,54.3%,-0.0317,,,,,,,,,,,,,,,,,,,,,,,,,,2.21,-1.74,-0.06,-1.7,3.86,2.0,2.0,0.0037,100.0%
347,Devin Booker,RA,10.5,UNDER,Underdog and PrizePicks,,,54.8%,5.72,,,-0.0187,0.5213,0.5213,4,4,-0.0187,0.0271,1.0,1.7494,10.5,52.1%,100,Bovada,-115,BetMGM,NEUTRAL,10.5,0.0,47.2%,52.8%,0.0084,10.5,0.0,47.3%,52.7%,0.0084,,,,,,,,,,,10.5,0.0,46.9%,53.0%,0.0084,10.5,0.0,50.0%,50.0%,0.0084,-0.29,-0.68,1.17,-1.5,0.86,1.0,1.2,0.0048,100.0%
348,LaMelo Ball,REB,4.5,OVER,Underdog,,0.88x,53.0%,5.66,,,0.0042,0.5392,0.5442,5,6,-0.0008,-0.0089,1.0,1.3114,4.5,51.4%,140,Bovada,115,BetMGM,NEUTRAL,4.5,0.0,53.7%,46.3%,-0.0097,4.5,0.0,53.6%,46.4%,-0.0097,4.5,0.0,51.6%,48.4%,-0.0097,4.5,0.0,54.1%,45.9%,-0.0097,5.5,1.0,56.9%,43.1%,-0.0097,4.5,0.0,56.6%,43.4%,-0.0097,-0.29,-0.6,-0.25,-0.7,0.36,1.2,1.6,0.0044,100.0%
349,De'Aaron Fox,RA,9.5,OVER,Underdog and PrizePicks,,1.03x,59.9%,5.64,,,-0.0626,0.4774,0.4774,4,4,-0.0626,0.1213,1.0,0.8235,9.5,47.7%,102,FanDuel,-120,DraftKings,NEUTRAL,9.5,0.0,46.7%,53.3%,0.0587,9.5,0.0,48.8%,51.2%,0.0587,,,,,,,,,,,9.5,0.0,48.9%,51.1%,0.0587,9.5,0.0,46.5%,53.5%,0.0587,-0.71,-0.4,-0.33,-0.3,-0.23,1.6,1.2,0.0081,100.0%
350,Joel Embiid,SB,1.5,OVER,PrizePicks,,,53.6%,5.64,,,0.0,,,0,0,,-0.0035,1.0,-0.0221,,,,,,,,,,,,,,,,,,,,,,,,,,,,,,,,,,,,,,-0.22,0.12,-0.75,0.1,-0.28,0.6,0.4,0.0182,100.0%
351,Joel Embiid,PR,33.5,OVER,Underdog and PrizePicks,,,57.3%,5.61,,,-0.0397,0.5003,0.5003,4,4,-0.0397,0.0728,1.0,0.7194,33.5,50.0%,-110,Bovada,-109,DraftKings,NEUTRAL,33.5,0.0,50.0%,50.0%,0.0331,33.5,0.0,51.2%,48.8%,0.0331,,,,,,,,,,,33.5,0.0,48.9%,51.1%,0.0331,33.5,0.0,50.0%,50.0%,0.0331,-0.24,-1.56,0.18,-5.5,4.65,1.6,1.6,0.0015,100.0%
352,Ace Bailey,PRA,25.5,OVER,PrizePicks,,,55.4%,5.45,,,-0.0519,0.4911,0.4881,3,5,-0.0489,0.063,1.0,9.4339,25.5,48.8%,110,Bovada,-104,FanDuel,NEUTRAL,24.5,-1.0,47.9%,52.1%,0.0141,25.5,0.0,49.2%,50.8%,0.0141,,,,,,25.5,0.0,48.4%,51.6%,0.0141,26.5,1.0,48.9%,51.1%,0.0141,25.5,0.0,49.7%,50.3%,0.0141,0.59,-0.9,1.44,-9.3,15.4,1.0,1.2,0.0202,100.0%
353,Joel Embiid,PA,30.5,OVER,Underdog,,,56.6%,5.35,,,-0.0344,0.5049,0.5056,3,4,-0.0351,0.0616,1.0,1.3941,30.5,49.3%,105,Bovada,-110,BetMGM,NEUTRAL,30.5,0.0,50.5%,49.5%,0.0265,30.5,0.0,50.1%,49.9%,0.0265,,,,,,,,,,,31.5,1.0,50.8%,49.2%,0.0265,30.5,0.0,50.8%,49.2%,0.0265,-0.08,-1.19,-0.16,-5.9,5.52,1.6,1.6,0.0157,100.0%
354,Shai Gilgeous-Alexander,PRA,41.5,UNDER,PrizePicks,,,54.4%,5.26,,,-0.0192,,0.5208,0,1,-0.0192,0.0231,1.0,2.6613,40.5,47.2%,-130,FanDuel,-102,FanDuel,FAVORABLE,40.5,-1.0,47.9%,52.1%,0.0039,,,,,,,,,,,,,,,,,,,,,,,,,,0.11,-0.54,0.04,-4.3,5.15,1.0,1.2,0.0136,100.0%
355,Jalen Green,PTS,20.5,OVER,Underdog and PrizePicks,,,56.8%,5.23,,,-0.0495,0.49,0.4905,4,6,-0.05,0.0777,1.0,5.0172,20.5,45.8%,175,Bovada,-103,BetOnline.ag,NEUTRAL,20.5,0.0,48.1%,51.9%,0.0277,20.5,0.0,47.6%,52.4%,0.0277,21.5,1.0,49.7%,50.3%,0.0277,20.5,0.0,52.2%,47.8%,0.0277,23.5,3.0,48.6%,51.4%,0.0277,20.5,0.0,48.0%,52.0%,0.0277,0.54,0.45,-0.96,2.3,0.48,1.4,0.8,0.0102,100.0%
356,Joel Embiid,REB,7.0,UNDER,PrizePicks,,,55.4%,5.22,,,-0.027,,0.5131,0,6,-0.027,0.0406,1.0,2.2038,7.0,51.3%,125,Bovada,110,BetMGM,NEUTRAL,6.5,-0.5,47.2%,52.8%,0.0136,6.5,-0.5,46.1%,53.9%,0.0136,7.5,0.5,51.4%,48.6%,0.0136,7.5,0.5,50.1%,49.9%,0.0136,7.5,0.5,49.1%,50.9%,0.0136,6.5,-0.5,48.2%,51.7%,0.0136,0.26,0.41,-1.17,0.8,-0.3,1.0,1.2,0.0142,100.0%
357,Miles Bridges,PR,20.0,OVER,PrizePicks,,,56.9%,5.18,,,-0.0288,,0.5112,0,4,-0.0288,0.058,1.0,-2.2518,20.5,49.7%,-105,DraftKings,-106,FanDuel,NEUTRAL,19.5,-0.5,49.1%,50.9%,0.0292,20.5,0.5,50.8%,49.2%,0.0292,,,,,,,,,,,20.5,0.5,50.8%,49.2%,0.0292,20.5,0.5,53.8%,46.2%,0.0292,-0.84,0.33,-0.47,1.2,-4.27,1.0,0.8,0.0026,100.0%
358,CJ McCollum,AST,4.0,UNDER,PrizePicks,,,53.6%,5.13,,,0.0,,,0,0,,-0.004,1.0,-1.016,,,,,,,,,,,,,,,,,,,,,,,,,,,,,,,,,,,,,,-0.1,0.23,-2.89,0.6,-0.86,1.2,0.8,0.016,100.0%
359,Paul George,3PA,6.5,UNDER,Underdog,,0.84x,52.3%,5.01,,,0.0,,,0,0,,-0.0169,0.75,5.1821,,,,,,,,,,,,,,,,,,,,,,,,,,,,,,,,,,,,,,0.03,0.3,2.31,1.5,-1.36,1.2,1.2,0.0227,75.0%
360,LaMelo Ball,FTA,2.5,UNDER,PrizePicks,,,51.9%,4.88,,,0.0,,,0,0,,-0.0208,1.0,2.7126,,,,,,,,,,,,,,,,,,,,,,,,,,,,,,,,,,,,,,-0.03,0.49,0.91,0.9,-0.96,1.0,0.4,0.0068,100.0%
361,Myles Turner,PRA,17.5,UNDER,Underdog and PrizePicks,,,55.0%,4.84,,,-0.0307,0.5093,0.5093,2,2,-0.0307,0.0402,1.0,3.3437,17.5,50.9%,-110,BetOnline.ag,-118,BetOnline.ag,NEUTRAL,,,,,,,,,,,,,,,,17.5,0.0,49.2%,50.8%,0.0096,,,,,,17.5,0.0,48.9%,51.1%,0.0096,0.25,-1.3,-0.53,-5.9,7.02,1.8,2.0,0.007,100.0%
362,Paul George,PTS,15.5,UNDER,Underdog and PrizePicks,,,55.0%,4.73,,,-0.0408,0.506,0.4992,2,6,-0.0341,0.044,1.0,3.9841,15.5,51.7%,175,Bovada,120,BetRivers,NEUTRAL,16.5,1.0,52.2%,47.8%,0.01,15.5,0.0,49.9%,50.1%,0.01,14.5,-1.0,52.5%,47.5%,0.01,15.5,0.0,48.9%,51.1%,0.01,18.5,3.0,49.9%,50.1%,0.01,14.5,-1.0,47.0%,53.0%,0.01,0.09,0.35,0.45,3.3,-2.41,1.0,1.2,0.0062,100.0%
363,CJ McCollum,PTS,19.5,OVER,Underdog and PrizePicks,,,52.2%,4.72,,,0.0,,,0,0,,-0.018,1.0,1.7531,,,,,,,,,,,,,,,,,,,,,,,,,,,,,,,,,,,,,,0.17,-0.26,-1.07,-1.1,1.82,1.0,1.2,0.0092,100.0%
364,Myles Turner,PTS,10.5,UNDER,Underdog and PrizePicks,,,54.8%,4.71,,,-0.0479,0.509,0.4921,4,6,-0.031,0.0393,1.0,4.2117,10.5,53.9%,210,Bovada,-115,BetMGM,NEUTRAL,10.5,0.0,48.5%,51.5%,0.0083,10.5,0.0,49.3%,50.7%,0.0083,10.5,0.0,49.3%,50.7%,0.0083,10.5,0.0,49.2%,50.8%,0.0083,13.5,3.0,51.1%,48.9%,0.0083,11.5,1.0,57.2%,42.8%,0.0083,0.44,-0.91,0.09,-2.9,4.29,1.6,1.6,0.02,100.0%
365,Jalen Johnson,RA,18.5,UNDER,Underdog and PrizePicks,,,57.8%,4.64,,,-0.0592,0.492,0.4808,2,4,-0.048,0.0855,1.0,1.0613,19.0,51.4%,110,Bovada,-108,DraftKings,NEUTRAL,18.5,0.0,50.0%,50.0%,0.0375,18.5,0.0,51.6%,48.4%,0.0375,,,,,,,,,,,19.5,1.0,51.3%,48.7%,0.0375,19.5,1.0,54.7%,45.3%,0.0375,-0.02,-0.13,-0.62,-0.9,0.74,1.2,0.8,0.0213,100.0%
366,Stephon Castle,FTM,3.5,UNDER,Underdog,,0.84x,51.7%,4.59,,,0.0,,,0,0,,-0.0226,1.0,2.8305,,,,,,,,,,,,,,,,,,,,,,,,,,,,,,,,,,,,,,0.25,0.31,0.33,0.9,-0.17,0.8,0.4,0.0105,100.0%
367,Josh Giddey,AST,10.5,UNDER,PrizePicks,,,55.4%,4.47,,,-0.0223,,0.5177,0,1,-0.0223,0.0364,1.0,-0.6089,11.5,61.6%,145,Bovada,-189,Bovada,UNFAVORABLE,,,,,,,,,,,,,,,,,,,,,11.5,1.0,48.2%,51.8%,0.0141,,,,,,-0.25,0.21,-0.27,1.1,-2.4,0.6,0.4,0.0179,100.0%
368,Devin Booker,PR,29.5,OVER,Underdog,,,56.3%,4.29,,,-0.011,0.5053,0.5291,1,2,-0.0347,0.0575,1.0,-0.2694,30.0,50.4%,-118,FanDuel,-112,FanDuel,NEUTRAL,29.5,0.0,50.5%,49.5%,0.0228,,,,,,,,,,,,,,,,,,,,,30.5,1.0,55.3%,44.7%,0.0228,0.02,0.39,-2.39,2.9,-2.79,1.2,0.4,0.0064,100.0%
369,Brandon Miller,TOV,2.5,UNDER,Underdog and PrizePicks,,,54.9%,4.25,,,0.0,,,0,0,,0.009,0.5,1.2407,,,,,,,,,,,,,,,,,,,,,,,,,,,,,,,,,,,,,,0.24,-0.4,-1.51,-0.5,0.8,1.0,1.6,0.069,50.0%
370,Brandon Miller,FTM,2.5,OVER,Underdog and PrizePicks,Demon,,53.2%,4.15,,,0.0,,,0,0,,-0.0077,0.75,1.2576,,,,,,,,,,,,,,,,,,,,,,,,,,,,,,,,,,,,,,-0.37,0.55,-0.12,0.9,-1.51,1.0,0.8,0.0301,75.0%
371,VJ Edgecombe,FTA,2.5,OVER,PrizePicks,Demon,,51.4%,4.11,,,0.0,,,0,0,,-0.0255,1.0,2.627,,,,,,,,,,,,,,,,,,,,,,,,,,,,,,,,,,,,,,-0.01,-0.3,-0.25,-0.5,0.48,1.6,1.6,0.0092,100.0%
372,Jalen Brunson,PA,31.5,OVER,PrizePicks,,,55.4%,3.9,,,-0.0293,0.5107,0.5107,1,1,-0.0293,0.0428,1.0,0.6904,31.5,51.1%,-120,FanDuel,-110,FanDuel,NEUTRAL,31.5,0.0,51.1%,48.9%,0.0135,,,,,,,,,,,,,,,,,,,,,,,,,,-0.22,-0.36,0.27,-2.3,0.9,1.2,1.2,0.0217,100.0%
373,LaMelo Ball,RA,12.0,UNDER,PrizePicks,,,56.2%,3.87,,,-0.0474,,0.4927,0,4,-0.0474,0.0697,1.0,3.2337,12.0,49.3%,105,Bovada,106,FanDuel,NEUTRAL,11.5,-0.5,49.7%,50.3%,0.0224,11.5,-0.5,49.5%,50.5%,0.0224,,,,,,,,,,,12.5,0.5,50.8%,49.2%,0.0224,12.5,0.5,52.9%,47.1%,0.0224,-0.02,0.1,0.63,0.4,-0.48,1.4,1.2,0.0152,100.0%
374,Brandon Miller,AST,3.5,UNDER,Underdog,,0.88x,53.7%,3.86,,,-0.005,0.535,0.535,6,6,-0.005,0.002,0.75,1.3761,3.5,53.5%,105,Bovada,-125,BetMGM,NEUTRAL,3.5,0.0,45.7%,54.3%,-0.003,3.5,0.0,46.4%,53.6%,-0.003,3.5,0.0,46.0%,54.0%,-0.003,3.5,0.0,46.9%,53.0%,-0.003,3.5,0.0,45.9%,54.1%,-0.003,3.5,0.0,48.0%,52.0%,-0.003,-0.0,0.4,-1.22,0.9,-0.9,1.0,1.2,0.0403,75.0%
375,Donte DiVincenzo,REB,3.5,OVER,Underdog,,0.87x,53.7%,3.82,,,-0.0103,0.5229,0.5297,5,6,-0.0171,0.0142,1.0,0.614,3.5,49.5%,165,Bovada,100,FanDuel,NEUTRAL,3.5,0.0,52.9%,47.1%,-0.0028,3.5,0.0,52.0%,48.0%,-0.0028,3.5,0.0,53.0%,47.0%,-0.0028,3.5,0.0,51.6%,48.4%,-0.0028,4.5,1.0,56.3%,43.7%,-0.0028,3.5,0.0,52.0%,48.0%,-0.0028,-0.83,0.88,0.0,0.9,-1.74,1.0,0.4,0.0053,100.0%
376,Jalen Brunson,PRA,34.5,OVER,PrizePicks,,,55.7%,3.75,,,-0.04,0.5,0.5,1,1,-0.04,0.0574,1.0,1.6916,34.5,50.0%,-114,FanDuel,-114,FanDuel,NEUTRAL,34.5,0.0,50.0%,50.0%,0.0174,,,,,,,,,,,,,,,,,,,,,,,,,,-0.3,-0.19,1.33,-1.1,-0.65,1.4,1.2,0.0054,100.0%
377,Ace Bailey,FGA,17.5,UNDER,Underdog and PrizePicks,,,54.8%,3.71,,,0.0,,,0,0,,0.0084,1.0,-7.8865,,,,,,,,,,,,,,,,,,,,,,,,,,,,,,,,,,,,,,-1.34,0.65,-3.0,2.7,-8.29,1.0,0.4,0.0049,100.0%
378,Brandon Miller,PR,25.5,UNDER,Underdog and PrizePicks,,,55.6%,3.65,,,-0.0415,0.5022,0.4985,3,4,-0.0378,0.054,1.0,1.1875,25.5,51.2%,105,Bovada,-115,DraftKings,NEUTRAL,25.5,0.0,49.5%,50.5%,0.0162,25.5,0.0,49.9%,50.1%,0.0162,,,,,,,,,,,26.5,1.0,51.2%,48.8%,0.0162,25.5,0.0,50.0%,50.0%,0.0162,-0.03,-0.3,-0.12,-1.7,1.54,1.0,0.8,0.0056,100.0%
379,Josh Hart,AST,4.5,UNDER,PrizePicks,,,53.0%,3.6,,,-0.0081,0.5319,0.5319,1,1,-0.0081,-0.0019,1.0,-0.1195,4.5,53.2%,100,FanDuel,-132,FanDuel,NEUTRAL,4.5,0.0,46.8%,53.2%,-0.01,,,,,,,,,,,,,,,,,,,,,,,,,,0.65,-0.4,-3.45,-0.3,0.78,1.4,1.2,0.0129,100.0%
380,Devin Booker,REB,3.5,OVER,Underdog and PrizePicks,Goblin,0.88x,53.3%,3.58,,,0.0018,0.5386,0.5418,5,6,-0.0014,-0.0059,1.0,-2.8702,3.5,51.1%,150,Bovada,120,BetRivers,NEUTRAL,3.5,0.0,53.2%,46.8%,-0.0073,3.5,0.0,53.6%,46.4%,-0.0073,3.5,0.0,57.7%,42.3%,-0.0073,3.5,0.0,52.8%,47.2%,-0.0073,4.5,1.0,55.8%,44.2%,-0.0073,3.5,0.0,52.0%,48.0%,-0.0073,-0.21,0.15,-4.0,0.3,-0.71,0.8,0.8,0.0144,100.0%
381,Ausar Thompson,FGA,8.5,UNDER,PrizePicks,,,51.3%,3.47,,,0.0,,,0,0,,-0.0269,1.0,1.6742,,,,,,,,,,,,,,,,,,,,,,,,,,,,,,,,,,,,,,-0.14,0.04,0.15,0.1,-0.47,1.2,0.8,0.0082,100.0%
382,Jalen Duren,FTM,4.5,UNDER,Underdog,,1.03x,52.1%,3.45,,,0.0,,,0,0,,-0.0193,1.0,-0.1972,,,,,,,,,,,,,,,,,,,,,,,,,,,,,,,,,,,,,,0.03,2.31,-3.0,3.7,-3.64,0.4,0.0,0.0141,100.0%
383,LaMelo Ball,PR,25.0,OVER,PrizePicks,,,54.6%,3.36,,,-0.0344,,0.5056,0,4,-0.0344,0.0404,1.0,2.5984,25.5,49.2%,100,Bovada,-109,DraftKings,NEUTRAL,25.5,0.5,50.3%,49.7%,0.006,24.5,-0.5,48.5%,51.5%,0.006,,,,,,,,,,,25.5,0.5,49.7%,50.3%,0.006,25.5,0.5,53.8%,46.2%,0.006,0.11,-1.11,-0.25,-4.4,4.84,1.4,2.0,0.0087,100.0%
384,Tobias Harris,PA,17.5,UNDER,PrizePicks,,,53.8%,3.36,,,-0.0101,0.5191,0.53,3,4,-0.0209,0.0188,1.0,0.8147,17.5,51.2%,-104,DraftKings,-110,BetMGM,NEUTRAL,17.5,0.0,48.5%,51.5%,-0.0021,17.5,0.0,47.7%,52.3%,-0.0021,,,,,,,,,,,17.5,0.0,48.0%,52.0%,-0.0021,16.5,-1.0,43.8%,56.2%,-0.0021,-0.42,0.27,1.5,1.1,-2.83,0.8,0.4,0.0089,100.0%
385,Shai Gilgeous-Alexander,PR,34.5,UNDER,PrizePicks,,,55.2%,3.3,,,-0.04,0.5,0.5,1,1,-0.04,0.0518,1.0,3.3732,34.5,50.0%,-114,FanDuel,-114,FanDuel,NEUTRAL,34.5,0.0,50.0%,50.0%,0.0118,,,,,,,,,,,,,,,,,,,,,,,,,,0.18,-0.49,0.21,-3.5,4.77,1.0,1.2,0.0254,100.0%
386,Ace Bailey,TOV,2.5,UNDER,Underdog,,0.80x,51.9%,3.3,,,0.0,,,0,0,,-0.0205,1.0,-0.4554,,,,,,,,,,,,,,,,,,,,,,,,,,,,,,,,,,,,,,-1.11,-0.88,-0.33,-0.9,-0.23,1.4,1.6,0.0083,100.0%
387,Miles Bridges,STL,0.5,UNDER,PrizePicks,,,52.1%,3.21,,,0.0,,,0,0,,-0.0188,0.75,1.9793,,,,,,,,,,,,,,,,,,,,,,,,,,,,,,,,,,,,,,0.13,0.12,-0.58,0.1,0.0,1.0,1.2,0.0198,75.0%
388,Victor Wembanyama,SB,4.5,UNDER,Underdog,,1.06x,62.0%,3.07,,,-0.1005,0.4395,0.4395,1,1,-0.1005,0.1806,1.0,1.103,4.5,44.0%,-149,DraftKings,113,DraftKings,NEUTRAL,,,,,,4.5,0.0,56.0%,44.0%,0.0801,,,,,,,,,,,,,,,,,,,,,-0.12,0.24,-0.07,0.7,-1.04,0.6,0.8,0.0089,100.0%
389,Kon Knueppel,PA,22.0,UNDER,PrizePicks,,,54.2%,3.07,,,-0.0271,,0.5129,0,4,-0.0271,0.0291,1.0,1.0664,21.5,49.9%,105,Bovada,-105,BetMGM,NEUTRAL,21.5,-0.5,49.1%,50.9%,0.002,21.5,-0.5,47.8%,52.2%,0.002,,,,,,,,,,,22.5,0.5,48.6%,51.4%,0.002,21.5,-0.5,49.3%,50.7%,0.002,0.09,-0.0,-1.83,-0.0,0.61,1.0,1.2,0.0113,100.0%
390,Kon Knueppel,PRA,27.0,UNDER,PrizePicks,,,54.1%,2.92,,,-0.0347,,0.5053,0,6,-0.0347,0.0358,1.0,3.2387,26.5,48.9%,120,Bovada,120,BetRivers,NEUTRAL,26.5,-0.5,50.0%,50.0%,0.0011,26.5,-0.5,48.8%,51.2%,0.0011,25.5,-1.5,50.8%,49.2%,0.0011,26.5,-0.5,48.9%,51.0%,0.0011,28.5,1.5,49.5%,50.5%,0.0011,26.5,-0.5,48.7%,51.3%,0.0011,0.1,0.02,-0.62,0.2,0.74,1.2,1.6,0.0101,100.0%
391,Dyson Daniels,PR,19.5,OVER,PrizePicks,,,55.9%,2.9,,,-0.0411,0.4875,0.4989,3,4,-0.0525,0.0715,1.0,3.4161,19.5,48.6%,-104,DraftKings,-112,FanDuel,NEUTRAL,19.5,0.0,50.5%,49.5%,0.0191,19.5,0.0,47.7%,52.3%,0.0191,,,,,,,,,,,19.5,0.0,48.0%,52.0%,0.0191,20.5,1.0,53.3%,46.7%,0.0191,0.1,-0.03,0.27,-0.3,1.37,1.2,0.8,0.0082,100.0%
392,Mikal Bridges,PA,15.5,OVER,PrizePicks,,,55.1%,2.9,,,-0.0253,0.5147,0.5147,1,1,-0.0253,0.0364,1.0,-2.298,15.5,51.5%,-122,FanDuel,-108,FanDuel,NEUTRAL,15.5,0.0,51.5%,48.5%,0.0111,,,,,,,,,,,,,,,,,,,,,,,,,,-0.84,-0.3,0.09,-1.1,-1.94,0.6,1.2,0.0124,100.0%
393,Jalen Johnson,AST,8.5,UNDER,Underdog and PrizePicks,,,51.9%,2.87,,,-0.0127,0.5319,0.5273,5,6,-0.0081,-0.0125,1.0,1.0901,8.5,54.7%,150,Bovada,-120,DraftKings,NEUTRAL,8.5,0.0,45.4%,54.6%,-0.0205,8.5,0.0,48.8%,51.2%,-0.0205,8.5,0.0,45.6%,54.4%,-0.0205,8.5,0.0,47.8%,52.2%,-0.0205,9.5,1.0,49.6%,50.4%,-0.0205,8.5,0.0,46.5%,53.5%,-0.0205,-0.11,0.03,-0.0,0.1,-0.52,0.8,0.8,0.0077,100.0%
394,Paul George,RA,8.5,OVER,Underdog and PrizePicks,,0.87x,53.1%,2.85,,,0.002,0.5239,0.5421,3,4,-0.0161,0.0076,1.0,-0.1103,8.5,49.9%,120,Bovada,105,BetMGM,NEUTRAL,8.5,0.0,50.0%,50.0%,-0.0085,8.5,0.0,52.7%,47.3%,-0.0085,,,,,,,,,,,9.5,1.0,59.6%,40.4%,-0.0085,8.5,0.0,54.5%,45.5%,-0.0085,-0.31,-0.4,-1.61,-0.5,0.11,1.4,1.2,0.0037,100.0%
395,Miles Bridges,PRA,22.5,OVER,Underdog,,0.86x,55.2%,2.83,,,-0.0091,0.5167,0.5309,2,6,-0.0233,0.0353,1.0,-3.074,23.0,50.7%,120,Bovada,117,BetRivers,NEUTRAL,22.5,0.0,51.1%,48.9%,0.012,22.5,0.0,52.3%,47.7%,0.012,21.5,-1.0,52.5%,47.5%,0.012,23.5,1.0,54.8%,45.2%,0.012,24.5,2.0,52.0%,48.0%,0.012,23.5,1.0,55.9%,44.1%,0.012,-0.86,0.38,-0.55,1.7,-5.54,1.0,0.8,0.0166,100.0%
396,Jalen Duren,RA,12.5,UNDER,Underdog and PrizePicks,,,54.0%,2.83,,,-0.0293,0.5107,0.5107,1,1,-0.0293,0.029,1.0,1.6882,12.5,51.1%,-110,BetMGM,-120,BetMGM,NEUTRAL,,,,,,,,,,,,,,,,,,,,,,,,,,12.5,0.0,48.9%,51.1%,-0.0003,-0.04,0.18,-0.12,0.7,-0.83,1.0,0.8,0.0072,100.0%
397,Miles Bridges,AST,2.5,OVER,Underdog and PrizePicks,Goblin,0.83x,51.2%,2.82,,,0.0181,0.5606,0.5581,5,6,0.0206,-0.0484,0.5,0.0708,2.5,52.6%,165,Bovada,125,BetMGM,NEUTRAL,2.5,0.0,55.8%,44.2%,-0.0278,2.5,0.0,55.4%,44.6%,-0.0278,2.5,0.0,54.8%,45.2%,-0.0278,2.5,0.0,56.0%,44.0%,-0.0278,3.5,1.0,54.5%,45.5%,-0.0278,2.5,0.0,58.3%,41.7%,-0.0278,-0.54,0.35,-0.58,0.5,-1.26,0.8,0.8,0.0205,50.0%
398,Myles Turner,SB,1.5,OVER,PrizePicks,,,53.5%,2.67,,,0.0,,,0,0,,-0.0052,0.5,0.618,,,,,,,,,,,,,,,,,,,,,,,,,,,,,,,,,,,,,,-0.7,-0.1,-0.07,-0.1,-0.61,1.0,1.2,0.0408,50.0%
399,Coby White,AST,3.5,OVER,Underdog and PrizePicks,,1.04x,60.1%,2.67,,,-0.075,0.465,0.465,6,6,-0.075,0.1355,1.0,-1.7423,3.5,46.5%,105,DraftKings,-130,BetMGM,NEUTRAL,3.5,0.0,46.3%,53.7%,0.0605,3.5,0.0,45.6%,54.4%,0.0605,3.5,0.0,47.3%,52.7%,0.0605,3.5,0.0,46.3%,53.7%,0.0605,3.5,0.0,45.9%,54.1%,0.0605,3.5,0.0,47.6%,52.4%,0.0605,-0.38,-0.05,-2.11,-0.1,-0.71,0.8,0.8,0.0108,100.0%
400,Victor Wembanyama,FTA,5.5,UNDER,PrizePicks,,,52.3%,2.37,,,0.0,,,0,0,,-0.0165,0.5,3.8758,,,,,,,,,,,,,,,,,,,,,,,,,,,,,,,,,,,,,,0.36,-0.24,-0.57,-0.9,2.23,1.4,1.6,0.0543,50.0%
401,Shai Gilgeous-Alexander,3PM,1.5,UNDER,PrizePicks,,,56.6%,2.25,,,-0.0547,0.4853,0.4853,1,1,-0.0547,0.0803,1.0,2.2486,1.5,48.5%,-122,FanDuel,-108,FanDuel,NEUTRAL,1.5,0.0,51.5%,48.5%,0.0256,,,,,,,,,,,,,,,,,,,,,,,,,,0.18,-0.46,-0.27,-0.5,0.69,1.0,1.6,0.0341,100.0%
402,Josh Giddey,FTA,3.5,OVER,PrizePicks,,,51.2%,2.09,,,0.0,,,0,0,,-0.0279,0.75,1.9555,,,,,,,,,,,,,,,,,,,,,,,,,,,,,,,,,,,,,,-0.46,0.52,0.69,0.9,-1.69,0.8,1.2,0.0132,75.0%
403,LaMelo Ball,PA,27.5,OVER,Underdog and PrizePicks,,,55.3%,2.09,,,-0.0378,0.4907,0.5022,3,4,-0.0493,0.0627,1.0,2.6073,27.5,48.9%,-109,DraftKings,-118,FanDuel,NEUTRAL,27.5,0.0,49.5%,50.5%,0.0133,27.5,0.0,48.8%,51.2%,0.0133,,,,,,,,,,,27.5,0.0,48.9%,51.1%,0.0133,28.5,1.0,53.7%,46.3%,0.0133,0.11,-0.61,-0.4,-3.9,4.61,1.2,1.6,0.0115,100.0%
404,Josh Hart,RA,11.5,OVER,PrizePicks,,,55.9%,2.08,,,-0.0453,0.4947,0.4947,1,1,-0.0453,0.0638,1.0,-0.3897,11.5,49.5%,-112,FanDuel,-118,FanDuel,NEUTRAL,11.5,0.0,49.5%,50.5%,0.0185,,,,,,,,,,,,,,,,,,,,,,,,,,-0.43,-0.28,-0.4,-0.7,-0.38,1.0,0.8,0.0048,100.0%
405,Josh Giddey,PR,28.5,UNDER,PrizePicks,,,60.1%,2.04,,,-0.0749,,0.4652,0,2,-0.0749,0.1363,1.0,-2.3908,29.5,51.0%,100,Bovada,-110,BetMGM,UNFAVORABLE,,,,,,,,,,,,,,,,,,,,,29.5,1.0,51.4%,48.6%,0.0614,29.5,1.0,55.5%,44.5%,0.0614,-0.34,-1.28,-0.54,-10.5,7.67,1.0,1.6,0.0295,100.0%
406,Kon Knueppel,REB,5.0,UNDER,PrizePicks,,,53.9%,2.01,,,-0.0376,,0.5024,0,6,-0.0376,0.0371,1.0,3.0007,4.5,45.4%,120,Bovada,122,DraftKings,NEUTRAL,4.5,-0.5,49.9%,50.1%,-0.0006,4.5,-0.5,50.5%,49.5%,-0.0006,4.5,-0.5,49.2%,50.8%,-0.0006,4.5,-0.5,50.0%,50.0%,-0.0006,5.5,0.5,49.7%,50.3%,-0.0006,4.5,-0.5,49.3%,50.7%,-0.0006,0.1,0.06,0.1,0.2,0.13,1.2,1.2,0.0145,100.0%
407,Myles Turner,PR,15.5,UNDER,PrizePicks,,,52.6%,1.93,,,-0.0284,0.5116,0.5116,4,4,-0.0284,0.0146,1.0,3.7785,15.5,51.2%,100,FanDuel,-105,BetMGM,NEUTRAL,15.5,0.0,47.1%,52.9%,-0.0139,15.5,0.0,47.9%,52.1%,-0.0139,,,,,,,,,,,15.5,0.0,48.0%,52.0%,-0.0139,15.5,0.0,52.4%,47.6%,-0.0139,0.4,-1.13,-0.34,-4.7,6.35,1.6,1.6,0.0141,100.0%
408,Miles Bridges,3PA,4.5,OVER,Underdog,,0.83x,52.6%,1.88,,,0.0,,,0,0,,-0.0137,0.75,-1.6356,,,,,,,,,,,,,,,,,,,,,,,,,,,,,,,,,,,,,,-0.79,0.67,-0.99,1.3,-2.83,0.6,0.4,0.0292,75.0%
409,Josh Giddey,REB,9.0,UNDER,PrizePicks,,,58.8%,1.87,,,-0.081,,0.459,0,1,-0.081,0.1286,1.0,1.8058,10.5,63.3%,155,Bovada,-208,Bovada,UNFAVORABLE,,,,,,,,,,,,,,,,,,,,,10.5,1.5,54.1%,45.9%,0.0476,,,,,,-0.23,-1.05,0.59,-3.2,2.49,1.2,2.0,0.0061,100.0%
410,Josh Giddey,FTM,2.5,OVER,PrizePicks,,,51.0%,1.86,,,0.0,,,0,0,,-0.03,0.75,1.8644,,,,,,,,,,,,,,,,,,,,,,,,,,,,,,,,,,,,,,-0.43,0.16,0.93,0.3,-1.09,0.8,1.2,0.0087,75.0%
411,Jalen Williams,PA,22.5,UNDER,PrizePicks,,,52.6%,1.77,,,-0.0293,0.5107,0.5107,1,1,-0.0293,0.0149,1.0,3.4573,22.5,51.1%,-110,FanDuel,-120,FanDuel,NEUTRAL,22.5,0.0,48.9%,51.1%,-0.0144,,,,,,,,,,,,,,,,,,,,,,,,,,0.02,0.12,2.0,0.9,-0.78,0.8,0.4,0.006,100.0%
412,Chet Holmgren,PR,23.5,OVER,PrizePicks,,,55.1%,1.72,,,-0.0347,0.5053,0.5053,1,1,-0.0347,0.0461,1.0,-1.895,23.5,50.5%,-118,FanDuel,-112,FanDuel,NEUTRAL,23.5,0.0,50.5%,49.5%,0.0114,,,,,,,,,,,,,,,,,,,,,,,,,,-0.34,0.09,-1.5,0.7,-3.25,1.2,1.2,0.0129,100.0%
413,Myles Turner,3PM,1.5,OVER,Underdog and PrizePicks,Goblin,0.83x,50.6%,1.7,,,0.0338,0.5597,0.5738,5,6,0.0197,-0.0538,0.5,-0.4356,1.5,52.0%,190,Bovada,120,FanDuel,NEUTRAL,1.5,0.0,57.1%,42.9%,-0.0341,1.5,0.0,56.9%,43.1%,-0.0341,1.5,0.0,56.7%,43.3%,-0.0341,1.5,0.0,56.7%,43.3%,-0.0341,2.5,1.0,64.4%,35.6%,-0.0341,1.5,0.0,52.4%,47.6%,-0.0341,-0.72,0.12,-0.27,0.1,-0.68,0.6,0.4,0.0146,50.0%
414,Tyrese Maxey,STL,1.5,UNDER,Underdog,,1.02x,56.3%,1.7,,,-0.0647,0.4753,0.4753,2,2,-0.0647,0.0875,1.0,3.402,1.5,47.5%,-122,FanDuel,101,DraftKings,NEUTRAL,1.5,0.0,51.5%,48.5%,0.0229,1.5,0.0,53.5%,46.5%,0.0229,,,,,,,,,,,,,,,,,,,,,0.31,0.52,-0.15,0.9,-0.37,1.0,1.2,0.0043,100.0%
415,OG Anunoby,PRA,22.5,UNDER,PrizePicks,,,53.4%,1.51,,,-0.04,0.5,0.5,1,1,-0.04,0.0344,1.0,3.6486,22.5,50.0%,-114,FanDuel,-114,FanDuel,NEUTRAL,22.5,0.0,50.0%,50.0%,-0.0056,,,,,,,,,,,,,,,,,,,,,,,,,,0.18,0.17,-0.55,1.5,0.15,1.0,1.2,0.005,100.0%
416,Kon Knueppel,PTS,18.5,UNDER,Underdog and PrizePicks,,,53.9%,1.5,,,-0.0376,0.508,0.5024,3,6,-0.032,0.031,1.0,0.045,18.5,52.1%,200,Bovada,112,BetRivers,NEUTRAL,18.5,0.0,50.0%,50.0%,-0.001,18.5,0.0,48.4%,51.6%,-0.001,17.5,-1.0,50.1%,49.9%,-0.001,18.5,0.0,49.2%,50.8%,-0.001,22.5,4.0,54.4%,45.6%,-0.001,17.5,-1.0,46.4%,53.6%,-0.001,0.11,-0.15,-2.75,-0.9,1.54,1.0,1.2,0.007,100.0%
417,Devin Booker,PR,30.0,OVER,PrizePicks,,,54.2%,1.47,,,-0.036,,0.504,0,2,-0.036,0.0376,1.0,0.4512,30.0,50.4%,-118,FanDuel,-112,FanDuel,NEUTRAL,29.5,-0.5,48.0%,52.0%,0.0016,,,,,,,,,,,,,,,,,,,,,30.5,0.5,52.8%,47.2%,0.0016,0.08,0.45,-2.3,3.4,-2.79,1.2,0.4,0.0071,100.0%
418,OG Anunoby,PR,20.5,UNDER,PrizePicks,,,52.6%,1.46,,,-0.0293,0.5107,0.5107,1,1,-0.0293,0.0151,1.0,3.2923,20.5,51.1%,-110,FanDuel,-120,FanDuel,NEUTRAL,20.5,0.0,48.9%,51.1%,-0.0142,,,,,,,,,,,,,,,,,,,,,,,,,,0.19,0.17,-0.52,1.3,0.15,0.8,1.2,0.0165,100.0%
419,Jalen Williams,PTS,17.5,UNDER,PrizePicks,,,53.6%,1.36,,,-0.04,0.5,0.5,1,1,-0.04,0.0362,1.0,2.812,17.5,50.0%,-114,FanDuel,-114,FanDuel,NEUTRAL,17.5,0.0,50.0%,50.0%,-0.0038,,,,,,,,,,,,,,,,,,,,,,,,,,-0.05,0.19,2.0,1.3,-1.63,0.6,0.4,0.0048,100.0%
420,Coby White,FTM,3.5,OVER,PrizePicks,Demon,,50.8%,1.35,,,0.0,,,0,0,,-0.0322,0.75,1.6175,,,,,,,,,,,,,,,,,,,,,,,,,,,,,,,,,,,,,,-0.27,-0.59,0.98,-1.1,0.6,0.8,1.2,0.0121,75.0%
421,Mikal Bridges,RA,6.5,OVER,PrizePicks,,,54.9%,1.32,,,-0.0507,0.4893,0.4893,1,1,-0.0507,0.06,1.0,2.6367,6.5,48.9%,-110,FanDuel,-120,FanDuel,NEUTRAL,6.5,0.0,48.9%,51.1%,0.0093,,,,,,,,,,,,,,,,,,,,,,,,,,-0.5,-0.18,2.3,-0.5,-0.88,1.2,1.2,0.0119,100.0%
422,Ace Bailey,PTS,18.5,OVER,Underdog and PrizePicks,,1.03x,52.3%,1.26,,,-0.0527,0.4873,0.4873,4,6,-0.0527,0.0358,1.0,10.0767,18.5,46.4%,205,Bovada,-105,BetRivers,NEUTRAL,18.5,0.0,47.2%,52.8%,-0.0169,18.5,0.0,50.1%,49.9%,-0.0169,17.5,-1.0,47.4%,52.6%,-0.0169,18.5,0.0,48.7%,51.3%,-0.0169,22.5,4.0,50.0%,50.0%,-0.0169,18.5,0.0,48.9%,51.1%,-0.0169,0.56,-0.72,3.0,-6.5,11.54,1.0,1.2,0.0047,100.0%
423,Stephon Castle,PR,20.5,OVER,Underdog,,,54.7%,1.23,,,-0.0285,0.5,0.5116,1,4,-0.04,0.0468,1.0,1.5397,21.0,50.0%,-105,Bovada,100,BetMGM,NEUTRAL,20.5,0.0,50.0%,50.0%,0.0068,21.5,1.0,53.1%,46.9%,0.0068,,,,,,,,,,,21.5,1.0,52.8%,47.2%,0.0068,19.5,-1.0,48.7%,51.3%,0.0068,-0.11,0.06,0.22,0.5,-1.52,1.2,1.2,0.0436,100.0%
424,DeMar DeRozan,PA,22.5,OVER,Underdog and PrizePicks,,,55.2%,1.22,,,-0.0514,0.4887,0.4887,4,4,-0.0514,0.0639,1.0,1.5635,22.5,48.9%,-108,FanDuel,-119,DraftKings,NEUTRAL,22.5,0.0,48.5%,51.5%,0.0125,22.5,0.0,49.1%,50.9%,0.0125,,,,,,,,,,,22.5,0.0,48.9%,51.1%,0.0125,22.5,0.0,48.9%,51.1%,0.0125,-0.01,0.26,0.22,3.5,-3.6,0.8,0.4,0.0086,100.0%
425,Stephon Castle,RA,11.5,OVER,Underdog,,0.86x,52.1%,1.12,,,0.0113,0.5367,0.5513,2,4,-0.0033,-0.0151,0.5,1.668,12.0,49.5%,110,FanDuel,103,DraftKings,NEUTRAL,12.5,1.0,56.1%,43.9%,-0.0185,11.5,0.0,53.8%,46.2%,-0.0185,,,,,,,,,,,12.5,1.0,57.1%,42.9%,-0.0185,11.5,0.0,53.5%,46.5%,-0.0185,-0.37,-1.4,0.3,-2.5,1.84,1.8,2.0,0.029,50.0%
426,LaMelo Ball,AST,7.0,UNDER,PrizePicks,,,55.0%,1.11,,,-0.0439,,0.4961,0,6,-0.0439,0.0536,0.75,4.3142,7.5,56.5%,200,Bovada,114,BetRivers,NEUTRAL,7.5,0.5,49.8%,50.2%,0.0097,7.5,0.5,50.7%,49.3%,0.0097,6.5,-0.5,49.4%,50.6%,0.0097,7.5,0.5,50.4%,49.6%,0.0097,8.5,1.5,51.6%,48.4%,0.0097,7.5,0.5,50.4%,49.6%,0.0097,0.02,0.06,1.35,0.2,-0.12,1.6,1.2,0.0469,75.0%
427,Paul George,PR,20.5,UNDER,Underdog and PrizePicks,,,53.7%,1.07,,,-0.0419,0.4969,0.4981,3,4,-0.0431,0.0398,1.0,4.258,20.5,51.1%,110,Bovada,-108,FanDuel,NEUTRAL,20.5,0.0,51.5%,48.5%,-0.0033,20.5,0.0,49.7%,50.3%,-0.0033,,,,,,,,,,,21.5,1.0,49.8%,50.2%,-0.0033,20.5,0.0,49.7%,50.3%,-0.0033,0.11,0.34,0.53,3.3,-2.23,1.0,1.2,0.0291,100.0%
428,Devin Booker,PTS,26.5,OVER,PrizePicks,,,56.2%,1.01,,,-0.063,0.4788,0.477,2,6,-0.0612,0.0836,1.0,1.185,26.0,46.9%,200,Bovada,-103,BetRivers,NEUTRAL,25.5,-1.0,46.0%,54.0%,0.0224,26.5,0.0,47.6%,52.4%,0.0224,25.5,-1.0,47.4%,52.6%,0.0224,26.5,0.0,48.1%,51.9%,0.0224,30.5,4.0,52.5%,47.5%,0.0224,25.5,-1.0,44.5%,55.5%,0.0224,0.16,0.48,-2.08,3.1,-2.07,1.2,0.4,0.0055,100.0%
429,Myles Turner,PA,12.5,UNDER,PrizePicks,,,53.5%,0.98,,,-0.0427,0.4973,0.4973,1,1,-0.0427,0.0377,1.0,3.089,12.5,49.7%,-118,BetMGM,-115,BetMGM,NEUTRAL,,,,,,,,,,,,,,,,,,,,,,,,,,12.5,0.0,50.3%,49.7%,-0.005,0.27,-1.28,0.04,-4.1,4.96,1.6,1.6,0.0026,100.0%
430,Jalen Green,RA,7.5,OVER,Underdog and PrizePicks,,,52.3%,0.95,,,0.0052,0.512,0.5452,2,4,-0.028,0.0113,1.0,2.4137,8.0,47.4%,130,Bovada,-106,DraftKings,NEUTRAL,7.5,0.0,50.5%,49.5%,-0.0167,7.5,0.0,51.9%,48.1%,-0.0167,,,,,,,,,,,8.5,1.0,55.0%,45.0%,-0.0167,8.5,1.0,60.6%,39.4%,-0.0167,0.32,-0.51,-0.74,-1.5,2.44,1.2,1.2,0.0125,100.0%
431,Josh Hart,PTS,11.5,OVER,PrizePicks,,,52.2%,0.92,,,-0.0213,0.5187,0.5187,1,1,-0.0213,0.0038,1.0,0.3538,11.5,51.9%,-125,FanDuel,-106,FanDuel,NEUTRAL,11.5,0.0,51.9%,48.1%,-0.0175,,,,,,,,,,,,,,,,,,,,,,,,,,-0.08,-0.54,-0.7,-4.9,4.18,1.2,1.2,0.0084,100.0%
432,Brandon Miller,PTS,19.5,OVER,Underdog and PrizePicks,,,51.9%,0.91,,,-0.0144,0.5176,0.5256,4,6,-0.0224,0.0013,1.0,1.3932,19.5,49.4%,190,Bovada,118,BetRivers,NEUTRAL,19.5,0.0,51.5%,48.5%,-0.0211,19.5,0.0,51.5%,48.5%,-0.0211,18.5,-1.0,51.0%,49.0%,-0.0211,19.5,0.0,53.0%,46.9%,-0.0211,23.5,4.0,57.3%,42.7%,-0.0211,19.5,0.0,51.1%,48.9%,-0.0211,-0.19,0.02,-0.04,0.1,-0.9,1.2,1.2,0.0033,100.0%
433,Josh Hart,PA,16.5,UNDER,PrizePicks,,,52.5%,0.79,,,-0.032,0.508,0.508,1,1,-0.032,0.017,1.0,3.2077,16.5,50.8%,-110,FanDuel,-118,FanDuel,NEUTRAL,16.5,0.0,49.2%,50.8%,-0.015,,,,,,,,,,,,,,,,,,,,,,,,,,0.08,0.44,0.19,4.1,-3.4,1.0,0.8,0.0208,100.0%
434,De'Aaron Fox,FTA,2.5,OVER,PrizePicks,,,50.9%,0.79,,,0.0,,,0,0,,-0.0309,0.75,0.3805,,,,,,,,,,,,,,,,,,,,,,,,,,,,,,,,,,,,,,-0.42,-0.43,-0.08,-1.1,0.01,1.2,1.2,0.017,75.0%
435,Miles Bridges,PR,20.5,OVER,Underdog,,,55.6%,0.67,,,-0.0565,0.4902,0.4835,3,4,-0.0498,0.0662,1.0,-1.4006,20.5,49.7%,-105,DraftKings,-106,FanDuel,NEUTRAL,19.5,-1.0,46.3%,53.7%,0.0165,20.5,0.0,48.0%,52.0%,0.0165,,,,,,,,,,,20.5,0.0,48.0%,52.0%,0.0165,20.5,0.0,51.1%,48.9%,0.0165,-0.7,0.47,-0.39,1.7,-4.27,1.0,0.8,0.0027,100.0%
436,Kon Knueppel,PR,23.5,UNDER,Underdog and PrizePicks,,,52.8%,0.64,,,-0.0323,0.5077,0.5077,4,4,-0.0323,0.0207,1.0,1.5384,23.5,50.8%,-105,BetMGM,-112,FanDuel,NEUTRAL,23.5,0.0,50.5%,49.5%,-0.0116,23.5,0.0,49.5%,50.5%,-0.0116,,,,,,,,,,,23.5,0.0,48.9%,51.1%,-0.0116,23.5,0.0,48.0%,52.0%,-0.0116,0.12,-0.08,-1.67,-0.7,1.67,1.0,1.2,0.0105,100.0%
437,Ace Bailey,BLK,0.5,OVER,PrizePicks,,,50.8%,0.62,,,-0.0252,0.5148,0.5148,1,1,-0.0252,-0.007,1.0,4.8947,0.5,51.5%,-125,BetMGM,-110,BetMGM,NEUTRAL,,,,,,,,,,,,,,,,,,,,,,,,,,0.5,0.0,51.5%,48.5%,-0.0322,-0.08,-0.9,3.0,-1.5,1.37,1.4,1.6,0.0052,100.0%
438,Rudy Gobert,STL,0.5,OVER,PrizePicks,Goblin,,51.0%,0.55,,,0.0,,,0,0,,-0.0299,0.5,4.472,,,,,,,,,,,,,,,,,,,,,,,,,,,,,,,,,,,,,,-0.45,-0.79,3.0,-0.5,0.21,1.4,1.6,0.0644,50.0%
439,Mikal Bridges,PTS,12.5,OVER,PrizePicks,,,54.5%,0.4,,,-0.04,0.5,0.5,1,1,-0.04,0.0451,1.0,-1.2362,12.5,50.0%,-114,FanDuel,-114,FanDuel,NEUTRAL,12.5,0.0,50.0%,50.0%,0.0051,,,,,,,,,,,,,,,,,,,,,,,,,,-0.97,0.13,-0.04,0.3,-2.46,0.6,1.2,0.0118,100.0%
440,Miles Bridges,PTS,14.5,OVER,Underdog and PrizePicks,,0.94x,54.7%,0.24,,,-0.0337,0.5,0.5063,4,6,-0.04,0.0471,1.0,-2.3407,14.5,48.6%,170,Bovada,115,BetRivers,NEUTRAL,14.5,0.0,49.5%,50.5%,0.0071,14.5,0.0,50.9%,49.1%,0.0071,13.5,-1.0,50.3%,49.6%,0.0071,14.5,0.0,50.3%,49.7%,0.0071,17.5,3.0,53.4%,46.6%,0.0071,14.5,0.0,49.3%,50.7%,0.0071,-1.0,0.63,-0.44,1.7,-4.42,0.8,0.4,0.0076,100.0%
441,Devin Booker,PA,32.5,OVER,Underdog and PrizePicks,,,52.6%,0.19,,,-0.0312,0.5071,0.5088,3,4,-0.0329,0.019,1.0,1.4307,32.5,49.5%,105,Bovada,-105,BetMGM,NEUTRAL,32.5,0.0,50.0%,50.0%,-0.0139,32.5,0.0,50.1%,49.9%,-0.0139,,,,,,,,,,,33.5,1.0,51.4%,48.6%,-0.0139,32.5,0.0,52.0%,48.0%,-0.0139,0.21,0.63,-1.89,3.3,-2.22,1.0,0.4,0.0097,100.0%
442,Dyson Daniels,PRA,25.5,OVER,Underdog and PrizePicks,,,53.5%,0.13,,,-0.0546,0.4938,0.4854,3,6,-0.0462,0.0408,1.0,3.8487,25.5,49.3%,115,Bovada,-105,BetRivers,NEUTRAL,25.5,0.0,48.1%,51.9%,-0.0054,24.5,-1.0,47.0%,53.0%,-0.0054,24.5,-1.0,47.8%,52.2%,-0.0054,25.5,0.0,49.2%,50.8%,-0.0054,26.5,1.0,48.3%,51.7%,-0.0054,25.5,0.0,50.8%,49.2%,-0.0054,0.1,0.14,0.44,1.7,-0.53,1.2,0.8,0.0279,100.0%
443,Stephon Castle,TOV,2.5,UNDER,Underdog,,0.77x,52.0%,0.1,,,0.0,,,0,0,,-0.0201,0.5,-0.5266,,,,,,,,,,,,,,,,,,,,,,,,,,,,,,,,,,,,,,0.32,0.53,-3.45,1.1,-0.44,1.0,0.4,0.0365,50.0%
444,Joel Embiid,FGA,18.5,UNDER,Underdog,,,51.3%,0.04,,,0.0,,,0,0,,-0.0271,0.5,0.3927,,,,,,,,,,,,,,,,,,,,,,,,,,,,,,,,,,,,,,-0.29,-0.08,-0.08,-0.1,-0.25,0.4,0.8,0.0188,50.0%
445,Julius Randle,RA,11.5,UNDER,Underdog and PrizePicks,,,52.4%,-0.02,,,-0.0586,0.4939,0.4814,3,4,-0.0461,0.0302,1.0,5.6481,11.5,51.1%,115,Bovada,-101,DraftKings,NEUTRAL,11.5,0.0,51.3%,48.7%,-0.016,11.5,0.0,52.9%,47.1%,-0.016,,,,,,,,,,,12.5,1.0,55.6%,44.4%,-0.016,11.5,0.0,47.6%,52.4%,-0.016,0.25,-0.63,3.0,-1.1,1.53,1.4,1.2,0.0115,100.0%
446,Paul George,FGM,5.5,UNDER,PrizePicks,,,50.4%,-0.11,,,0.0,,,0,0,,-0.0364,0.5,2.7713,,,,,,,,,,,,,,,,,,,,,,,,,,,,,,,,,,,,,,0.07,0.5,0.54,1.7,-1.45,0.6,0.8,0.0199,50.0%
447,Ace Bailey,REB,4.5,UNDER,Underdog and PrizePicks,,,53.9%,-0.12,,,-0.0552,0.4901,0.4848,5,6,-0.0499,0.0494,1.0,1.9266,4.5,51.5%,160,Bovada,-105,BetMGM,NEUTRAL,4.5,0.0,50.0%,50.0%,-0.0005,4.5,0.0,51.5%,48.5%,-0.0005,4.5,0.0,50.7%,49.3%,-0.0005,4.5,0.0,50.8%,49.2%,-0.0005,5.5,1.0,54.2%,45.8%,-0.0005,4.5,0.0,52.0%,48.0%,-0.0005,-0.26,1.73,-0.0,2.3,-2.65,0.8,0.0,0.0053,100.0%
448,Victor Wembanyama,PTS,24.5,UNDER,Underdog and PrizePicks,,,53.7%,-0.14,,,-0.0381,0.4965,0.5019,3,6,-0.0435,0.0409,1.0,1.1244,24.5,53.6%,185,Bovada,-108,DraftKings,NEUTRAL,24.5,0.0,50.0%,50.0%,-0.0026,24.5,0.0,51.1%,48.9%,-0.0026,25.5,1.0,50.7%,49.3%,-0.0026,24.5,0.0,50.0%,50.0%,-0.0026,28.5,4.0,53.4%,46.6%,-0.0026,23.5,-1.0,43.7%,56.3%,-0.0026,-0.05,-0.18,-0.35,-1.1,0.81,0.8,1.2,0.0162,100.0%
449,Dyson Daniels,REB,6.5,UNDER,PrizePicks,,,54.5%,-0.29,,,-0.0732,0.483,0.4668,4,6,-0.057,0.0618,1.0,2.5983,6.5,51.8%,140,Bovada,100,BetRivers,NEUTRAL,6.5,0.0,50.5%,49.5%,0.0048,6.5,0.0,51.7%,48.3%,0.0048,6.5,0.0,53.5%,46.5%,0.0048,6.5,0.0,51.1%,48.9%,0.0048,7.5,1.0,54.4%,45.6%,0.0048,7.5,1.0,58.8%,41.2%,0.0048,0.06,0.09,0.25,0.3,-0.1,0.8,1.2,0.0123,100.0%
450,Jalen Williams,PRA,26.5,UNDER,PrizePicks,,,53.5%,-0.32,,,-0.0547,0.4853,0.4853,1,1,-0.0547,0.0501,1.0,4.3462,26.5,48.5%,-122,FanDuel,-108,FanDuel,NEUTRAL,26.5,0.0,51.5%,48.5%,-0.0046,,,,,,,,,,,,,,,,,,,,,,,,,,0.09,0.11,2.0,0.9,-0.16,1.0,0.4,0.0102,100.0%
451,Miles Bridges,REB,5.0,OVER,PrizePicks,,,50.9%,-0.34,,,-0.005,,0.535,0,6,-0.005,-0.0262,0.75,-0.5409,5.5,44.0%,190,Bovada,-115,BetMGM,NEUTRAL,5.5,0.5,51.6%,48.4%,-0.0311,5.5,0.5,53.5%,46.5%,-0.0311,5.5,0.5,51.5%,48.5%,-0.0311,5.5,0.5,54.1%,45.9%,-0.0311,6.5,1.5,53.2%,46.8%,-0.0311,5.5,0.5,57.1%,42.9%,-0.0311,-0.33,-0.38,-0.58,-1.0,0.15,0.8,0.8,0.0127,75.0%
452,CJ McCollum,PRA,27.5,UNDER,Underdog and PrizePicks,,,51.3%,-0.35,,,0.0,,,0,0,,-0.0273,0.5,0.3246,,,,,,,,,,,,,,,,,,,,,,,,,,,,,,,,,,,,,,-0.39,0.17,0.95,0.7,-2.3,0.8,0.4,0.0317,50.0%
453,Miles Bridges,PRA,23.0,OVER,PrizePicks,,,53.6%,-0.5,,,-0.0332,,0.5068,0,6,-0.0332,0.0293,1.0,-2.2838,23.0,50.7%,120,Bovada,117,BetRivers,NEUTRAL,22.5,-0.5,48.6%,51.3%,-0.004,22.5,-0.5,49.9%,50.1%,-0.004,21.5,-1.5,50.0%,50.0%,-0.004,23.5,0.5,52.4%,47.6%,-0.004,24.5,1.5,49.6%,50.4%,-0.004,23.5,0.5,53.5%,46.5%,-0.004,-0.75,0.49,-0.49,2.2,-5.54,1.0,0.8,0.0169,100.0%
454,Miles Bridges,RA,8.0,UNDER,PrizePicks,,,52.9%,-0.66,,,-0.0518,,0.4882,0,4,-0.0518,0.0408,1.0,4.5598,8.5,53.7%,108,FanDuel,-118,BetMGM,NEUTRAL,8.5,0.5,49.7%,50.3%,-0.011,8.5,0.5,50.2%,49.8%,-0.011,,,,,,,,,,,8.5,0.5,50.8%,49.2%,-0.011,8.5,0.5,54.1%,45.9%,-0.011,0.31,-0.0,0.53,-0.0,1.12,1.4,1.2,0.009,100.0%
455,Donte DiVincenzo,SB,1.5,OVER,PrizePicks,,,50.9%,-0.77,,,0.0,,,0,0,,-0.0309,0.5,-0.161,,,,,,,,,,,,,,,,,,,,,,,,,,,,,,,,,,,,,,-0.32,-0.4,-1.0,-0.3,0.06,0.6,1.2,0.0189,50.0%
456,Ausar Thompson,PRA,19.0,UNDER,PrizePicks,,,53.4%,-0.84,,,-0.0481,,0.4919,0,6,-0.0481,0.0423,1.0,2.4847,19.5,52.3%,125,Bovada,-105,BetMGM,NEUTRAL,19.5,0.5,52.1%,47.9%,-0.0058,19.5,0.5,50.5%,49.5%,-0.0058,19.5,0.5,50.7%,49.3%,-0.0058,19.5,0.5,51.3%,48.7%,-0.0058,20.5,1.5,51.0%,48.9%,-0.0058,18.5,-0.5,49.3%,50.7%,-0.0058,-0.06,-0.08,0.5,-0.4,0.12,1.2,1.2,0.0264,100.0%
457,CJ McCollum,3PM,2.5,OVER,Underdog,,,50.1%,-0.98,,,0.0,,,0,0,,-0.0385,0.5,0.9497,,,,,,,,,,,,,,,,,,,,,,,,,,,,,,,,,,,,,,-0.01,-0.23,-0.81,-0.3,0.29,0.8,1.2,0.0065,50.0%
458,Tobias Harris,PR,19.5,UNDER,Underdog and PrizePicks,,,53.2%,-0.99,,,-0.0401,0.4894,0.4999,2,4,-0.0507,0.043,1.0,2.2059,19.5,50.0%,105,Bovada,-105,BetMGM,NEUTRAL,19.5,0.0,51.5%,48.5%,-0.0076,19.5,0.0,50.7%,49.3%,-0.0076,,,,,,,,,,,20.5,1.0,52.5%,47.5%,-0.0076,18.5,-1.0,45.4%,54.6%,-0.0076,-0.27,0.14,1.5,0.5,-1.46,1.0,0.8,0.0012,100.0%
459,Isaiah Hartenstein,REB,8.5,OVER,PrizePicks,,,55.6%,-1.09,,,-0.0641,0.4759,0.4759,1,1,-0.0641,0.0802,1.0,0.0789,8.5,47.6%,-104,FanDuel,-128,FanDuel,NEUTRAL,8.5,0.0,47.6%,52.4%,0.0161,,,,,,,,,,,,,,,,,,,,,,,,,,-0.2,-0.63,-0.17,-3.5,2.38,1.0,1.2,0.0148,100.0%
460,Stephon Castle,PA,23.5,OVER,Underdog and PrizePicks,,0.88x,54.4%,-1.2,,,-0.043,0.4993,0.497,2,4,-0.0407,0.0444,0.5,2.9207,23.5,49.7%,105,Bovada,100,BetMGM,NEUTRAL,23.5,0.0,48.9%,51.1%,0.0037,23.5,0.0,50.9%,49.1%,0.0037,,,,,,,,,,,24.5,1.0,51.8%,48.2%,0.0037,22.5,-1.0,47.2%,52.8%,0.0037,-0.02,-0.1,0.16,-0.5,0.38,1.4,1.6,0.0467,50.0%
461,Brandon Miller,PA,23.5,UNDER,Underdog and PrizePicks,,,52.4%,-1.31,,,-0.0418,0.4991,0.4983,3,4,-0.0409,0.0247,1.0,1.8934,23.5,51.3%,110,Bovada,-105,BetMGM,NEUTRAL,23.5,0.0,48.5%,51.5%,-0.0162,23.5,0.0,49.7%,50.3%,-0.0162,,,,,,,,,,,24.5,1.0,50.4%,49.6%,-0.0162,23.5,0.0,52.0%,48.0%,-0.0162,0.06,0.06,-0.12,0.3,0.0,0.8,0.8,0.0185,100.0%
462,Ace Bailey,3PA,8.5,UNDER,Underdog,,,52.2%,-1.33,,,0.0,,,0,0,,-0.0183,0.5,-4.0521,,,,,,,,,,,,,,,,,,,,,,,,,,,,,,,,,,,,,,-0.65,0.56,-2.25,2.7,-5.82,0.6,0.8,0.0339,50.0%
463,CJ McCollum,FGA,15.5,OVER,Underdog and PrizePicks,,0.87x,50.0%,-1.4,,,0.0,,,0,0,,-0.0397,0.5,0.8668,,,,,,,,,,,,,,,,,,,,,,,,,,,,,,,,,,,,,,0.09,-0.07,-1.72,-0.3,0.67,1.0,1.2,0.0148,50.0%
464,Victor Wembanyama,FGA,16.5,UNDER,Underdog,,1.03x,50.2%,-1.43,,,0.0,,,0,0,,-0.038,0.5,1.4463,,,,,,,,,,,,,,,,,,,,,,,,,,,,,,,,,,,,,,0.01,0.43,-0.43,1.3,-1.27,0.6,0.8,0.0371,50.0%
465,Jalen Green,3PM,2.5,UNDER,Underdog and PrizePicks,,,51.5%,-1.66,,,-0.0391,0.5009,0.5009,6,6,-0.0391,0.0141,1.0,2.9021,2.5,50.1%,-105,BetMGM,-108,BetRivers,NEUTRAL,2.5,0.0,50.0%,50.0%,-0.025,2.5,0.0,50.4%,49.6%,-0.025,2.5,0.0,51.9%,48.1%,-0.025,2.5,0.0,49.2%,50.8%,-0.025,2.5,0.0,50.0%,50.0%,-0.025,2.5,0.0,48.0%,52.0%,-0.025,-0.24,-0.4,1.72,-0.3,0.12,0.8,1.2,0.0133,100.0%
466,Tyrese Maxey,BLK,0.5,UNDER,PrizePicks,,,53.2%,-1.67,,,-0.0548,0.4852,0.4852,1,1,-0.0548,0.0465,1.0,2.5157,0.5,48.5%,-125,BetMGM,-110,BetMGM,NEUTRAL,,,,,,,,,,,,,,,,,,,,,,,,,,0.5,0.0,51.5%,48.5%,-0.0083,0.31,0.88,-0.0,0.9,-0.58,0.6,0.4,0.006,100.0%
467,Paul George,REB,4.5,OVER,Underdog,,0.82x,50.2%,-1.71,,,0.008,0.5357,0.548,5,6,-0.0043,-0.0332,0.5,0.9984,4.5,51.4%,130,Bovada,115,BetMGM,NEUTRAL,4.5,0.0,53.7%,46.3%,-0.0375,4.5,0.0,55.4%,44.6%,-0.0375,4.5,0.0,52.4%,47.6%,-0.0375,4.5,0.0,49.7%,50.3%,-0.0375,5.5,1.0,60.9%,39.1%,-0.0375,4.5,0.0,56.6%,43.4%,-0.0375,-0.44,-0.32,-0.16,-0.5,-0.18,1.0,1.6,0.0169,50.0%
468,Josh Hart,PR,19.5,OVER,PrizePicks,,,55.6%,-1.8,,,-0.0678,,0.4722,0,1,-0.0678,0.0837,1.0,-0.177,18.5,52.8%,-130,FanDuel,-102,FanDuel,UNFAVORABLE,18.5,-1.0,47.2%,52.8%,0.0159,,,,,,,,,,,,,,,,,,,,,,,,,,-0.04,-0.61,-1.61,-4.9,4.59,1.2,1.2,0.0146,100.0%
469,Isaiah Hartenstein,PTS,7.5,OVER,PrizePicks,,,52.7%,-1.8,,,-0.0453,0.4947,0.4947,1,1,-0.0453,0.0325,1.0,0.652,7.5,49.5%,-112,FanDuel,-118,FanDuel,NEUTRAL,7.5,0.0,49.5%,50.5%,-0.0128,,,,,,,,,,,,,,,,,,,,,,,,,,-0.57,0.37,1.25,1.3,-3.3,0.8,0.8,0.0054,100.0%
470,Joel Embiid,PTS,26.5,OVER,Underdog and PrizePicks,,,52.1%,-1.9,,,-0.0384,0.4969,0.5016,3,6,-0.0431,0.024,1.0,1.5221,26.5,46.5%,190,Bovada,-110,BetMGM,NEUTRAL,26.5,0.0,49.5%,50.5%,-0.0191,26.5,0.0,50.4%,49.6%,-0.0191,27.5,1.0,52.3%,47.7%,-0.0191,26.5,0.0,49.2%,50.8%,-0.0191,30.5,4.0,54.1%,45.9%,-0.0191,25.5,-1.0,45.5%,54.5%,-0.0191,-0.09,-1.2,-0.04,-4.7,4.35,1.6,1.6,0.0047,100.0%
471,Brandon Miller,PRA,28.5,UNDER,PrizePicks,,,53.8%,-2.0,,,-0.0794,0.4813,0.4606,1,6,-0.0587,0.0567,1.0,1.953,29.5,50.2%,120,Bovada,116,BetRivers,UNFAVORABLE,28.5,0.0,51.9%,48.1%,-0.002,29.5,1.0,53.4%,46.6%,-0.002,27.5,-1.0,52.1%,47.9%,-0.002,29.5,1.0,54.2%,45.8%,-0.002,31.5,3.0,57.2%,42.8%,-0.002,29.5,1.0,55.0%,45.0%,-0.002,0.05,-0.05,-0.19,-0.3,0.64,1.0,0.8,0.02,100.0%
472,Julius Randle,PA,27.5,UNDER,Underdog,,,62.2%,-2.03,,,-0.1338,,0.4062,0,4,-0.1338,0.2159,1.0,0.2175,29.5,50.8%,105,Bovada,-105,BetMGM,UNFAVORABLE,29.5,2.0,59.2%,40.8%,0.0822,29.5,2.0,60.1%,40.0%,0.0822,,,,,,,,,,,30.5,3.0,61.2%,38.8%,0.0822,28.5,1.0,57.1%,42.9%,0.0822,-0.18,-0.23,-0.06,-1.7,0.39,1.2,0.8,0.0071,100.0%
473,Ace Bailey,RA,6.5,OVER,PrizePicks,,,50.5%,-2.33,,,-0.0141,0.5147,0.5259,2,3,-0.0253,-0.0099,0.75,2.3493,6.5,47.9%,130,Bovada,-106,DraftKings,NEUTRAL,,,,,,6.5,0.0,51.9%,48.1%,-0.0352,,,,,,,,,,,7.5,1.0,54.8%,45.2%,-0.0352,6.5,0.0,51.1%,48.9%,-0.0352,0.29,-1.7,0.0,-3.3,3.86,1.2,2.0,0.0051,75.0%
474,Ace Bailey,PR,23.5,OVER,PrizePicks,,,52.1%,-2.36,,,-0.0546,0.4906,0.4854,3,4,-0.0494,0.0302,0.5,9.6912,23.5,49.7%,-108,DraftKings,-108,FanDuel,NEUTRAL,22.5,-1.0,47.0%,53.0%,-0.0191,23.5,0.0,48.5%,51.5%,-0.0191,,,,,,,,,,,23.5,0.0,48.9%,51.1%,-0.0191,23.5,0.0,49.7%,50.3%,-0.0191,0.61,-0.86,1.86,-8.3,14.18,1.0,1.2,0.0488,50.0%
475,LaMelo Ball,PTS,20.5,OVER,Underdog,,1.05x,53.6%,-2.45,,,-0.0665,0.4793,0.4735,2,6,-0.0607,0.0565,1.0,2.3109,20.0,48.5%,185,Bovada,120,BetRivers,NEUTRAL,20.5,0.0,47.2%,52.8%,-0.0041,19.5,-1.0,45.9%,54.1%,-0.0041,18.5,-2.0,45.5%,54.5%,-0.0041,20.5,0.0,48.7%,51.3%,-0.0041,23.5,3.0,51.1%,48.9%,-0.0041,19.5,-1.0,45.8%,54.2%,-0.0041,0.18,-0.84,-0.21,-3.7,4.49,1.2,1.2,0.021,100.0%
476,Ausar Thompson,STL,1.5,UNDER,Underdog,,1.08x,56.1%,-2.46,,,-0.0899,0.4501,0.4501,3,3,-0.0899,0.1108,1.0,3.4925,1.5,45.0%,-139,FanDuel,110,Bovada,NEUTRAL,1.5,0.0,54.3%,45.7%,0.0209,1.5,0.0,55.3%,44.7%,0.0209,,,,,,,,,,,1.5,0.0,55.4%,44.6%,0.0209,,,,,,0.21,0.76,0.25,1.7,-1.23,1.0,0.8,0.0103,100.0%
477,Julius Randle,PR,29.5,UNDER,Underdog,,,62.4%,-2.48,,,-0.1388,,0.4012,0,4,-0.1388,0.2228,1.0,0.3391,31.5,51.5%,105,Bovada,-115,FanDuel,UNFAVORABLE,31.5,2.0,59.7%,40.3%,0.084,31.5,2.0,60.0%,40.0%,0.084,,,,,,,,,,,32.5,3.0,61.1%,38.9%,0.084,31.5,2.0,58.7%,41.3%,0.084,-0.22,-0.4,-0.05,-2.9,1.3,1.4,1.2,0.0076,100.0%
478,Shai Gilgeous-Alexander,RA,10.5,UNDER,PrizePicks,,,51.5%,-2.52,,,-0.0453,0.4947,0.4947,1,1,-0.0453,0.0206,1.0,2.7264,10.5,49.5%,-118,FanDuel,-112,FanDuel,NEUTRAL,10.5,0.0,50.5%,49.5%,-0.0247,,,,,,,,,,,,,,,,,,,,,,,,,,0.39,-1.11,-0.4,-1.3,1.75,1.4,2.0,0.0093,100.0%
479,Joel Embiid,PRA,38.5,OVER,PrizePicks,,,54.3%,-2.57,,,-0.0701,,0.4699,0,6,-0.0701,0.0736,1.0,2.046,37.5,48.4%,120,Bovada,-110,FanDuel,UNFAVORABLE,37.5,-1.0,46.7%,53.3%,0.0034,37.5,-1.0,46.6%,53.4%,0.0034,39.5,1.0,49.0%,51.0%,0.0034,37.5,-1.0,46.2%,53.8%,0.0034,39.5,1.0,46.7%,53.3%,0.0034,37.5,-1.0,46.7%,53.3%,0.0034,0.03,-1.37,0.07,-5.7,5.82,1.6,1.6,0.0063,100.0%
480,Jalen Duren,REB,10.5,UNDER,Underdog and PrizePicks,,1.05x,54.4%,-2.59,,,-0.0749,0.4718,0.4651,5,6,-0.0682,0.0719,1.0,1.3074,10.5,50.0%,160,Bovada,107,DraftKings,NEUTRAL,10.5,0.0,52.9%,47.1%,0.0037,10.5,0.0,54.8%,45.2%,0.0037,10.5,0.0,52.4%,47.6%,0.0037,10.5,0.0,52.0%,48.0%,0.0037,12.5,2.0,56.9%,43.1%,0.0037,10.5,0.0,52.0%,48.0%,0.0037,0.03,-0.04,-0.37,-0.1,0.19,0.8,0.8,0.0054,100.0%
481,Myles Turner,REB,4.5,UNDER,Underdog and PrizePicks,,,52.2%,-2.59,,,-0.0467,0.4939,0.4933,5,6,-0.0461,0.0282,1.0,0.761,4.5,51.9%,165,Bovada,100,BetMGM,NEUTRAL,4.5,0.0,50.0%,50.0%,-0.0179,4.5,0.0,49.7%,50.3%,-0.0179,4.5,0.0,49.3%,50.7%,-0.0179,4.5,0.0,50.5%,49.5%,-0.0179,5.5,1.0,51.0%,49.0%,-0.0179,4.5,0.0,53.5%,46.5%,-0.0179,0.39,-0.67,-2.92,-1.3,2.06,1.6,1.6,0.0056,100.0%
482,Jalen Williams,PR,21.5,UNDER,PrizePicks,,,53.1%,-2.61,,,-0.0641,0.4759,0.4759,1,1,-0.0641,0.0556,1.0,3.7137,21.5,47.6%,-128,FanDuel,-104,FanDuel,NEUTRAL,21.5,0.0,52.4%,47.6%,-0.0085,,,,,,,,,,,,,,,,,,,,,,,,,,0.04,0.18,2.0,1.3,-1.01,0.8,0.4,0.0108,100.0%
483,DeMar DeRozan,PRA,25.5,OVER,Underdog and PrizePicks,,,52.6%,-2.89,,,-0.056,0.4849,0.484,3,6,-0.0551,0.0415,1.0,1.4368,25.5,49.0%,115,Bovada,-104,FanDuel,NEUTRAL,24.5,-1.0,49.0%,51.0%,-0.0136,24.5,-1.0,48.8%,51.2%,-0.0136,25.5,0.0,49.7%,50.3%,-0.0136,25.5,0.0,47.8%,52.2%,-0.0136,26.5,1.0,47.1%,52.9%,-0.0136,25.5,0.0,48.0%,52.0%,-0.0136,-0.01,0.24,0.1,3.7,-3.8,0.8,0.4,0.0019,100.0%
484,Dyson Daniels,PR,20.5,OVER,Underdog,,,51.9%,-3.09,,,-0.0939,0.48,0.4461,1,4,-0.06,0.0391,1.0,4.6935,19.5,48.6%,-104,DraftKings,-112,FanDuel,UNFAVORABLE,19.5,-1.0,45.2%,54.8%,-0.0209,19.5,-1.0,42.5%,57.5%,-0.0209,,,,,,,,,,,19.5,-1.0,42.7%,57.3%,-0.0209,20.5,0.0,48.0%,52.0%,-0.0209,0.19,0.07,0.36,0.7,1.37,1.2,0.8,0.0047,100.0%
485,Dyson Daniels,PA,18.5,OVER,PrizePicks,,,52.2%,-3.14,,,-0.0615,0.4804,0.4785,3,4,-0.0596,0.0419,1.0,3.491,18.5,49.2%,-105,BetMGM,-102,DraftKings,NEUTRAL,18.5,0.0,48.1%,51.9%,-0.0177,17.5,-1.0,47.3%,52.7%,-0.0177,,,,,,,,,,,18.5,0.0,48.0%,52.0%,-0.0177,18.5,0.0,48.0%,52.0%,-0.0177,0.09,0.15,0.58,1.5,-0.63,1.0,0.8,0.003,100.0%
486,Tobias Harris,PRA,22.5,UNDER,Underdog and PrizePicks,,1.03x,52.0%,-3.14,,,-0.0477,0.4887,0.4923,4,6,-0.0513,0.0317,1.0,1.5452,22.5,50.3%,125,Bovada,-104,FanDuel,NEUTRAL,22.5,0.0,51.8%,48.1%,-0.0196,22.5,0.0,50.8%,49.2%,-0.0196,22.5,0.0,51.3%,48.7%,-0.0196,22.5,0.0,50.5%,49.5%,-0.0196,24.5,2.0,54.5%,45.5%,-0.0196,21.5,-1.0,45.6%,54.4%,-0.0196,-0.44,0.75,1.5,2.5,-3.96,0.8,0.4,0.0033,100.0%
487,Chet Holmgren,PTS,15.5,OVER,PrizePicks,,,55.4%,-3.17,,,-0.0719,0.4681,0.4681,1,1,-0.0719,0.0856,1.0,-1.0612,15.5,46.8%,100,FanDuel,-132,FanDuel,NEUTRAL,15.5,0.0,46.8%,53.2%,0.0137,,,,,,,,,,,,,,,,,,,,,,,,,,-0.41,0.08,-1.5,0.3,-1.93,1.2,1.2,0.0149,100.0%
488,Kon Knueppel,PA,21.5,UNDER,Underdog,,,52.3%,-3.24,,,-0.0545,0.4853,0.4855,3,4,-0.0547,0.0379,1.0,1.878,21.5,49.9%,105,Bovada,-105,BetMGM,NEUTRAL,21.5,0.0,51.9%,48.1%,-0.0167,21.5,0.0,50.5%,49.5%,-0.0167,,,,,,,,,,,22.5,1.0,51.4%,48.6%,-0.0167,21.5,0.0,52.0%,48.0%,-0.0167,0.16,0.07,-1.67,0.5,0.61,1.0,1.2,0.0094,100.0%
489,Miles Bridges,3PM,1.5,OVER,Underdog and PrizePicks,,,53.4%,-3.29,,,-0.0625,0.4775,0.4775,6,6,-0.0625,0.0566,1.0,0.7978,1.5,47.8%,100,BetMGM,-120,BetRivers,NEUTRAL,1.5,0.0,47.2%,52.8%,-0.0059,1.5,0.0,48.0%,52.0%,-0.0059,1.5,0.0,49.3%,50.7%,-0.0059,1.5,0.0,47.5%,52.5%,-0.0059,1.5,0.0,48.0%,52.0%,-0.0059,1.5,0.0,46.5%,53.5%,-0.0059,-0.57,1.12,-0.3,0.9,-1.36,0.6,0.4,0.0039,100.0%
490,OG Anunoby,PA,17.5,UNDER,PrizePicks,,,51.8%,-3.34,,,-0.0453,0.4947,0.4947,1,1,-0.0453,0.023,0.75,3.3712,17.5,49.5%,-118,FanDuel,-112,FanDuel,NEUTRAL,17.5,0.0,50.5%,49.5%,-0.0223,,,,,,,,,,,,,,,,,,,,,,,,,,0.21,0.35,-0.27,2.5,-1.02,0.8,0.8,0.0184,75.0%
491,Kon Knueppel,RA,8.0,UNDER,PrizePicks,,,53.0%,-3.36,,,-0.0678,,0.4722,0,4,-0.0678,0.0578,1.0,3.7788,8.5,55.1%,150,Bovada,-123,DraftKings,NEUTRAL,8.5,0.5,52.5%,47.5%,-0.0099,8.5,0.5,53.7%,46.3%,-0.0099,,,,,,,,,,,9.5,1.5,53.1%,46.9%,-0.0099,8.5,0.5,51.8%,48.2%,-0.0099,0.16,0.31,0.1,1.6,-0.79,1.2,1.2,0.0119,100.0%
492,Josh Giddey,RA,20.0,UNDER,PrizePicks,,,54.1%,-3.4,,,-0.063,,0.477,0,2,-0.063,0.0645,1.0,-1.1981,20.5,50.8%,105,Bovada,-105,BetMGM,NEUTRAL,,,,,,,,,,,,,,,,,,,,,20.5,0.5,49.0%,50.9%,0.0015,20.5,0.5,55.5%,44.5%,0.0015,-0.33,-0.34,0.19,-2.6,0.09,0.6,1.2,0.0063,100.0%
493,Joel Embiid,AST,4.0,UNDER,PrizePicks,,,50.8%,-3.47,,,-0.0279,,0.5121,0,6,-0.0279,-0.0042,0.5,2.8978,4.0,51.2%,150,Bovada,128,BetRivers,NEUTRAL,4.5,0.5,52.2%,47.8%,-0.0321,3.5,-0.5,44.9%,55.1%,-0.0321,3.5,-0.5,49.4%,50.6%,-0.0321,4.5,0.5,51.3%,48.7%,-0.0321,4.5,0.5,47.4%,52.6%,-0.0321,3.5,-0.5,47.5%,52.5%,-0.0321,0.02,0.75,0.5,1.2,-1.17,0.8,0.8,0.0132,50.0%
494,Stephon Castle,PTS,16.0,OVER,PrizePicks,,,52.5%,-3.6,,,-0.0372,,0.5028,0,6,-0.0372,0.0221,0.5,1.5302,16.5,46.4%,190,Bovada,-104,FanDuel,NEUTRAL,15.5,-0.5,48.8%,51.2%,-0.0151,16.5,0.5,51.8%,48.2%,-0.0151,16.5,0.5,49.4%,50.6%,-0.0151,16.5,0.5,50.8%,49.2%,-0.0151,19.5,3.5,52.8%,47.2%,-0.0151,15.5,-0.5,48.0%,52.0%,-0.0151,-0.07,0.15,0.15,1.0,-1.49,1.0,0.8,0.0307,50.0%
495,LaMelo Ball,PRA,32.5,OVER,Underdog and PrizePicks,,,51.4%,-3.7,,,-0.0451,0.488,0.4949,3,6,-0.052,0.0258,1.0,2.7891,32.5,49.5%,110,Bovada,116,BetRivers,NEUTRAL,32.5,0.0,48.9%,51.1%,-0.0262,32.5,0.0,48.5%,51.5%,-0.0262,30.5,-2.0,47.9%,52.1%,-0.0262,32.5,0.0,48.9%,51.1%,-0.0262,33.5,1.0,49.1%,50.9%,-0.0262,33.5,1.0,53.5%,46.5%,-0.0262,0.14,-0.64,-0.37,-4.1,4.97,1.2,1.6,0.0095,100.0%
496,Rudy Gobert,REB,11.5,UNDER,Underdog,,1.03x,53.2%,-3.98,,,-0.0799,0.4691,0.4601,5,6,-0.0709,0.0634,1.0,2.4359,11.5,49.9%,165,Bovada,103,DraftKings,NEUTRAL,11.5,0.0,53.3%,46.7%,-0.0075,11.5,0.0,53.8%,46.2%,-0.0075,11.5,0.0,52.7%,47.3%,-0.0075,11.5,0.0,53.2%,46.8%,-0.0075,13.5,2.0,58.5%,41.5%,-0.0075,11.5,0.0,52.4%,47.6%,-0.0075,-0.0,1.43,0.21,3.3,-3.3,0.8,0.0,0.0048,100.0%
497,OG Anunoby,PTS,15.5,UNDER,PrizePicks,,,51.0%,-4.25,,,-0.0347,0.5053,0.5053,1,1,-0.0347,0.0052,0.5,2.6802,15.5,50.5%,-112,FanDuel,-118,FanDuel,NEUTRAL,15.5,0.0,49.5%,50.5%,-0.0295,,,,,,,,,,,,,,,,,,,,,,,,,,0.23,0.41,-0.24,2.3,-1.02,0.6,0.4,0.0142,50.0%
498,Kon Knueppel,PRA,26.5,UNDER,Underdog,,,51.0%,-4.41,,,-0.0584,0.485,0.4816,4,6,-0.055,0.025,1.0,3.3053,26.5,48.9%,120,Bovada,120,BetRivers,NEUTRAL,26.5,0.0,52.4%,47.6%,-0.03,26.5,0.0,51.2%,48.8%,-0.03,25.5,-1.0,53.2%,46.8%,-0.03,26.5,0.0,51.3%,48.7%,-0.03,28.5,2.0,51.9%,48.1%,-0.03,26.5,0.0,51.1%,48.9%,-0.03,0.15,0.07,-0.56,0.7,0.74,1.0,1.2,0.0083,100.0%
499,Mikal Bridges,PRA,19.5,OVER,PrizePicks,,,53.4%,-4.48,,,-0.0587,0.4813,0.4813,1,1,-0.0587,0.0531,1.0,-2.8492,19.5,48.1%,-106,FanDuel,-125,FanDuel,NEUTRAL,19.5,0.0,48.1%,51.9%,-0.0056,,,,,,,,,,,,,,,,,,,,,,,,,,-1.31,0.13,0.18,0.3,-3.34,0.4,0.8,0.003,100.0%
500,Stephon Castle,REB,4.5,UNDER,Underdog and PrizePicks,,,51.3%,-4.48,,,-0.0556,0.4855,0.4844,5,6,-0.0545,0.0271,1.0,2.2249,4.5,50.9%,150,Bovada,100,BetMGM,NEUTRAL,4.5,0.0,48.9%,51.1%,-0.0274,4.5,0.0,51.6%,48.4%,-0.0274,4.5,0.0,52.1%,47.9%,-0.0274,4.5,0.0,51.1%,48.9%,-0.0274,5.5,1.0,52.1%,47.9%,-0.0274,4.5,0.0,53.5%,46.5%,-0.0274,0.21,0.2,-0.32,0.5,0.03,0.8,0.8,0.0076,100.0%
501,Julius Randle,REB,6.5,UNDER,Underdog,,,52.2%,-4.5,,,-0.0806,0.4732,0.4594,5,6,-0.0668,0.0484,1.0,3.304,6.5,51.1%,210,Bovada,104,FanDuel,NEUTRAL,6.5,0.0,53.7%,46.3%,-0.0184,6.5,0.0,53.7%,46.3%,-0.0184,6.5,0.0,53.0%,47.0%,-0.0184,6.5,0.0,53.0%,46.9%,-0.0184,8.5,2.0,60.9%,39.1%,-0.0184,6.5,0.0,50.0%,50.0%,-0.0184,0.12,-0.34,1.0,-0.9,1.22,1.0,1.2,0.0059,100.0%
502,Paul George,PA,19.5,OVER,Underdog and PrizePicks,,,52.5%,-4.52,,,-0.0398,0.5013,0.5002,3,4,-0.0387,0.024,0.5,0.7695,19.5,48.8%,110,Bovada,-106,FanDuel,NEUTRAL,19.5,0.0,51.9%,48.1%,-0.0147,19.5,0.0,49.6%,50.4%,-0.0147,,,,,,,,,,,20.5,1.0,49.7%,50.3%,-0.0147,19.5,0.0,48.9%,51.1%,-0.0147,-0.06,-0.33,-0.84,-3.3,2.69,1.4,1.2,0.0459,50.0%
503,Shai Gilgeous-Alexander,PA,36.5,UNDER,PrizePicks,,,51.6%,-4.52,,,-0.0453,0.4947,0.4947,1,1,-0.0453,0.0214,0.5,4.0307,36.5,49.5%,-118,FanDuel,-112,FanDuel,NEUTRAL,36.5,0.0,50.5%,49.5%,-0.0239,,,,,,,,,,,,,,,,,,,,,,,,,,0.18,-0.28,0.44,-2.3,3.78,1.0,1.2,0.0197,50.0%
504,Miles Bridges,PA,17.5,UNDER,PrizePicks,,,50.0%,-4.67,,,-0.0426,0.4973,0.4974,3,4,-0.0427,0.003,0.5,6.5636,17.5,51.1%,110,Bovada,-105,BetMGM,NEUTRAL,17.5,0.0,48.5%,51.5%,-0.0397,17.5,0.0,50.3%,49.7%,-0.0397,,,,,,,,,,,18.5,1.0,50.2%,49.8%,-0.0397,17.5,0.0,52.0%,48.0%,-0.0397,0.98,-0.88,0.49,-2.7,5.69,1.4,1.6,0.0037,50.0%
505,OG Anunoby,REB,4.5,UNDER,PrizePicks,,,51.8%,-5.14,,,-0.0587,0.4813,0.4813,1,1,-0.0587,0.0369,1.0,0.6293,4.5,48.1%,-125,FanDuel,-106,FanDuel,NEUTRAL,4.5,0.0,51.9%,48.1%,-0.0218,,,,,,,,,,,,,,,,,,,,,,,,,,0.32,-0.24,-2.92,-0.5,1.17,1.2,1.6,0.0075,100.0%
506,Julius Randle,AST,4.5,OVER,Underdog and PrizePicks,,,50.0%,-5.37,,,-0.0179,0.5185,0.5221,5,6,-0.0215,-0.0183,0.5,-0.6555,4.5,49.6%,145,Bovada,104,DraftKings,NEUTRAL,4.5,0.0,52.9%,47.1%,-0.0398,4.5,0.0,54.0%,46.0%,-0.0398,4.5,0.0,49.3%,50.7%,-0.0398,4.5,0.0,52.0%,48.0%,-0.0398,5.5,1.0,54.0%,46.0%,-0.0398,4.5,0.0,51.1%,48.9%,-0.0398,-0.3,-0.15,-1.0,-0.3,-0.31,0.6,0.8,0.014,50.0%
507,Ausar Thompson,REB,5.0,UNDER,PrizePicks,,,51.4%,-6.25,,,-0.0644,,0.4756,0,6,-0.0644,0.0383,0.75,4.2178,5.5,55.3%,200,Bovada,120,BetRivers,NEUTRAL,5.5,0.5,52.3%,47.7%,-0.0261,5.5,0.5,52.0%,48.0%,-0.0261,4.5,-0.5,50.1%,49.9%,-0.0261,5.5,0.5,51.9%,48.1%,-0.0261,6.5,1.5,53.9%,46.1%,-0.0261,5.5,0.5,54.3%,45.7%,-0.0261,0.35,-0.0,0.33,-0.0,0.73,1.2,1.6,0.016,75.0%
508,Stephon Castle,PR,21.0,OVER,PrizePicks,,,52.1%,-6.53,,,-0.0522,,0.4878,0,4,-0.0522,0.0329,0.5,2.1908,21.0,50.0%,-105,Bovada,100,BetMGM,NEUTRAL,20.5,-0.5,47.6%,52.4%,-0.0193,21.5,0.5,50.8%,49.2%,-0.0193,,,,,,,,,,,21.5,0.5,50.4%,49.6%,-0.0193,19.5,-1.5,46.4%,53.6%,-0.0193,-0.06,0.11,0.26,1.0,-1.52,1.2,1.2,0.0478,50.0%
509,Devin Booker,PRA,36.5,OVER,Underdog and PrizePicks,,,50.7%,-7.56,,,-0.0286,0.4942,0.5114,3,6,-0.0458,0.0125,0.5,1.4104,37.0,47.0%,120,Bovada,-118,FanDuel,NEUTRAL,36.5,0.0,49.5%,50.5%,-0.0332,36.5,0.0,49.6%,50.4%,-0.0332,38.5,2.0,52.5%,47.5%,-0.0332,36.5,0.0,49.2%,50.8%,-0.0332,38.5,2.0,52.2%,47.8%,-0.0332,37.5,1.0,53.9%,46.1%,-0.0332,0.18,0.65,-1.99,4.1,-2.93,1.0,0.4,0.0339,50.0%
510,De'Aaron Fox,REB,3.5,OVER,Underdog,,1.05x,52.1%,-7.64,,,-0.0764,0.4636,0.4636,6,6,-0.0764,0.0574,1.0,-0.0603,3.5,46.4%,110,Bovada,-115,BetMGM,NEUTRAL,3.5,0.0,45.8%,54.2%,-0.019,3.5,0.0,45.2%,54.8%,-0.019,3.5,0.0,46.0%,54.0%,-0.019,3.5,0.0,46.6%,53.4%,-0.019,3.5,0.0,44.6%,55.4%,-0.019,3.5,0.0,50.0%,50.0%,-0.019,-0.17,-0.44,-0.57,-0.7,0.42,0.6,0.8,0.0039,100.0%
511,DeMar DeRozan,PTS,17.5,OVER,Underdog and PrizePicks,,,50.8%,-7.66,,,-0.0446,0.4927,0.4954,4,6,-0.0473,0.0158,0.5,0.6834,17.5,48.2%,175,Bovada,120,BetRivers,NEUTRAL,17.5,0.0,48.1%,51.9%,-0.0315,17.5,0.0,48.9%,51.1%,-0.0315,16.5,-1.0,53.6%,46.4%,-0.0315,17.5,0.0,48.9%,51.1%,-0.0315,20.5,3.0,46.5%,53.5%,-0.0315,17.5,0.0,51.1%,48.9%,-0.0315,-0.09,0.42,0.09,4.5,-5.44,0.8,0.4,0.0236,50.0%
512,Jalen Green,AST,3.5,OVER,Underdog and PrizePicks,Demon,1.03x,55.8%,-8.07,,,-0.1211,0.4189,0.4189,6,6,-0.1211,0.1393,1.0,2.5874,3.5,41.9%,128,FanDuel,-154,BetMGM,NEUTRAL,3.5,0.0,40.9%,59.1%,0.0181,3.5,0.0,41.8%,58.2%,0.0181,3.5,0.0,41.1%,58.9%,0.0181,3.5,0.0,42.3%,57.7%,0.0181,3.5,0.0,41.7%,58.3%,0.0181,3.5,0.0,43.4%,56.6%,0.0181,0.34,-0.76,-0.57,-1.3,1.88,1.4,1.6,0.0133,100.0%
513,Isaiah Hartenstein,PR,16.5,OVER,PrizePicks,,,53.3%,-8.22,,,-0.068,0.472,0.472,1,1,-0.068,0.0612,0.5,-0.4393,16.5,47.2%,-102,FanDuel,-130,FanDuel,NEUTRAL,16.5,0.0,47.2%,52.8%,-0.0068,,,,,,,,,,,,,,,,,,,,,,,,,,-0.33,-0.21,0.52,-1.7,-0.92,1.0,1.2,0.0381,50.0%
514,Brandon Miller,RA,8.5,UNDER,Underdog,,1.03x,51.9%,-8.33,,,-0.0966,0.4581,0.4434,2,4,-0.0819,0.061,1.0,0.7685,9.0,50.0%,115,Bovada,104,FanDuel,NEUTRAL,8.5,0.0,54.3%,45.7%,-0.0209,8.5,0.0,54.1%,45.9%,-0.0209,,,,,,,,,,,9.5,1.0,55.0%,45.0%,-0.0209,9.5,1.0,59.2%,40.8%,-0.0209,0.01,0.11,-0.79,0.3,-0.26,0.6,0.8,0.0045,100.0%
515,Stephon Castle,PRA,28.5,OVER,Underdog and PrizePicks,,,50.5%,-8.61,,,-0.0545,0.4874,0.4855,2,6,-0.0526,0.0176,0.5,2.4292,28.5,47.8%,125,Bovada,100,BetOnline.ag,NEUTRAL,28.5,0.0,47.1%,52.9%,-0.0349,28.5,0.0,50.4%,49.6%,-0.0349,29.5,1.0,48.0%,52.0%,-0.0349,27.5,-1.0,48.4%,51.6%,-0.0349,30.5,2.0,51.0%,49.0%,-0.0349,27.5,-1.0,46.4%,53.6%,-0.0349,-0.02,-0.07,0.27,-0.5,0.34,1.2,1.2,0.0463,50.0%
516,Jalen Green,REB,4.0,UNDER,PrizePicks,,,54.7%,-9.54,,,-0.1207,,0.4193,0,6,-0.1207,0.1275,1.0,2.3227,4.5,55.2%,180,Bovada,-125,BetRivers,NEUTRAL,4.5,0.5,56.3%,43.7%,0.0068,4.5,0.5,57.8%,42.2%,0.0068,4.5,0.5,58.4%,41.6%,0.0068,4.5,0.5,56.4%,43.6%,0.0068,5.5,1.5,63.0%,37.0%,0.0068,4.5,0.5,56.6%,43.4%,0.0068,-0.15,0.08,0.35,0.2,-0.56,1.2,1.2,0.0059,100.0%
517,Stephon Castle,PTS,16.5,OVER,Underdog,,,50.2%,-10.49,,,-0.0674,0.4765,0.4726,3,6,-0.0635,0.0251,0.5,2.2343,16.5,46.4%,190,Bovada,-104,FanDuel,NEUTRAL,15.5,-1.0,45.8%,54.2%,-0.0384,16.5,0.0,48.8%,51.2%,-0.0384,16.5,0.0,46.4%,53.6%,-0.0384,16.5,0.0,47.8%,52.2%,-0.0384,19.5,3.0,49.8%,50.2%,-0.0384,15.5,-1.0,45.0%,55.0%,-0.0384,0.0,0.22,0.2,1.5,-1.49,1.0,0.8,0.0317,50.0%
518,LaMelo Ball,RA,11.5,UNDER,Underdog,,1.04x,50.7%,-11.51,,,-0.0963,0.4549,0.4437,2,4,-0.0851,0.0524,0.5,4.143,12.0,49.3%,105,Bovada,106,FanDuel,NEUTRAL,11.5,0.0,54.6%,45.4%,-0.0327,11.5,0.0,54.4%,45.6%,-0.0327,,,,,,,,,,,12.5,1.0,55.7%,44.3%,-0.0327,12.5,1.0,57.8%,42.2%,-0.0327,0.11,0.23,0.79,0.9,-0.48,1.4,1.2,0.0136,50.0%
519,Dyson Daniels,STL,1.5,UNDER,Underdog,,1.11x,53.7%,-11.8,,,-0.1233,0.4167,0.4167,1,1,-0.1233,0.1206,1.0,2.1304,1.5,41.7%,-167,FanDuel,124,FanDuel,NEUTRAL,1.5,0.0,58.3%,41.7%,-0.0027,,,,,,,,,,,,,,,,,,,,,,,,,,0.44,0.71,-0.25,0.7,-0.27,0.4,0.4,0.0236,100.0%
520,Joel Embiid,RA,11.5,OVER,Underdog,,1.04x,51.8%,-12.01,,,-0.1,0.4485,0.44,3,4,-0.0915,0.0698,0.5,2.2766,11.5,46.9%,115,Bovada,100,DraftKings,NEUTRAL,11.5,0.0,45.4%,54.6%,-0.0217,10.5,-1.0,41.4%,58.6%,-0.0217,,,,,,,,,,,11.5,0.0,43.7%,56.3%,-0.0217,11.5,0.0,45.5%,54.5%,-0.0217,-0.02,-1.06,0.19,-1.5,1.47,1.6,1.6,0.0198,50.0%
521,Joel Embiid,PA,31.5,OVER,PrizePicks,,,50.1%,-12.55,,,-0.083,0.4591,0.457,1,4,-0.0809,0.042,0.5,2.8497,30.5,49.3%,105,Bovada,-110,BetMGM,UNFAVORABLE,30.5,-1.0,45.7%,54.3%,-0.0389,30.5,-1.0,45.3%,54.7%,-0.0389,,,,,,,,,,,31.5,0.0,45.9%,54.1%,-0.0389,30.5,-1.0,45.9%,54.1%,-0.0389,0.12,-0.99,-0.11,-4.9,5.52,1.6,1.6,0.0199,50.0%
