source_file,Rank,rerank_position,Player,Stat,Pick,Confidence,Recommendation,Tier,Result,Rank Score,historical_rerank_score,hybrid_rerank_score,stat_component,tier_component,rec_component,player_component,agreement_component,stability_component
AI Picks by Srini underdog - March 10 2026.csv,1,1,Victor Wembanyama,BLK,UNDER,87.60%,STRONG BET,S,✅ HIT,87.07,0.7211410014781966,0.8187416509531826,0.644579945799458,0.5869918699186992,0.5899154143056583,0.3382113821138211,1.0,0.9867
AI Picks by Srini underdog - March 10 2026.csv,2,2,Rudy Gobert,STL,UNDER,82.80%,STRONG BET,A,✅ HIT,79.98,0.7250396130367945,0.7670708555010944,0.6067636810821889,0.6088002636783125,0.5899154143056583,0.586159954622802,1.0,0.9941
AI Picks by Srini underdog - March 13 2026.csv,2,3,Julius Randle,STL,UNDER,78.6%,STRONG BET,A,✅ HIT,78.01,0.7145093308741002,0.7451650100161614,0.6067636810821889,0.6088002636783125,0.5899154143056583,0.6265071329958583,1.0,0.9884
AI Picks by Srini underdog - March 13 2026.csv,1,4,Kevin Durant,STL,UNDER,78.9%,STRONG BET,A,✅ HIT,79.07,0.6943430625720255,0.740160911154804,0.6067636810821889,0.6088002636783125,0.5899154143056583,0.41234444997511194,1.0,0.993
AI Picks by Srini underdog - March 10 2026.csv,4,5,Quentin Grimes,TOV,UNDER,78.60%,STRONG BET,A,✅ HIT,77.52,0.7116415813664232,0.7395547954662225,0.59583830803343,0.6088002636783125,0.5899154143056583,0.6213803840166061,1.0,0.985
AI Picks by Srini underdog - March 10 2026.csv,3,6,Bam Adebayo,STL,UNDER,77.00%,STRONG BET,A,❌ MISS,78.87,0.6934121135094737,0.7380267422764113,0.6067636810821889,0.6088002636783125,0.5899154143056583,0.48343495934959346,1.0,0.9614
AI Picks by Srini underdog - March 10 2026.csv,5,7,Onyeka Okongwu,STL,UNDER,76.50%,STRONG BET,A,✅ HIT,77.11,0.7137454119996014,0.7377877288029333,0.6067636810821889,0.6088002636783125,0.5899154143056583,0.691567944250871,1.0,0.9858
AI Picks by Srini underdog - March 15 2026.csv,1,8,Giannis Antetokounmpo,STL,UNDER,77.2%,STRONG BET,A,✅ HIT,77.83,0.6987383581038344,0.7335377309265279,0.6067636810821889,0.6088002636783125,0.5899154143056583,0.5149974052932018,1.0,0.9912
AI Picks by Srini underdog - March 12 2026.csv,1,9,Victor Wembanyama,STL,UNDER,81.0%,STRONG BET,A,NO GAME,78.26,0.6921447557858964,0.7325393511934967,0.6067636810821889,0.6088002636783125,0.5899154143056583,0.3382113821138211,1.0,0.9545
AI Picks by Srini underdog - March 12 2026.csv,3,10,Jaime Jaquez Jr.,TOV,UNDER,78.8%,STRONG BET,A,✅ HIT,76.16,0.7081531074246927,0.7268897338875053,0.59583830803343,0.6088002636783125,0.5899154143056583,0.5787456445993031,1.0,0.9869
AI Picks by Srini underdog - March 11 2026.csv,1,11,Alperen Sengun,TOV,UNDER,75.90%,STRONG BET,A,✅ HIT,77.69,0.6870089309913701,0.7248432669120121,0.59583830803343,0.6088002636783125,0.5899154143056583,0.4607538802660754,1.0,0.9972
AI Picks by Srini underdog - March 14 2026.csv,5,12,Onyeka Okongwu,BLK,UNDER,75.0%,STRONG BET,S,✅ HIT,75.3,0.7140766576919017,0.7241651180139341,0.644579945799458,0.5869918699186992,0.5899154143056583,0.691567944250871,1.0,0.9955
AI Picks by Srini underdog - March 10 2026.csv,6,13,Quentin Grimes,FTM,UNDER,78.90%,STRONG BET,B,❌ MISS,77.11,0.6899958030275639,0.7223504829711089,0.5145057766367137,0.5557229965156795,0.5899154143056583,0.6213803840166061,1.0,0.9844
AI Picks by Srini underdog - March 12 2026.csv,2,14,Giannis Antetokounmpo,STL,UNDER,77.6%,STRONG BET,A,✅ HIT,76.21,0.6995583581038345,0.7216854098258809,0.6067636810821889,0.6088002636783125,0.5899154143056583,0.5149974052932018,1.0,0.9804
AI Picks by Srini underdog - March 14 2026.csv,1,15,Victor Wembanyama,STL,UNDER,78.2%,STRONG BET,A,❌ MISS,77.51,0.6839847557858965,0.7215014062394935,0.6067636810821889,0.6088002636783125,0.5899154143056583,0.3382113821138211,1.0,0.9817
AI Picks by Srini underdog - March 14 2026.csv,4,16,Onyeka Okongwu,STL,UNDER,73.9%,STRONG BET,A,✅ HIT,75.36,0.7045704119996014,0.7184447739102592,0.6067636810821889,0.6088002636783125,0.5899154143056583,0.691567944250871,1.0,0.9791
AI Picks by Srini underdog - March 10 2026.csv,7,17,Victor Wembanyama,STL,UNDER,79.40%,STRONG BET,A,✅ HIT,76.6,0.6886147557858965,0.7175537196953029,0.6067636810821889,0.6088002636783125,0.5899154143056583,0.3382113821138211,1.0,0.9927
AI Picks by Srini underdog - March 14 2026.csv,3,18,Bam Adebayo,STL,UNDER,76.9%,STRONG BET,A,❌ MISS,76.01,0.6941221135094737,0.7166227988518123,0.6067636810821889,0.6088002636783125,0.5899154143056583,0.48343495934959346,1.0,0.9824
AI Picks by Srini underdog - March 14 2026.csv,2,19,Victor Wembanyama,BLK,UNDER,76.8%,STRONG BET,S,❌ MISS,76.68,0.6830910014781967,0.7145749001903918,0.644579945799458,0.5869918699186992,0.5899154143056583,0.3382113821138211,1.0,0.9601
AI Picks by Srini underdog - March 10 2026.csv,8,20,De'Aaron Fox,STL,UNDER,75.70%,STRONG BET,A,✅ HIT,74.54,0.7075387801761405,0.7141051000752995,0.6067636810821889,0.6088002636783125,0.5899154143056583,0.6501016260162601,1.0,0.999
AI Picks by Srini underdog - March 11 2026.csv,2,21,Trey Murphy III,3PA,UNDER,78.00%,STRONG BET,B,✅ HIT,75.14,0.6996766105809922,0.7135818458016556,0.5765635645183267,0.5557229965156795,0.5899154143056583,0.6236728837876614,1.0,0.9864
AI Picks by Srini underdog - March 12 2026.csv,8,22,Stephon Castle,STL,UNDER,79.1%,STRONG BET,A,✅ HIT,74.58,0.7061919767762881,0.7135354882629422,0.6067636810821889,0.6088002636783125,0.5899154143056583,0.5273835920177383,1.0,0.9863
AI Picks by Srini underdog - March 13 2026.csv,3,23,Kevin Durant,TOV,UNDER,75.9%,STRONG BET,A,✅ HIT,76.71,0.6809279879622737,0.713398299203202,0.59583830803343,0.6088002636783125,0.5899154143056583,0.41234444997511194,1.0,0.9724
AI Picks by Srini underdog - March 12 2026.csv,7,24,Ivica Zubac,REB,OVER,80.3%,STRONG BET,B,❌ MISS,74.85,0.6952521920972081,0.7084888484049814,0.5620746167935988,0.5557229965156795,0.5899154143056583,0.5261065943992773,1.0,0.9946
AI Picks by Srini underdog - March 12 2026.csv,5,25,Dyson Daniels,3PM,UNDER,75.8%,STRONG BET,S,NO GAME,75.72,0.684709089708446,0.7082872079989297,0.5747041267881033,0.5869918699186992,0.5899154143056583,0.5102439024390244,1.0,0.9959
AI Picks by Srini underdog - March 11 2026.csv,3,26,RJ Barrett,TOV,UNDER,77.80%,STRONG BET,A,✅ HIT,74.98,0.6908885905050683,0.7066463911621178,0.59583830803343,0.6088002636783125,0.5899154143056583,0.4441504754030591,1.0,0.9788
AI Picks by Srini underdog - March 10 2026.csv,9,27,Tobias Harris,STL,UNDER,77.00%,STRONG BET,A,✅ HIT,74.28,0.6982559346476851,0.706083482897749,0.6067636810821889,0.6088002636783125,0.5899154143056583,0.5170731707317073,1.0,0.991
AI Picks by Srini underdog - March 13 2026.csv,4,28,Ivica Zubac,REB,OVER,80.6%,STRONG BET,B,✅ HIT,74.25,0.696292192097208,0.7045776924417788,0.5620746167935988,0.5557229965156795,0.5899154143056583,0.5261065943992773,1.0,0.995
AI Picks by Srini underdog - March 12 2026.csv,4,29,VJ Edgecombe,FGA,UNDER,81.4%,STRONG BET,D,✅ HIT,76.0,0.6748176355000692,0.7039984355463127,0.4736390243902439,0.4584602067315036,0.5899154143056583,0.5840975609756097,1.0,0.9823
AI Picks by Srini underdog - March 12 2026.csv,10,30,Quentin Grimes,3PA,UNDER,78.1%,STRONG BET,B,❌ MISS,73.71,0.7001273606038865,0.7029421116042374,0.5765635645183267,0.5557229965156795,0.5899154143056583,0.6213803840166061,1.0,0.9932
AI Picks by Srini underdog - March 12 2026.csv,6,31,Dyson Daniels,STL,UNDER,73.0%,STRONG BET,A,NO GAME,74.93,0.6823680078184168,0.7007257494188608,0.6067636810821889,0.6088002636783125,0.5899154143056583,0.5102439024390244,1.0,0.9589
AI Picks by Srini underdog - March 15 2026.csv,2,32,Ivica Zubac,AST,UNDER,79.8%,STRONG BET,C,✅ HIT,75.83,0.6682446722072124,0.6984263152163817,0.4745136763108522,0.4925952315702933,0.5899154143056583,0.5261065943992773,1.0,0.9902
AI Picks by Srini underdog - March 10 2026.csv,15,33,VJ Edgecombe,TOV,UNDER,76.80%,STRONG BET,A,✅ HIT,72.7,0.7013632990623234,0.6960237590641639,0.59583830803343,0.6088002636783125,0.5899154143056583,0.5840975609756097,1.0,0.9764
AI Picks by Srini underdog - March 12 2026.csv,9,34,Josh Giddey,TOV,UNDER,76.0%,STRONG BET,A,❌ MISS,74.17,0.6835032990623235,0.6956532911740102,0.59583830803343,0.6088002636783125,0.5899154143056583,0.42409756097560974,1.0,0.9936
AI Picks by Srini underdog - March 10 2026.csv,11,35,Brandon Miller,STL,UNDER,74.90%,STRONG BET,A,❌ MISS,73.75,0.6871391627682015,0.694805593408589,0.6067636810821889,0.6088002636783125,0.5899154143056583,0.47460545193687226,1.0,0.9964
AI Picks by Srini underdog - March 13 2026.csv,10,36,Scottie Barnes,BLK,UNDER,75.4%,STRONG BET,S,❌ MISS,72.4,0.6997700133606232,0.6926945453764575,0.644579945799458,0.5869918699186992,0.5899154143056583,0.5424015009380863,1.0,0.9805
AI Picks by Srini underdog - March 10 2026.csv,14,37,Jrue Holiday,STL,UNDER,76.00%,STRONG BET,A,✅ HIT,73.12,0.6903055687940265,0.6920472435640127,0.6067636810821889,0.6088002636783125,0.5899154143056583,0.4712195121951219,1.0,0.9917
AI Picks by Srini underdog - March 10 2026.csv,12,38,Anthony Edwards,3PA,UNDER,73.80%,STRONG BET,B,❌ MISS,73.36,0.685640955609469,0.6908501073793314,0.5765635645183267,0.5557229965156795,0.5899154143056583,0.6243163340724316,1.0,0.99
AI Picks by Srini underdog - March 11 2026.csv,4,39,LaMelo Ball,STL,UNDER,73.40%,STRONG BET,A,✅ HIT,72.9,0.6907783736720753,0.6906726095482368,0.6067636810821889,0.6088002636783125,0.5899154143056583,0.5640975609756097,1.0,0.9922
AI Picks by Srini underdog - March 13 2026.csv,7,40,Jrue Holiday,STL,UNDER,74.2%,STRONG BET,A,✅ HIT,73.34,0.6845605687940266,0.6899949507505203,0.6067636810821889,0.6088002636783125,0.5899154143056583,0.4712195121951219,1.0,0.9992
AI Picks by Srini underdog - March 13 2026.csv,5,41,Alperen Sengun,TOV,UNDER,73.0%,STRONG BET,A,NO GAME,73.93,0.6768439309913701,0.6894898395426095,0.59583830803343,0.6088002636783125,0.5899154143056583,0.4607538802660754,1.0,0.9911
AI Picks by Srini underdog - March 14 2026.csv,10,42,Derrick White,STL,UNDER,72.0%,STRONG BET,A,✅ HIT,72.14,0.6967993899322379,0.6887758725639526,0.6067636810821889,0.6088002636783125,0.5899154143056583,0.6723577235772358,1.0,0.9913
AI Picks by Srini underdog - March 14 2026.csv,6,43,Dyson Daniels,3PM,UNDER,73.4%,STRONG BET,S,✅ HIT,73.85,0.6760590897084461,0.6883680719136152,0.5747041267881033,0.5869918699186992,0.5899154143056583,0.5102439024390244,1.0,0.9861
AI Picks by Srini underdog - March 15 2026.csv,5,44,Giannis Antetokounmpo,3PM,UNDER,81.6%,STRONG BET,S,✅ HIT,71.3,0.7049594399938637,0.6876578867555257,0.5747041267881033,0.5869918699186992,0.5899154143056583,0.5149974052932018,1.0,0.997
AI Picks by Srini underdog - March 12 2026.csv,11,45,Quentin Grimes,AST,UNDER,78.5%,STRONG BET,C,❌ MISS,73.68,0.6732770511689453,0.6852600526733656,0.4745136763108522,0.4925952315702933,0.5899154143056583,0.6213803840166061,1.0,0.9887
AI Picks by Srini underdog - March 13 2026.csv,6,46,Ivica Zubac,RA,OVER,79.8%,STRONG BET,C,✅ HIT,73.43,0.6761992017534042,0.6852481355685962,0.5152613240418118,0.4925952315702933,0.5899154143056583,0.5261065943992773,1.0,0.9863
AI Picks by Srini underdog - March 10 2026.csv,23,47,VJ Edgecombe,FTM,UNDER,80.50%,STRONG BET,B,❌ MISS,72.02,0.6918825207234641,0.6846624763856091,0.5145057766367137,0.5557229965156795,0.5899154143056583,0.5840975609756097,1.0,0.9879
AI Picks by Srini underdog - March 14 2026.csv,13,48,Derrick White,BLK,UNDER,71.9%,STRONG BET,S,✅ HIT,71.14,0.7009856356245381,0.6838516723252768,0.644579945799458,0.5869918699186992,0.5899154143056583,0.6723577235772358,1.0,0.9829
AI Picks by Srini underdog - March 15 2026.csv,3,49,Quentin Grimes,3PM,UNDER,74.0%,STRONG BET,S,✅ HIT,72.08,0.6897677378662042,0.6837465831247104,0.5747041267881033,0.5869918699186992,0.5899154143056583,0.6213803840166061,1.0,0.9972
AI Picks by Srini underdog - March 14 2026.csv,9,50,Jayson Tatum,STL,UNDER,73.6%,STRONG BET,A,❌ MISS,72.18,0.687305501043349,0.6829106551837216,0.6067636810821889,0.6088002636783125,0.5899154143056583,0.5334688346883468,1.0,0.9704
AI Picks by Srini underdog - March 14 2026.csv,11,51,Stephon Castle,STL,UNDER,74.3%,STRONG BET,A,✅ HIT,72.09,0.6883269767762882,0.6828865410156517,0.6067636810821889,0.6088002636783125,0.5899154143056583,0.5273835920177383,1.0,0.9554
AI Picks by Srini underdog - March 13 2026.csv,8,52,Josh Giddey,TOV,UNDER,73.9%,STRONG BET,A,✅ HIT,73.09,0.6753732990623237,0.6821119104402458,0.59583830803343,0.6088002636783125,0.5899154143056583,0.42409756097560974,1.0,0.9738
AI Picks by Srini underdog - March 10 2026.csv,19,53,Collin Sexton,STL,UNDER,73.00%,STRONG BET,A,NO GAME,72.33,0.6841409346476851,0.6820004760173407,0.6067636810821889,0.6088002636783125,0.5899154143056583,0.5170731707317073,1.0,0.9807
AI Picks by Srini underdog - March 10 2026.csv,20,54,Jalen Green,STL,UNDER,74.50%,STRONG BET,A,✅ HIT,72.08,0.6858321135094737,0.6811884272928357,0.6067636810821889,0.6088002636783125,0.5899154143056583,0.48343495934959346,1.0,0.9798
AI Picks by Srini underdog - March 12 2026.csv,19,55,De'Aaron Fox,STL,UNDER,72.6%,STRONG BET,A,✅ HIT,71.17,0.6963137801761404,0.6810443240819785,0.6067636810821889,0.6088002636783125,0.5899154143056583,0.6501016260162601,1.0,0.9853
AI Picks by Srini underdog - March 12 2026.csv,13,56,Jalen Suggs,TOV,UNDER,71.1%,STRONG BET,A,❌ MISS,72.91,0.6752932834940826,0.6806837535319282,0.59583830803343,0.6088002636783125,0.5899154143056583,0.5149974052932018,1.0,0.9808
AI Picks by Srini underdog - March 12 2026.csv,14,57,Quentin Grimes,REB,UNDER,73.8%,STRONG BET,B,✅ HIT,72.24,0.682549571058941,0.6802780162901766,0.5620746167935988,0.5557229965156795,0.5899154143056583,0.6213803840166061,1.0,0.992
AI Picks by Srini underdog - March 10 2026.csv,21,58,Michael Porter Jr.,STL,UNDER,72.50%,STRONG BET,A,✅ HIT,72.04,0.6834581297696363,0.6793395274643945,0.6067636810821889,0.6088002636783125,0.5899154143056583,0.5281951219512195,1.0,0.9788
AI Picks by Srini underdog - March 14 2026.csv,8,59,Onyeka Okongwu,FTM,UNDER,72.5%,STRONG BET,B,✅ HIT,72.66,0.6757045590509904,0.6790397676592506,0.5145057766367137,0.5557229965156795,0.5899154143056583,0.691567944250871,1.0,0.9934
AI Picks by Srini underdog - March 10 2026.csv,13,60,Amen Thompson,3PM,UNDER,72.60%,STRONG BET,S,❌ MISS,73.25,0.6687572604401533,0.6790347269260223,0.5747041267881033,0.5869918699186992,0.5899154143056583,0.4609756097560975,1.0,0.993
AI Picks by Srini underdog - March 12 2026.csv,18,61,Desmond Bane,STL,UNDER,71.7%,STRONG BET,A,❌ MISS,71.18,0.6925520421638622,0.6786756469733843,0.6067636810821889,0.6088002636783125,0.5899154143056583,0.6368342458934793,1.0,0.9978
AI Picks by Srini underdog - March 15 2026.csv,7,62,Quentin Grimes,STL,UNDER,73.6%,STRONG BET,A,❌ MISS,70.88,0.6956216559761749,0.6783773179697862,0.6067636810821889,0.6088002636783125,0.5899154143056583,0.6213803840166061,1.0,0.9609
AI Picks by Srini underdog - March 13 2026.csv,9,63,RJ Barrett,TOV,UNDER,73.4%,STRONG BET,A,✅ HIT,72.51,0.6758535905050685,0.6779898491136007,0.59583830803343,0.6088002636783125,0.5899154143056583,0.4441504754030591,1.0,0.9773
AI Picks by Srini underdog - March 10 2026.csv,26,64,Jaden McDaniels,STL,UNDER,72.90%,STRONG BET,A,✅ HIT,71.58,0.6858733047431251,0.6773925716253736,0.6067636810821889,0.6088002636783125,0.5899154143056583,0.5306468716861081,1.0,0.995
AI Picks by Srini underdog - March 14 2026.csv,12,65,Jalen Johnson,TOV,UNDER,72.2%,STRONG BET,A,✅ HIT,71.23,0.6891061512275798,0.6768180808617343,0.59583830803343,0.6088002636783125,0.5899154143056583,0.6164260826281732,1.0,0.9794
AI Picks by Srini underdog - March 14 2026.csv,7,66,Kevin Porter Jr.,3PM,UNDER,74.8%,STRONG BET,S,✅ HIT,73.16,0.6654699162667117,0.6762098798188049,0.5747041267881033,0.5869918699186992,0.5899154143056583,0.3668021680216802,1.0,0.966
AI Picks by Srini underdog - March 14 2026.csv,14,67,Onyeka Okongwu,SB,UNDER,69.1%,BET,A,✅ HIT,71.07,0.6893186988053973,0.6757329951971283,0.6069806560134566,0.6088002636783125,0.5910811794685111,0.691567944250871,1.0,0.9968
AI Picks by Srini underdog - March 10 2026.csv,22,68,Immanuel Quickley,STL,UNDER,72.40%,STRONG BET,A,✅ HIT,72.04,0.6777880426616224,0.6756539708441855,0.6067636810821889,0.6088002636783125,0.5899154143056583,0.4679442508710801,1.0,0.9927
AI Picks by Srini underdog - March 10 2026.csv,27,69,Tyler Herro,TOV,UNDER,71.70%,STRONG BET,A,NO GAME,71.39,0.6852505348346812,0.6755351717965375,0.59583830803343,0.6088002636783125,0.5899154143056583,0.591869918699187,1.0,0.9854
AI Picks by Srini underdog - March 12 2026.csv,12,70,VJ Edgecombe,AST,UNDER,75.5%,STRONG BET,C,✅ HIT,73.53,0.6594637688648457,0.6751346301849002,0.4745136763108522,0.4925952315702933,0.5899154143056583,0.5840975609756097,1.0,0.991
AI Picks by Srini underdog - March 10 2026.csv,36,71,Derrick White,BLK,UNDER,70.70%,STRONG BET,S,✅ HIT,70.21,0.6974656356245382,0.6744535805823129,0.644579945799458,0.5869918699186992,0.5899154143056583,0.6723577235772358,1.0,0.9941
AI Picks by Srini underdog - March 10 2026.csv,41,72,Kristaps Porziņģis,BLK,UNDER,71.20%,STRONG BET,S,❌ MISS,69.87,0.7007536249928934,0.6739913852925957,0.644579945799458,0.5869918699186992,0.5899154143056583,0.7001876172607879,1.0,0.9702
AI Picks by Srini underdog - March 12 2026.csv,15,73,Bam Adebayo,STL,UNDER,71.3%,STRONG BET,A,✅ HIT,71.97,0.6754571135094737,0.6736036986995818,0.6067636810821889,0.6088002636783125,0.5899154143056583,0.48343495934959346,1.0,0.9899
AI Picks by Srini underdog - March 10 2026.csv,29,74,Tyler Herro,3PA,UNDER,74.20%,STRONG BET,B,NO GAME,71.08,0.6838513140721447,0.6722556477199009,0.5765635645183267,0.5557229965156795,0.5899154143056583,0.591869918699187,1.0,0.9919
AI Picks by Srini underdog - March 10 2026.csv,16,75,Brandon Miller,3PA,UNDER,72.60%,STRONG BET,B,✅ HIT,72.54,0.6665098673959131,0.6721457868908098,0.5765635645183267,0.5557229965156795,0.5899154143056583,0.47460545193687226,1.0,0.9884
AI Picks by Srini underdog - March 10 2026.csv,18,76,Quentin Grimes,AST,UNDER,76.70%,STRONG BET,C,✅ HIT,72.47,0.6672270511689452,0.6720767881475738,0.4745136763108522,0.4925952315702933,0.5899154143056583,0.6213803840166061,1.0,0.9901
AI Picks by Srini underdog - March 14 2026.csv,17,77,Desmond Bane,TOV,UNDER,71.3%,STRONG BET,A,❌ MISS,70.64,0.6886269675541103,0.6719959081101633,0.59583830803343,0.6088002636783125,0.5899154143056583,0.6368342458934793,1.0,0.9902
AI Picks by Srini underdog - March 10 2026.csv,28,78,LaMelo Ball,STL,UNDER,70.50%,STRONG BET,A,✅ HIT,71.29,0.6798233736720752,0.6712429910469766,0.6067636810821889,0.6088002636783125,0.5899154143056583,0.5640975609756097,1.0,0.9703
AI Picks by Srini underdog - March 12 2026.csv,25,79,Jaylen Wells,3PA,UNDER,78.9%,STRONG BET,B,✅ HIT,70.4,0.6890488343973478,0.6704352591729866,0.5765635645183267,0.5557229965156795,0.5899154143056583,0.4881951219512195,1.0,0.9836
AI Picks by Srini underdog - March 12 2026.csv,22,80,Desmond Bane,3PM,UNDER,72.2%,STRONG BET,S,✅ HIT,70.68,0.6852131240538916,0.670082720232568,0.5747041267881033,0.5869918699186992,0.5899154143056583,0.6368342458934793,1.0,0.9976
AI Picks by Srini underdog - March 12 2026.csv,16,81,Quentin Grimes,RA,UNDER,74.7%,STRONG BET,C,✅ HIT,71.96,0.6684015807151372,0.6689411497838763,0.5152613240418118,0.4925952315702933,0.5899154143056583,0.6213803840166061,1.0,0.9866
AI Picks by Srini underdog - March 11 2026.csv,5,82,Immanuel Quickley,STL,UNDER,70.80%,STRONG BET,A,❌ MISS,71.6,0.6719830426616223,0.6685168064711702,0.6067636810821889,0.6088002636783125,0.5899154143056583,0.4679442508710801,1.0,0.9854
AI Picks by Srini underdog - March 14 2026.csv,19,83,Desmond Bane,STL,UNDER,70.5%,STRONG BET,A,✅ HIT,70.18,0.6881270421638621,0.6681541370347134,0.6067636810821889,0.6088002636783125,0.5899154143056583,0.6368342458934793,1.0,0.9909
AI Picks by Srini underdog - March 13 2026.csv,14,84,Zion Williamson,TOV,UNDER,70.5%,STRONG BET,A,✅ HIT,71.4,0.6728052502818357,0.6675221894365747,0.59583830803343,0.6088002636783125,0.5899154143056583,0.5073170731707317,1.0,0.9872
AI Picks by Srini underdog - March 11 2026.csv,9,85,Julius Randle,3PM,UNDER,72.60%,STRONG BET,S,✅ HIT,70.29,0.6855054127641295,0.6672910565181409,0.5747041267881033,0.5869918699186992,0.5899154143056583,0.6265071329958583,1.0,0.9969
AI Picks by Srini underdog - March 10 2026.csv,37,86,Russell Westbrook,3PA,UNDER,75.00%,STRONG BET,B,✅ HIT,70.08,0.6879396067550714,0.6672677780251323,0.5765635645183267,0.5557229965156795,0.5899154143056583,0.6045528455284552,1.0,0.9939
AI Picks by Srini underdog - March 12 2026.csv,17,87,LeBron James,STL,UNDER,70.6%,STRONG BET,A,❌ MISS,71.43,0.6717999454877934,0.6670980991186074,0.6067636810821889,0.6088002636783125,0.5899154143056583,0.4779132791327913,1.0,0.9754
AI Picks by Srini underdog - March 15 2026.csv,6,88,Immanuel Quickley,STL,UNDER,71.7%,STRONG BET,A,❌ MISS,71.11,0.6755580426616223,0.6670943791012214,0.6067636810821889,0.6088002636783125,0.5899154143056583,0.4679442508710801,1.0,0.9957
AI Picks by Srini underdog - March 10 2026.csv,38,89,Quentin Grimes,3PA,UNDER,74.40%,STRONG BET,B,✅ HIT,70.04,0.6875323606038867,0.6666972576293154,0.5765635645183267,0.5557229965156795,0.5899154143056583,0.6213803840166061,1.0,0.9929
AI Picks by Srini underdog - March 13 2026.csv,13,90,Immanuel Quickley,STL,UNDER,70.5%,STRONG BET,A,✅ HIT,71.49,0.6703680426616223,0.6666260778779163,0.6067636810821889,0.6088002636783125,0.5899154143056583,0.4679442508710801,1.0,0.9735
AI Picks by Srini underdog - March 13 2026.csv,19,91,Julius Randle,3PM,UNDER,71.4%,STRONG BET,S,✅ HIT,70.52,0.6810354127641296,0.6661439663040353,0.5747041267881033,0.5869918699186992,0.5899154143056583,0.6265071329958583,1.0,0.9891
AI Picks by Srini underdog - March 10 2026.csv,17,92,Tyler Herro,FGA,UNDER,75.90%,STRONG BET,D,NO GAME,72.52,0.656979871272427,0.6657983842117704,0.4736390243902439,0.4584602067315036,0.5899154143056583,0.591869918699187,1.0,0.984
AI Picks by Srini underdog - March 15 2026.csv,14,93,Myles Turner,SB,UNDER,71.4%,STRONG BET,A,✅ HIT,69.95,0.6852636127085875,0.6645344981028904,0.6069806560134566,0.6088002636783125,0.5899154143056583,0.5819660014781965,1.0,0.9813
AI Picks by Srini underdog - March 11 2026.csv,8,94,Brandon Miller,3PM,UNDER,73.50%,STRONG BET,S,✅ HIT,71.02,0.6726552446582309,0.6645194870045366,0.5747041267881033,0.5869918699186992,0.5899154143056583,0.47460545193687226,1.0,0.9825
AI Picks by Srini underdog - March 14 2026.csv,21,95,Kawhi Leonard,SB,UNDER,69.6%,BET,A,✅ HIT,69.95,0.685034024455357,0.6643852657382907,0.6069806560134566,0.6088002636783125,0.5910811794685111,0.633921200750469,1.0,0.9924
AI Picks by Srini underdog - March 11 2026.csv,7,96,Brandon Miller,STL,UNDER,70.30%,STRONG BET,A,❌ MISS,71.05,0.6714141627682014,0.6639421415741775,0.6067636810821889,0.6088002636783125,0.5899154143056583,0.47460545193687226,1.0,0.9947
AI Picks by Srini underdog - March 13 2026.csv,12,97,Kevin Durant,3PA,UNDER,73.3%,STRONG BET,B,❌ MISS,71.74,0.6629837671997371,0.6637376138123586,0.5765635645183267,0.5557229965156795,0.5899154143056583,0.41234444997511194,1.0,0.9948
AI Picks by Srini underdog - March 14 2026.csv,20,98,Desmond Bane,3PM,UNDER,71.0%,STRONG BET,S,✅ HIT,70.0,0.6811681240538915,0.6622546934742717,0.5747041267881033,0.5869918699186992,0.5899154143056583,0.6368342458934793,1.0,0.9983
AI Picks by Srini underdog - March 13 2026.csv,23,99,Reed Sheppard,SB,UNDER,73.4%,STRONG BET,A,✅ HIT,69.45,0.6874088960296024,0.6621063022922148,0.6069806560134566,0.6088002636783125,0.5899154143056583,0.5334688346883468,1.0,0.9852
AI Picks by Srini underdog - March 10 2026.csv,43,100,Tobias Harris,3PM,UNDER,76.20%,STRONG BET,S,✅ HIT,69.5,0.6867570165377143,0.662064843619421,0.5747041267881033,0.5869918699186992,0.5899154143056583,0.5170731707317073,1.0,0.996
AI Picks by Srini underdog - March 10 2026.csv,30,101,Alex Sarr,REB,OVER,73.20%,STRONG BET,B,✅ HIT,70.84,0.6708203328146368,0.6619506475172398,0.5620746167935988,0.5557229965156795,0.5899154143056583,0.5227380015735641,1.0,0.9955
AI Picks by Srini underdog - March 10 2026.csv,25,102,Brandon Miller,3PM,UNDER,70.10%,STRONG BET,S,✅ HIT,71.64,0.661410244658231,0.6619502981665126,0.5747041267881033,0.5869918699186992,0.5899154143056583,0.47460545193687226,1.0,0.9888
AI Picks by Srini underdog - March 13 2026.csv,11,103,Immanuel Quickley,REB,UNDER,69.6%,STRONG BET,B,✅ HIT,72.14,0.6529359577443884,0.6602646416418505,0.5620746167935988,0.5557229965156795,0.5899154143056583,0.4679442508710801,1.0,0.9922
AI Picks by Srini underdog - March 13 2026.csv,15,104,Tobias Harris,3PM,UNDER,70.6%,STRONG BET,S,NO GAME,70.87,0.6673470165377143,0.6599223497354003,0.5747041267881033,0.5869918699186992,0.5899154143056583,0.5170731707317073,1.0,0.9886
AI Picks by Srini underdog - March 15 2026.csv,12,105,RJ Barrett,TOV,UNDER,72.9%,STRONG BET,A,❌ MISS,70.19,0.6751635905050685,0.6598043460558841,0.59583830803343,0.6088002636783125,0.5899154143056583,0.4441504754030591,1.0,0.9975
AI Picks by Srini underdog - March 15 2026.csv,17,106,Quentin Grimes,3PA,UNDER,73.8%,STRONG BET,B,✅ HIT,69.3,0.6850723606038865,0.6594407652746987,0.5765635645183267,0.5557229965156795,0.5899154143056583,0.6213803840166061,1.0,0.9845
AI Picks by Srini underdog - March 13 2026.csv,25,107,Kawhi Leonard,TOV,UNDER,69.6%,BET,A,✅ HIT,69.4,0.6826755548593517,0.6586473675346183,0.59583830803343,0.6088002636783125,0.5910811794685111,0.633921200750469,1.0,0.9898
AI Picks by Srini underdog - March 10 2026.csv,10,108,Reed Sheppard,PRA,OVER,68.90%,STRONG BET,D,❌ MISS,74.05,0.627934004063755,0.6586158182323001,0.4730352303523035,0.4584602067315036,0.5899154143056583,0.5334688346883468,1.0,0.9983
AI Picks by Srini underdog - March 15 2026.csv,9,109,Cade Cunningham,FTM,UNDER,76.6%,STRONG BET,B,❌ MISS,70.73,0.6662572911682274,0.6581436918538197,0.5145057766367137,0.5557229965156795,0.5899154143056583,0.45889526542324244,1.0,0.991
AI Picks by Srini underdog - March 11 2026.csv,11,110,Desmond Bane,3PM,UNDER,71.30%,STRONG BET,S,✅ HIT,69.35,0.6821631240538915,0.6579320245141355,0.5747041267881033,0.5869918699186992,0.5899154143056583,0.6368342458934793,1.0,0.9978
AI Picks by Srini underdog - March 13 2026.csv,20,111,Scottie Barnes,3PM,UNDER,70.6%,STRONG BET,S,✅ HIT,70.43,0.6692798495583522,0.6578147768257996,0.5747041267881033,0.5869918699186992,0.5899154143056583,0.5424015009380863,1.0,0.9766
AI Picks by Srini underdog - March 14 2026.csv,15,112,CJ McCollum,3PA,UNDER,72.1%,STRONG BET,B,❌ MISS,70.95,0.6617864637846174,0.6569196112409809,0.5765635645183267,0.5557229965156795,0.5899154143056583,0.4440214158239143,1.0,0.9891
AI Picks by Srini underdog - March 12 2026.csv,29,113,Quentin Grimes,3PM,UNDER,71.8%,STRONG BET,S,✅ HIT,69.21,0.6821327378662042,0.6568419371007248,0.5747041267881033,0.5869918699186992,0.5899154143056583,0.6213803840166061,1.0,0.9941
AI Picks by Srini underdog - March 15 2026.csv,4,114,Evan Mobley,FTM,UNDER,72.0%,STRONG BET,B,✅ HIT,71.88,0.6503649597478546,0.656605725360049,0.5145057766367137,0.5557229965156795,0.5899154143056583,0.45512195121951216,1.0,0.9935
AI Picks by Srini underdog - March 10 2026.csv,33,115,Brandon Miller,TOV,UNDER,70.00%,BET,A,❌ MISS,70.5,0.6658539799779921,0.6561231297942725,0.59583830803343,0.6088002636783125,0.5910811794685111,0.47460545193687226,1.0,0.9448
AI Picks by Srini underdog - March 10 2026.csv,24,116,VJ Edgecombe,AST,UNDER,73.60%,STRONG BET,C,❌ MISS,71.66,0.6522087688648456,0.6561222440995855,0.4745136763108522,0.4925952315702933,0.5899154143056583,0.5840975609756097,1.0,0.9751
AI Picks by Srini underdog - March 15 2026.csv,16,117,Donte DiVincenzo,STL,UNDER,70.0%,STRONG BET,A,✅ HIT,69.39,0.6785782788211268,0.6559076855103854,0.6067636810821889,0.6088002636783125,0.5899154143056583,0.5612466124661246,1.0,0.9851
AI Picks by Srini underdog - March 10 2026.csv,34,118,Collin Sexton,3PM,UNDER,70.50%,STRONG BET,S,NO GAME,70.3,0.6668570165377143,0.6552460515703578,0.5747041267881033,0.5869918699186992,0.5899154143056583,0.5170731707317073,1.0,0.9856
AI Picks by Srini underdog - March 15 2026.csv,15,119,Brandin Podziemski,3PA,UNDER,73.2%,STRONG BET,B,✅ HIT,69.6,0.6740286223082704,0.6545559133641496,0.5765635645183267,0.5557229965156795,0.5899154143056583,0.5261930010604453,1.0,0.9948
AI Picks by Srini underdog - March 10 2026.csv,32,120,Alperen Sengun,TOV,UNDER,69.00%,BET,A,✅ HIT,70.56,0.6627288228109123,0.6545504932319909,0.59583830803343,0.6088002636783125,0.5910811794685111,0.4607538802660754,1.0,0.978
AI Picks by Srini underdog - March 14 2026.csv,18,121,Jaylen Brown,STL,UNDER,71.3%,STRONG BET,A,✅ HIT,70.47,0.6625556135924338,0.6537498338454995,0.6067636810821889,0.6088002636783125,0.5899154143056583,0.3511199601791936,1.0,0.9965
AI Picks by Srini underdog - March 11 2026.csv,10,122,Anthony Edwards,3PA,UNDER,70.10%,STRONG BET,B,❌ MISS,69.51,0.673245955609469,0.6533591066154483,0.5765635645183267,0.5557229965156795,0.5899154143056583,0.6243163340724316,1.0,0.9937
AI Picks by Srini underdog - March 9 2026.csv,1,123,OG Anunoby,3PM,UNDER,68.80%,BET,S,❌ MISS,71.45,0.650399347381647,0.6533406155483856,0.5747041267881033,0.5869918699186992,0.5910811794685111,0.4040975609756097,1.0,0.9952
AI Picks by Srini underdog - March 12 2026.csv,49,124,Giannis Antetokounmpo,3PM,UNDER,78.4%,STRONG BET,S,✅ HIT,67.72,0.6939344399938637,0.6531216061750839,0.5747041267881033,0.5869918699186992,0.5899154143056583,0.5149974052932018,1.0,0.9941
AI Picks by Srini underdog - March 13 2026.csv,17,125,Kawhi Leonard,FGA,UNDER,75.2%,STRONG BET,D,❌ MISS,70.69,0.6587999994775552,0.652990641857336,0.4736390243902439,0.4584602067315036,0.5899154143056583,0.633921200750469,1.0,0.9839
AI Picks by Srini underdog - March 13 2026.csv,24,126,Ace Bailey,3PM,UNDER,70.8%,STRONG BET,S,✅ HIT,69.41,0.6738542639244739,0.6529899810263344,0.5747041267881033,0.5869918699186992,0.5899154143056583,0.5787456445993031,1.0,0.9818
AI Picks by Srini underdog - March 14 2026.csv,24,127,Austin Reaves,STL,UNDER,68.5%,BET,A,✅ HIT,69.41,0.6736685690723131,0.6528692793724298,0.6067636810821889,0.6088002636783125,0.5910811794685111,0.5575505967825636,1.0,0.9935
AI Picks by Srini underdog - March 12 2026.csv,20,128,Kevin Porter Jr.,3PM,UNDER,71.2%,STRONG BET,S,✅ HIT,71.05,0.6536649162667116,0.6524051313482092,0.5747041267881033,0.5869918699186992,0.5899154143056583,0.3668021680216802,1.0,0.9747
AI Picks by Srini underdog - March 15 2026.csv,11,129,OG Anunoby,SB,UNDER,69.6%,BET,A,✅ HIT,70.34,0.6618166604778712,0.6522756305290066,0.6069806560134566,0.6088002636783125,0.5910811794685111,0.4040975609756097,1.0,0.9877
AI Picks by Srini underdog - March 13 2026.csv,18,130,Brandin Podziemski,FTM,UNDER,72.4%,STRONG BET,B,❌ MISS,70.61,0.6584870647319477,0.6521756134775974,0.5145057766367137,0.5557229965156795,0.5899154143056583,0.5261930010604453,1.0,0.9866
AI Picks by Srini underdog - March 14 2026.csv,22,131,Trae Young,3PA,OVER,71.7%,STRONG BET,B,❌ MISS,69.84,0.6664123146975355,0.651440175802453,0.5765635645183267,0.5557229965156795,0.5899154143056583,0.5078799249530956,1.0,0.9811
AI Picks by Srini underdog - March 12 2026.csv,23,132,Jalen Johnson,RA,UNDER,72.2%,STRONG BET,C,✅ HIT,70.46,0.6586411505762939,0.6511289802856217,0.5152613240418118,0.4925952315702933,0.5899154143056583,0.6164260826281732,1.0,0.9713
AI Picks by Srini underdog - March 12 2026.csv,21,133,Trae Young,AST,OVER,75.5%,STRONG BET,C,✅ HIT,71.02,0.6516770052625942,0.6508836313973727,0.4745136763108522,0.4925952315702933,0.5899154143056583,0.5078799249530956,1.0,0.9877
AI Picks by Srini underdog - March 12 2026.csv,26,134,Luka Dončić,SB,UNDER,69.7%,BET,A,❌ MISS,70.24,0.6602624390895035,0.6505008606327005,0.6069806560134566,0.6088002636783125,0.5910811794685111,0.3885553470919324,1.0,0.9809
AI Picks by Srini underdog - March 13 2026.csv,27,135,Alperen Sengun,BLK,UNDER,69.2%,BET,S,NO GAME,69.21,0.6715701431129646,0.6499762505111191,0.644579945799458,0.5869918699186992,0.5910811794685111,0.4607538802660754,1.0,0.9986
AI Picks by Srini underdog - March 11 2026.csv,6,136,Brandon Miller,FTM,UNDER,70.40%,STRONG BET,B,❌ MISS,71.34,0.6464733098195905,0.6499477125397951,0.5145057766367137,0.5557229965156795,0.5899154143056583,0.47460545193687226,1.0,0.9855
AI Picks by Srini underdog - March 13 2026.csv,26,137,Dejounte Murray,TOV,UNDER,68.6%,BET,A,✅ HIT,69.22,0.6711287599875568,0.6497658040789909,0.59583830803343,0.6088002636783125,0.5910811794685111,0.5502032520325203,1.0,0.9943
AI Picks by Srini underdog - March 15 2026.csv,21,138,Anthony Edwards,STL,UNDER,68.5%,BET,A,✅ HIT,68.43,0.6804151428012998,0.6497621975563738,0.6067636810821889,0.6088002636783125,0.5910811794685111,0.6243163340724316,1.0,0.9949
AI Picks by Srini underdog - March 10 2026.csv,52,139,Onyeka Okongwu,SB,UNDER,67.40%,BET,A,❌ MISS,68.01,0.6828486988053974,0.6481329997847954,0.6069806560134566,0.6088002636783125,0.5910811794685111,0.691567944250871,1.0,0.983
AI Picks by Srini underdog - March 9 2026.csv,2,140,Karl-Anthony Towns,REB,UNDER,68.80%,STRONG BET,B,✅ HIT,70.56,0.652570202538165,0.6479473900547051,0.5620746167935988,0.5557229965156795,0.5899154143056583,0.49313669880884853,1.0,0.9889
AI Picks by Srini underdog - March 13 2026.csv,37,141,Mikal Bridges,STL,UNDER,69.7%,BET,A,✅ HIT,67.64,0.6866420285578199,0.6477699179465617,0.6067636810821889,0.6088002636783125,0.5910811794685111,0.6477351916376306,1.0,0.991
AI Picks by Srini underdog - March 15 2026.csv,20,142,Brandin Podziemski,TOV,UNDER,70.6%,STRONG BET,A,❌ MISS,68.57,0.675332843070807,0.6475290391229673,0.59583830803343,0.6088002636783125,0.5899154143056583,0.5261930010604453,1.0,0.9932
AI Picks by Srini underdog - March 15 2026.csv,19,143,VJ Edgecombe,TOV,UNDER,67.4%,BET,A,✅ HIT,69.04,0.6697081908818658,0.6474662873713309,0.59583830803343,0.6088002636783125,0.5910811794685111,0.5840975609756097,1.0,0.9797
AI Picks by Srini underdog - March 10 2026.csv,39,144,Luka Dončić,TOV,UNDER,70.10%,STRONG BET,A,✅ HIT,69.95,0.6585390776739557,0.6471635503303799,0.59583830803343,0.6088002636783125,0.5899154143056583,0.3885553470919324,1.0,0.9666
AI Picks by Srini underdog - March 10 2026.csv,48,145,Alex Sarr,PRA,OVER,80.30%,STRONG BET,D,✅ HIT,69.34,0.6651759207522766,0.6468138897686992,0.4730352303523035,0.4584602067315036,0.5899154143056583,0.5227380015735641,1.0,0.9894
AI Picks by Srini underdog - March 13 2026.csv,22,146,Jrue Holiday,3PA,UNDER,70.9%,STRONG BET,B,❌ MISS,69.68,0.6607312734217381,0.6465242573829972,0.5765635645183267,0.5557229965156795,0.5899154143056583,0.4712195121951219,1.0,0.9952
AI Picks by Srini underdog - March 15 2026.csv,13,147,Brandin Podziemski,FGA,UNDER,77.9%,STRONG BET,D,✅ HIT,69.98,0.6571821795085527,0.6465109243210281,0.4736390243902439,0.4584602067315036,0.5899154143056583,0.5261930010604453,1.0,0.9834
AI Picks by Srini underdog - March 10 2026.csv,45,148,Onyeka Okongwu,FTM,UNDER,69.10%,STRONG BET,B,✅ HIT,69.41,0.6638495590509903,0.64648692285857,0.5145057766367137,0.5557229965156795,0.5899154143056583,0.691567944250871,1.0,0.9875
AI Picks by Srini underdog - March 12 2026.csv,30,149,Jalen Green,STL,UNDER,68.8%,BET,A,❌ MISS,69.12,0.6669570053290161,0.6462896375570724,0.6067636810821889,0.6088002636783125,0.5910811794685111,0.48343495934959346,1.0,0.9871
AI Picks by Srini underdog - March 13 2026.csv,29,150,Brandin Podziemski,3PA,UNDER,72.0%,STRONG BET,B,❌ MISS,68.8,0.6699586223082703,0.6457942054132128,0.5765635645183267,0.5557229965156795,0.5899154143056583,0.5261930010604453,1.0,0.995
AI Picks by Srini underdog - March 12 2026.csv,33,151,Alex Sarr,REB,OVER,72.5%,STRONG BET,B,❌ MISS,68.94,0.6682953328146368,0.6457834036337649,0.5620746167935988,0.5557229965156795,0.5899154143056583,0.5227380015735641,1.0,0.9926
AI Picks by Srini underdog - March 10 2026.csv,46,152,Giannis Antetokounmpo,TOV,OVER,67.10%,BET,A,✅ HIT,69.39,0.6621731753136251,0.6452443682305092,0.59583830803343,0.6088002636783125,0.5910811794685111,0.5149974052932018,1.0,0.9876
AI Picks by Srini underdog - March 13 2026.csv,28,153,Reed Sheppard,REB,OVER,70.5%,STRONG BET,B,✅ HIT,69.2,0.6626934161261149,0.6441299253702801,0.5620746167935988,0.5557229965156795,0.5899154143056583,0.5334688346883468,1.0,0.9951
AI Picks by Srini underdog - March 15 2026.csv,8,154,Brandin Podziemski,PTS,UNDER,73.2%,STRONG BET,D,❌ MISS,70.83,0.6435140213093818,0.6441250924394373,0.4830232333943893,0.4584602067315036,0.5899154143056583,0.5261930010604453,1.0,0.9921
AI Picks by Srini underdog - March 10 2026.csv,31,155,VJ Edgecombe,FGA,UNDER,72.10%,STRONG BET,D,✅ HIT,70.8,0.6430576355000692,0.6435990838652239,0.4736390243902439,0.4584602067315036,0.5899154143056583,0.5840975609756097,1.0,0.9795
AI Picks by Srini underdog - March 13 2026.csv,16,156,James Harden,REB,UNDER,69.1%,STRONG BET,B,❌ MISS,70.71,0.6435685282226905,0.6432430907404474,0.5620746167935988,0.5557229965156795,0.5899154143056583,0.39101995565410197,1.0,0.9927
AI Picks by Srini underdog - March 10 2026.csv,71,157,Giannis Antetokounmpo,3PM,UNDER,76.40%,STRONG BET,S,✅ HIT,66.94,0.6873244399938638,0.6428618034229205,0.5747041267881033,0.5869918699186992,0.5899154143056583,0.5149974052932018,1.0,0.9979
AI Picks by Srini underdog - March 15 2026.csv,18,158,Chet Holmgren,3PM,UNDER,68.0%,BET,S,✅ HIT,69.1,0.6618258884016026,0.64280150635548,0.5747041267881033,0.5869918699186992,0.5910811794685111,0.5516629711751663,1.0,0.983
AI Picks by Srini underdog - March 12 2026.csv,43,159,Chet Holmgren,SB,UNDER,68.5%,BET,A,✅ HIT,68.12,0.6723982014978269,0.6421811551281283,0.6069806560134566,0.6088002636783125,0.5910811794685111,0.5516629711751663,1.0,0.979
AI Picks by Srini underdog - March 12 2026.csv,47,160,Desmond Bane,3PA,UNDER,70.3%,STRONG BET,B,✅ HIT,67.87,0.6749377467915738,0.6419205445843962,0.5765635645183267,0.5557229965156795,0.5899154143056583,0.6368342458934793,1.0,0.9889
AI Picks by Srini underdog - March 15 2026.csv,10,161,James Harden,REB,UNDER,69.2%,STRONG BET,B,✅ HIT,70.51,0.6437435282226905,0.6418277887527133,0.5620746167935988,0.5557229965156795,0.5899154143056583,0.39101995565410197,1.0,0.9894
AI Picks by Srini underdog - March 10 2026.csv,40,162,Tyler Herro,PTS,UNDER,73.30%,STRONG BET,D,NO GAME,69.89,0.650191713073256,0.6412790477436048,0.4830232333943893,0.4584602067315036,0.5899154143056583,0.591869918699187,1.0,0.9875
AI Picks by Srini underdog - March 12 2026.csv,39,163,Jalen Johnson,REB,UNDER,69.2%,STRONG BET,B,✅ HIT,68.51,0.6664141409200978,0.6412731671286861,0.5620746167935988,0.5557229965156795,0.5899154143056583,0.6164260826281732,1.0,0.992
AI Picks by Srini underdog - March 12 2026.csv,41,164,Trae Young,3PA,OVER,71.7%,STRONG BET,B,❌ MISS,68.31,0.6667573146975355,0.6399671780962864,0.5765635645183267,0.5557229965156795,0.5899154143056583,0.5078799249530956,1.0,0.988
AI Picks by Srini underdog - March 12 2026.csv,27,165,Trae Young,PTS,OVER,76.6%,STRONG BET,D,✅ HIT,69.46,0.6530127136986468,0.6398252363764803,0.4830232333943893,0.4584602067315036,0.5899154143056583,0.5078799249530956,1.0,0.9875
AI Picks by Srini underdog - March 14 2026.csv,29,166,Brandon Miller,STL,UNDER,69.0%,BET,A,✅ HIT,68.25,0.6668440545877439,0.6395648434286016,0.6067636810821889,0.6088002636783125,0.5910811794685111,0.47460545193687226,1.0,0.9889
AI Picks by Srini underdog - March 12 2026.csv,24,167,Jalen Suggs,AST,UNDER,71.8%,STRONG BET,C,❌ MISS,70.44,0.6400837532966048,0.6389137668550505,0.4745136763108522,0.4925952315702933,0.5899154143056583,0.5149974052932018,1.0,0.9932
AI Picks by Srini underdog - March 12 2026.csv,38,168,Alex Sarr,PRA,OVER,79.1%,STRONG BET,D,✅ HIT,68.62,0.6614509207522765,0.6388880526128561,0.4730352303523035,0.4584602067315036,0.5899154143056583,0.5227380015735641,1.0,0.9965
AI Picks by Srini underdog - March 11 2026.csv,14,169,Reed Sheppard,STL,UNDER,66.20%,BET,A,❌ MISS,68.39,0.6625303928628914,0.6378312996988614,0.6067636810821889,0.6088002636783125,0.5910811794685111,0.5334688346883468,1.0,0.9753000000000001
AI Picks by Srini underdog - March 10 2026.csv,53,170,Jaylen Wells,3PA,UNDER,72.20%,STRONG BET,B,❌ MISS,68.0,0.6665438343973478,0.6374583853201763,0.5765635645183267,0.5557229965156795,0.5899154143056583,0.4881951219512195,1.0,0.9891
AI Picks by Srini underdog - March 10 2026.csv,47,171,Luka Dončić,3PA,UNDER,70.20%,STRONG BET,B,❌ MISS,69.37,0.6500548569114193,0.6372145560703021,0.5765635645183267,0.5557229965156795,0.5899154143056583,0.3885553470919324,1.0,0.9946
AI Picks by Srini underdog - March 12 2026.csv,54,172,Tyler Herro,TOV,UNDER,68.1%,BET,A,NO GAME,67.32,0.6735854266542235,0.6368366435288493,0.59583830803343,0.6088002636783125,0.5910811794685111,0.591869918699187,1.0,0.9941
AI Picks by Srini underdog - March 10 2026.csv,42,173,Alex Sarr,AST,OVER,73.70%,STRONG BET,C,❌ MISS,69.54,0.6470478129246411,0.6365596716684703,0.4745136763108522,0.4925952315702933,0.5899154143056583,0.5227380015735641,1.0,0.9878
AI Picks by Srini underdog - March 14 2026.csv,23,174,Jayson Tatum,FGA,OVER,74.1%,STRONG BET,D,✅ HIT,69.73,0.6445997628713429,0.6364210385221739,0.4736390243902439,0.4584602067315036,0.5899154143056583,0.5334688346883468,1.0,0.9756
AI Picks by Srini underdog - March 13 2026.csv,40,175,Jalen Green,STL,UNDER,69.8%,BET,A,✅ HIT,67.47,0.6708870053290159,0.6362294586582651,0.6067636810821889,0.6088002636783125,0.5910811794685111,0.48343495934959346,1.0,0.9977
AI Picks by Srini underdog - March 11 2026.csv,23,176,Kawhi Leonard,TOV,UNDER,69.70%,BET,A,✅ HIT,66.51,0.6818755548593519,0.6360325663118594,0.59583830803343,0.6088002636783125,0.5910811794685111,0.633921200750469,1.0,0.967
AI Picks by Srini underdog - March 10 2026.csv,57,177,Brandin Podziemski,STL,UNDER,67.90%,BET,A,❌ MISS,67.68,0.6680878095001012,0.6360154859565914,0.6067636810821889,0.6088002636783125,0.5910811794685111,0.5261930010604453,1.0,0.9854
AI Picks by Srini underdog - March 12 2026.csv,36,178,Dyson Daniels,REB,UNDER,69.1%,STRONG BET,B,NO GAME,68.72,0.6551959229011829,0.6355868300035123,0.5620746167935988,0.5557229965156795,0.5899154143056583,0.5102439024390244,1.0,0.9868
AI Picks by Srini underdog - March 11 2026.csv,13,179,Amen Thompson,3PM,UNDER,68.20%,BET,S,✅ HIT,68.77,0.6542271522596957,0.6353393920834791,0.5747041267881033,0.5869918699186992,0.5910811794685111,0.4609756097560975,1.0,0.9988
AI Picks by Srini underdog - March 12 2026.csv,45,180,VJ Edgecombe,3PA,UNDER,68.2%,STRONG BET,B,✅ HIT,68.04,0.6626040782997868,0.6352033542543087,0.5765635645183267,0.5557229965156795,0.5899154143056583,0.5840975609756097,1.0,0.9905
AI Picks by Srini underdog - March 12 2026.csv,61,181,Derrick White,BLK,UNDER,64.2%,BET,S,NO GAME,66.93,0.6753155274440805,0.6349795576661749,0.644579945799458,0.5869918699186992,0.5910811794685111,0.6723577235772358,1.0,0.9903
AI Picks by Srini underdog - March 11 2026.csv,15,182,Paolo Banchero,3PM,UNDER,66.80%,BET,S,❌ MISS,68.3,0.6591746509623422,0.634961994069024,0.5747041267881033,0.5869918699186992,0.5910811794685111,0.5575505967825636,1.0,0.9998
AI Picks by Srini underdog - March 10 2026.csv,54,183,Amen Thompson,SB,UNDER,68.10%,BET,A,✅ HIT,67.99,0.6627844653559201,0.6349383428438616,0.6069806560134566,0.6088002636783125,0.5910811794685111,0.4609756097560975,1.0,0.9953
AI Picks by Srini underdog - March 10 2026.csv,50,184,Victor Wembanyama,SB,UNDER,70.10%,STRONG BET,A,✅ HIT,68.51,0.6565731507721501,0.6348765235325201,0.6069806560134566,0.6088002636783125,0.5899154143056583,0.3382113821138211,1.0,0.9834
AI Picks by Srini underdog - March 12 2026.csv,37,185,Chet Holmgren,3PA,UNDER,66.8%,STRONG BET,B,✅ HIT,68.67,0.6532856193197424,0.6339628696786425,0.5765635645183267,0.5557229965156795,0.5899154143056583,0.5516629711751663,1.0,0.9642
AI Picks by Srini underdog - March 9 2026.csv,3,186,Karl-Anthony Towns,RA,UNDER,68.60%,BET,C,❌ MISS,70.24,0.6345571040139037,0.6337923928335606,0.5152613240418118,0.4925952315702933,0.5910811794685111,0.49313669880884853,1.0,0.9782
AI Picks by Srini underdog - March 13 2026.csv,39,187,Brandin Podziemski,STL,UNDER,67.4%,BET,A,✅ HIT,67.49,0.6666578095001011,0.6336333865682439,0.6067636810821889,0.6088002636783125,0.5910811794685111,0.5261930010604453,1.0,0.9908
AI Picks by Srini underdog - March 14 2026.csv,25,188,Paolo Banchero,FGA,UNDER,73.1%,STRONG BET,D,✅ HIT,69.33,0.6440329390807646,0.6329944990828297,0.4736390243902439,0.4584602067315036,0.5899154143056583,0.5575505967825636,1.0,0.9841
AI Picks by Srini underdog - March 12 2026.csv,34,189,Josh Giddey,3PM,UNDER,68.1%,BET,S,❌ MISS,68.82,0.6499543473816469,0.6329443319096809,0.5747041267881033,0.5869918699186992,0.5910811794685111,0.42409756097560974,1.0,0.9939
AI Picks by Srini underdog - March 11 2026.csv,21,190,Desmond Bane,STL,UNDER,67.30%,BET,A,✅ HIT,66.57,0.6762469339834045,0.6328326783388138,0.6067636810821889,0.6088002636783125,0.5910811794685111,0.6368342458934793,1.0,0.9681
AI Picks by Srini underdog - March 13 2026.csv,32,191,Jaylen Wells,3PM,UNDER,68.5%,BET,S,NO GAME,68.11,0.6573541034792081,0.6323260388166394,0.5747041267881033,0.5869918699186992,0.5910811794685111,0.4881951219512195,1.0,0.9865
AI Picks by Srini underdog - March 9 2026.csv,4,192,OG Anunoby,SB,UNDER,66.70%,BET,A,✅ HIT,68.51,0.6524516604778713,0.6321975548412389,0.6069806560134566,0.6088002636783125,0.5910811794685111,0.4040975609756097,1.0,0.9976
AI Picks by Srini underdog - March 15 2026.csv,24,193,Jaden McDaniels,3PM,UNDER,67.8%,BET,S,✅ HIT,67.93,0.6592642784526969,0.6321915057604464,0.5747041267881033,0.5869918699186992,0.5910811794685111,0.5306468716861081,1.0,0.9874
AI Picks by Srini underdog - March 13 2026.csv,42,194,Reed Sheppard,TOV,UNDER,68.6%,BET,A,✅ HIT,67.26,0.6670053182531396,0.6321008574718247,0.59583830803343,0.6088002636783125,0.5910811794685111,0.5334688346883468,1.0,0.9453
AI Picks by Srini underdog - March 15 2026.csv,22,195,Brandin Podziemski,FTM,UNDER,71.3%,STRONG BET,B,❌ MISS,68.26,0.6550870647319479,0.631999252621721,0.5145057766367137,0.5557229965156795,0.5899154143056583,0.5261930010604453,1.0,0.9934
AI Picks by Srini underdog - March 10 2026.csv,49,196,Tyler Herro,PR,UNDER,73.90%,STRONG BET,D,NO GAME,68.88,0.6477823545278295,0.6319912521510199,0.4622014406672564,0.4584602067315036,0.5899154143056583,0.591869918699187,1.0,0.9818
AI Picks by Srini underdog - March 14 2026.csv,31,197,Dyson Daniels,SB,UNDER,65.8%,BET,A,❌ MISS,67.84,0.6598012946242126,0.6318524928774512,0.6069806560134566,0.6088002636783125,0.5910811794685111,0.5102439024390244,1.0,0.9935
AI Picks by Srini underdog - March 13 2026.csv,46,198,Amen Thompson,3PM,UNDER,72.4%,STRONG BET,S,❌ MISS,67.08,0.6682422604401534,0.6315287231044229,0.5747041267881033,0.5869918699186992,0.5899154143056583,0.4609756097560975,1.0,0.9963
AI Picks by Srini underdog - March 10 2026.csv,62,199,Quentin Grimes,REB,UNDER,68.10%,STRONG BET,B,✅ HIT,67.47,0.662864571058941,0.6310148763827164,0.5620746167935988,0.5557229965156795,0.5899154143056583,0.6213803840166061,1.0,0.9859
AI Picks by Srini underdog - March 11 2026.csv,16,200,Scottie Barnes,3PM,OVER,69.30%,BET,S,✅ HIT,67.21,0.6659147413778946,0.6310097195059817,0.5747041267881033,0.5869918699186992,0.5910811794685111,0.5424015009380863,1.0,0.9949
AI Picks by Srini underdog - March 14 2026.csv,37,201,De'Aaron Fox,STL,UNDER,66.0%,BET,A,❌ MISS,66.58,0.6731586719956827,0.6309017606461813,0.6067636810821889,0.6088002636783125,0.5910811794685111,0.6501016260162601,1.0,0.9682
AI Picks by Srini underdog - March 12 2026.csv,46,202,Quentin Grimes,PTS,UNDER,74.6%,STRONG BET,D,✅ HIT,67.91,0.657452759604998,0.6308611133106686,0.4830232333943893,0.4584602067315036,0.5899154143056583,0.6213803840166061,1.0,0.9853
AI Picks by Srini underdog - March 10 2026.csv,77,203,Quentin Grimes,3PM,UNDER,69.30%,BET,S,✅ HIT,66.5,0.6739476296857466,0.6308029623496293,0.5747041267881033,0.5869918699186992,0.5910811794685111,0.6213803840166061,1.0,0.9976
AI Picks by Srini underdog - March 12 2026.csv,65,204,VJ Edgecombe,TOV,UNDER,68.5%,BET,A,❌ MISS,66.6,0.6726981908818659,0.6307553531209737,0.59583830803343,0.6088002636783125,0.5910811794685111,0.5840975609756097,1.0,0.9647
AI Picks by Srini underdog - March 12 2026.csv,35,205,Quentin Grimes,PA,UNDER,76.1%,STRONG BET,D,✅ HIT,68.74,0.6474813403018364,0.6307252565127104,0.4054911368785819,0.4584602067315036,0.5899154143056583,0.6213803840166061,1.0,0.994
AI Picks by Srini underdog - March 10 2026.csv,60,206,Alex Sarr,3PM,OVER,68.30%,BET,S,✅ HIT,67.62,0.6606083914414423,0.6306951486221429,0.5747041267881033,0.5869918699186992,0.5910811794685111,0.5227380015735641,1.0,0.9961
AI Picks by Srini underdog - March 12 2026.csv,50,207,Jaylen Wells,3PM,UNDER,69.2%,BET,S,❌ MISS,67.64,0.6598941034792078,0.6303837666454639,0.5747041267881033,0.5869918699186992,0.5910811794685111,0.4881951219512195,1.0,0.9897
AI Picks by Srini underdog - March 10 2026.csv,35,208,Josh Giddey,FGA,UNDER,72.60%,STRONG BET,D,❌ MISS,70.26,0.6290626355000692,0.6303738934983417,0.4736390243902439,0.4584602067315036,0.5899154143056583,0.42409756097560974,1.0,0.9856
AI Picks by Srini underdog - March 13 2026.csv,41,209,Anthony Edwards,3PA,UNDER,67.1%,STRONG BET,B,✅ HIT,67.33,0.663120955609469,0.6301111899491456,0.5765635645183267,0.5557229965156795,0.5899154143056583,0.6243163340724316,1.0,0.9952
AI Picks by Srini underdog - March 14 2026.csv,27,210,Dyson Daniels,REB,UNDER,65.3%,STRONG BET,B,✅ HIT,69.08,0.6424459229011827,0.6300516235814337,0.5620746167935988,0.5557229965156795,0.5899154143056583,0.5102439024390244,1.0,0.9902
AI Picks by Srini underdog - March 11 2026.csv,17,211,Donovan Mitchell,TOV,UNDER,68.10%,BET,A,✅ HIT,67.13,0.664555548605443,0.6295146234087945,0.59583830803343,0.6088002636783125,0.5910811794685111,0.5138211382113821,1.0,0.9696
AI Picks by Srini underdog - March 12 2026.csv,42,212,Jaime Jaquez Jr.,PR,UNDER,75.3%,STRONG BET,D,✅ HIT,68.22,0.6516399271178411,0.6294528027750046,0.4622014406672564,0.4584602067315036,0.5899154143056583,0.5787456445993031,1.0,0.99
AI Picks by Srini underdog - March 13 2026.csv,21,213,Josh Giddey,FGA,UNDER,73.0%,STRONG BET,D,❌ MISS,69.99,0.6304226355000693,0.6291936733149004,0.4736390243902439,0.4584602067315036,0.5899154143056583,0.42409756097560974,1.0,0.9856
AI Picks by Srini underdog - March 10 2026.csv,70,214,Jaylen Wells,3PM,UNDER,71.20%,STRONG BET,S,❌ MISS,66.98,0.6657992116596657,0.6291762154032388,0.5747041267881033,0.5869918699186992,0.5899154143056583,0.4881951219512195,1.0,0.9746
AI Picks by Srini underdog - March 12 2026.csv,59,215,Cade Cunningham,SB,UNDER,68.9%,BET,A,❌ MISS,67.06,0.6647214309226345,0.6290872787192621,0.6069806560134566,0.6088002636783125,0.5910811794685111,0.45889526542324244,1.0,0.9838
AI Picks by Srini underdog - March 12 2026.csv,48,216,Jaime Jaquez Jr.,PRA,UNDER,75.2%,STRONG BET,D,✅ HIT,67.84,0.6538466850548504,0.6279819966573658,0.4730352303523035,0.4584602067315036,0.5899154143056583,0.5787456445993031,1.0,0.9976
AI Picks by Srini underdog - March 10 2026.csv,68,217,Stephon Castle,STL,UNDER,66.80%,BET,A,✅ HIT,66.99,0.6626718685958305,0.6272198950111325,0.6067636810821889,0.6088002636783125,0.5910811794685111,0.5273835920177383,1.0,0.9495
AI Picks by Srini underdog - March 11 2026.csv,30,218,Scottie Barnes,BLK,UNDER,68.90%,BET,S,✅ HIT,65.74,0.6773249051801655,0.6271877938676116,0.644579945799458,0.5869918699186992,0.5910811794685111,0.5424015009380863,1.0,0.9708
AI Picks by Srini underdog - March 12 2026.csv,28,219,Devin Booker,REB,UNDER,68.8%,STRONG BET,B,❌ MISS,69.36,0.634628361925573,0.6271108817301153,0.5620746167935988,0.5557229965156795,0.5899154143056583,0.31676829268292683,1.0,0.9828
AI Picks by Srini underdog - March 12 2026.csv,53,220,Josh Giddey,STL,UNDER,67.9%,BET,A,❌ MISS,67.36,0.6574032654916176,0.6266240491707025,0.6067636810821889,0.6088002636783125,0.5910811794685111,0.42409756097560974,1.0,0.9759
AI Picks by Srini underdog - March 12 2026.csv,31,221,Cooper Flagg,AST,UNDER,73.3%,STRONG BET,C,❌ MISS,69.12,0.6362957013226317,0.6263597899529224,0.4745136763108522,0.4925952315702933,0.5899154143056583,0.4270168855534709,1.0,0.9914
AI Picks by Srini underdog - March 10 2026.csv,73,222,Quentin Grimes,PTS,UNDER,76.50%,STRONG BET,D,❌ MISS,66.67,0.664487759604998,0.6259537409867166,0.4830232333943893,0.4584602067315036,0.5899154143056583,0.6213803840166061,1.0,0.9968
AI Picks by Srini underdog - March 10 2026.csv,72,223,Jaden McDaniels,3PM,UNDER,69.00%,BET,S,✅ HIT,66.76,0.6632242784526967,0.6258205516322013,0.5747041267881033,0.5869918699186992,0.5910811794685111,0.5306468716861081,1.0,0.985
AI Picks by Srini underdog - March 12 2026.csv,44,224,VJ Edgecombe,PTS,UNDER,72.7%,STRONG BET,D,✅ HIT,68.07,0.6473744773008983,0.625533471403191,0.4830232333943893,0.4584602067315036,0.5899154143056583,0.5840975609756097,1.0,0.9875
AI Picks by Srini underdog - March 14 2026.csv,43,225,Russell Westbrook,TOV,UNDER,68.6%,BET,A,❌ MISS,65.73,0.6745787193371504,0.625326320470265,0.59583830803343,0.6088002636783125,0.5910811794685111,0.6045528455284552,1.0,0.9546
AI Picks by Srini underdog - March 10 2026.csv,75,226,Brandin Podziemski,3PA,UNDER,70.30%,STRONG BET,B,✅ HIT,66.61,0.6640736223082705,0.6252258361475236,0.5765635645183267,0.5557229965156795,0.5899154143056583,0.5261930010604453,1.0,0.9929
AI Picks by Srini underdog - March 13 2026.csv,38,227,Naz Reid,3PA,UNDER,66.8%,STRONG BET,B,✅ HIT,67.6,0.6523765173241771,0.625191525247147,0.5765635645183267,0.5557229965156795,0.5899154143056583,0.5301219512195121,1.0,0.9891
AI Picks by Srini underdog - March 13 2026.csv,35,228,Evan Mobley,3PM,UNDER,66.9%,BET,S,❌ MISS,67.84,0.6491267864060372,0.6249140625356371,0.5747041267881033,0.5869918699186992,0.5910811794685111,0.45512195121951216,1.0,0.9969
AI Picks by Srini underdog - March 15 2026.csv,29,229,Russell Westbrook,3PA,UNDER,68.8%,STRONG BET,B,NO GAME,66.31,0.6663296067550714,0.6243986480563428,0.5765635645183267,0.5557229965156795,0.5899154143056583,0.6045528455284552,1.0,0.9833
AI Picks by Srini underdog - March 15 2026.csv,23,230,VJ Edgecombe,FGA,UNDER,72.6%,STRONG BET,D,❌ MISS,68.11,0.6445726355000693,0.6240180846301991,0.4736390243902439,0.4584602067315036,0.5899154143056583,0.5840975609756097,1.0,0.9758
AI Picks by Srini underdog - March 13 2026.csv,49,231,Scottie Barnes,STL,UNDER,66.7%,BET,A,✅ HIT,66.33,0.6650386594878654,0.6237124375314325,0.6067636810821889,0.6088002636783125,0.5910811794685111,0.5424015009380863,1.0,0.9736
AI Picks by Srini underdog - March 14 2026.csv,30,232,Austin Reaves,AST,OVER,72.0%,STRONG BET,C,✅ HIT,68.04,0.6447740724455411,0.6236138504490489,0.4745136763108522,0.4925952315702933,0.5899154143056583,0.5575505967825636,1.0,0.9883
AI Picks by Srini underdog - March 12 2026.csv,32,233,Shai Gilgeous-Alexander,FTM,UNDER,67.9%,STRONG BET,B,✅ HIT,68.97,0.6334271805437466,0.6233484624558464,0.5145057766367137,0.5557229965156795,0.5899154143056583,0.42644415917843387,1.0,0.9909
AI Picks by Srini underdog - March 12 2026.csv,60,234,Cooper Flagg,3PM,OVER,70.2%,STRONG BET,S,❌ MISS,66.94,0.6572763880198909,0.6233305696398381,0.5747041267881033,0.5869918699186992,0.5899154143056583,0.4270168855534709,1.0,0.9945
AI Picks by Srini underdog - March 13 2026.csv,51,235,Alperen Sengun,3PM,UNDER,71.4%,STRONG BET,S,NO GAME,66.29,0.6643700874911512,0.6229720553360214,0.5747041267881033,0.5869918699186992,0.5899154143056583,0.4607538802660754,1.0,0.9873
AI Picks by Srini underdog - March 12 2026.csv,51,236,Chet Holmgren,3PM,UNDER,64.6%,BET WITH CAUTION,S,✅ HIT,67.47,0.6497540019586381,0.6224930064675195,0.5747041267881033,0.5869918699186992,0.5894404591104735,0.5516629711751663,1.0,0.9767
AI Picks by Srini underdog - March 10 2026.csv,58,237,Alex Sarr,PTS,OVER,74.40%,STRONG BET,D,✅ HIT,67.65,0.6470985213606939,0.6221430908678166,0.4830232333943893,0.4584602067315036,0.5899154143056583,0.5227380015735641,1.0,0.9891
AI Picks by Srini underdog - March 10 2026.csv,64,238,Reed Sheppard,REB,OVER,66.90%,STRONG BET,B,✅ HIT,67.37,0.650313416126115,0.6220920996825124,0.5620746167935988,0.5557229965156795,0.5899154143056583,0.5334688346883468,1.0,0.9923
AI Picks by Srini underdog - March 15 2026.csv,28,239,Anthony Edwards,3PM,UNDER,65.6%,BET,S,✅ HIT,66.45,0.660996224691329,0.6220022861063244,0.5747041267881033,0.5869918699186992,0.5910811794685111,0.6243163340724316,1.0,0.9843
AI Picks by Srini underdog - March 12 2026.csv,62,240,Quentin Grimes,PRA,UNDER,74.5%,STRONG BET,D,✅ HIT,66.92,0.6553801589965808,0.6219451155759133,0.4730352303523035,0.4584602067315036,0.5899154143056583,0.6213803840166061,1.0,0.9906
AI Picks by Srini underdog - March 10 2026.csv,59,241,Kevin Durant,3PM,UNDER,67.70%,BET,S,❌ MISS,67.63,0.6467540362815972,0.6217662703676303,0.5747041267881033,0.5869918699186992,0.5910811794685111,0.41234444997511194,1.0,0.9806
AI Picks by Srini underdog - March 12 2026.csv,68,242,Jamal Murray,TOV,UNDER,66.7%,BET,A,❌ MISS,66.3,0.662288597385931,0.6216955393670149,0.59583830803343,0.6088002636783125,0.5910811794685111,0.5251016260162601,1.0,0.9969
AI Picks by Srini underdog - March 14 2026.csv,16,243,Jaylen Brown,PA,OVER,72.6%,STRONG BET,D,❌ MISS,70.94,0.6075652979180952,0.6215994008283547,0.4054911368785819,0.4584602067315036,0.5899154143056583,0.3511199601791936,1.0,0.9742
AI Picks by Srini underdog - March 10 2026.csv,82,244,Scottie Barnes,BLK,UNDER,65.70%,BET,S,✅ HIT,65.87,0.6668499051801655,0.6213729276596389,0.644579945799458,0.5869918699186992,0.5910811794685111,0.5424015009380863,1.0,0.9789
AI Picks by Srini underdog - March 14 2026.csv,26,245,Derrick White,PA,OVER,69.3%,STRONG BET,D,❌ MISS,69.13,0.6282740742578993,0.621222184960233,0.4054911368785819,0.4584602067315036,0.5899154143056583,0.6723577235772358,1.0,0.9703
AI Picks by Srini underdog - March 12 2026.csv,67,246,Alex Sarr,3PM,OVER,67.5%,BET,S,✅ HIT,66.55,0.6579383914414423,0.6207792204877649,0.5747041267881033,0.5869918699186992,0.5910811794685111,0.5227380015735641,1.0,0.9971
AI Picks by Srini underdog - March 15 2026.csv,32,247,Julius Randle,3PM,UNDER,66.0%,BET,S,❌ MISS,66.08,0.6632153045836717,0.6206159418590388,0.5747041267881033,0.5869918699186992,0.5910811794685111,0.6265071329958583,1.0,0.9971
AI Picks by Srini underdog - March 15 2026.csv,30,248,VJ Edgecombe,3PA,UNDER,67.8%,STRONG BET,B,✅ HIT,66.19,0.6612740782997868,0.6201951233677674,0.5765635645183267,0.5557229965156795,0.5899154143056583,0.5840975609756097,1.0,0.9911
AI Picks by Srini underdog - March 10 2026.csv,65,249,Cooper Flagg,3PM,OVER,67.40%,BET,S,✅ HIT,67.32,0.647796279839433,0.6200736980992355,0.5747041267881033,0.5869918699186992,0.5910811794685111,0.4270168855534709,1.0,0.9925
AI Picks by Srini underdog - March 10 2026.csv,66,250,Michael Porter Jr.,3PA,UNDER,65.80%,STRONG BET,B,✅ HIT,67.23,0.6484788343973478,0.6198292851673999,0.5765635645183267,0.5557229965156795,0.5899154143056583,0.5281951219512195,1.0,0.983
AI Picks by Srini underdog - March 13 2026.csv,55,251,Donte DiVincenzo,STL,UNDER,65.8%,BET,A,✅ HIT,65.9,0.6640031706406689,0.6197519080071263,0.6067636810821889,0.6088002636783125,0.5910811794685111,0.5612466124661246,1.0,0.9764
AI Picks by Srini underdog - March 9 2026.csv,9,252,Mikal Bridges,STL,UNDER,64.40%,BET WITH CAUTION,A,❌ MISS,65.5,0.6685351421148553,0.6196395854898791,0.6067636810821889,0.6088002636783125,0.5894404591104735,0.6477351916376306,1.0,0.9932
AI Picks by Srini underdog - March 15 2026.csv,38,253,Russell Westbrook,3PM,UNDER,67.9%,BET,S,NO GAME,65.54,0.6671798758369314,0.6190644728067753,0.5747041267881033,0.5869918699186992,0.5910811794685111,0.6045528455284552,1.0,0.9911
AI Picks by Srini underdog - March 12 2026.csv,58,254,Cade Cunningham,3PM,UNDER,66.6%,BET,S,✅ HIT,67.12,0.6484041178264102,0.6189397408030366,0.5747041267881033,0.5869918699186992,0.5910811794685111,0.45889526542324244,1.0,0.9953
AI Picks by Srini underdog - March 10 2026.csv,44,255,Luka Dončić,FGA,UNDER,71.20%,STRONG BET,D,❌ MISS,69.46,0.6207984141117014,0.6188859416449657,0.4736390243902439,0.4584602067315036,0.5899154143056583,0.3885553470919324,1.0,0.9866
AI Picks by Srini underdog - March 13 2026.csv,56,256,Kawhi Leonard,SB,UNDER,63.6%,BET WITH CAUTION,A,✅ HIT,65.8,0.6637671380123926,0.6188339608048795,0.6069806560134566,0.6088002636783125,0.5894404591104735,0.633921200750469,1.0,0.979
AI Picks by Srini underdog - March 13 2026.csv,53,257,Amen Thompson,SB,UNDER,67.8%,BET,A,✅ HIT,65.96,0.66164446535592,0.6186774651683596,0.6069806560134566,0.6088002636783125,0.5910811794685111,0.4609756097560975,1.0,0.9929
AI Picks by Srini underdog - March 10 2026.csv,56,258,Kristaps Porziņģis,AST,UNDER,66.60%,STRONG BET,C,✅ HIT,67.73,0.6402877744933634,0.6183277261991454,0.4745136763108522,0.4925952315702933,0.5899154143056583,0.7001876172607879,1.0,0.9805
AI Picks by Srini underdog - March 10 2026.csv,74,259,VJ Edgecombe,3PM,UNDER,64.20%,BET WITH CAUTION,S,✅ HIT,66.66,0.6526724609386824,0.6181973442542248,0.5747041267881033,0.5869918699186992,0.5894404591104735,0.5840975609756097,1.0,0.9974
AI Picks by Srini underdog - March 10 2026.csv,55,260,Devin Booker,3PA,UNDER,68.80%,STRONG BET,B,✅ HIT,67.89,0.6381111514705187,0.6181361628244837,0.5765635645183267,0.5557229965156795,0.5899154143056583,0.31676829268292683,1.0,0.9945
AI Picks by Srini underdog - March 11 2026.csv,33,261,Trey Murphy III,3PM,UNDER,66.50%,BET,S,❌ MISS,65.62,0.6640818796628521,0.6176623960887174,0.5747041267881033,0.5869918699186992,0.5910811794685111,0.6236728837876614,1.0,0.9861
AI Picks by Srini underdog - March 12 2026.csv,57,262,Victor Wembanyama,SB,UNDER,67.0%,BET,A,NO GAME,67.17,0.6458080425916923,0.6176345548974035,0.6069806560134566,0.6088002636783125,0.5910811794685111,0.3382113821138211,1.0,0.9761
AI Picks by Srini underdog - March 10 2026.csv,67,263,Anthony Edwards,FTM,UNDER,65.50%,STRONG BET,B,❌ MISS,67.2,0.6446443980331465,0.6171075437325089,0.5145057766367137,0.5557229965156795,0.5899154143056583,0.6243163340724316,1.0,0.9827
AI Picks by Srini underdog - March 12 2026.csv,72,264,VJ Edgecombe,3PM,UNDER,65.8%,BET,S,✅ HIT,66.07,0.6578193473816469,0.6170321170783359,0.5747041267881033,0.5869918699186992,0.5910811794685111,0.5840975609756097,1.0,0.9876
AI Picks by Srini underdog - March 10 2026.csv,51,265,Anthony Edwards,PTS,UNDER,67.20%,STRONG BET,D,✅ HIT,68.18,0.6328563546105804,0.6169376702477385,0.4830232333943893,0.4584602067315036,0.5899154143056583,0.6243163340724316,1.0,0.9907
AI Picks by Srini underdog - March 13 2026.csv,30,266,RJ Barrett,RA,UNDER,68.8%,BET,C,❌ MISS,68.35,0.6308184816733249,0.6169127470280963,0.5152613240418118,0.4925952315702933,0.5910811794685111,0.4441504754030591,1.0,0.9878
AI Picks by Srini underdog - March 13 2026.csv,34,267,Devin Booker,TOV,OVER,65.2%,BET,A,✅ HIT,67.87,0.6362702640525977,0.6167866808040616,0.59583830803343,0.6088002636783125,0.5910811794685111,0.31676829268292683,1.0,0.9952
AI Picks by Srini underdog - March 13 2026.csv,62,268,Anthony Edwards,SB,UNDER,64.7%,BET WITH CAUTION,A,✅ HIT,65.28,0.6666416513445887,0.6167268593026981,0.6069806560134566,0.6088002636783125,0.5894404591104735,0.6243163340724316,1.0,0.9809
AI Picks by Srini underdog - March 10 2026.csv,69,269,Michael Porter Jr.,3PM,UNDER,64.40%,BET WITH CAUTION,S,✅ HIT,66.98,0.6466322170362433,0.6167176688980142,0.5747041267881033,0.5869918699186992,0.5894404591104735,0.5281951219512195,1.0,0.9748
AI Picks by Srini underdog - March 10 2026.csv,89,270,Josh Giddey,STL,UNDER,70.40%,STRONG BET,A,✅ HIT,65.37,0.6655283736720755,0.6166913022100449,0.6067636810821889,0.6088002636783125,0.5899154143056583,0.42409756097560974,1.0,0.9712
AI Picks by Srini underdog - March 14 2026.csv,32,271,Derrick White,PRA,OVER,68.2%,STRONG BET,D,❌ MISS,67.58,0.6391278929526437,0.616427014206877,0.4730352303523035,0.4584602067315036,0.5899154143056583,0.6723577235772358,1.0,0.992
AI Picks by Srini underdog - March 11 2026.csv,35,272,Anthony Edwards,STL,UNDER,64.60%,BET WITH CAUTION,A,✅ HIT,65.19,0.6659982563583352,0.615620579167153,0.6067636810821889,0.6088002636783125,0.5894404591104735,0.6243163340724316,1.0,0.9757
AI Picks by Srini underdog - March 14 2026.csv,34,273,Derrick White,PTS,OVER,68.0%,STRONG BET,D,❌ MISS,67.5,0.638820493561061,0.6156155838072546,0.4830232333943893,0.4584602067315036,0.5899154143056583,0.6723577235772358,1.0,0.9595
AI Picks by Srini underdog - March 12 2026.csv,40,274,Devin Booker,FTM,UNDER,69.1%,STRONG BET,B,❌ MISS,68.5,0.6266845938941961,0.6153725089624632,0.5145057766367137,0.5557229965156795,0.5899154143056583,0.31676829268292683,1.0,0.9938
AI Picks by Srini underdog - March 10 2026.csv,84,275,Quentin Grimes,PR,UNDER,76.00%,STRONG BET,D,❌ MISS,65.78,0.6586184010595714,0.6153343765867723,0.4622014406672564,0.4584602067315036,0.5899154143056583,0.6213803840166061,1.0,0.9967
AI Picks by Srini underdog - March 12 2026.csv,76,276,Jalen Green,REB,UNDER,71.1%,STRONG BET,B,✅ HIT,65.68,0.6595700285922397,0.6151884084891397,0.5620746167935988,0.5557229965156795,0.5899154143056583,0.48343495934959346,1.0,0.9919
AI Picks by Srini underdog - March 12 2026.csv,66,277,Nikola Jokić,STL,UNDER,65.2%,BET,A,❌ MISS,66.59,0.6485905057806871,0.615008905205821,0.6067636810821889,0.6088002636783125,0.5910811794685111,0.4297199638663053,1.0,0.972
AI Picks by Srini underdog - March 10 2026.csv,92,278,Rudy Gobert,BLK,UNDER,64.00%,BET,S,✅ HIT,65.02,0.666320750548637,0.614530506201275,0.644579945799458,0.5869918699186992,0.5910811794685111,0.586159954622802,1.0,0.9964
AI Picks by Srini underdog - March 11 2026.csv,31,279,Mikal Bridges,REB,UNDER,65.90%,STRONG BET,B,❌ MISS,65.69,0.6583000518210435,0.6144393761872488,0.5620746167935988,0.5557229965156795,0.5899154143056583,0.6477351916376306,1.0,0.9915
AI Picks by Srini underdog - March 13 2026.csv,50,280,Anthony Edwards,3PM,UNDER,62.9%,BET WITH CAUTION,S,❌ MISS,66.29,0.6512143382483646,0.6144208183282102,0.5747041267881033,0.5869918699186992,0.5894404591104735,0.6243163340724316,1.0,0.9762
AI Picks by Srini underdog - March 12 2026.csv,75,281,Myles Turner,3PA,OVER,66.8%,STRONG BET,B,✅ HIT,65.74,0.6575259223500456,0.6143184550280336,0.5765635645183267,0.5557229965156795,0.5899154143056583,0.5819660014781965,1.0,0.9884
AI Picks by Srini underdog - March 10 2026.csv,95,282,Reed Sheppard,STL,UNDER,67.70%,BET,A,✅ HIT,64.88,0.6673453928628913,0.6141261873141264,0.6067636810821889,0.6088002636783125,0.5910811794685111,0.5334688346883468,1.0,0.9696
AI Picks by Srini underdog - March 11 2026.csv,12,283,Jalen Brunson,AST,UNDER,68.90%,STRONG BET,C,❌ MISS,69.29,0.6152671428485855,0.6139909211343665,0.4745136763108522,0.4925952315702933,0.5899154143056583,0.3700813008130081,1.0,0.9839
AI Picks by Srini underdog - March 12 2026.csv,69,284,Paolo Banchero,3PM,UNDER,64.9%,BET WITH CAUTION,S,✅ HIT,66.23,0.6511677645193779,0.6139318298080485,0.5747041267881033,0.5869918699186992,0.5894404591104735,0.5575505967825636,1.0,0.9728
AI Picks by Srini underdog - March 12 2026.csv,88,285,Quentin Grimes,TOV,UNDER,65.6%,BET,A,❌ MISS,64.82,0.6672614731859655,0.6136129239278043,0.59583830803343,0.6088002636783125,0.5910811794685111,0.6213803840166061,1.0,0.9786
AI Picks by Srini underdog - March 11 2026.csv,29,286,Nikola Jokić,SB,UNDER,66.40%,BET,A,❌ MISS,65.95,0.6537639007669407,0.6134786455861364,0.6069806560134566,0.6088002636783125,0.5910811794685111,0.4297199638663053,1.0,0.993
AI Picks by Srini underdog - March 11 2026.csv,27,287,Jamal Murray,3PA,UNDER,66.50%,STRONG BET,B,✅ HIT,66.11,0.650904484803852,0.6128432668003161,0.5765635645183267,0.5557229965156795,0.5899154143056583,0.5251016260162601,1.0,0.9901
AI Picks by Srini underdog - March 11 2026.csv,28,288,Nikola Jokić,STL,UNDER,66.00%,BET,A,❌ MISS,66.06,0.6514655057806872,0.6128256674383254,0.6067636810821889,0.6088002636783125,0.5910811794685111,0.4297199638663053,1.0,0.9751
AI Picks by Srini underdog - March 13 2026.csv,33,289,Devin Booker,3PM,UNDER,64.8%,BET WITH CAUTION,S,✅ HIT,68.03,0.6279595341094142,0.6126079479311797,0.5747041267881033,0.5869918699186992,0.5894404591104735,0.31676829268292683,1.0,0.997
AI Picks by Srini underdog - March 10 2026.csv,85,290,Deni Avdija,TOV,OVER,66.50%,BET,A,✅ HIT,65.68,0.654642856164689,0.6119857464112317,0.59583830803343,0.6088002636783125,0.5910811794685111,0.4724442138038401,1.0,0.9629
AI Picks by Srini underdog - March 14 2026.csv,40,291,Jamal Murray,3PA,UNDER,64.7%,BET,B,✅ HIT,66.42,0.6452893766233941,0.6115634770640065,0.5765635645183267,0.5557229965156795,0.5910811794685111,0.5251016260162601,1.0,0.9974
AI Picks by Srini underdog - March 12 2026.csv,89,292,Myles Turner,SB,UNDER,65.3%,BET,A,✅ HIT,64.77,0.6646735045281298,0.6115484813032775,0.6069806560134566,0.6088002636783125,0.5910811794685111,0.5819660014781965,1.0,0.9815
AI Picks by Srini underdog - March 12 2026.csv,93,293,Austin Reaves,STL,UNDER,67.1%,BET,A,✅ HIT,64.44,0.667873569072313,0.6111055874772353,0.6067636810821889,0.6088002636783125,0.5910811794685111,0.5575505967825636,1.0,0.9728
AI Picks by Srini underdog - March 13 2026.csv,68,294,Anthony Edwards,STL,UNDER,64.2%,BET WITH CAUTION,A,✅ HIT,64.63,0.6654632563583353,0.6109914836014972,0.6067636810821889,0.6088002636783125,0.5894404591104735,0.6243163340724316,1.0,0.9922
AI Picks by Srini underdog - March 15 2026.csv,27,295,Anthony Edwards,AST,UNDER,68.3%,STRONG BET,C,❌ MISS,66.88,0.6387456461745278,0.610826871844032,0.4745136763108522,0.4925952315702933,0.5899154143056583,0.6243163340724316,1.0,0.9858
AI Picks by Srini underdog - March 14 2026.csv,51,296,Jayson Tatum,3PA,OVER,70.3%,STRONG BET,B,✅ HIT,64.65,0.6646562056710607,0.6106198058535421,0.5765635645183267,0.5557229965156795,0.5899154143056583,0.5334688346883468,1.0,0.99
AI Picks by Srini underdog - March 13 2026.csv,48,297,Mikal Bridges,RA,UNDER,65.9%,BET WITH CAUTION,C,✅ HIT,66.74,0.6398050668538174,0.6104451588941563,0.5152613240418118,0.4925952315702933,0.5894404591104735,0.6477351916376306,1.0,0.9615
AI Picks by Srini underdog - March 14 2026.csv,36,298,Jalen Suggs,FTM,UNDER,66.7%,STRONG BET,B,✅ HIT,66.84,0.6384925051552234,0.6103565197839372,0.5145057766367137,0.5557229965156795,0.5899154143056583,0.5149974052932018,1.0,0.9967
AI Picks by Srini underdog - March 15 2026.csv,58,299,Anthony Edwards,TOV,UNDER,69.6%,BET,A,❌ MISS,63.15,0.681610068191548,0.6101719265838526,0.59583830803343,0.6088002636783125,0.5910811794685111,0.6243163340724316,1.0,0.9877
AI Picks by Srini underdog - March 10 2026.csv,88,300,Derrick White,RA,OVER,69.00%,BET,C,✅ HIT,65.46,0.6544142064907426,0.6101551669366588,0.5152613240418118,0.4925952315702933,0.5910811794685111,0.6723577235772358,1.0,0.9897
AI Picks by Srini underdog - March 14 2026.csv,45,301,Paolo Banchero,3PM,UNDER,65.4%,BET,S,✅ HIT,65.46,0.6542446509623423,0.6100449558431986,0.5747041267881033,0.5869918699186992,0.5910811794685111,0.5575505967825636,1.0,0.9964
AI Picks by Srini underdog - March 11 2026.csv,22,302,Karl-Anthony Towns,3PA,UNDER,64.70%,BET,B,❌ MISS,66.57,0.6407878839026531,0.6097842957863253,0.5765635645183267,0.5557229965156795,0.5910811794685111,0.49313669880884853,1.0,0.9713
AI Picks by Srini underdog - March 15 2026.csv,25,303,Andrew Nembhard,AST,UNDER,68.3%,STRONG BET,C,NO GAME,67.69,0.6274702766253777,0.6096905421874078,0.4745136763108522,0.4925952315702933,0.5899154143056583,0.5093126385809312,1.0,0.9903
AI Picks by Srini underdog - March 11 2026.csv,24,304,Anthony Edwards,FTM,UNDER,64.60%,BET,B,❌ MISS,66.5,0.6413392898526887,0.6096075414581417,0.5145057766367137,0.5557229965156795,0.5910811794685111,0.6243163340724316,1.0,0.975
AI Picks by Srini underdog - March 11 2026.csv,36,305,Trey Murphy III,STL,UNDER,61.80%,BET WITH CAUTION,A,❌ MISS,65.18,0.6563789113298583,0.6092915522992562,0.6067636810821889,0.6088002636783125,0.5894404591104735,0.6236728837876614,1.0,0.975
AI Picks by Srini underdog - March 11 2026.csv,38,306,Josh Hart,3PM,UNDER,65.40%,BET,S,NO GAME,65.08,0.6572315831540045,0.6090812629910842,0.5747041267881033,0.5869918699186992,0.5910811794685111,0.591869918699187,1.0,0.9875
AI Picks by Srini underdog - March 13 2026.csv,59,307,Jerami Grant,3PA,UNDER,64.9%,BET,B,✅ HIT,65.43,0.6528494579242072,0.6089087225702507,0.5765635645183267,0.5557229965156795,0.5910811794685111,0.6001524390243902,1.0,0.9849
AI Picks by Srini underdog - March 9 2026.csv,13,308,Kawhi Leonard,TOV,UNDER,64.50%,BET WITH CAUTION,A,✅ HIT,64.36,0.6650236684163873,0.6086415312557899,0.59583830803343,0.6088002636783125,0.5894404591104735,0.633921200750469,1.0,0.9875
AI Picks by Srini underdog - March 12 2026.csv,52,309,VJ Edgecombe,PA,UNDER,72.0%,STRONG BET,D,✅ HIT,67.4,0.6288230579977367,0.6083527246972267,0.4054911368785819,0.4584602067315036,0.5899154143056583,0.5840975609756097,1.0,0.9742
AI Picks by Srini underdog - March 9 2026.csv,6,310,Karl-Anthony Towns,FTM,UNDER,64.10%,BET,B,❌ MISS,67.54,0.6270863263263304,0.6082941855022266,0.5145057766367137,0.5557229965156795,0.5910811794685111,0.49313669880884853,1.0,0.9863
AI Picks by Srini underdog - March 13 2026.csv,61,311,Brandin Podziemski,3PM,UNDER,66.3%,BET,S,❌ MISS,65.3,0.6533938913901305,0.6082687205310736,0.5747041267881033,0.5869918699186992,0.5910811794685111,0.5261930010604453,1.0,0.9809
AI Picks by Srini underdog - March 15 2026.csv,44,312,VJ Edgecombe,SB,UNDER,65.6%,BET,A,✅ HIT,64.23,0.6659066604778712,0.6082215923037272,0.6069806560134566,0.6088002636783125,0.5910811794685111,0.5840975609756097,1.0,0.9815
AI Picks by Srini underdog - March 10 2026.csv,87,313,Austin Reaves,3PM,UNDER,64.70%,BET WITH CAUTION,S,❌ MISS,65.49,0.6509677645193779,0.6081443374534319,0.5747041267881033,0.5869918699186992,0.5894404591104735,0.5575505967825636,1.0,0.9824
AI Picks by Srini underdog - March 13 2026.csv,52,314,Cooper Flagg,3PM,OVER,66.4%,BET,S,✅ HIT,66.03,0.6443712798394331,0.6079850627783502,0.5747041267881033,0.5869918699186992,0.5910811794685111,0.4270168855534709,1.0,0.992
AI Picks by Srini underdog - March 14 2026.csv,48,315,Tyler Herro,TOV,UNDER,64.0%,BET WITH CAUTION,A,✅ HIT,64.78,0.658883540211259,0.6078614570966983,0.59583830803343,0.6088002636783125,0.5894404591104735,0.591869918699187,1.0,0.9828
AI Picks by Srini underdog - March 9 2026.csv,11,316,Josh Hart,3PM,UNDER,64.30%,BET WITH CAUTION,S,✅ HIT,65.21,0.65382469671104,0.6078606705951844,0.5747041267881033,0.5869918699186992,0.5894404591104735,0.591869918699187,1.0,0.9981
AI Picks by Srini underdog - March 14 2026.csv,28,317,Jaylen Brown,PRA,OVER,70.1%,STRONG BET,D,❌ MISS,68.66,0.6131841166128396,0.6078204403197689,0.4730352303523035,0.4584602067315036,0.5899154143056583,0.3511199601791936,1.0,0.9864
AI Picks by Srini underdog - March 14 2026.csv,42,318,Alex Sarr,3PM,UNDER,64.7%,BET WITH CAUTION,S,✅ HIT,65.73,0.6474915049984779,0.607719631150128,0.5747041267881033,0.5869918699186992,0.5894404591104735,0.5227380015735641,1.0,0.9825
AI Picks by Srini underdog - March 14 2026.csv,39,319,Victor Wembanyama,3PM,UNDER,67.3%,BET,S,❌ MISS,66.46,0.6383807294954681,0.6073786668284014,0.5747041267881033,0.5869918699186992,0.5910811794685111,0.3382113821138211,1.0,0.9886
AI Picks by Srini underdog - March 14 2026.csv,41,320,LaMelo Ball,FTM,UNDER,66.1%,STRONG BET,B,✅ HIT,66.22,0.6411325207234643,0.6073324687413179,0.5145057766367137,0.5557229965156795,0.5899154143056583,0.5640975609756097,1.0,0.9921
AI Picks by Srini underdog - March 12 2026.csv,90,321,Jalen Suggs,3PM,UNDER,68.3%,BET,S,❌ MISS,64.65,0.6593743318134062,0.6071865878460668,0.5747041267881033,0.5869918699186992,0.5910811794685111,0.5149974052932018,1.0,0.9869
AI Picks by Srini underdog - March 12 2026.csv,86,322,Ivica Zubac,PRA,OVER,77.4%,STRONG BET,D,❌ MISS,64.93,0.6559477800348479,0.6071000019728318,0.4730352303523035,0.4584602067315036,0.5899154143056583,0.5261065943992773,1.0,0.9953
AI Picks by Srini underdog - March 12 2026.csv,81,323,Jaime Jaquez Jr.,REB,UNDER,66.9%,STRONG BET,B,✅ HIT,65.05,0.6544560971172108,0.6070478392690081,0.5620746167935988,0.5557229965156795,0.5899154143056583,0.5787456445993031,1.0,0.9846
AI Picks by Srini underdog - March 13 2026.csv,57,324,Dejounte Murray,REB,UNDER,65.2%,STRONG BET,B,❌ MISS,65.66,0.6462368578605325,0.6063689423147565,0.5620746167935988,0.5557229965156795,0.5899154143056583,0.5502032520325203,1.0,0.9929
AI Picks by Srini underdog - March 15 2026.csv,39,325,Cade Cunningham,SB,UNDER,65.0%,BET,A,✅ HIT,65.27,0.6505914309226345,0.6062177634290411,0.6069806560134566,0.6088002636783125,0.5910811794685111,0.45889526542324244,1.0,0.9664
AI Picks by Srini underdog - March 12 2026.csv,56,326,Jaylen Wells,AST,UNDER,69.2%,STRONG BET,C,✅ HIT,67.2,0.6278685249624066,0.606203226236528,0.4745136763108522,0.4925952315702933,0.5899154143056583,0.4881951219512195,1.0,0.9793
AI Picks by Srini underdog - March 14 2026.csv,35,327,Brandon Miller,FTM,UNDER,64.9%,BET,B,✅ HIT,67.19,0.6277432016391329,0.6060453134770133,0.5145057766367137,0.5557229965156795,0.5910811794685111,0.47460545193687226,1.0,0.9821
AI Picks by Srini underdog - March 13 2026.csv,58,328,Cooper Flagg,TOV,UNDER,65.1%,BET,A,❌ MISS,65.64,0.645375123339652,0.6056559096774108,0.59583830803343,0.6088002636783125,0.5910811794685111,0.4270168855534709,1.0,0.9636
AI Picks by Srini underdog - March 15 2026.csv,33,329,Evan Mobley,3PM,UNDER,64.5%,BET WITH CAUTION,S,✅ HIT,66.03,0.6407048999630728,0.6056019158587159,0.5747041267881033,0.5869918699186992,0.5894404591104735,0.45512195121951216,1.0,0.9956
AI Picks by Srini underdog - March 15 2026.csv,26,330,Shai Gilgeous-Alexander,FGA,UNDER,70.3%,STRONG BET,D,❌ MISS,67.66,0.6214572953203515,0.6055527465409807,0.4736390243902439,0.4584602067315036,0.5899154143056583,0.42644415917843387,1.0,0.9852
AI Picks by Srini underdog - March 12 2026.csv,63,331,Jaime Jaquez Jr.,PA,UNDER,72.3%,STRONG BET,D,✅ HIT,66.87,0.6301778663601061,0.6051813623652712,0.4054911368785819,0.4584602067315036,0.5899154143056583,0.5787456445993031,1.0,0.9916
AI Picks by Srini underdog - March 10 2026.csv,110,332,Rudy Gobert,SB,UNDER,64.70%,BET WITH CAUTION,A,✅ HIT,64.04,0.663246013399626,0.6050395723145204,0.6069806560134566,0.6088002636783125,0.5894404591104735,0.586159954622802,1.0,0.9893
AI Picks by Srini underdog - March 9 2026.csv,7,333,Darius Garland,PRA,OVER,70.70%,STRONG BET,D,✅ HIT,65.87,0.641267432909019,0.6047443206833937,0.4730352303523035,0.4584602067315036,0.5899154143056583,0.6147531231409875,1.0,0.98
AI Picks by Srini underdog - March 11 2026.csv,18,334,RJ Barrett,RA,UNDER,68.00%,BET,C,✅ HIT,66.96,0.6281184816733247,0.6045308357133437,0.5152613240418118,0.4925952315702933,0.5910811794685111,0.4441504754030591,1.0,0.9882
AI Picks by Srini underdog - March 12 2026.csv,71,335,Jaylen Wells,PTS,UNDER,72.9%,STRONG BET,D,❌ MISS,66.07,0.6385242333984592,0.6044902929892639,0.4830232333943893,0.4584602067315036,0.5899154143056583,0.4881951219512195,1.0,0.9887
AI Picks by Srini underdog - March 14 2026.csv,61,336,Jalen Johnson,STL,UNDER,63.7%,BET WITH CAUTION,A,✅ HIT,63.94,0.6632292312139096,0.6042641378999376,0.6067636810821889,0.6088002636783125,0.5894404591104735,0.6164260826281732,1.0,0.9973
AI Picks by Srini underdog - March 14 2026.csv,46,337,Nikola Jokić,SB,UNDER,64.2%,BET WITH CAUTION,A,❌ MISS,65.39,0.6460370143239763,0.6041748238325538,0.6069806560134566,0.6088002636783125,0.5894404591104735,0.4297199638663053,1.0,0.992
AI Picks by Srini underdog - March 11 2026.csv,20,338,Zion Williamson,REB,UNDER,64.80%,DO NOT BET,B,✅ HIT,66.76,0.6290426327148605,0.6036024819026078,0.5620746167935988,0.5557229965156795,0.49407702047654983,0.5073170731707317,1.0,0.992
AI Picks by Srini underdog - March 12 2026.csv,84,339,Tim Hardaway Jr.,3PA,OVER,66.5%,STRONG BET,B,❌ MISS,64.96,0.6501416392753967,0.6035553682773485,0.5765635645183267,0.5557229965156795,0.5899154143056583,0.5170731707317073,1.0,0.9909
AI Picks by Srini underdog - March 13 2026.csv,36,340,OG Anunoby,AST,UNDER,68.3%,STRONG BET,C,❌ MISS,67.82,0.6164287688648457,0.6035074459350892,0.4745136763108522,0.4925952315702933,0.5899154143056583,0.4040975609756097,1.0,0.9799
AI Picks by Srini underdog - March 12 2026.csv,74,341,Alex Sarr,PTS,OVER,71.9%,STRONG BET,D,✅ HIT,65.97,0.6380835213606937,0.6034393041708492,0.4830232333943893,0.4584602067315036,0.5899154143056583,0.5227380015735641,1.0,0.9788
AI Picks by Srini underdog - March 9 2026.csv,10,342,Darius Garland,RA,OVER,67.90%,BET,C,✅ HIT,65.33,0.6449287464471177,0.6029957341162755,0.5152613240418118,0.4925952315702933,0.5910811794685111,0.6147531231409875,1.0,0.99
AI Picks by Srini underdog - March 10 2026.csv,94,343,Quentin Grimes,PA,UNDER,76.80%,STRONG BET,D,❌ MISS,64.89,0.6500913403018365,0.6029875057488274,0.4054911368785819,0.4584602067315036,0.5899154143056583,0.6213803840166061,1.0,0.9986
AI Picks by Srini underdog - March 10 2026.csv,79,344,Jalen Green,FTM,UNDER,66.30%,STRONG BET,B,✅ HIT,66.27,0.6335062605608627,0.6027576626325604,0.5145057766367137,0.5557229965156795,0.5899154143056583,0.48343495934959346,1.0,0.9873
AI Picks by Srini underdog - March 12 2026.csv,79,345,Jalen Green,TOV,UNDER,63.7%,BET WITH CAUTION,A,❌ MISS,65.27,0.6447500442762997,0.6024208621089235,0.59583830803343,0.6088002636783125,0.5894404591104735,0.48343495934959346,1.0,0.9374
AI Picks by Srini underdog - March 12 2026.csv,94,346,Jalen Johnson,TOV,UNDER,63.3%,BET WITH CAUTION,A,✅ HIT,64.12,0.6580791566041577,0.6022927361925596,0.59583830803343,0.6088002636783125,0.5894404591104735,0.6164260826281732,1.0,0.9652000000000001
AI Picks by Srini underdog - March 15 2026.csv,31,347,Jerami Grant,AST,OVER,67.8%,STRONG BET,C,❌ MISS,66.09,0.6348042566697237,0.6022252133143593,0.4745136763108522,0.4925952315702933,0.5899154143056583,0.6001524390243902,1.0,0.9893
AI Picks by Srini underdog - March 15 2026.csv,41,348,Cooper Flagg,3PM,OVER,67.0%,BET,S,✅ HIT,65.08,0.6466812798394331,0.6022235658366127,0.5747041267881033,0.5869918699186992,0.5910811794685111,0.4270168855534709,1.0,0.9974
AI Picks by Srini underdog - March 13 2026.csv,63,349,Alperen Sengun,SB,UNDER,63.2%,BET WITH CAUTION,A,NO GAME,65.16,0.6457004059639533,0.6021976186126445,0.6069806560134566,0.6088002636783125,0.5894404591104735,0.4607538802660754,1.0,0.9912
AI Picks by Srini underdog - March 12 2026.csv,77,350,Jaime Jaquez Jr.,PTS,UNDER,70.8%,STRONG BET,D,✅ HIT,65.57,0.6405592856632676,0.6019904469920538,0.4830232333943893,0.4584602067315036,0.5899154143056583,0.5787456445993031,1.0,0.9911
AI Picks by Srini underdog - March 12 2026.csv,70,351,VJ Edgecombe,RA,UNDER,65.3%,BET WITH CAUTION,C,✅ HIT,66.22,0.6327013037876152,0.601852177733016,0.5152613240418118,0.4925952315702933,0.5894404591104735,0.5840975609756097,1.0,0.9875
AI Picks by Srini underdog - March 15 2026.csv,43,352,Jerami Grant,3PM,UNDER,62.6%,BET WITH CAUTION,S,❌ MISS,64.92,0.6478029487435604,0.6017294090341081,0.5747041267881033,0.5869918699186992,0.5894404591104735,0.6001524390243902,1.0,0.9767
AI Picks by Srini underdog - March 12 2026.csv,78,353,Bam Adebayo,REB,UNDER,66.2%,STRONG BET,B,✅ HIT,65.3,0.6428350285922397,0.6014054597124446,0.5620746167935988,0.5557229965156795,0.5899154143056583,0.48343495934959346,1.0,0.9904
AI Picks by Srini underdog - March 10 2026.csv,81,354,RJ Barrett,FTM,UNDER,67.60%,STRONG BET,B,✅ HIT,65.99,0.6342278121662093,0.6010859983932078,0.5145057766367137,0.5557229965156795,0.5899154143056583,0.4441504754030591,1.0,0.9919
AI Picks by Srini underdog - March 15 2026.csv,40,355,Josh Hart,3PM,OVER,61.6%,BET WITH CAUTION,S,✅ HIT,65.1,0.6444396967110401,0.6009194420019307,0.5747041267881033,0.5869918699186992,0.5894404591104735,0.591869918699187,1.0,0.994
AI Picks by Srini underdog - March 10 2026.csv,109,356,Scottie Barnes,TOV,UNDER,64.60%,BET WITH CAUTION,A,❌ MISS,64.09,0.6557366984351489,0.6005407805845439,0.59583830803343,0.6088002636783125,0.5894404591104735,0.5424015009380863,1.0,0.978
AI Picks by Srini underdog - March 10 2026.csv,100,357,Scottie Barnes,STL,UNDER,62.60%,BET WITH CAUTION,A,✅ HIT,64.51,0.6507117730449009,0.6004855882551245,0.6067636810821889,0.6088002636783125,0.5894404591104735,0.5424015009380863,1.0,0.9698
AI Picks by Srini underdog - March 10 2026.csv,78,358,Deni Avdija,PRA,OVER,71.20%,STRONG BET,D,✅ HIT,66.37,0.6285265419753042,0.6002853715458145,0.4730352303523035,0.4584602067315036,0.5899154143056583,0.4724442138038401,1.0,0.9758
AI Picks by Srini underdog - March 11 2026.csv,19,359,Jalen Brunson,3PA,UNDER,63.00%,BET,B,✅ HIT,66.86,0.622702344103069,0.6002458202988104,0.5765635645183267,0.5557229965156795,0.5910811794685111,0.3700813008130081,1.0,0.9713
AI Picks by Srini underdog - March 10 2026.csv,76,360,LaMelo Ball,AST,UNDER,66.50%,STRONG BET,C,✅ HIT,66.51,0.6266937688648457,0.6001644054154305,0.4745136763108522,0.4925952315702933,0.5899154143056583,0.5640975609756097,1.0,0.9876
AI Picks by Srini underdog - March 13 2026.csv,31,361,Kevin Durant,FGA,UNDER,69.3%,DO NOT BET,D,❌ MISS,68.26,0.6052617171405263,0.599612776687297,0.4736390243902439,0.4584602067315036,0.49407702047654983,0.41234444997511194,1.0,0.9875
AI Picks by Srini underdog - March 10 2026.csv,83,362,Jerami Grant,AST,OVER,67.40%,STRONG BET,C,✅ HIT,65.83,0.6332842566697238,0.5992494457303049,0.4745136763108522,0.4925952315702933,0.5899154143056583,0.6001524390243902,1.0,0.9861
AI Picks by Srini underdog - March 15 2026.csv,47,363,Russell Westbrook,STL,UNDER,61.4%,BET WITH CAUTION,A,NO GAME,64.14,0.6531369075039377,0.59923317947619,0.6067636810821889,0.6088002636783125,0.5894404591104735,0.6045528455284552,1.0,0.9756
AI Picks by Srini underdog - March 13 2026.csv,44,364,OG Anunoby,3PA,UNDER,60.3%,BET WITH CAUTION,B,✅ HIT,67.16,0.6173970836763648,0.5990909790030539,0.5765635645183267,0.5557229965156795,0.5894404591104735,0.4040975609756097,1.0,0.9847
AI Picks by Srini underdog - March 13 2026.csv,73,365,Trey Murphy III,3PM,UNDER,64.3%,BET WITH CAUTION,S,✅ HIT,63.77,0.6566799932198875,0.5987074390142492,0.5747041267881033,0.5869918699186992,0.5894404591104735,0.6236728837876614,1.0,0.9916
AI Picks by Srini underdog - March 14 2026.csv,33,366,Jaylen Brown,PR,OVER,70.1%,STRONG BET,D,❌ MISS,67.57,0.61145235867583,0.5983614643275613,0.4622014406672564,0.4584602067315036,0.5899154143056583,0.3511199601791936,1.0,0.9951
AI Picks by Srini underdog - March 11 2026.csv,42,367,Brandon Miller,3PA,UNDER,66.80%,STRONG BET,B,✅ HIT,64.59,0.6463998673959132,0.5982944703783761,0.5765635645183267,0.5557229965156795,0.5899154143056583,0.47460545193687226,1.0,0.9806
AI Picks by Srini underdog - March 13 2026.csv,71,368,Deni Avdija,TOV,OVER,65.0%,BET,A,✅ HIT,64.27,0.6501478561646888,0.5982841798977054,0.59583830803343,0.6088002636783125,0.5910811794685111,0.4724442138038401,1.0,0.975
AI Picks by Srini underdog - March 9 2026.csv,8,369,Darius Garland,AST,OVER,66.60%,STRONG BET,C,✅ HIT,65.8,0.6320293250813833,0.5982043823997235,0.4745136763108522,0.4925952315702933,0.5899154143056583,0.6147531231409875,1.0,0.9862
AI Picks by Srini underdog - March 11 2026.csv,49,370,Rudy Gobert,SB,UNDER,64.00%,BET WITH CAUTION,A,✅ HIT,63.35,0.6601560133996259,0.5977558429568375,0.6069806560134566,0.6088002636783125,0.5894404591104735,0.586159954622802,1.0,0.9751
AI Picks by Srini underdog - March 10 2026.csv,101,371,Jayson Tatum,REB,OVER,65.50%,STRONG BET,B,❌ MISS,64.5,0.645733416126115,0.5971732036585269,0.5620746167935988,0.5557229965156795,0.5899154143056583,0.5334688346883468,1.0,0.9959
AI Picks by Srini underdog - March 15 2026.csv,36,372,Brandin Podziemski,PA,UNDER,74.2%,STRONG BET,D,❌ MISS,65.73,0.6310526020062204,0.5970343442051607,0.4054911368785819,0.4584602067315036,0.5899154143056583,0.5261930010604453,1.0,0.985
AI Picks by Srini underdog - March 15 2026.csv,34,373,Deni Avdija,FTM,UNDER,65.0%,STRONG BET,B,❌ MISS,66.0,0.6278721860062872,0.5970312939886452,0.5145057766367137,0.5557229965156795,0.5899154143056583,0.4724442138038401,1.0,0.985
AI Picks by Srini underdog - March 14 2026.csv,38,374,Paolo Banchero,PA,UNDER,70.5%,STRONG BET,D,❌ MISS,66.51,0.6217183615784322,0.5969303906792617,0.4054911368785819,0.4584602067315036,0.5899154143056583,0.5575505967825636,1.0,0.9872
AI Picks by Srini underdog - March 14 2026.csv,52,375,Aaron Gordon,REB,OVER,66.8%,STRONG BET,B,✅ HIT,64.62,0.643698371306436,0.5967678557183761,0.5620746167935988,0.5557229965156795,0.5899154143056583,0.4694183864915572,1.0,0.9949
AI Picks by Srini underdog - March 10 2026.csv,61,376,Alperen Sengun,PA,OVER,69.80%,STRONG BET,D,❌ MISS,67.56,0.6090136899267834,0.5966998770412943,0.4054911368785819,0.4584602067315036,0.5899154143056583,0.4607538802660754,1.0,0.9742999999999999
AI Picks by Srini underdog - March 10 2026.csv,105,377,Cade Cunningham,SB,UNDER,64.70%,BET WITH CAUTION,A,✅ HIT,64.19,0.64855454447967,0.5966369065073496,0.6069806560134566,0.6088002636783125,0.5894404591104735,0.45889526542324244,1.0,0.95
AI Picks by Srini underdog - March 11 2026.csv,32,378,Reed Sheppard,REB,OVER,64.50%,DO NOT BET,B,❌ MISS,65.67,0.6309628088666219,0.5965172630681014,0.5620746167935988,0.5557229965156795,0.49407702047654983,0.5334688346883468,1.0,0.9985
AI Picks by Srini underdog - March 14 2026.csv,50,379,Brandon Miller,REB,OVER,66.3%,STRONG BET,B,✅ HIT,64.68,0.6424070778509675,0.5963872305686417,0.5620746167935988,0.5557229965156795,0.5899154143056583,0.47460545193687226,1.0,0.9927
AI Picks by Srini underdog - March 9 2026.csv,15,380,Darius Garland,3PM,OVER,63.60%,BET WITH CAUTION,S,✅ HIT,63.67,0.6536280171552201,0.5959591285783483,0.5747041267881033,0.5869918699186992,0.5894404591104735,0.6147531231409875,1.0,0.996
AI Picks by Srini underdog - March 13 2026.csv,78,381,Ivica Zubac,PRA,OVER,78.0%,STRONG BET,D,✅ HIT,63.28,0.6576277800348479,0.5955773230740248,0.4730352303523035,0.4584602067315036,0.5899154143056583,0.5261065943992773,1.0,0.9881
AI Picks by Srini underdog - March 14 2026.csv,44,382,Derrick White,PR,OVER,66.7%,STRONG BET,D,✅ HIT,65.53,0.6310961350156343,0.5955335886735456,0.4622014406672564,0.4584602067315036,0.5899154143056583,0.6723577235772358,1.0,0.9767
AI Picks by Srini underdog - March 12 2026.csv,92,383,Bam Adebayo,3PM,UNDER,65.0%,BET,S,✅ HIT,64.46,0.6434730872190453,0.5953981794713846,0.5747041267881033,0.5869918699186992,0.5910811794685111,0.48343495934959346,1.0,0.9564
AI Picks by Srini underdog - March 12 2026.csv,80,384,Jaylen Wells,PR,UNDER,73.0%,STRONG BET,D,❌ MISS,65.2,0.6345748748530327,0.595271833788093,0.4622014406672564,0.4584602067315036,0.5899154143056583,0.4881951219512195,1.0,0.9862
AI Picks by Srini underdog - March 10 2026.csv,99,385,Jaylen Wells,REB,OVER,65.50%,STRONG BET,B,✅ HIT,64.62,0.6412810448524023,0.5951965935232542,0.5620746167935988,0.5557229965156795,0.5899154143056583,0.4881951219512195,1.0,0.9974
AI Picks by Srini underdog - March 12 2026.csv,113,386,Myles Turner,BLK,UNDER,62.6%,BET,S,✅ HIT,62.96,0.6607863552341765,0.5951839137732137,0.644579945799458,0.5869918699186992,0.5910811794685111,0.5819660014781965,1.0,0.9893
AI Picks by Srini underdog - March 9 2026.csv,5,387,OG Anunoby,PTS,UNDER,65.80%,STRONG BET,D,❌ MISS,67.57,0.6063994773008983,0.5950770914338557,0.4830232333943893,0.4584602067315036,0.5899154143056583,0.4040975609756097,1.0,0.9972
AI Picks by Srini underdog - March 11 2026.csv,40,388,Nikola Jokić,TOV,UNDER,62.80%,BET WITH CAUTION,A,❌ MISS,64.82,0.6386885447279709,0.5950405204301079,0.59583830803343,0.6088002636783125,0.5894404591104735,0.4297199638663053,1.0,0.9848
AI Picks by Srini underdog - March 10 2026.csv,117,389,Stephon Castle,3PM,OVER,65.30%,BET,S,✅ HIT,63.74,0.6509029504858598,0.5947230034389711,0.5747041267881033,0.5869918699186992,0.5910811794685111,0.5273835920177383,1.0,0.9967
AI Picks by Srini underdog - March 14 2026.csv,58,390,Derrick White,REB,OVER,64.6%,DO NOT BET,B,✅ HIT,64.22,0.6451566977555108,0.5946576639348062,0.5620746167935988,0.5557229965156795,0.49407702047654983,0.6723577235772358,1.0,0.9978
AI Picks by Srini underdog - March 12 2026.csv,121,391,Derrick White,3PA,OVER,66.1%,STRONG BET,B,NO GAME,62.59,0.6643250945599495,0.5946553481576579,0.5765635645183267,0.5557229965156795,0.5899154143056583,0.6723577235772358,1.0,0.9912
AI Picks by Srini underdog - March 12 2026.csv,111,392,Jalen Johnson,STL,UNDER,62.7%,BET WITH CAUTION,A,❌ MISS,63.07,0.6584142312139095,0.5944830117532939,0.6067636810821889,0.6088002636783125,0.5894404591104735,0.6164260826281732,1.0,0.969
AI Picks by Srini underdog - March 11 2026.csv,65,393,Mikal Bridges,STL,UNDER,64.00%,BET WITH CAUTION,A,✅ HIT,62.4,0.6661251421148553,0.5943727796799991,0.6067636810821889,0.6088002636783125,0.5894404591104735,0.6477351916376306,1.0,0.9722
AI Picks by Srini underdog - March 10 2026.csv,138,394,Derrick White,3PA,OVER,65.20%,STRONG BET,B,✅ HIT,62.82,0.6611500945599496,0.5943500079435522,0.5765635645183267,0.5557229965156795,0.5899154143056583,0.6723577235772358,1.0,0.9889
AI Picks by Srini underdog - March 13 2026.csv,45,395,Scottie Barnes,FGA,UNDER,67.0%,DO NOT BET,D,✅ HIT,67.12,0.6099524222368239,0.5939461386698055,0.4736390243902439,0.4584602067315036,0.49407702047654983,0.5424015009380863,1.0,0.9776
AI Picks by Srini underdog - March 15 2026.csv,42,396,OG Anunoby,3PM,UNDER,64.3%,BET WITH CAUTION,S,✅ HIT,64.99,0.6349574609386823,0.5939150101566444,0.5747041267881033,0.5869918699186992,0.5894404591104735,0.4040975609756097,1.0,0.9963
AI Picks by Srini underdog - March 14 2026.csv,54,397,Alex Sarr,PRA,OVER,72.8%,STRONG BET,D,❌ MISS,64.56,0.6397909207522765,0.5937692972618521,0.4730352303523035,0.4584602067315036,0.5899154143056583,0.5227380015735641,1.0,0.9917
AI Picks by Srini underdog - March 15 2026.csv,52,398,Giannis Antetokounmpo,TOV,UNDER,63.5%,BET WITH CAUTION,A,✅ HIT,63.83,0.6481662888706606,0.593632246783572,0.59583830803343,0.6088002636783125,0.5894404591104735,0.5149974052932018,1.0,0.9562
AI Picks by Srini underdog - March 13 2026.csv,54,399,Jalen Brunson,FTM,UNDER,66.7%,STRONG BET,B,❌ MISS,65.94,0.6228108947072042,0.593282739047921,0.5145057766367137,0.5557229965156795,0.5899154143056583,0.3700813008130081,1.0,0.9729
AI Picks by Srini underdog - March 10 2026.csv,112,400,Brandon Ingram,TOV,UNDER,61.00%,BET WITH CAUTION,A,❌ MISS,63.96,0.6459165076909339,0.5931637728087769,0.59583830803343,0.6088002636783125,0.5894404591104735,0.5593495934959349,1.0,0.9925
AI Picks by Srini underdog - March 12 2026.csv,82,401,Jaylen Wells,PRA,UNDER,71.9%,STRONG BET,D,❌ MISS,65.0,0.6335716327900421,0.593090674459415,0.4730352303523035,0.4584602067315036,0.5899154143056583,0.4881951219512195,1.0,0.9976
AI Picks by Srini underdog - March 10 2026.csv,129,402,Quentin Grimes,PRA,UNDER,74.10%,STRONG BET,D,✅ HIT,63.23,0.6543201589965808,0.5930451064022175,0.4730352303523035,0.4584602067315036,0.5899154143056583,0.6213803840166061,1.0,0.9966
AI Picks by Srini underdog - March 10 2026.csv,140,403,Anthony Edwards,SB,UNDER,62.60%,BET WITH CAUTION,A,✅ HIT,62.77,0.6592866513445889,0.5927565068566342,0.6069806560134566,0.6088002636783125,0.5894404591104735,0.6243163340724316,1.0,0.9766
AI Picks by Srini underdog - March 10 2026.csv,111,404,Klay Thompson,REB,OVER,65.80%,STRONG BET,B,❌ MISS,64.02,0.6445538497304512,0.5927367607307833,0.5620746167935988,0.5557229965156795,0.5899154143056583,0.5170731707317073,1.0,0.9847
AI Picks by Srini underdog - March 10 2026.csv,93,405,Cade Cunningham,FTM,UNDER,66.70%,STRONG BET,B,✅ HIT,65.01,0.6328822911682276,0.5927190550046223,0.5145057766367137,0.5557229965156795,0.5899154143056583,0.45889526542324244,1.0,0.9967
AI Picks by Srini underdog - March 10 2026.csv,132,406,Jalen Johnson,STL,UNDER,61.40%,BET WITH CAUTION,A,✅ HIT,63.17,0.6542042312139095,0.592511037747161,0.6067636810821889,0.6088002636783125,0.5894404591104735,0.6164260826281732,1.0,0.9732
AI Picks by Srini underdog - March 13 2026.csv,89,407,Anthony Edwards,TOV,UNDER,62.6%,BET WITH CAUTION,A,✅ HIT,62.95,0.6562781817485835,0.5921771484081915,0.59583830803343,0.6088002636783125,0.5894404591104735,0.6243163340724316,1.0,0.961
AI Picks by Srini underdog - March 14 2026.csv,56,408,Austin Reaves,RA,OVER,68.1%,BET,C,✅ HIT,64.36,0.6395434938112754,0.5920794177624672,0.5152613240418118,0.4925952315702933,0.5910811794685111,0.5575505967825636,1.0,0.9831
AI Picks by Srini underdog - March 14 2026.csv,69,409,Myles Turner,BLK,UNDER,61.9%,BET WITH CAUTION,S,✅ HIT,62.8,0.657529468791212,0.5918436959950993,0.644579945799458,0.5869918699186992,0.5894404591104735,0.5819660014781965,1.0,0.9757
AI Picks by Srini underdog - March 13 2026.csv,66,410,Josh Giddey,3PM,UNDER,63.4%,BET WITH CAUTION,S,❌ MISS,64.81,0.6336924609386826,0.5917166133676838,0.5747041267881033,0.5869918699186992,0.5894404591104735,0.42409756097560974,1.0,0.9922
AI Picks by Srini underdog - March 10 2026.csv,90,411,VJ Edgecombe,PTS,UNDER,67.40%,STRONG BET,D,❌ MISS,65.2,0.6289794773008984,0.5916348253792059,0.4830232333943893,0.4584602067315036,0.5899154143056583,0.5840975609756097,1.0,0.98
AI Picks by Srini underdog - March 14 2026.csv,49,412,Alex Sarr,PTS,OVER,70.7%,STRONG BET,D,❌ MISS,64.74,0.6342785213606938,0.5915623844462841,0.4830232333943893,0.4584602067315036,0.5899154143056583,0.5227380015735641,1.0,0.9843
AI Picks by Srini underdog - March 10 2026.csv,104,413,Quentin Grimes,RA,UNDER,66.00%,BET WITH CAUTION,C,✅ HIT,64.3,0.638939586091715,0.5912281621484327,0.5152613240418118,0.4925952315702933,0.5894404591104735,0.6213803840166061,1.0,0.9901
AI Picks by Srini underdog - March 10 2026.csv,80,414,LeBron James,PA,OVER,71.60%,STRONG BET,D,NO GAME,66.06,0.617974629813455,0.5910565980596245,0.4054911368785819,0.4584602067315036,0.5899154143056583,0.4779132791327913,1.0,0.9968
AI Picks by Srini underdog - March 13 2026.csv,72,415,Jaylen Wells,REB,OVER,65.1%,STRONG BET,B,NO GAME,64.18,0.6398810448524024,0.590922679150239,0.5620746167935988,0.5557229965156795,0.5899154143056583,0.4881951219512195,1.0,0.9966
AI Picks by Srini underdog - March 12 2026.csv,104,416,Trae Young,PRA,OVER,75.4%,STRONG BET,D,✅ HIT,63.51,0.6471951130902297,0.5905544993459172,0.4730352303523035,0.4584602067315036,0.5899154143056583,0.5078799249530956,1.0,0.9927
AI Picks by Srini underdog - March 12 2026.csv,99,417,Quentin Grimes,FTM,UNDER,64.8%,BET,B,✅ HIT,63.88,0.6428106948471063,0.5905333736651952,0.5145057766367137,0.5557229965156795,0.5910811794685111,0.6213803840166061,1.0,0.9967
AI Picks by Srini underdog - March 9 2026.csv,16,418,Kawhi Leonard,3PM,UNDER,61.40%,BET WITH CAUTION,S,✅ HIT,63.41,0.6475798249161684,0.5900400360389102,0.5747041267881033,0.5869918699186992,0.5894404591104735,0.633921200750469,1.0,0.9863
AI Picks by Srini underdog - March 10 2026.csv,98,419,Tyler Herro,PRA,UNDER,68.50%,STRONG BET,D,NO GAME,64.66,0.6321241124648389,0.5895503978688847,0.4730352303523035,0.4584602067315036,0.5899154143056583,0.591869918699187,1.0,0.9925
AI Picks by Srini underdog - March 13 2026.csv,43,420,Kevin Durant,PA,UNDER,69.1%,STRONG BET,D,❌ MISS,67.19,0.6018577468976871,0.5892197678950735,0.4054911368785819,0.4584602067315036,0.5899154143056583,0.41234444997511194,1.0,0.9756
AI Picks by Srini underdog - March 10 2026.csv,91,421,LeBron James,PTS,OVER,69.20%,STRONG BET,D,NO GAME,65.2,0.6250210491166165,0.5890618470594225,0.4830232333943893,0.4584602067315036,0.5899154143056583,0.4779132791327913,1.0,0.9908
AI Picks by Srini underdog - March 11 2026.csv,39,422,RJ Barrett,FTM,UNDER,65.60%,STRONG BET,B,❌ MISS,64.97,0.6275878121662093,0.5889718332557634,0.5145057766367137,0.5557229965156795,0.5899154143056583,0.4441504754030591,1.0,0.9951
AI Picks by Srini underdog - March 15 2026.csv,61,423,Chet Holmgren,SB,UNDER,62.0%,BET WITH CAUTION,A,❌ MISS,63.05,0.6501413150548622,0.5889527110511397,0.6069806560134566,0.6088002636783125,0.5894404591104735,0.5516629711751663,1.0,0.9798
AI Picks by Srini underdog - March 10 2026.csv,106,424,Alperen Sengun,3PM,UNDER,63.70%,BET WITH CAUTION,S,✅ HIT,64.14,0.6372930928677291,0.5889346999626546,0.5747041267881033,0.5869918699186992,0.5894404591104735,0.4607538802660754,1.0,0.9705
AI Picks by Srini underdog - March 14 2026.csv,60,425,Trae Young,PRA,OVER,72.8%,STRONG BET,D,✅ HIT,63.97,0.6383251130902298,0.5883058189177058,0.4730352303523035,0.4584602067315036,0.5899154143056583,0.5078799249530956,1.0,0.9921
AI Picks by Srini underdog - March 10 2026.csv,113,426,Bam Adebayo,3PA,UNDER,64.00%,BET,B,❌ MISS,63.92,0.6386727099567276,0.588149493883996,0.5765635645183267,0.5557229965156795,0.5910811794685111,0.48343495934959346,1.0,0.996
AI Picks by Srini underdog - March 11 2026.csv,57,427,Scottie Barnes,STL,UNDER,62.60%,BET WITH CAUTION,A,❌ MISS,62.81,0.6517117730449009,0.5881386463593838,0.6067636810821889,0.6088002636783125,0.5894404591104735,0.5424015009380863,1.0,0.9898
AI Picks by Srini underdog - March 12 2026.csv,100,428,Alex Sarr,RA,OVER,69.1%,BET,C,❌ MISS,63.82,0.6395072342903753,0.5879274087069999,0.5152613240418118,0.4925952315702933,0.5910811794685111,0.5227380015735641,1.0,0.984
AI Picks by Srini underdog - March 15 2026.csv,53,429,Cade Cunningham,3PM,OVER,64.6%,BET WITH CAUTION,S,✅ HIT,63.67,0.6409322313834458,0.587706867826695,0.5747041267881033,0.5869918699186992,0.5894404591104735,0.45889526542324244,1.0,0.9858
AI Picks by Srini underdog - March 15 2026.csv,48,430,Anthony Edwards,REB,UNDER,63.2%,DO NOT BET,B,❌ MISS,64.1,0.6353275588050304,0.5873512924243535,0.5620746167935988,0.5557229965156795,0.49407702047654983,0.6243163340724316,1.0,0.9925
AI Picks by Srini underdog - March 13 2026.csv,94,431,Reed Sheppard,STL,UNDER,64.0%,BET WITH CAUTION,A,✅ HIT,62.5,0.6539585064199268,0.5872289924721626,0.6067636810821889,0.6088002636783125,0.5894404591104735,0.5334688346883468,1.0,0.9574
AI Picks by Srini underdog - March 9 2026.csv,12,432,Darius Garland,PA,OVER,69.30%,STRONG BET,D,✅ HIT,65.12,0.6230386142142745,0.5871616435778065,0.4054911368785819,0.4584602067315036,0.5899154143056583,0.6147531231409875,1.0,0.9808
AI Picks by Srini underdog - March 10 2026.csv,63,433,Reed Sheppard,PTS,OVER,62.20%,DO NOT BET,D,❌ MISS,67.45,0.595505997412679,0.5870788983138726,0.4830232333943893,0.4584602067315036,0.49407702047654983,0.5334688346883468,1.0,0.9954
AI Picks by Srini underdog - March 13 2026.csv,88,434,Amen Thompson,STL,UNDER,63.9%,BET WITH CAUTION,A,✅ HIT,62.95,0.648294183926702,0.5869875498239685,0.6067636810821889,0.6088002636783125,0.5894404591104735,0.4609756097560975,1.0,0.9959
AI Picks by Srini underdog - March 15 2026.csv,63,435,Kyle Kuzma,3PA,UNDER,66.0%,STRONG BET,B,❌ MISS,62.86,0.6490681223595823,0.5868025364108603,0.5765635645183267,0.5557229965156795,0.5899154143056583,0.5227380015735641,1.0,0.9921
AI Picks by Srini underdog - March 12 2026.csv,118,436,Jayson Tatum,3PA,OVER,66.4%,STRONG BET,B,NO GAME,62.7,0.6508862056710606,0.5867610489731339,0.5765635645183267,0.5557229965156795,0.5899154143056583,0.5334688346883468,1.0,0.9798
AI Picks by Srini underdog - March 10 2026.csv,107,437,Derrick White,AST,OVER,65.50%,STRONG BET,C,✅ HIT,64.13,0.6339797851250082,0.5867045973304992,0.4745136763108522,0.4925952315702933,0.5899154143056583,0.6723577235772358,1.0,0.9848
AI Picks by Srini underdog - March 15 2026.csv,46,438,Karl-Anthony Towns,3PM,UNDER,61.5%,BET WITH CAUTION,S,✅ HIT,64.16,0.6335363747220062,0.586645738366708,0.5747041267881033,0.5869918699186992,0.5894404591104735,0.49313669880884853,1.0,0.9802
AI Picks by Srini underdog - March 12 2026.csv,91,439,Devin Booker,3PM,UNDER,64.8%,BET WITH CAUTION,S,❌ MISS,64.63,0.6277395341094143,0.5864710641396986,0.5747041267881033,0.5869918699186992,0.5894404591104735,0.31676829268292683,1.0,0.9926
AI Picks by Srini underdog - March 11 2026.csv,26,440,Jalen Suggs,PA,UNDER,67.20%,STRONG BET,D,✅ HIT,66.4,0.6063730424294962,0.5861149546391995,0.4054911368785819,0.4584602067315036,0.5899154143056583,0.5149974052932018,1.0,0.9898
AI Picks by Srini underdog - March 12 2026.csv,73,441,Devin Booker,FGA,UNDER,70.4%,STRONG BET,D,❌ MISS,66.0,0.6109147086708009,0.586008933720579,0.4736390243902439,0.4584602067315036,0.5899154143056583,0.31676829268292683,1.0,0.9869
AI Picks by Srini underdog - March 11 2026.csv,34,442,Anthony Edwards,FGA,UNDER,66.10%,DO NOT BET,D,✅ HIT,65.6,0.6156189055502583,0.586008557716758,0.4736390243902439,0.4584602067315036,0.49407702047654983,0.6243163340724316,1.0,0.9883
AI Picks by Srini underdog - March 15 2026.csv,56,443,Jrue Holiday,TOV,OVER,62.5%,BET WITH CAUTION,A,❌ MISS,63.31,0.6423184995608525,0.5858556485640879,0.59583830803343,0.6088002636783125,0.5894404591104735,0.4712195121951219,1.0,0.9948
AI Picks by Srini underdog - March 14 2026.csv,53,444,Brandon Miller,RA,OVER,66.8%,BET WITH CAUTION,C,✅ HIT,64.58,0.6269720928837416,0.5855899643460778,0.5152613240418118,0.4925952315702933,0.5894404591104735,0.47460545193687226,1.0,0.9899
AI Picks by Srini underdog - March 13 2026.csv,84,445,Dejounte Murray,3PM,UNDER,62.8%,BET WITH CAUTION,S,❌ MISS,63.06,0.6444630300443736,0.5853382783937088,0.5747041267881033,0.5869918699186992,0.5894404591104735,0.5502032520325203,1.0,0.9962
AI Picks by Srini underdog - March 15 2026.csv,37,446,Jalen Brunson,FTM,UNDER,63.7%,BET,B,❌ MISS,65.64,0.6139907865267464,0.5852560907490222,0.5145057766367137,0.5557229965156795,0.5910811794685111,0.3700813008130081,1.0,0.9977
AI Picks by Srini underdog - March 15 2026.csv,35,447,Giannis Antetokounmpo,FGA,UNDER,68.5%,DO NOT BET,D,❌ MISS,65.73,0.6127820126723353,0.5851584611381353,0.4736390243902439,0.4584602067315036,0.49407702047654983,0.5149974052932018,1.0,0.987
AI Picks by Srini underdog - March 11 2026.csv,61,448,Jalen Suggs,3PM,UNDER,65.30%,BET,S,✅ HIT,62.56,0.6497893318134063,0.5849777445742446,0.5747041267881033,0.5869918699186992,0.5910811794685111,0.5149974052932018,1.0,0.9992
AI Picks by Srini underdog - March 11 2026.csv,43,449,OG Anunoby,SB,UNDER,62.30%,BET WITH CAUTION,A,❌ MISS,63.71,0.6356847740349068,0.5846018309476915,0.6069806560134566,0.6088002636783125,0.5894404591104735,0.4040975609756097,1.0,0.9654
AI Picks by Srini underdog - March 12 2026.csv,97,450,Tyler Herro,FTM,UNDER,62.4%,BET WITH CAUTION,B,NO GAME,64.04,0.6313527618723997,0.5843089588218233,0.5145057766367137,0.5557229965156795,0.5894404591104735,0.591869918699187,1.0,0.9937
AI Picks by Srini underdog - March 12 2026.csv,83,451,Giannis Antetokounmpo,AST,OVER,66.0%,STRONG BET,C,❌ MISS,64.98,0.6200637532966048,0.5841576475899073,0.4745136763108522,0.4925952315702933,0.5899154143056583,0.5149974052932018,1.0,0.9872
AI Picks by Srini underdog - March 12 2026.csv,108,452,Dyson Daniels,SB,UNDER,60.5%,BET WITH CAUTION,A,NO GAME,63.17,0.6411594081812482,0.5840319027759311,0.6069806560134566,0.6088002636783125,0.5894404591104735,0.5102439024390244,1.0,0.985
AI Picks by Srini underdog - March 12 2026.csv,64,453,Josh Giddey,FGA,UNDER,67.2%,DO NOT BET,D,❌ MISS,66.6,0.5993870282405762,0.5831030974041356,0.4736390243902439,0.4584602067315036,0.49407702047654983,0.42409756097560974,1.0,0.9893
AI Picks by Srini underdog - March 10 2026.csv,86,454,Anthony Edwards,FGA,UNDER,65.30%,DO NOT BET,D,✅ HIT,65.5,0.6120439055502584,0.582920281722891,0.4736390243902439,0.4584602067315036,0.49407702047654983,0.6243163340724316,1.0,0.9712
AI Picks by Srini underdog - March 10 2026.csv,135,455,LeBron James,TOV,OVER,62.30%,BET WITH CAUTION,A,NO GAME,62.9,0.6419778762546196,0.5824996868401813,0.59583830803343,0.6088002636783125,0.5894404591104735,0.4779132791327913,1.0,0.9882
AI Picks by Srini underdog - March 11 2026.csv,59,456,Jamal Murray,TOV,UNDER,61.70%,BET WITH CAUTION,A,✅ HIT,62.64,0.6448817109429664,0.5823994118035524,0.59583830803343,0.6088002636783125,0.5894404591104735,0.5251016260162601,1.0,0.9927
AI Picks by Srini underdog - March 9 2026.csv,14,457,OG Anunoby,STL,UNDER,60.90%,BET WITH CAUTION,A,❌ MISS,63.72,0.6320113790486531,0.5822905768060134,0.6067636810821889,0.6088002636783125,0.5894404591104735,0.4040975609756097,1.0,0.988
AI Picks by Srini underdog - March 15 2026.csv,54,458,RJ Barrett,3PA,UNDER,63.5%,BET,B,✅ HIT,63.6,0.6328992615620741,0.5819502692470965,0.5765635645183267,0.5557229965156795,0.5910811794685111,0.4441504754030591,1.0,0.9931
AI Picks by Srini underdog - March 10 2026.csv,103,459,Bam Adebayo,RA,UNDER,65.80%,BET WITH CAUTION,C,✅ HIT,64.36,0.6238150436250137,0.5818559251413971,0.5152613240418118,0.4925952315702933,0.5894404591104735,0.48343495934959346,1.0,0.9771
AI Picks by Srini underdog - March 11 2026.csv,41,460,Jalen Suggs,PRA,UNDER,66.80%,STRONG BET,D,✅ HIT,64.79,0.6187018611242404,0.581819818289523,0.4730352303523035,0.4584602067315036,0.5899154143056583,0.5149974052932018,1.0,0.9934
AI Picks by Srini underdog - March 14 2026.csv,71,461,Alex Sarr,REB,OVER,65.0%,STRONG BET,B,❌ MISS,62.68,0.6431153328146367,0.581557076417685,0.5620746167935988,0.5557229965156795,0.5899154143056583,0.5227380015735641,1.0,0.999
AI Picks by Srini underdog - March 11 2026.csv,46,462,Donovan Mitchell,3PA,UNDER,61.90%,BET WITH CAUTION,B,❌ MISS,63.49,0.6334944413999418,0.5814961575484566,0.5765635645183267,0.5557229965156795,0.5894404591104735,0.5138211382113821,1.0,0.9784
AI Picks by Srini underdog - March 13 2026.csv,80,463,Anthony Edwards,FTM,UNDER,63.2%,BET,B,❌ MISS,63.16,0.6371642898526887,0.5813586232629807,0.5145057766367137,0.5557229965156795,0.5910811794685111,0.6243163340724316,1.0,0.9867
AI Picks by Srini underdog - March 15 2026.csv,65,464,Cade Cunningham,STL,UNDER,62.2%,BET WITH CAUTION,A,❌ MISS,62.79,0.6410761494934163,0.5810725858521454,0.6067636810821889,0.6088002636783125,0.5894404591104735,0.45889526542324244,1.0,0.9713
AI Picks by Srini underdog - March 11 2026.csv,52,465,Aaron Gordon,3PA,UNDER,64.20%,BET,B,✅ HIT,63.08,0.6375860526709239,0.5810211482997399,0.5765635645183267,0.5557229965156795,0.5910811794685111,0.4694183864915572,1.0,0.9887
AI Picks by Srini underdog - March 15 2026.csv,64,466,Cade Cunningham,TOV,OVER,62.3%,BET WITH CAUTION,A,✅ HIT,62.79,0.6403460748836645,0.5805980373558067,0.59583830803343,0.6088002636783125,0.5894404591104735,0.45889526542324244,1.0,0.9936
AI Picks by Srini underdog - March 11 2026.csv,44,467,Kevin Durant,3PM,UNDER,62.90%,BET WITH CAUTION,S,✅ HIT,63.56,0.6311671498386326,0.5805185862293127,0.5747041267881033,0.5869918699186992,0.5894404591104735,0.41234444997511194,1.0,0.9992
AI Picks by Srini underdog - March 11 2026.csv,58,468,Reed Sheppard,3PM,OVER,62.40%,BET WITH CAUTION,S,❌ MISS,62.73,0.6407645883099562,0.5804113554865761,0.5747041267881033,0.5869918699186992,0.5894404591104735,0.5334688346883468,1.0,0.9829
AI Picks by Srini underdog - March 12 2026.csv,116,469,Stephon Castle,3PM,UNDER,62.4%,BET WITH CAUTION,S,❌ MISS,62.73,0.6407410640428954,0.5803960647129867,0.5747041267881033,0.5869918699186992,0.5894404591104735,0.5273835920177383,1.0,0.9946
AI Picks by Srini underdog - March 12 2026.csv,98,470,Kevin Porter Jr.,TOV,OVER,61.2%,BET WITH CAUTION,A,✅ HIT,63.89,0.6270017651435085,0.5803340219572434,0.59583830803343,0.6088002636783125,0.5894404591104735,0.3668021680216802,1.0,0.9857
AI Picks by Srini underdog - March 12 2026.csv,95,471,Jalen Green,FTM,UNDER,63.2%,BET,B,❌ MISS,64.12,0.623681152380405,0.5799340334471204,0.5145057766367137,0.5557229965156795,0.5910811794685111,0.48343495934959346,1.0,0.9988
AI Picks by Srini underdog - March 15 2026.csv,45,472,Evan Mobley,REB,UNDER,64.5%,DO NOT BET,B,❌ MISS,64.17,0.6228331205197386,0.5797650757346208,0.5620746167935988,0.5557229965156795,0.49407702047654983,0.45512195121951216,1.0,0.9926
AI Picks by Srini underdog - March 11 2026.csv,25,473,Reed Sheppard,PRA,OVER,63.50%,DO NOT BET,D,❌ MISS,66.41,0.5963783968042619,0.5796948875821837,0.4730352303523035,0.4584602067315036,0.49407702047654983,0.5334688346883468,1.0,0.9644
AI Picks by Srini underdog - March 13 2026.csv,83,474,Mikal Bridges,REB,UNDER,62.4%,DO NOT BET,B,✅ HIT,63.12,0.6348844445615505,0.579570913426194,0.5620746167935988,0.5557229965156795,0.49407702047654983,0.6477351916376306,1.0,0.9912
AI Picks by Srini underdog - March 13 2026.csv,82,475,Kawhi Leonard,REB,UNDER,62.7%,DO NOT BET,B,✅ HIT,63.13,0.634563045472834,0.5794384566179152,0.5620746167935988,0.5557229965156795,0.49407702047654983,0.633921200750469,1.0,0.992
AI Picks by Srini underdog - March 10 2026.csv,119,476,Brandon Miller,FTM,UNDER,64.90%,BET,B,❌ MISS,63.63,0.6283432016391329,0.5792181880953449,0.5145057766367137,0.5557229965156795,0.5910811794685111,0.47460545193687226,1.0,0.9941
AI Picks by Srini underdog - March 15 2026.csv,73,477,Myles Turner,3PA,OVER,63.5%,BET,B,✅ HIT,62.08,0.6459958141695878,0.5788422333352006,0.5765635645183267,0.5557229965156795,0.5910811794685111,0.5819660014781965,1.0,0.9794
AI Picks by Srini underdog - March 11 2026.csv,48,478,Nikola Jokić,3PA,UNDER,63.50%,BET,B,✅ HIT,63.39,0.6305612104083987,0.5788250314100866,0.5765635645183267,0.5557229965156795,0.5910811794685111,0.4297199638663053,1.0,0.9752
AI Picks by Srini underdog - March 12 2026.csv,96,479,Alex Sarr,AST,OVER,66.2%,STRONG BET,C,❌ MISS,64.1,0.6216478129246412,0.5784594576021005,0.4745136763108522,0.4925952315702933,0.5899154143056583,0.5227380015735641,1.0,0.9898
AI Picks by Srini underdog - March 10 2026.csv,118,480,Collin Sexton,REB,UNDER,63.50%,DO NOT BET,B,NO GAME,63.69,0.625643242470958,0.5779219302323514,0.5620746167935988,0.5557229965156795,0.49407702047654983,0.5170731707317073,1.0,0.9929
AI Picks by Srini underdog - March 13 2026.csv,64,481,Devin Booker,FTM,UNDER,64.5%,BET,B,❌ MISS,64.93,0.6104594857137383,0.5775326106641105,0.5145057766367137,0.5557229965156795,0.5910811794685111,0.31676829268292683,1.0,0.9793
AI Picks by Srini underdog - March 12 2026.csv,85,482,Tyler Herro,FGA,UNDER,65.4%,DO NOT BET,D,NO GAME,64.96,0.6100942640129339,0.5775245743567476,0.4736390243902439,0.4584602067315036,0.49407702047654983,0.591869918699187,1.0,0.9903
AI Picks by Srini underdog - March 11 2026.csv,37,483,OG Anunoby,AST,UNDER,65.80%,STRONG BET,C,✅ HIT,65.11,0.6083187688648457,0.577517291501291,0.4745136763108522,0.4925952315702933,0.5899154143056583,0.4040975609756097,1.0,0.9877
AI Picks by Srini underdog - March 13 2026.csv,47,484,Reed Sheppard,PRA,OVER,60.5%,DO NOT BET,D,✅ HIT,66.82,0.5874133968042619,0.5770021941570388,0.4730352303523035,0.4584602067315036,0.49407702047654983,0.5334688346883468,1.0,0.9891
AI Picks by Srini underdog - March 11 2026.csv,83,485,Russell Westbrook,TOV,OVER,62.60%,BET WITH CAUTION,A,❌ MISS,61.08,0.6542118328941859,0.5765373855675184,0.59583830803343,0.6088002636783125,0.5894404591104735,0.6045528455284552,1.0,0.9592
AI Picks by Srini underdog - March 9 2026.csv,17,486,Karl-Anthony Towns,3PM,UNDER,60.90%,BET WITH CAUTION,S,❌ MISS,62.94,0.6322113747220064,0.5764572712415296,0.5747041267881033,0.5869918699186992,0.5894404591104735,0.49313669880884853,1.0,0.9945
AI Picks by Srini underdog - March 15 2026.csv,66,487,Donovan Mitchell,3PA,UNDER,62.5%,BET,B,❌ MISS,62.61,0.6360863278429063,0.5764530549903532,0.5765635645183267,0.5557229965156795,0.5910811794685111,0.5138211382113821,1.0,0.9855
AI Picks by Srini underdog - March 10 2026.csv,123,488,Victor Wembanyama,3PA,UNDER,64.60%,BET,B,❌ MISS,63.47,0.6258603522331504,0.5763810943912688,0.5765635645183267,0.5557229965156795,0.5910811794685111,0.3382113821138211,1.0,0.9894
AI Picks by Srini underdog - March 13 2026.csv,65,489,Dejounte Murray,FGA,UNDER,66.6%,DO NOT BET,D,❌ MISS,64.83,0.6097475973462674,0.5763053572313872,0.4736390243902439,0.4584602067315036,0.49407702047654983,0.5502032520325203,1.0,0.9851
AI Picks by Srini underdog - March 11 2026.csv,53,490,Russell Westbrook,AST,OVER,66.30%,STRONG BET,C,✅ HIT,63.06,0.6301642973201302,0.5760441021229507,0.4745136763108522,0.4925952315702933,0.5899154143056583,0.6045528455284552,1.0,0.9897
AI Picks by Srini underdog - March 12 2026.csv,103,491,Luka Dončić,3PA,UNDER,63.1%,BET,B,❌ MISS,63.52,0.6246997487309616,0.5760089651117797,0.5765635645183267,0.5557229965156795,0.5910811794685111,0.3885553470919324,1.0,0.9675
AI Picks by Srini underdog - March 9 2026.csv,20,492,Kawhi Leonard,STL,UNDER,58.40%,DO NOT BET,A,❌ MISS,62.59,0.6355601303900681,0.5759581214472349,0.6067636810821889,0.6088002636783125,0.49407702047654983,0.633921200750469,1.0,0.9982
AI Picks by Srini underdog - March 12 2026.csv,55,493,Shai Gilgeous-Alexander,PTS,UNDER,61.2%,DO NOT BET,D,❌ MISS,67.2,0.5811535298616877,0.5758384794210606,0.4830232333943893,0.4584602067315036,0.49407702047654983,0.42644415917843387,1.0,0.9904
AI Picks by Srini underdog - March 10 2026.csv,155,494,Scottie Barnes,3PM,OVER,63.00%,BET WITH CAUTION,S,✅ HIT,61.82,0.6443628549349302,0.5757930422486187,0.5747041267881033,0.5869918699186992,0.5894404591104735,0.5424015009380863,1.0,0.9962
AI Picks by Srini underdog - March 10 2026.csv,115,495,LaMelo Ball,PRA,UNDER,65.70%,STRONG BET,D,✅ HIT,63.88,0.6199368766924812,0.575665391864689,0.4730352303523035,0.4584602067315036,0.5899154143056583,0.5640975609756097,1.0,0.9947
AI Picks by Srini underdog - March 11 2026.csv,72,496,Kawhi Leonard,3PM,UNDER,60.60%,BET WITH CAUTION,S,❌ MISS,61.71,0.6454048249161684,0.5756293441431697,0.5747041267881033,0.5869918699186992,0.5894404591104735,0.633921200750469,1.0,0.9972
AI Picks by Srini underdog - March 10 2026.csv,160,497,Derrick White,FTM,UNDER,64.40%,BET,B,❌ MISS,61.7,0.6453984288031692,0.5755487340703336,0.5145057766367137,0.5557229965156795,0.5910811794685111,0.6723577235772358,1.0,0.9737
AI Picks by Srini underdog - March 11 2026.csv,79,498,Evan Mobley,3PM,OVER,67.60%,BET,S,❌ MISS,61.17,0.6511917864060371,0.5752624287447021,0.5747041267881033,0.5869918699186992,0.5910811794685111,0.45512195121951216,1.0,0.9906
AI Picks by Srini underdog - March 12 2026.csv,124,499,Paolo Banchero,3PA,UNDER,62.2%,BET WITH CAUTION,B,✅ HIT,62.15,0.6394623872570601,0.5751306740377644,0.5765635645183267,0.5557229965156795,0.5894404591104735,0.5575505967825636,1.0,0.9899
AI Picks by Srini underdog - March 14 2026.csv,59,500,Tyler Herro,RA,UNDER,63.8%,DO NOT BET,C,❌ MISS,64.04,0.6171199269239023,0.5750576161053,0.5152613240418118,0.4925952315702933,0.49407702047654983,0.591869918699187,1.0,0.9912
AI Picks by Srini underdog - March 10 2026.csv,97,501,Alperen Sengun,PRA,OVER,65.60%,STRONG BET,D,❌ MISS,64.7,0.6089725086215276,0.5748076657682792,0.4730352303523035,0.4584602067315036,0.5899154143056583,0.4607538802660754,1.0,0.9889
AI Picks by Srini underdog - March 13 2026.csv,112,502,Cade Cunningham,SB,UNDER,64.5%,BET WITH CAUTION,A,❌ MISS,61.31,0.64854954447967,0.5746153078839773,0.6069806560134566,0.6088002636783125,0.5894404591104735,0.45889526542324244,1.0,0.9635
AI Picks by Srini underdog - March 12 2026.csv,119,503,Quentin Grimes,PR,UNDER,68.4%,STRONG BET,D,✅ HIT,62.67,0.6325184010595714,0.5745926181775057,0.4622014406672564,0.4584602067315036,0.5899154143056583,0.6213803840166061,1.0,0.9915
AI Picks by Srini underdog - March 10 2026.csv,108,504,Russell Westbrook,RA,UNDER,63.10%,DO NOT BET,C,❌ MISS,64.1,0.6156782196068291,0.5745792219455226,0.5152613240418118,0.4925952315702933,0.49407702047654983,0.6045528455284552,1.0,0.9846
AI Picks by Srini underdog - March 10 2026.csv,142,505,LaMelo Ball,FTM,UNDER,64.40%,BET,B,✅ HIT,62.43,0.6351724125430067,0.5744828632564577,0.5145057766367137,0.5557229965156795,0.5910811794685111,0.5640975609756097,1.0,0.9857
AI Picks by Srini underdog - March 13 2026.csv,108,506,Trey Murphy III,3PA,UNDER,62.4%,BET WITH CAUTION,B,✅ HIT,61.43,0.6468896159575699,0.5744537855372528,0.5765635645183267,0.5557229965156795,0.5894404591104735,0.6236728837876614,1.0,0.9926
AI Picks by Srini underdog - March 13 2026.csv,96,507,Ivica Zubac,PTS,OVER,70.7%,STRONG BET,D,✅ HIT,62.41,0.6350603806432651,0.5742571373228522,0.4830232333943893,0.4584602067315036,0.5899154143056583,0.5261065943992773,1.0,0.9932
AI Picks by Srini underdog - March 10 2026.csv,125,508,Devin Booker,3PM,UNDER,63.60%,BET WITH CAUTION,S,❌ MISS,63.33,0.6236545341094142,0.5738769762194263,0.5747041267881033,0.5869918699186992,0.5894404591104735,0.31676829268292683,1.0,0.9925
AI Picks by Srini underdog - March 14 2026.csv,76,509,Austin Reaves,3PM,UNDER,60.6%,BET WITH CAUTION,S,❌ MISS,62.19,0.6370427645193778,0.5738637296558179,0.5747041267881033,0.5869918699186992,0.5894404591104735,0.5575505967825636,1.0,0.9827
AI Picks by Srini underdog - March 14 2026.csv,68,510,Paolo Banchero,FTM,UNDER,62.8%,BET,B,❌ MISS,62.85,0.629247716123702,0.5738428197581513,0.5145057766367137,0.5557229965156795,0.5910811794685111,0.5575505967825636,1.0,0.9891
AI Picks by Srini underdog - March 10 2026.csv,137,511,Kyle Kuzma,REB,OVER,64.30%,DO NOT BET,B,❌ MISS,62.85,0.6291697255551436,0.5737921258885884,0.5620746167935988,0.5557229965156795,0.49407702047654983,0.5227380015735641,1.0,0.9977
AI Picks by Srini underdog - March 14 2026.csv,57,512,Victor Wembanyama,REB,UNDER,64.6%,DO NOT BET,B,❌ MISS,64.33,0.6114820636091693,0.5736101303329381,0.5620746167935988,0.5557229965156795,0.49407702047654983,0.3382113821138211,1.0,0.9926
AI Picks by Srini underdog - March 12 2026.csv,105,513,Austin Reaves,3PM,UNDER,59.3%,DO NOT BET,S,❌ MISS,63.46,0.6216891518833069,0.5735933615644838,0.5747041267881033,0.5869918699186992,0.49407702047654983,0.5575505967825636,1.0,0.9929
AI Picks by Srini underdog - March 10 2026.csv,164,514,Donte DiVincenzo,STL,UNDER,60.10%,BET WITH CAUTION,A,✅ HIT,61.48,0.6449412841977046,0.5735696328902739,0.6067636810821889,0.6088002636783125,0.5894404591104735,0.5612466124661246,1.0,0.9867
AI Picks by Srini underdog - March 13 2026.csv,111,515,Reed Sheppard,3PM,UNDER,63.7%,BET WITH CAUTION,S,❌ MISS,61.41,0.6455795883099561,0.5734493623675304,0.5747041267881033,0.5869918699186992,0.5894404591104735,0.5334688346883468,1.0,0.9908
AI Picks by Srini underdog - March 15 2026.csv,68,516,Shai Gilgeous-Alexander,STL,UNDER,60.7%,BET WITH CAUTION,A,❌ MISS,62.39,0.6337710388689356,0.5732661599707647,0.6067636810821889,0.6088002636783125,0.5894404591104735,0.42644415917843387,1.0,0.9921
AI Picks by Srini underdog - March 14 2026.csv,72,517,Victor Wembanyama,SB,UNDER,62.6%,BET WITH CAUTION,A,❌ MISS,62.6,0.6310611561487278,0.5731102407897504,0.6069806560134566,0.6088002636783125,0.5894404591104735,0.3382113821138211,1.0,0.9843
AI Picks by Srini underdog - March 10 2026.csv,152,518,Luka Dončić,STL,UNDER,62.50%,BET WITH CAUTION,A,❌ MISS,62.13,0.6364671576602853,0.5730308696010875,0.6067636810821889,0.6088002636783125,0.5894404591104735,0.3885553470919324,1.0,0.9994
AI Picks by Srini underdog - March 12 2026.csv,112,519,Tyler Herro,REB,UNDER,61.5%,DO NOT BET,B,NO GAME,62.99,0.6263479172677059,0.5730282868931679,0.5620746167935988,0.5557229965156795,0.49407702047654983,0.591869918699187,1.0,0.9934
AI Picks by Srini underdog - March 10 2026.csv,178,520,Russell Westbrook,TOV,OVER,60.90%,BET WITH CAUTION,A,❌ MISS,60.95,0.6493268328941858,0.5723682517754911,0.59583830803343,0.6088002636783125,0.5894404591104735,0.6045528455284552,1.0,0.9771
AI Picks by Srini underdog - March 12 2026.csv,122,521,Ivica Zubac,PTS,OVER,69.9%,STRONG BET,D,❌ MISS,62.4,0.632130380643265,0.5722761847234654,0.4830232333943893,0.4584602067315036,0.5899154143056583,0.5261065943992773,1.0,0.989
AI Picks by Srini underdog - March 11 2026.csv,84,522,Alperen Sengun,3PM,UNDER,66.40%,BET,S,✅ HIT,61.06,0.6476999793106935,0.5721517755394749,0.5747041267881033,0.5869918699186992,0.5910811794685111,0.4607538802660754,1.0,0.9911
AI Picks by Srini underdog - March 13 2026.csv,95,523,OG Anunoby,3PM,UNDER,63.4%,BET WITH CAUTION,S,✅ HIT,62.46,0.6307774609386826,0.5718555025118071,0.5747041267881033,0.5869918699186992,0.5894404591104735,0.4040975609756097,1.0,0.9739
AI Picks by Srini underdog - March 12 2026.csv,87,524,Devin Booker,PTS,UNDER,67.2%,STRONG BET,D,❌ MISS,64.88,0.6021215504716301,0.5717306897598066,0.4830232333943893,0.4584602067315036,0.5899154143056583,0.31676829268292683,1.0,0.9911
AI Picks by Srini underdog - March 14 2026.csv,55,525,Dyson Daniels,RA,UNDER,63.1%,DO NOT BET,C,✅ HIT,64.5,0.606527325297886,0.571689244620178,0.5152613240418118,0.4925952315702933,0.49407702047654983,0.5102439024390244,1.0,0.9902
AI Picks by Srini underdog - March 13 2026.csv,76,526,Kevin Durant,FTM,UNDER,64.1%,BET,B,✅ HIT,63.37,0.6192421014429568,0.5713147053837758,0.5145057766367137,0.5557229965156795,0.5910811794685111,0.41234444997511194,1.0,0.991
AI Picks by Srini underdog - March 15 2026.csv,51,527,Anthony Edwards,FGA,UNDER,65.5%,DO NOT BET,D,✅ HIT,63.85,0.6134889055502584,0.5712448528240839,0.4736390243902439,0.4584602067315036,0.49407702047654983,0.6243163340724316,1.0,0.9865
AI Picks by Srini underdog - March 14 2026.csv,66,528,Tyler Herro,REB,UNDER,60.6%,DO NOT BET,B,❌ MISS,62.99,0.6232579172677061,0.571019786893168,0.5620746167935988,0.5557229965156795,0.49407702047654983,0.591869918699187,1.0,0.9928
AI Picks by Srini underdog - March 10 2026.csv,196,529,Jayson Tatum,TOV,UNDER,65.10%,BET,A,✅ HIT,60.12,0.6570003182531395,0.5710104515097141,0.59583830803343,0.6088002636783125,0.5910811794685111,0.5334688346883468,1.0,0.9832
AI Picks by Srini underdog - March 12 2026.csv,129,530,Desmond Bane,FTM,OVER,62.4%,BET WITH CAUTION,B,✅ HIT,61.93,0.635349194591829,0.5707751416188567,0.5145057766367137,0.5557229965156795,0.5894404591104735,0.6368342458934793,1.0,0.9837
AI Picks by Srini underdog - March 11 2026.csv,78,531,Naz Reid,REB,OVER,65.00%,STRONG BET,B,✅ HIT,61.21,0.6438137277792316,0.5707725010348254,0.5620746167935988,0.5557229965156795,0.5899154143056583,0.5301219512195121,1.0,0.9982
AI Picks by Srini underdog - March 12 2026.csv,126,532,Nikola Jokić,SB,UNDER,61.1%,BET WITH CAUTION,A,❌ MISS,61.98,0.6346620143239763,0.570710737441686,0.6069806560134566,0.6088002636783125,0.5894404591104735,0.4297199638663053,1.0,0.9753000000000001
AI Picks by Srini underdog - March 13 2026.csv,92,533,Deni Avdija,REB,OVER,65.0%,DO NOT BET,B,✅ HIT,62.68,0.6261953467781713,0.5705590854939824,0.5620746167935988,0.5557229965156795,0.49407702047654983,0.4724442138038401,1.0,0.9912
AI Picks by Srini underdog - March 10 2026.csv,122,534,LeBron James,PR,OVER,67.50%,STRONG BET,D,NO GAME,63.58,0.6154166905711899,0.5704336929042483,0.4622014406672564,0.4584602067315036,0.5899154143056583,0.4779132791327913,1.0,0.9976
AI Picks by Srini underdog - March 14 2026.csv,77,535,Jalen Johnson,FTM,UNDER,62.0%,BET WITH CAUTION,B,✅ HIT,62.13,0.6321433782652985,0.5702204129943461,0.5145057766367137,0.5557229965156795,0.5894404591104735,0.6164260826281732,1.0,0.9876
AI Picks by Srini underdog - March 11 2026.csv,80,536,Anthony Edwards,3PM,UNDER,60.60%,BET WITH CAUTION,S,✅ HIT,61.16,0.6434693382483646,0.5701663848428282,0.5747041267881033,0.5869918699186992,0.5894404591104735,0.6243163340724316,1.0,0.9777
AI Picks by Srini underdog - March 9 2026.csv,19,537,Karl-Anthony Towns,TOV,UNDER,60.00%,DO NOT BET,A,❌ MISS,62.76,0.6246266055861543,0.570151024514265,0.59583830803343,0.6088002636783125,0.49407702047654983,0.49313669880884853,1.0,0.996
AI Picks by Srini underdog - March 13 2026.csv,118,538,Evan Mobley,BLK,OVER,61.7%,BET WITH CAUTION,S,❌ MISS,61.01,0.6449850637653437,0.570004817438064,0.644579945799458,0.5869918699186992,0.5894404591104735,0.45512195121951216,1.0,0.9921
AI Picks by Srini underdog - March 12 2026.csv,141,539,Derrick White,SB,UNDER,59.0%,DO NOT BET,A,NO GAME,61.37,0.6407471776589985,0.5700024850468611,0.6069806560134566,0.6088002636783125,0.49407702047654983,0.6723577235772358,1.0,0.9834
AI Picks by Srini underdog - March 10 2026.csv,121,540,Josh Giddey,REB,UNDER,62.90%,DO NOT BET,B,❌ MISS,63.59,0.6143206814953484,0.569797739604338,0.5620746167935988,0.5557229965156795,0.49407702047654983,0.42409756097560974,1.0,0.9932
AI Picks by Srini underdog - March 12 2026.csv,101,541,Jaylen Wells,REB,UNDER,60.2%,DO NOT BET,B,✅ HIT,63.77,0.6115704375929092,0.5693862278567133,0.5620746167935988,0.5557229965156795,0.49407702047654983,0.4881951219512195,1.0,0.9936
AI Picks by Srini underdog - March 14 2026.csv,78,542,Jalen Johnson,REB,UNDER,62.3%,DO NOT BET,B,✅ HIT,62.08,0.6313235336606046,0.5693052510043615,0.5620746167935988,0.5557229965156795,0.49407702047654983,0.6164260826281732,1.0,0.9894
AI Picks by Srini underdog - March 13 2026.csv,99,543,Donovan Mitchell,3PA,UNDER,61.2%,BET WITH CAUTION,B,✅ HIT,62.11,0.6308844413999418,0.5692491988330908,0.5765635645183267,0.5557229965156795,0.5894404591104735,0.5138211382113821,1.0,0.9738
AI Picks by Srini underdog - March 10 2026.csv,179,544,Julius Randle,3PM,UNDER,60.60%,BET WITH CAUTION,S,✅ HIT,60.94,0.6445934181407074,0.5692150795863434,0.5747041267881033,0.5869918699186992,0.5894404591104735,0.6265071329958583,1.0,0.9958
AI Picks by Srini underdog - March 14 2026.csv,80,545,Darius Garland,TOV,UNDER,58.4%,DO NOT BET,A,✅ HIT,62.05,0.6312932480193684,0.5690562075393978,0.59583830803343,0.6088002636783125,0.49407702047654983,0.6147531231409875,1.0,0.9949
AI Picks by Srini underdog - March 11 2026.csv,74,546,Jalen Suggs,TOV,UNDER,60.20%,BET WITH CAUTION,A,✅ HIT,61.54,0.6372312888706606,0.5690168515240156,0.59583830803343,0.6088002636783125,0.5894404591104735,0.5149974052932018,1.0,0.9619
AI Picks by Srini underdog - March 12 2026.csv,106,547,Nikola Jokić,FTM,UNDER,62.2%,BET WITH CAUTION,B,❌ MISS,63.45,0.6144777663891116,0.5688295083938701,0.5145057766367137,0.5557229965156795,0.5894404591104735,0.4297199638663053,1.0,0.9941
AI Picks by Srini underdog - March 14 2026.csv,83,548,Nikola Jokić,STL,UNDER,60.1%,BET WITH CAUTION,A,❌ MISS,61.93,0.6323486193377228,0.5688247677036877,0.6067636810821889,0.6088002636783125,0.5894404591104735,0.4297199638663053,1.0,0.9979
AI Picks by Srini underdog - March 12 2026.csv,120,549,Jamal Murray,FTM,UNDER,62.2%,BET WITH CAUTION,B,❌ MISS,62.66,0.6232559326041072,0.5684955610820672,0.5145057766367137,0.5557229965156795,0.5894404591104735,0.5251016260162601,1.0,0.9789
AI Picks by Srini underdog - March 13 2026.csv,134,550,Rudy Gobert,BLK,UNDER,60.1%,BET WITH CAUTION,S,✅ HIT,60.17,0.6524888641056725,0.5684602693107942,0.644579945799458,0.5869918699186992,0.5894404591104735,0.586159954622802,1.0,0.9889
AI Picks by Srini underdog - March 14 2026.csv,84,551,De'Aaron Fox,FTM,UNDER,61.6%,BET WITH CAUTION,B,❌ MISS,61.7,0.6336809326041071,0.5679323615409431,0.5145057766367137,0.5557229965156795,0.5894404591104735,0.6501016260162601,1.0,0.9782
AI Picks by Srini underdog - March 15 2026.csv,100,552,Rudy Gobert,SB,UNDER,61.4%,BET WITH CAUTION,A,✅ HIT,60.39,0.6490410133996259,0.5679011235383715,0.6069806560134566,0.6088002636783125,0.5894404591104735,0.586159954622802,1.0,0.9296
AI Picks by Srini underdog - March 14 2026.csv,87,553,Miles Bridges,PTS,OVER,66.8%,STRONG BET,D,✅ HIT,61.6,0.6342871428061249,0.5675618721783876,0.4830232333943893,0.4584602067315036,0.5899154143056583,0.6501742160278745,1.0,0.9948
AI Picks by Srini underdog - March 13 2026.csv,77,554,Deni Avdija,FTM,UNDER,60.7%,BET WITH CAUTION,B,✅ HIT,63.37,0.613185191382865,0.5673777138447161,0.5145057766367137,0.5557229965156795,0.5894404591104735,0.4724442138038401,1.0,0.9848
AI Picks by Srini underdog - March 14 2026.csv,65,555,Russell Westbrook,3PA,OVER,56.8%,DO NOT BET,B,✅ HIT,63.26,0.6143589994955784,0.5672997105247262,0.5765635645183267,0.5557229965156795,0.49407702047654983,0.6045528455284552,1.0,0.9899
AI Picks by Srini underdog - March 11 2026.csv,47,556,Amen Thompson,PTS,OVER,66.10%,STRONG BET,D,❌ MISS,63.43,0.612202282178947,0.5671975384584897,0.4830232333943893,0.4584602067315036,0.5899154143056583,0.4609756097560975,1.0,0.9791
AI Picks by Srini underdog - March 11 2026.csv,51,557,Amen Thompson,PRA,OVER,67.20%,STRONG BET,D,❌ MISS,63.28,0.6130946815705299,0.5666308090722181,0.4730352303523035,0.4584602067315036,0.5899154143056583,0.4609756097560975,1.0,0.9621
AI Picks by Srini underdog - March 14 2026.csv,94,558,Russell Westbrook,REB,OVER,64.1%,DO NOT BET,B,✅ HIT,61.27,0.6366212099506326,0.5665560800425562,0.5620746167935988,0.5557229965156795,0.49407702047654983,0.6045528455284552,1.0,0.9967
AI Picks by Srini underdog - March 14 2026.csv,73,559,Paolo Banchero,AST,UNDER,65.1%,STRONG BET,C,❌ MISS,62.55,0.6212990724455411,0.5663826233857454,0.4745136763108522,0.4925952315702933,0.5899154143056583,0.5575505967825636,1.0,0.988
AI Picks by Srini underdog - March 14 2026.csv,95,560,Jayson Tatum,3PM,OVER,60.9%,BET WITH CAUTION,S,❌ MISS,61.26,0.6362895883099561,0.5662640733767298,0.5747041267881033,0.5869918699186992,0.5894404591104735,0.5334688346883468,1.0,0.9954
AI Picks by Srini underdog - March 11 2026.csv,71,561,Julius Randle,FTM,UNDER,60.10%,BET WITH CAUTION,B,✅ HIT,62.05,0.626921483302067,0.5662145604731519,0.5145057766367137,0.5557229965156795,0.5894404591104735,0.6265071329958583,1.0,0.9922
AI Picks by Srini underdog - March 12 2026.csv,128,562,De'Aaron Fox,REB,UNDER,60.2%,DO NOT BET,B,✅ HIT,61.96,0.6277210879994134,0.5660462301319467,0.5620746167935988,0.5557229965156795,0.49407702047654983,0.6501016260162601,1.0,0.9928
AI Picks by Srini underdog - March 10 2026.csv,128,563,Tyler Herro,PA,UNDER,66.90%,STRONG BET,D,NO GAME,63.26,0.6122202937700946,0.5659095518031616,0.4054911368785819,0.4584602067315036,0.5899154143056583,0.591869918699187,1.0,0.9734
AI Picks by Srini underdog - March 14 2026.csv,64,564,Victor Wembanyama,FTM,UNDER,63.1%,BET,B,✅ HIT,63.62,0.6077337946568276,0.5657456209574596,0.5145057766367137,0.5557229965156795,0.5910811794685111,0.3382113821138211,1.0,0.9771
AI Picks by Srini underdog - March 12 2026.csv,109,565,Luka Dončić,TOV,UNDER,60.0%,DO NOT BET,A,✅ HIT,63.16,0.6128684704144627,0.5655663406281338,0.59583830803343,0.6088002636783125,0.49407702047654983,0.3885553470919324,1.0,0.97
AI Picks by Srini underdog - March 15 2026.csv,59,566,RJ Barrett,FTM,UNDER,61.8%,BET WITH CAUTION,B,❌ MISS,63.11,0.613355817542787,0.5655008532646111,0.5145057766367137,0.5557229965156795,0.5894404591104735,0.4441504754030591,1.0,0.97
AI Picks by Srini underdog - March 13 2026.csv,103,567,Cade Cunningham,3PM,UNDER,61.2%,BET WITH CAUTION,S,✅ HIT,61.7,0.6298572313834457,0.5654469557475132,0.5747041267881033,0.5869918699186992,0.5894404591104735,0.45889526542324244,1.0,0.9955
AI Picks by Srini underdog - March 14 2026.csv,62,568,Tyler Herro,PRA,UNDER,63.5%,DO NOT BET,D,✅ HIT,63.91,0.6037935052053458,0.5654015581962111,0.4730352303523035,0.4584602067315036,0.49407702047654983,0.591869918699187,1.0,0.9959
AI Picks by Srini underdog - March 14 2026.csv,47,569,Tyler Herro,PA,UNDER,64.1%,DO NOT BET,D,✅ HIT,64.83,0.5924396865106015,0.5650552151882045,0.4054911368785819,0.4584602067315036,0.49407702047654983,0.591869918699187,1.0,0.9982
AI Picks by Srini underdog - March 15 2026.csv,107,570,Russell Westbrook,TOV,UNDER,60.6%,BET WITH CAUTION,A,NO GAME,60.06,0.6483218328941858,0.564910720430074,0.59583830803343,0.6088002636783125,0.5894404591104735,0.6045528455284552,1.0,0.9774
AI Picks by Srini underdog - March 13 2026.csv,67,571,Evan Mobley,PTS,UNDER,63.6%,DO NOT BET,D,❌ MISS,64.77,0.5925563090657955,0.5646723042527603,0.4830232333943893,0.4584602067315036,0.49407702047654983,0.45512195121951216,1.0,0.9979
AI Picks by Srini underdog - March 14 2026.csv,85,572,Jaylen Brown,TOV,OVER,62.5%,BET WITH CAUTION,A,✅ HIT,61.66,0.6289135443592596,0.5645277487842454,0.59583830803343,0.6088002636783125,0.5894404591104735,0.3511199601791936,1.0,0.9669
AI Picks by Srini underdog - March 15 2026.csv,92,573,Brandin Podziemski,PRA,UNDER,72.0%,STRONG BET,D,❌ MISS,60.92,0.6375664207009647,0.5644946260517373,0.4730352303523035,0.4584602067315036,0.5899154143056583,0.5261930010604453,1.0,0.9947
AI Picks by Srini underdog - March 11 2026.csv,56,574,Mikal Bridges,RA,UNDER,61.50%,DO NOT BET,C,✅ HIT,62.83,0.6149014542177467,0.5643648443205069,0.5152613240418118,0.4925952315702933,0.49407702047654983,0.6477351916376306,1.0,0.9915
AI Picks by Srini underdog - March 15 2026.csv,105,575,Myles Turner,BLK,UNDER,58.7%,BET WITH CAUTION,S,✅ HIT,60.08,0.647109468791212,0.5642755889619144,0.644579945799458,0.5869918699186992,0.5894404591104735,0.5819660014781965,1.0,0.9849
AI Picks by Srini underdog - March 11 2026.csv,68,576,Brandon Ingram,FTM,UNDER,60.50%,BET WITH CAUTION,B,❌ MISS,62.31,0.6203707293520747,0.5639443379897113,0.5145057766367137,0.5557229965156795,0.5894404591104735,0.5593495934959349,1.0,0.9683
AI Picks by Srini underdog - March 12 2026.csv,159,577,Myles Turner,3PM,OVER,61.0%,BET WITH CAUTION,S,❌ MISS,60.51,0.641329304988941,0.5638059442640668,0.5747041267881033,0.5869918699186992,0.5894404591104735,0.5819660014781965,1.0,0.9924
AI Picks by Srini underdog - March 10 2026.csv,120,578,Donte DiVincenzo,AST,UNDER,63.50%,DO NOT BET,C,✅ HIT,63.61,0.6042230667544041,0.5633871952214977,0.4745136763108522,0.4925952315702933,0.49407702047654983,0.5612466124661246,1.0,0.9779
AI Picks by Srini underdog - March 10 2026.csv,162,579,Cade Cunningham,3PM,OVER,60.80%,BET WITH CAUTION,S,✅ HIT,61.56,0.6282922313834457,0.5633593693560993,0.5747041267881033,0.5869918699186992,0.5894404591104735,0.45889526542324244,1.0,0.9914
AI Picks by Srini underdog - March 11 2026.csv,63,580,Donovan Mitchell,AST,OVER,65.20%,STRONG BET,C,✅ HIT,62.49,0.6172461265884228,0.5632894929822984,0.4745136763108522,0.4925952315702933,0.5899154143056583,0.5138211382113821,1.0,0.9876
AI Picks by Srini underdog - March 15 2026.csv,50,581,Jerami Grant,PRA,OVER,62.3%,DO NOT BET,D,❌ MISS,63.97,0.5997567572378661,0.5632363876136696,0.4730352303523035,0.4584602067315036,0.49407702047654983,0.6001524390243902,1.0,0.9802
AI Picks by Srini underdog - March 10 2026.csv,143,582,Alperen Sengun,REB,UNDER,62.80%,DO NOT BET,B,❌ MISS,62.42,0.6175113134243948,0.5629266962299733,0.5620746167935988,0.5557229965156795,0.49407702047654983,0.4607538802660754,1.0,0.9905
AI Picks by Srini underdog - March 15 2026.csv,69,583,Ausar Thompson,REB,UNDER,61.3%,DO NOT BET,B,✅ HIT,62.37,0.6180082424709581,0.5628674371133058,0.5620746167935988,0.5557229965156795,0.49407702047654983,0.5170731707317073,1.0,0.9898
AI Picks by Srini underdog - March 12 2026.csv,136,584,Josh Giddey,3PA,UNDER,62.3%,BET WITH CAUTION,B,❌ MISS,61.63,0.6266620836763647,0.5628349415422036,0.5765635645183267,0.5557229965156795,0.5894404591104735,0.42409756097560974,1.0,0.994
AI Picks by Srini underdog - March 15 2026.csv,90,585,Brandin Podziemski,PR,UNDER,71.5%,STRONG BET,D,❌ MISS,61.03,0.6335696627639552,0.5627377119859349,0.4622014406672564,0.4584602067315036,0.5899154143056583,0.5261930010604453,1.0,0.9921
AI Picks by Srini underdog - March 14 2026.csv,124,586,Derrick White,3PA,OVER,60.8%,BET WITH CAUTION,B,✅ HIT,59.94,0.6463080999365274,0.5626843628149555,0.5765635645183267,0.5557229965156795,0.5894404591104735,0.6723577235772358,1.0,0.9924
AI Picks by Srini underdog - March 13 2026.csv,69,587,RJ Barrett,AST,UNDER,63.2%,DO NOT BET,C,❌ MISS,64.53,0.5921434530480976,0.5625690854559757,0.4745136763108522,0.4925952315702933,0.49407702047654983,0.4441504754030591,1.0,0.9909
AI Picks by Srini underdog - March 14 2026.csv,63,588,Jamal Murray,FGA,UNDER,65.1%,DO NOT BET,D,✅ HIT,63.66,0.6021474347446412,0.5624202974120853,0.4736390243902439,0.4584602067315036,0.49407702047654983,0.5251016260162601,1.0,0.9853
AI Picks by Srini underdog - March 11 2026.csv,92,589,Evan Mobley,SB,UNDER,60.60%,BET WITH CAUTION,A,✅ HIT,60.79,0.635582213059297,0.562211007292626,0.6069806560134566,0.6088002636783125,0.5894404591104735,0.45512195121951216,1.0,0.9769
AI Picks by Srini underdog - March 15 2026.csv,71,590,Giannis Antetokounmpo,PTS,UNDER,66.7%,STRONG BET,D,✅ HIT,62.16,0.6193694617326575,0.5621467250462895,0.4830232333943893,0.4584602067315036,0.5899154143056583,0.5149974052932018,1.0,0.9736
AI Picks by Srini underdog - March 11 2026.csv,60,591,Immanuel Quickley,FTM,UNDER,61.20%,BET WITH CAUTION,B,❌ MISS,62.57,0.6141501950895891,0.5618887583031502,0.5145057766367137,0.5557229965156795,0.5894404591104735,0.4679442508710801,1.0,0.9791
AI Picks by Srini underdog - March 13 2026.csv,60,592,Scottie Barnes,PA,UNDER,62.5%,DO NOT BET,D,✅ HIT,65.35,0.5811628447344914,0.5617008032018418,0.4054911368785819,0.4584602067315036,0.49407702047654983,0.5424015009380863,1.0,0.9804
AI Picks by Srini underdog - March 11 2026.csv,73,593,Darius Garland,REB,UNDER,60.40%,DO NOT BET,B,✅ HIT,61.61,0.6249112377118862,0.5615439864665192,0.5620746167935988,0.5557229965156795,0.49407702047654983,0.6147531231409875,1.0,0.9937
AI Picks by Srini underdog - March 10 2026.csv,96,594,Victor Wembanyama,FGA,UNDER,66.20%,DO NOT BET,D,❌ MISS,64.77,0.5873984103543973,0.5613196700903516,0.4736390243902439,0.4584602067315036,0.49407702047654983,0.3382113821138211,1.0,0.9893
AI Picks by Srini underdog - March 10 2026.csv,161,595,Brandon Ingram,REB,UNDER,61.60%,DO NOT BET,B,✅ HIT,61.69,0.6234208847473808,0.5611868778346844,0.5620746167935988,0.5557229965156795,0.49407702047654983,0.5593495934959349,1.0,0.9931
AI Picks by Srini underdog - March 14 2026.csv,101,596,Kyle Kuzma,3PA,UNDER,61.7%,BET WITH CAUTION,B,✅ HIT,60.82,0.6336261277361601,0.5611689096307472,0.5765635645183267,0.5557229965156795,0.5894404591104735,0.5227380015735641,1.0,0.9768
AI Picks by Srini underdog - March 13 2026.csv,141,597,Cade Cunningham,STL,UNDER,63.0%,BET WITH CAUTION,A,❌ MISS,59.96,0.6435711494934164,0.5610582502257068,0.6067636810821889,0.6088002636783125,0.5894404591104735,0.45889526542324244,1.0,0.9668
AI Picks by Srini underdog - March 13 2026.csv,81,598,Deni Avdija,PR,OVER,65.5%,STRONG BET,D,❌ MISS,63.14,0.6060897840382948,0.5610072892848513,0.4622014406672564,0.4584602067315036,0.5899154143056583,0.4724442138038401,1.0,0.958
AI Picks by Srini underdog - March 10 2026.csv,150,599,Giannis Antetokounmpo,PRA,OVER,66.50%,STRONG BET,D,❌ MISS,62.16,0.6175668611242404,0.5609750346508184,0.4730352303523035,0.4584602067315036,0.5899154143056583,0.5149974052932018,1.0,0.9911
AI Picks by Srini underdog - March 13 2026.csv,85,600,Jerami Grant,AST,UNDER,63.1%,DO NOT BET,C,✅ HIT,63.03,0.6072086494102307,0.5608935731833558,0.4745136763108522,0.4925952315702933,0.49407702047654983,0.6001524390243902,1.0,0.987
AI Picks by Srini underdog - March 12 2026.csv,102,601,Khris Middleton,AST,UNDER,63.2%,DO NOT BET,C,✅ HIT,63.65,0.5992707225809624,0.5604739819063074,0.4745136763108522,0.4925952315702933,0.49407702047654983,0.5170731707317073,1.0,0.9876
AI Picks by Srini underdog - March 12 2026.csv,181,602,Jalen Johnson,3PM,UNDER,61.0%,BET WITH CAUTION,S,❌ MISS,59.91,0.6432253131039387,0.5604511935756127,0.5747041267881033,0.5869918699186992,0.5894404591104735,0.6164260826281732,1.0,0.9614
AI Picks by Srini underdog - March 10 2026.csv,139,603,Brandon Miller,REB,UNDER,59.90%,DO NOT BET,B,❌ MISS,62.8,0.6092064705914746,0.5604337471652701,0.5620746167935988,0.5557229965156795,0.49407702047654983,0.47460545193687226,1.0,0.9939
AI Picks by Srini underdog - March 10 2026.csv,153,604,Reed Sheppard,3PM,OVER,58.80%,DO NOT BET,S,❌ MISS,62.11,0.6172159756738853,0.560364696111154,0.5747041267881033,0.5869918699186992,0.49407702047654983,0.5334688346883468,1.0,0.9856
AI Picks by Srini underdog - March 10 2026.csv,133,605,VJ Edgecombe,RA,UNDER,60.40%,DO NOT BET,C,❌ MISS,63.14,0.6047576911515445,0.5601414289084636,0.5152613240418118,0.4925952315702933,0.49407702047654983,0.5840975609756097,1.0,0.9907
AI Picks by Srini underdog - March 15 2026.csv,49,606,Cade Cunningham,FGA,UNDER,64.6%,DO NOT BET,D,❌ MISS,64.04,0.5941217986853395,0.5601088327502343,0.4736390243902439,0.4584602067315036,0.49407702047654983,0.45889526542324244,1.0,0.9912
AI Picks by Srini underdog - March 13 2026.csv,102,607,RJ Barrett,3PA,UNDER,60.1%,BET WITH CAUTION,B,✅ HIT,61.73,0.6209573751191096,0.5598914069738549,0.5765635645183267,0.5557229965156795,0.5894404591104735,0.4441504754030591,1.0,0.9894
AI Picks by Srini underdog - March 10 2026.csv,148,608,Derrick White,PRA,OVER,64.80%,DO NOT BET,D,✅ HIT,62.21,0.6152972856931508,0.5598820736175437,0.4730352303523035,0.4584602067315036,0.49407702047654983,0.6723577235772358,1.0,0.9766
AI Picks by Srini underdog - March 12 2026.csv,163,609,Tyler Herro,3PA,UNDER,60.5%,BET WITH CAUTION,B,NO GAME,60.39,0.6366143194487225,0.5598237724702843,0.5765635645183267,0.5557229965156795,0.5894404591104735,0.591869918699187,1.0,0.9799
AI Picks by Srini underdog - March 15 2026.csv,110,610,Jerami Grant,3PA,OVER,61.4%,BET WITH CAUTION,B,✅ HIT,60.0,0.6409175714812427,0.5596392349153407,0.5765635645183267,0.5557229965156795,0.5894404591104735,0.6001524390243902,1.0,0.9882
AI Picks by Srini underdog - March 10 2026.csv,182,611,Devin Booker,TOV,OVER,64.10%,BET WITH CAUTION,A,❌ MISS,60.85,0.6308733776096331,0.5596089798466648,0.59583830803343,0.6088002636783125,0.5894404591104735,0.31676829268292683,1.0,0.966
AI Picks by Srini underdog - March 14 2026.csv,86,612,DeMar DeRozan,3PM,UNDER,60.1%,BET WITH CAUTION,S,✅ HIT,61.62,0.6217536741969689,0.5595680227812097,0.5747041267881033,0.5869918699186992,0.5894404591104735,0.415509693558474,1.0,0.995
AI Picks by Srini underdog - March 13 2026.csv,90,613,Cooper Flagg,PRA,UNDER,65.8%,STRONG BET,D,❌ MISS,62.9,0.6065388091502671,0.5594642932223524,0.4730352303523035,0.4584602067315036,0.5899154143056583,0.4270168855534709,1.0,0.9941
AI Picks by Srini underdog - March 13 2026.csv,86,614,Josh Giddey,PTS,UNDER,65.3%,STRONG BET,D,✅ HIT,62.98,0.6054394773008983,0.5593613483153561,0.4830232333943893,0.4584602067315036,0.5899154143056583,0.42409756097560974,1.0,0.972
AI Picks by Srini underdog - March 10 2026.csv,116,615,Jaylen Wells,AST,OVER,62.80%,DO NOT BET,C,❌ MISS,63.84,0.5951929177029136,0.5592760081239232,0.4745136763108522,0.4925952315702933,0.49407702047654983,0.4881951219512195,1.0,0.991
AI Picks by Srini underdog - March 10 2026.csv,131,616,Kyle Kuzma,RA,UNDER,61.60%,DO NOT BET,C,✅ HIT,63.18,0.6027867352113401,0.5591661179448776,0.5152613240418118,0.4925952315702933,0.49407702047654983,0.5227380015735641,1.0,0.9924
AI Picks by Srini underdog - March 14 2026.csv,88,617,Paolo Banchero,PRA,UNDER,66.2%,STRONG BET,D,❌ MISS,61.6,0.6209521802731764,0.5588941465319711,0.4730352303523035,0.4584602067315036,0.5899154143056583,0.5575505967825636,1.0,0.9941
AI Picks by Srini underdog - March 10 2026.csv,194,618,Anthony Edwards,STL,UNDER,59.40%,DO NOT BET,A,✅ HIT,60.18,0.6376146437222645,0.5588684786609657,0.6067636810821889,0.6088002636783125,0.49407702047654983,0.6243163340724316,1.0,0.9905
AI Picks by Srini underdog - March 11 2026.csv,45,619,Karl-Anthony Towns,RA,UNDER,61.40%,DO NOT BET,C,✅ HIT,63.53,0.5981116049348684,0.5588031242437058,0.5152613240418118,0.4925952315702933,0.49407702047654983,0.49313669880884853,1.0,0.9717
AI Picks by Srini underdog - March 10 2026.csv,141,620,CJ McCollum,REB,UNDER,61.10%,DO NOT BET,B,❌ MISS,62.46,0.6101730669801787,0.5584626464387796,0.5620746167935988,0.5557229965156795,0.49407702047654983,0.4440214158239143,1.0,0.9928
AI Picks by Srini underdog - March 14 2026.csv,136,621,Russell Westbrook,3PM,OVER,60.8%,BET WITH CAUTION,S,✅ HIT,59.64,0.6431229893939668,0.5583204629806898,0.5747041267881033,0.5869918699186992,0.5894404591104735,0.6045528455284552,1.0,0.9967
AI Picks by Srini underdog - March 11 2026.csv,50,622,LaMelo Ball,AST,UNDER,61.90%,DO NOT BET,C,✅ HIT,63.31,0.5998631616053527,0.558259678893013,0.4745136763108522,0.4925952315702933,0.49407702047654983,0.5640975609756097,1.0,0.9938
AI Picks by Srini underdog - March 14 2026.csv,67,623,Luka Dončić,REB,UNDER,61.0%,DO NOT BET,B,❌ MISS,62.91,0.6043314601069805,0.5581059689436026,0.5620746167935988,0.5557229965156795,0.49407702047654983,0.3885553470919324,1.0,0.9937
AI Picks by Srini underdog - March 10 2026.csv,124,624,Draymond Green,AST,UNDER,61.80%,DO NOT BET,C,✅ HIT,63.34,0.5992477957516941,0.5580890488862951,0.4745136763108522,0.4925952315702933,0.49407702047654983,0.5602439024390244,1.0,0.996
AI Picks by Srini underdog - March 12 2026.csv,184,625,Cade Cunningham,TOV,OVER,62.4%,BET WITH CAUTION,A,✅ HIT,59.8,0.6407860748836646,0.5580247101391808,0.59583830803343,0.6088002636783125,0.5894404591104735,0.45889526542324244,1.0,0.9956
AI Picks by Srini underdog - March 10 2026.csv,149,626,Immanuel Quickley,FTM,UNDER,60.60%,BET WITH CAUTION,B,❌ MISS,62.18,0.6126451950895891,0.5579288569270685,0.5145057766367137,0.5557229965156795,0.5894404591104735,0.4679442508710801,1.0,0.9898
AI Picks by Srini underdog - March 12 2026.csv,131,627,Bam Adebayo,FTM,UNDER,61.3%,BET WITH CAUTION,B,❌ MISS,61.82,0.6165692659374404,0.5577272094002503,0.5145057766367137,0.5557229965156795,0.5894404591104735,0.48343495934959346,1.0,0.9897
AI Picks by Srini underdog - March 14 2026.csv,90,628,Stephon Castle,3PM,UNDER,59.8%,DO NOT BET,S,✅ HIT,61.51,0.6197974514068243,0.5574554993743618,0.5747041267881033,0.5869918699186992,0.49407702047654983,0.5273835920177383,1.0,0.9814
AI Picks by Srini underdog - March 12 2026.csv,130,629,Victor Wembanyama,3PM,UNDER,60.5%,BET WITH CAUTION,S,NO GAME,61.87,0.6154688430525036,0.5573941975219749,0.5747041267881033,0.5869918699186992,0.5894404591104735,0.3382113821138211,1.0,0.9967
AI Picks by Srini underdog - March 12 2026.csv,135,630,VJ Edgecombe,PR,UNDER,65.4%,STRONG BET,D,✅ HIT,61.63,0.6181351187554718,0.5572924143436232,0.4622014406672564,0.4584602067315036,0.5899154143056583,0.5840975609756097,1.0,0.9824
AI Picks by Srini underdog - March 13 2026.csv,127,631,James Harden,TOV,OVER,62.1%,BET WITH CAUTION,A,✅ HIT,60.41,0.6324585439067506,0.5572754235667758,0.59583830803343,0.6088002636783125,0.5894404591104735,0.39101995565410197,1.0,0.9852
AI Picks by Srini underdog - March 10 2026.csv,183,632,Jerami Grant,3PM,UNDER,59.70%,DO NOT BET,S,❌ MISS,60.82,0.6276243361074896,0.5572677450721113,0.5747041267881033,0.5869918699186992,0.49407702047654983,0.6001524390243902,1.0,0.9992
AI Picks by Srini underdog - March 10 2026.csv,181,633,Deni Avdija,3PA,OVER,60.80%,BET WITH CAUTION,B,✅ HIT,60.9,0.6263317489591876,0.5570391842208087,0.5765635645183267,0.5557229965156795,0.5894404591104735,0.4724442138038401,1.0,0.9927
AI Picks by Srini underdog - March 14 2026.csv,92,634,Darius Garland,REB,UNDER,58.8%,DO NOT BET,B,❌ MISS,61.48,0.6194912377118861,0.5570271026744918,0.5620746167935988,0.5557229965156795,0.49407702047654983,0.6147531231409875,1.0,0.9941
AI Picks by Srini underdog - March 14 2026.csv,122,635,Alex Sarr,BLK,UNDER,57.4%,BET WITH CAUTION,S,✅ HIT,59.98,0.6368166688007487,0.5568207429742462,0.644579945799458,0.5869918699186992,0.5894404591104735,0.5227380015735641,1.0,0.9859
AI Picks by Srini underdog - March 11 2026.csv,96,636,Bennedict Mathurin,3PM,UNDER,60.10%,BET WITH CAUTION,S,❌ MISS,60.63,0.629136878282856,0.556798298097752,0.5747041267881033,0.5869918699186992,0.5894404591104735,0.4934417344173441,1.0,0.9868
AI Picks by Srini underdog - March 13 2026.csv,75,637,Amen Thompson,PA,UNDER,65.2%,STRONG BET,D,❌ MISS,63.65,0.5934008628757855,0.5566585730979424,0.4054911368785819,0.4584602067315036,0.5899154143056583,0.4609756097560975,1.0,0.9744
AI Picks by Srini underdog - March 12 2026.csv,185,638,Giannis Antetokounmpo,TOV,UNDER,60.4%,BET WITH CAUTION,A,✅ HIT,59.78,0.6388912888706606,0.5566401940319547,0.59583830803343,0.6088002636783125,0.5894404591104735,0.5149974052932018,1.0,0.9815
AI Picks by Srini underdog - March 11 2026.csv,94,639,Darius Garland,3PM,UNDER,59.20%,DO NOT BET,S,❌ MISS,60.75,0.6272294045191494,0.5564758713439832,0.5747041267881033,0.5869918699186992,0.49407702047654983,0.6147531231409875,1.0,0.9961
AI Picks by Srini underdog - March 10 2026.csv,163,640,Jayson Tatum,FTM,UNDER,60.70%,BET WITH CAUTION,B,✅ HIT,61.49,0.6183026534713157,0.5563309755175079,0.5145057766367137,0.5557229965156795,0.5894404591104735,0.5334688346883468,1.0,0.9651
AI Picks by Srini underdog - March 10 2026.csv,184,641,VJ Edgecombe,STL,UNDER,57.40%,DO NOT BET,A,❌ MISS,60.79,0.6264827664125823,0.5562963669722615,0.6067636810821889,0.6088002636783125,0.49407702047654983,0.5840975609756097,1.0,0.9843
AI Picks by Srini underdog - March 15 2026.csv,91,642,Russell Westbrook,PTS,UNDER,65.2%,STRONG BET,D,NO GAME,61.02,0.6237200057561829,0.5562589823314963,0.4830232333943893,0.4584602067315036,0.5899154143056583,0.6045528455284552,1.0,0.9835
AI Picks by Srini underdog - March 10 2026.csv,170,643,Tyler Herro,REB,UNDER,59.60%,DO NOT BET,B,NO GAME,61.3,0.619902917267706,0.555918547596814,0.5620746167935988,0.5557229965156795,0.49407702047654983,0.591869918699187,1.0,0.9937
AI Picks by Srini underdog - March 15 2026.csv,113,644,Andrew Nembhard,TOV,UNDER,60.6%,BET WITH CAUTION,A,NO GAME,59.84,0.6369428121994336,0.5558323997919774,0.59583830803343,0.6088002636783125,0.5894404591104735,0.5093126385809312,1.0,0.9403
AI Picks by Srini underdog - March 11 2026.csv,100,645,Kawhi Leonard,FTM,OVER,61.10%,BET WITH CAUTION,B,✅ HIT,60.37,0.630697890077528,0.5558251881802343,0.5145057766367137,0.5557229965156795,0.5894404591104735,0.633921200750469,1.0,0.9849
AI Picks by Srini underdog - March 13 2026.csv,93,646,Anthony Edwards,FGA,UNDER,63.1%,DO NOT BET,D,❌ MISS,62.53,0.6051289055502583,0.5557191097050383,0.4736390243902439,0.4584602067315036,0.49407702047654983,0.6243163340724316,1.0,0.9825
AI Picks by Srini underdog - March 10 2026.csv,177,647,Jerami Grant,3PA,UNDER,59.50%,DO NOT BET,B,✅ HIT,60.96,0.6234339588451718,0.5556143362430188,0.5765635645183267,0.5557229965156795,0.49407702047654983,0.6001524390243902,1.0,0.9966
AI Picks by Srini underdog - March 11 2026.csv,64,648,Kawhi Leonard,PR,UNDER,63.50%,DO NOT BET,D,❌ MISS,62.46,0.6055968754734646,0.5554881219594154,0.4622014406672564,0.4584602067315036,0.49407702047654983,0.633921200750469,1.0,0.9912
AI Picks by Srini underdog - March 15 2026.csv,85,649,Jaden McDaniels,REB,OVER,61.8%,DO NOT BET,B,❌ MISS,61.11,0.6212956125663982,0.5553712001526165,0.5620746167935988,0.5557229965156795,0.49407702047654983,0.5306468716861081,1.0,0.9944
AI Picks by Srini underdog - March 15 2026.csv,102,650,James Harden,TOV,OVER,61.9%,BET WITH CAUTION,A,✅ HIT,60.26,0.6312185439067506,0.5553226345759753,0.59583830803343,0.6088002636783125,0.5894404591104735,0.39101995565410197,1.0,0.974
AI Picks by Srini underdog - March 13 2026.csv,98,651,RJ Barrett,FTM,UNDER,60.1%,BET WITH CAUTION,B,✅ HIT,62.15,0.608950817542787,0.555298153723487,0.5145057766367137,0.5557229965156795,0.5894404591104735,0.4441504754030591,1.0,0.9975
AI Picks by Srini underdog - March 12 2026.csv,208,652,VJ Edgecombe,STL,UNDER,60.1%,BET WITH CAUTION,A,✅ HIT,58.89,0.647266379048653,0.5552797213022327,0.6067636810821889,0.6088002636783125,0.5894404591104735,0.5840975609756097,1.0,0.9875
AI Picks by Srini underdog - March 15 2026.csv,81,653,OG Anunoby,STL,UNDER,59.9%,DO NOT BET,A,✅ HIT,61.4,0.6174227664125822,0.5550709755348506,0.6067636810821889,0.6088002636783125,0.49407702047654983,0.4040975609756097,1.0,0.9931
AI Picks by Srini underdog - March 12 2026.csv,175,654,Khris Middleton,3PM,OVER,60.8%,BET WITH CAUTION,S,✅ HIT,60.0,0.6337850219142922,0.5550030776968229,0.5747041267881033,0.5869918699186992,0.5894404591104735,0.5170731707317073,1.0,0.9849
AI Picks by Srini underdog - March 12 2026.csv,199,655,Austin Reaves,TOV,UNDER,60.3%,BET WITH CAUTION,A,❌ MISS,59.21,0.6429366080195966,0.5549118533137207,0.59583830803343,0.6088002636783125,0.5894404591104735,0.5575505967825636,1.0,0.9841
AI Picks by Srini underdog - March 13 2026.csv,74,656,Scottie Barnes,PTS,UNDER,60.7%,DO NOT BET,D,✅ HIT,63.65,0.5906392640376529,0.5548635338531562,0.4830232333943893,0.4584602067315036,0.49407702047654983,0.5424015009380863,1.0,0.9822
AI Picks by Srini underdog - March 10 2026.csv,102,657,Cooper Flagg,FGA,OVER,61.80%,DO NOT BET,D,❌ MISS,64.47,0.5808339606983624,0.5547591998323276,0.4736390243902439,0.4584602067315036,0.49407702047654983,0.4270168855534709,1.0,0.9796
AI Picks by Srini underdog - March 14 2026.csv,93,658,Paolo Banchero,PR,UNDER,65.6%,STRONG BET,D,❌ MISS,61.46,0.6162304223361671,0.5547546674815012,0.4622014406672564,0.4584602067315036,0.5899154143056583,0.5575505967825636,1.0,0.9838
AI Picks by Srini underdog - March 14 2026.csv,70,659,Bennedict Mathurin,AST,OVER,64.4%,DO NOT BET,C,❌ MISS,62.75,0.601037578949526,0.55474170460107,0.4745136763108522,0.4925952315702933,0.49407702047654983,0.4934417344173441,1.0,0.9886
AI Picks by Srini underdog - March 11 2026.csv,67,660,Miles Bridges,PR,OVER,63.40%,DO NOT BET,D,✅ HIT,62.31,0.6060371770012051,0.5546275289616461,0.4622014406672564,0.4584602067315036,0.49407702047654983,0.6501742160278745,1.0,0.9742999999999999
AI Picks by Srini underdog - March 12 2026.csv,114,661,Dyson Daniels,PRA,OVER,64.8%,DO NOT BET,D,NO GAME,62.83,0.5995359035793295,0.5543772364055358,0.4730352303523035,0.4584602067315036,0.49407702047654983,0.5102439024390244,1.0,0.9856
AI Picks by Srini underdog - March 12 2026.csv,132,662,Derrick White,PTS,OVER,63.2%,DO NOT BET,D,NO GAME,61.78,0.6118198863015679,0.5543343022393864,0.4830232333943893,0.4584602067315036,0.49407702047654983,0.6723577235772358,1.0,0.9759
AI Picks by Srini underdog - March 14 2026.csv,129,663,Jaime Jaquez Jr.,FTM,UNDER,63.8%,BET,B,❌ MISS,59.82,0.6348372209053761,0.5543108602520667,0.5145057766367137,0.5557229965156795,0.5910811794685111,0.5787456445993031,1.0,0.9905
AI Picks by Srini underdog - March 10 2026.csv,190,664,Anthony Edwards,3PM,UNDER,59.30%,DO NOT BET,S,✅ HIT,60.34,0.6286807256122937,0.554284673479672,0.5747041267881033,0.5869918699186992,0.49407702047654983,0.6243163340724316,1.0,0.9992
AI Picks by Srini underdog - March 15 2026.csv,76,665,Quentin Grimes,AST,UNDER,63.1%,DO NOT BET,C,✅ HIT,61.93,0.6095964439094522,0.5540358536753118,0.4745136763108522,0.4925952315702933,0.49407702047654983,0.6213803840166061,1.0,0.9923
AI Picks by Srini underdog - March 10 2026.csv,134,666,Anthony Edwards,PR,UNDER,61.70%,DO NOT BET,D,✅ HIT,62.99,0.5970513888056609,0.5539855433928387,0.4622014406672564,0.4584602067315036,0.49407702047654983,0.6243163340724316,1.0,0.9619
AI Picks by Srini underdog - March 13 2026.csv,116,667,Naz Reid,REB,UNDER,60.8%,DO NOT BET,B,✅ HIT,61.18,0.6176881205197385,0.5535614985179946,0.5620746167935988,0.5557229965156795,0.49407702047654983,0.5301219512195121,1.0,0.9913
AI Picks by Srini underdog - March 10 2026.csv,146,668,Russell Westbrook,AST,UNDER,62.20%,DO NOT BET,C,❌ MISS,62.26,0.6049336900606372,0.5535279994533434,0.4745136763108522,0.4925952315702933,0.49407702047654983,0.6045528455284552,1.0,0.9939
AI Picks by Srini underdog - March 10 2026.csv,114,669,Reed Sheppard,AST,OVER,58.90%,DO NOT BET,C,❌ MISS,63.89,0.5857202889766263,0.55350106244877,0.4745136763108522,0.4925952315702933,0.49407702047654983,0.5334688346883468,1.0,0.9762
AI Picks by Srini underdog - March 13 2026.csv,70,670,RJ Barrett,PA,UNDER,64.7%,DO NOT BET,D,❌ MISS,64.49,0.5785127421809887,0.553403312994808,0.4054911368785819,0.4584602067315036,0.49407702047654983,0.4441504754030591,1.0,0.9742999999999999
AI Picks by Srini underdog - March 12 2026.csv,143,671,Nikola Jokić,TOV,UNDER,59.8%,DO NOT BET,A,✅ HIT,61.24,0.6164799320919001,0.55323489163622,0.59583830803343,0.6088002636783125,0.49407702047654983,0.4297199638663053,1.0,0.9735
AI Picks by Srini underdog - March 12 2026.csv,123,672,Shai Gilgeous-Alexander,3PA,UNDER,59.0%,DO NOT BET,B,❌ MISS,62.31,0.6038431308605763,0.5532013989702373,0.5765635645183267,0.5557229965156795,0.49407702047654983,0.42644415917843387,1.0,0.9862
AI Picks by Srini underdog - March 15 2026.csv,83,673,Julius Randle,FTM,UNDER,59.9%,DO NOT BET,B,❌ MISS,61.38,0.6146878706659961,0.5531403881007962,0.5145057766367137,0.5557229965156795,0.49407702047654983,0.6265071329958583,1.0,0.99
AI Picks by Srini underdog - March 9 2026.csv,23,674,Darius Garland,3PA,OVER,59.60%,DO NOT BET,B,✅ HIT,60.49,0.6250290272568317,0.5530578585394224,0.5765635645183267,0.5557229965156795,0.49407702047654983,0.6147531231409875,1.0,0.9925
AI Picks by Srini underdog - March 10 2026.csv,127,675,Amen Thompson,AST,UNDER,62.80%,DO NOT BET,C,❌ MISS,63.28,0.5920909664834014,0.5529783942655845,0.4745136763108522,0.4925952315702933,0.49407702047654983,0.4609756097560975,1.0,0.9834
AI Picks by Srini underdog - March 14 2026.csv,131,676,Kawhi Leonard,FTM,OVER,61.8%,BET WITH CAUTION,B,❌ MISS,59.77,0.633107890077528,0.5528045322170319,0.5145057766367137,0.5557229965156795,0.5894404591104735,0.633921200750469,1.0,0.9855
AI Picks by Srini underdog - March 11 2026.csv,112,677,Julius Randle,TOV,UNDER,58.60%,DO NOT BET,A,✅ HIT,59.73,0.6329786490048553,0.5524147151222477,0.59583830803343,0.6088002636783125,0.49407702047654983,0.6265071329958583,1.0,0.9915
AI Picks by Srini underdog - March 13 2026.csv,120,678,Kevin Durant,3PM,UNDER,60.2%,BET WITH CAUTION,S,❌ MISS,60.72,0.6211521498386327,0.5522962980034872,0.5747041267881033,0.5869918699186992,0.5894404591104735,0.41234444997511194,1.0,0.9825
AI Picks by Srini underdog - March 11 2026.csv,77,679,Paolo Banchero,TOV,OVER,55.40%,DO NOT BET,A,❌ MISS,61.25,0.6148029953835259,0.5522213353751634,0.59583830803343,0.6088002636783125,0.49407702047654983,0.5575505967825636,1.0,0.9835
AI Picks by Srini underdog - March 14 2026.csv,130,680,Onyeka Okongwu,3PA,UNDER,59.4%,DO NOT BET,B,✅ HIT,59.8,0.63181050936782,0.5521905925538818,0.5765635645183267,0.5557229965156795,0.49407702047654983,0.691567944250871,1.0,0.9881
AI Picks by Srini underdog - March 14 2026.csv,121,681,Austin Reaves,REB,OVER,63.1%,DO NOT BET,B,✅ HIT,60.04,0.6285959850760438,0.5519360141495082,0.5620746167935988,0.5557229965156795,0.49407702047654983,0.5575505967825636,1.0,0.9982
AI Picks by Srini underdog - March 10 2026.csv,229,682,Derrick White,SB,UNDER,58.60%,DO NOT BET,A,✅ HIT,59.08,0.6398571776589984,0.5519163397873047,0.6069806560134566,0.6088002636783125,0.49407702047654983,0.6723577235772358,1.0,0.9928
AI Picks by Srini underdog - March 13 2026.csv,79,683,RJ Barrett,PRA,UNDER,64.2%,DO NOT BET,D,❌ MISS,63.26,0.590681560875733,0.5519093754218266,0.4730352303523035,0.4584602067315036,0.49407702047654983,0.4441504754030591,1.0,0.9815
AI Picks by Srini underdog - March 12 2026.csv,148,684,Austin Reaves,3PA,UNDER,59.0%,DO NOT BET,B,❌ MISS,60.98,0.6174287746209892,0.5518638716960734,0.5765635645183267,0.5557229965156795,0.49407702047654983,0.5575505967825636,1.0,0.9957
AI Picks by Srini underdog - March 15 2026.csv,55,685,Shai Gilgeous-Alexander,PTS,UNDER,63.2%,DO NOT BET,D,✅ HIT,63.56,0.5870135298616876,0.5518187332442984,0.4830232333943893,0.4584602067315036,0.49407702047654983,0.42644415917843387,1.0,0.9716
AI Picks by Srini underdog - March 10 2026.csv,175,686,LeBron James,PRA,OVER,66.70%,STRONG BET,D,NO GAME,61.17,0.6144134485081992,0.5513565091111075,0.4730352303523035,0.4584602067315036,0.5899154143056583,0.4779132791327913,1.0,0.9886
AI Picks by Srini underdog - March 14 2026.csv,139,687,Jalen Suggs,3PA,UNDER,61.4%,BET WITH CAUTION,B,❌ MISS,59.59,0.632417068108124,0.5509793511479586,0.5765635645183267,0.5557229965156795,0.5894404591104735,0.5149974052932018,1.0,0.9885
AI Picks by Srini underdog - March 13 2026.csv,104,688,Kawhi Leonard,PTS,UNDER,63.0%,DO NOT BET,D,✅ HIT,61.67,0.6079012340188912,0.5509461996623927,0.4830232333943893,0.4584602067315036,0.49407702047654983,0.633921200750469,1.0,0.988
AI Picks by Srini underdog - March 13 2026.csv,133,689,Jerami Grant,3PM,UNDER,59.2%,DO NOT BET,S,✅ HIT,60.18,0.6252043361074897,0.550801778711362,0.5747041267881033,0.5869918699186992,0.49407702047654983,0.6001524390243902,1.0,0.9848
AI Picks by Srini underdog - March 10 2026.csv,203,690,Michael Porter Jr.,TOV,UNDER,59.80%,DO NOT BET,A,❌ MISS,60.0,0.6272974479003915,0.5507861545877875,0.59583830803343,0.6088002636783125,0.49407702047654983,0.5281951219512195,1.0,0.9929
AI Picks by Srini underdog - March 11 2026.csv,55,691,Jalen Suggs,PTS,UNDER,62.30%,DO NOT BET,D,✅ HIT,62.85,0.5935388544731643,0.5506320596853019,0.4830232333943893,0.4584602067315036,0.49407702047654983,0.5149974052932018,1.0,0.9862
AI Picks by Srini underdog - March 15 2026.csv,112,692,Brandin Podziemski,RA,UNDER,65.9%,BET WITH CAUTION,C,✅ HIT,59.86,0.6284208477960991,0.5504460281285835,0.5152613240418118,0.4925952315702933,0.5894404591104735,0.5261930010604453,1.0,0.9769
AI Picks by Srini underdog - March 13 2026.csv,107,693,Kawhi Leonard,PR,UNDER,64.6%,DO NOT BET,D,✅ HIT,61.43,0.6093718754734645,0.5500672542225843,0.4622014406672564,0.4584602067315036,0.49407702047654983,0.633921200750469,1.0,0.9919
AI Picks by Srini underdog - March 11 2026.csv,70,694,Trey Murphy III,AST,OVER,60.70%,DO NOT BET,C,❌ MISS,62.07,0.6016556938865577,0.5499447025518442,0.4745136763108522,0.4925952315702933,0.49407702047654983,0.6236728837876614,1.0,0.9921
AI Picks by Srini underdog - March 14 2026.csv,133,695,LeBron James,3PM,UNDER,60.4%,BET WITH CAUTION,S,✅ HIT,59.74,0.6290140327544005,0.5499141671588389,0.5747041267881033,0.5869918699186992,0.5894404591104735,0.4779132791327913,1.0,0.995
AI Picks by Srini underdog - March 10 2026.csv,145,696,Rudy Gobert,AST,UNDER,60.90%,DO NOT BET,C,❌ MISS,62.31,0.5986794009700718,0.5498449745414095,0.4745136763108522,0.4925952315702933,0.49407702047654983,0.586159954622802,1.0,0.994
AI Picks by Srini underdog - March 10 2026.csv,189,697,Giannis Antetokounmpo,FTM,OVER,61.50%,BET WITH CAUTION,B,❌ MISS,60.45,0.6202355105318014,0.5496362622706058,0.5145057766367137,0.5557229965156795,0.5894404591104735,0.5149974052932018,1.0,0.9863
AI Picks by Srini underdog - March 12 2026.csv,137,698,Josh Giddey,FTM,UNDER,60.8%,BET WITH CAUTION,B,✅ HIT,61.53,0.607505526100042,0.5496186531237268,0.5145057766367137,0.5557229965156795,0.5894404591104735,0.42409756097560974,1.0,0.9611
AI Picks by Srini underdog - March 11 2026.csv,86,699,Karl-Anthony Towns,3PM,UNDER,59.00%,DO NOT BET,S,❌ MISS,60.93,0.6145177620859354,0.549589450551355,0.5747041267881033,0.5869918699186992,0.49407702047654983,0.49313669880884853,1.0,0.9987
AI Picks by Srini underdog - March 12 2026.csv,140,700,De'Aaron Fox,PTS,OVER,62.8%,DO NOT BET,D,✅ HIT,61.45,0.6083292765454703,0.5495424701181615,0.4830232333943893,0.4584602067315036,0.49407702047654983,0.6501016260162601,1.0,0.9778
AI Picks by Srini underdog - March 12 2026.csv,149,701,Luka Dončić,STL,UNDER,59.4%,DO NOT BET,A,❌ MISS,60.93,0.6142385450242145,0.5494079594612363,0.6067636810821889,0.6088002636783125,0.49407702047654983,0.3885553470919324,1.0,0.9945
AI Picks by Srini underdog - March 10 2026.csv,210,702,Russell Westbrook,3PM,OVER,59.90%,DO NOT BET,S,✅ HIT,59.69,0.6284993767578961,0.5491973777641774,0.5747041267881033,0.5869918699186992,0.49407702047654983,0.6045528455284552,1.0,0.9943
AI Picks by Srini underdog - March 12 2026.csv,155,703,Victor Wembanyama,3PA,UNDER,61.6%,BET WITH CAUTION,B,NO GAME,60.7,0.6155384657901859,0.5484944981732235,0.5765635645183267,0.5557229965156795,0.5894404591104735,0.3382113821138211,1.0,0.9909
AI Picks by Srini underdog - March 10 2026.csv,232,704,De'Aaron Fox,FTM,UNDER,62.10%,BET WITH CAUTION,B,✅ HIT,58.91,0.6364159326041071,0.5483798363120512,0.5145057766367137,0.5557229965156795,0.5894404591104735,0.6501016260162601,1.0,0.9989
AI Picks by Srini underdog - March 15 2026.csv,62,705,RJ Barrett,AST,UNDER,62.2%,DO NOT BET,C,✅ HIT,62.95,0.5883534530480976,0.5480260747528756,0.4745136763108522,0.4925952315702933,0.49407702047654983,0.4441504754030591,1.0,0.9831
AI Picks by Srini underdog - March 13 2026.csv,122,706,Josh Giddey,REB,OVER,63.2%,DO NOT BET,B,✅ HIT,60.63,0.6155906814953483,0.5479932701858721,0.5620746167935988,0.5557229965156795,0.49407702047654983,0.42409756097560974,1.0,0.9982
AI Picks by Srini underdog - March 15 2026.csv,84,707,Anthony Edwards,RA,UNDER,60.5%,DO NOT BET,C,❌ MISS,61.16,0.6092395684612267,0.5479170344811886,0.5152613240418118,0.4925952315702933,0.49407702047654983,0.6243163340724316,1.0,0.9931
AI Picks by Srini underdog - March 15 2026.csv,80,708,VJ Edgecombe,AST,UNDER,62.8%,DO NOT BET,C,✅ HIT,61.54,0.6046031616053527,0.5478085688015654,0.4745136763108522,0.4925952315702933,0.49407702047654983,0.5840975609756097,1.0,0.9874
AI Picks by Srini underdog - March 13 2026.csv,138,709,Draymond Green,3PM,UNDER,59.2%,DO NOT BET,S,NO GAME,60.06,0.621788482448953,0.5476640426406727,0.5747041267881033,0.5869918699186992,0.49407702047654983,0.5602439024390244,1.0,0.9963
AI Picks by Srini underdog - March 10 2026.csv,212,710,Jalen Green,3PA,UNDER,60.90%,BET WITH CAUTION,B,❌ MISS,59.64,0.626615823513763,0.5475908051585574,0.5765635645183267,0.5557229965156795,0.5894404591104735,0.48343495934959346,1.0,0.9696
AI Picks by Srini underdog - March 10 2026.csv,258,711,Alex Sarr,BLK,UNDER,58.70%,BET WITH CAUTION,S,❌ MISS,58.33,0.6417116688007488,0.5473878140754392,0.644579945799458,0.5869918699186992,0.5894404591104735,0.5227380015735641,1.0,0.9954
AI Picks by Srini underdog - March 10 2026.csv,187,712,Stephon Castle,REB,UNDER,60.10%,DO NOT BET,B,❌ MISS,60.57,0.6151492845995612,0.5472476466072902,0.5620746167935988,0.5557229965156795,0.49407702047654983,0.5273835920177383,1.0,0.9936
AI Picks by Srini underdog - March 15 2026.csv,87,713,Scoot Henderson,3PA,OVER,57.9%,DO NOT BET,B,❌ MISS,61.1,0.6085210320159036,0.5469912701954083,0.5765635645183267,0.5557229965156795,0.49407702047654983,0.5170731707317073,1.0,0.9733
AI Picks by Srini underdog - March 11 2026.csv,136,714,Ace Bailey,3PA,UNDER,60.90%,BET WITH CAUTION,B,❌ MISS,58.6,0.637586892038734,0.5467709293635707,0.5765635645183267,0.5557229965156795,0.5894404591104735,0.5787456445993031,1.0,0.9984
AI Picks by Srini underdog - March 14 2026.csv,82,715,Tyler Herro,PTS,UNDER,61.0%,DO NOT BET,D,✅ HIT,62.01,0.597441105813763,0.5467465047082074,0.4830232333943893,0.4584602067315036,0.49407702047654983,0.591869918699187,1.0,0.9989
AI Picks by Srini underdog - March 10 2026.csv,233,716,Kristaps Porziņģis,3PM,OVER,58.70%,DO NOT BET,S,✅ HIT,58.89,0.6340828539311294,0.5467104299758423,0.5747041267881033,0.5869918699186992,0.49407702047654983,0.7001876172607879,1.0,0.9963
AI Picks by Srini underdog - March 10 2026.csv,147,717,Rudy Gobert,PR,UNDER,61.60%,DO NOT BET,D,✅ HIT,62.24,0.5945407508606979,0.5466196837746096,0.4622014406672564,0.4584602067315036,0.49407702047654983,0.586159954622802,1.0,0.9948
AI Picks by Srini underdog - March 11 2026.csv,88,718,Karl-Anthony Towns,REB,UNDER,59.60%,DO NOT BET,B,✅ HIT,60.91,0.6099795952786721,0.5464867369278603,0.5620746167935988,0.5557229965156795,0.49407702047654983,0.49313669880884853,1.0,0.9927
AI Picks by Srini underdog - March 13 2026.csv,128,719,Josh Giddey,RA,OVER,65.0%,BET WITH CAUTION,C,✅ HIT,60.37,0.6156113037876155,0.5460189070917914,0.5152613240418118,0.4925952315702933,0.5894404591104735,0.42409756097560974,1.0,0.9861
AI Picks by Srini underdog - March 11 2026.csv,62,720,Amen Thompson,AST,UNDER,62.00%,DO NOT BET,C,✅ HIT,62.55,0.5899659664834014,0.5460161045103546,0.4745136763108522,0.4925952315702933,0.49407702047654983,0.4609756097560975,1.0,0.9953
AI Picks by Srini underdog - March 13 2026.csv,87,721,Jalen Brunson,AST,UNDER,63.2%,DO NOT BET,C,❌ MISS,62.97,0.5849015355890925,0.5459352336032958,0.4745136763108522,0.4925952315702933,0.49407702047654983,0.3700813008130081,1.0,0.9942
AI Picks by Srini underdog - March 12 2026.csv,139,722,Jalen Duren,AST,OVER,61.7%,DO NOT BET,C,✅ HIT,61.46,0.6026215894234146,0.545908926088212,0.4745136763108522,0.4925952315702933,0.49407702047654983,0.6001318391562294,1.0,0.9905
AI Picks by Srini underdog - March 15 2026.csv,82,723,OG Anunoby,PRA,OVER,65.5%,STRONG BET,D,❌ MISS,61.4,0.6032668766924812,0.545869647216785,0.4730352303523035,0.4584602067315036,0.5899154143056583,0.4040975609756097,1.0,0.9949
AI Picks by Srini underdog - March 10 2026.csv,157,724,Kyle Kuzma,PRA,OVER,64.40%,DO NOT BET,D,✅ HIT,61.76,0.5989953134927837,0.5458454247149032,0.4730352303523035,0.4584602067315036,0.49407702047654983,0.5227380015735641,1.0,0.977
AI Picks by Srini underdog - March 12 2026.csv,142,725,Shai Gilgeous-Alexander,3PM,UNDER,58.3%,DO NOT BET,S,❌ MISS,61.24,0.605103508122894,0.545840216056366,0.5747041267881033,0.5869918699186992,0.49407702047654983,0.42644415917843387,1.0,0.9914
AI Picks by Srini underdog - March 10 2026.csv,126,726,Luka Dončić,PTS,UNDER,62.10%,DO NOT BET,D,✅ HIT,63.31,0.5807296486530376,0.5458228954740082,0.4830232333943893,0.4584602067315036,0.49407702047654983,0.3885553470919324,1.0,0.9965
AI Picks by Srini underdog - March 13 2026.csv,129,727,Jrue Holiday,REB,OVER,61.8%,DO NOT BET,B,✅ HIT,60.35,0.6153928766172996,0.5457240242323125,0.5620746167935988,0.5557229965156795,0.49407702047654983,0.4712195121951219,1.0,0.9952
AI Picks by Srini underdog - March 13 2026.csv,123,728,Brandon Ingram,RA,UNDER,63.3%,DO NOT BET,C,✅ HIT,60.62,0.6121828944035771,0.545701755976834,0.5152613240418118,0.4925952315702933,0.49407702047654983,0.5593495934959349,1.0,0.9915
AI Picks by Srini underdog - March 15 2026.csv,140,729,Brandin Podziemski,3PM,UNDER,61.4%,BET WITH CAUTION,S,✅ HIT,58.46,0.637372004947166,0.5455609163626376,0.5747041267881033,0.5869918699186992,0.5894404591104735,0.5261930010604453,1.0,0.9976
AI Picks by Srini underdog - March 11 2026.csv,107,730,LaMelo Ball,FTM,UNDER,60.30%,BET WITH CAUTION,B,❌ MISS,59.97,0.6195855261000421,0.5455440476194002,0.5145057766367137,0.5557229965156795,0.5894404591104735,0.5640975609756097,1.0,0.9567
AI Picks by Srini underdog - March 13 2026.csv,146,731,Kawhi Leonard,3PM,UNDER,57.0%,DO NOT BET,S,✅ HIT,59.78,0.6216862122800975,0.5454568942480886,0.5747041267881033,0.5869918699186992,0.49407702047654983,0.633921200750469,1.0,0.9965
AI Picks by Srini underdog - March 15 2026.csv,75,732,James Harden,RA,OVER,63.4%,DO NOT BET,C,❌ MISS,61.98,0.5955599306193937,0.5452943830337073,0.5152613240418118,0.4925952315702933,0.49407702047654983,0.39101995565410197,1.0,0.9889
AI Picks by Srini underdog - March 14 2026.csv,142,733,Desmond Bane,3PA,UNDER,59.0%,DO NOT BET,B,✅ HIT,59.44,0.6251471395320808,0.5451071085827297,0.5765635645183267,0.5557229965156795,0.49407702047654983,0.6368342458934793,1.0,0.9915
AI Picks by Srini underdog - March 10 2026.csv,216,734,Draymond Green,3PM,UNDER,59.80%,DO NOT BET,S,❌ MISS,59.54,0.6237284824489531,0.5449495074725639,0.5747041267881033,0.5869918699186992,0.49407702047654983,0.5602439024390244,1.0,0.9943
AI Picks by Srini underdog - March 15 2026.csv,94,735,Karl-Anthony Towns,REB,UNDER,59.9%,DO NOT BET,B,✅ HIT,60.62,0.6110245952786721,0.5449488615456458,0.5620746167935988,0.5557229965156795,0.49407702047654983,0.49313669880884853,1.0,0.9932
AI Picks by Srini underdog - March 14 2026.csv,79,736,Tyler Herro,FGA,UNDER,60.7%,DO NOT BET,D,✅ HIT,62.06,0.5938792640129339,0.5448135705346021,0.4736390243902439,0.4584602067315036,0.49407702047654983,0.591869918699187,1.0,0.9856
AI Picks by Srini underdog - March 12 2026.csv,110,737,Shai Gilgeous-Alexander,PRA,UNDER,61.6%,DO NOT BET,D,❌ MISS,63.16,0.5809009292532705,0.5447874388733589,0.4730352303523035,0.4584602067315036,0.49407702047654983,0.42644415917843387,1.0,0.9981
AI Picks by Srini underdog - March 9 2026.csv,25,738,Darius Garland,REB,UNDER,57.20%,DO NOT BET,B,✅ HIT,60.35,0.6138112377118861,0.5446959589437937,0.5620746167935988,0.5557229965156795,0.49407702047654983,0.6147531231409875,1.0,0.9893
AI Picks by Srini underdog - March 14 2026.csv,144,739,Miles Bridges,PR,OVER,65.6%,STRONG BET,D,✅ HIT,59.37,0.6252077842606982,0.5446113594606241,0.4622014406672564,0.4584602067315036,0.5899154143056583,0.6501742160278745,1.0,0.9781
AI Picks by Srini underdog - March 11 2026.csv,103,740,Ace Bailey,REB,UNDER,58.50%,DO NOT BET,B,✅ HIT,60.25,0.6148454898577176,0.5446036968447171,0.5620746167935988,0.5557229965156795,0.49407702047654983,0.5787456445993031,1.0,0.9936
AI Picks by Srini underdog - March 15 2026.csv,72,741,James Harden,PA,OVER,66.8%,STRONG BET,D,❌ MISS,62.11,0.5929052974655861,0.5445627552757595,0.4054911368785819,0.4584602067315036,0.5899154143056583,0.39101995565410197,1.0,0.9956
AI Picks by Srini underdog - March 11 2026.csv,75,742,Jamal Murray,AST,OVER,63.20%,DO NOT BET,C,❌ MISS,61.5,0.6000485681094176,0.5445422726316608,0.4745136763108522,0.4925952315702933,0.49407702047654983,0.5251016260162601,1.0,0.9871
AI Picks by Srini underdog - March 10 2026.csv,204,743,VJ Edgecombe,3PA,UNDER,58.30%,DO NOT BET,B,✅ HIT,59.98,0.6178884710402938,0.5445174144299505,0.5765635645183267,0.5557229965156795,0.49407702047654983,0.5840975609756097,1.0,0.9994
AI Picks by Srini underdog - March 15 2026.csv,127,744,Brandin Podziemski,REB,UNDER,63.4%,DO NOT BET,B,✅ HIT,59.26,0.6262252255038319,0.5444317176754072,0.5620746167935988,0.5557229965156795,0.49407702047654983,0.5261930010604453,1.0,0.9931
AI Picks by Srini underdog - March 14 2026.csv,105,745,Trae Young,PA,OVER,68.5%,STRONG BET,D,❌ MISS,60.72,0.6090412943954854,0.5444242419654415,0.4054911368785819,0.4584602067315036,0.5899154143056583,0.5078799249530956,1.0,0.969
AI Picks by Srini underdog - March 9 2026.csv,18,746,Karl-Anthony Towns,AST,UNDER,59.60%,DO NOT BET,C,❌ MISS,62.76,0.5847520753886765,0.5442325798859045,0.4745136763108522,0.4925952315702933,0.49407702047654983,0.49313669880884853,1.0,0.9899
AI Picks by Srini underdog - March 11 2026.csv,66,747,Nikola Jokić,PTS,OVER,63.40%,DO NOT BET,D,❌ MISS,62.37,0.5889811103304748,0.5439998012219918,0.4830232333943893,0.4584602067315036,0.49407702047654983,0.4297199638663053,1.0,0.9908
AI Picks by Srini underdog - March 9 2026.csv,27,748,Kawhi Leonard,REB,UNDER,58.10%,DO NOT BET,B,❌ MISS,59.81,0.6190330454728342,0.5439616936215277,0.5620746167935988,0.5557229965156795,0.49407702047654983,0.633921200750469,1.0,0.9942
AI Picks by Srini underdog - March 11 2026.csv,113,749,Amen Thompson,STL,UNDER,59.00%,DO NOT BET,A,✅ HIT,59.72,0.6199905712906311,0.5438960120086153,0.6067636810821889,0.6088002636783125,0.49407702047654983,0.4609756097560975,1.0,0.9919
AI Picks by Srini underdog - March 15 2026.csv,67,750,Cade Cunningham,AST,UNDER,61.4%,DO NOT BET,C,✅ HIT,62.5,0.587187932050116,0.5438281191317856,0.4745136763108522,0.4925952315702933,0.49407702047654983,0.45889526542324244,1.0,0.9847
AI Picks by Srini underdog - March 13 2026.csv,110,751,Ace Bailey,AST,OVER,61.6%,DO NOT BET,C,❌ MISS,61.42,0.599842969967722,0.5437970130444649,0.4745136763108522,0.4925952315702933,0.49407702047654983,0.5787456445993031,1.0,0.9845
AI Picks by Srini underdog - March 13 2026.csv,109,752,Naz Reid,RA,UNDER,60.5%,DO NOT BET,C,✅ HIT,61.43,0.5997001301759347,0.5437806197791899,0.5152613240418118,0.4925952315702933,0.49407702047654983,0.5301219512195121,1.0,0.9907
AI Picks by Srini underdog - March 11 2026.csv,93,753,OG Anunoby,3PM,UNDER,59.70%,DO NOT BET,S,❌ MISS,60.78,0.6073038483026115,0.5437536176013937,0.5747041267881033,0.5869918699186992,0.49407702047654983,0.4040975609756097,1.0,0.9849
AI Picks by Srini underdog - March 12 2026.csv,157,754,Luka Dončić,REB,OVER,62.3%,DO NOT BET,B,✅ HIT,60.64,0.6088564601069806,0.5436924788828197,0.5620746167935988,0.5557229965156795,0.49407702047654983,0.3885553470919324,1.0,0.9958
AI Picks by Srini underdog - March 10 2026.csv,169,755,Victor Wembanyama,FTM,UNDER,61.00%,BET WITH CAUTION,B,❌ MISS,61.34,0.5999869082138632,0.5432789521093632,0.5145057766367137,0.5557229965156795,0.5894404591104735,0.3382113821138211,1.0,0.9689
AI Picks by Srini underdog - March 14 2026.csv,99,756,Austin Reaves,FTM,UNDER,59.2%,DO NOT BET,B,✅ HIT,60.85,0.6056472170446666,0.5432119754794366,0.5145057766367137,0.5557229965156795,0.49407702047654983,0.5575505967825636,1.0,0.9947
AI Picks by Srini underdog - March 10 2026.csv,209,757,De'Aaron Fox,REB,UNDER,57.60%,DO NOT BET,B,✅ HIT,59.7,0.6189560879994134,0.5430706926705504,0.5620746167935988,0.5557229965156795,0.49407702047654983,0.6501016260162601,1.0,0.9943
AI Picks by Srini underdog - March 12 2026.csv,115,758,Shai Gilgeous-Alexander,FGA,UNDER,62.2%,DO NOT BET,D,✅ HIT,62.77,0.5827416880608586,0.5430022807222095,0.4736390243902439,0.4584602067315036,0.49407702047654983,0.42644415917843387,1.0,0.9917
AI Picks by Srini underdog - March 11 2026.csv,125,759,Desmond Bane,3PA,UNDER,58.70%,DO NOT BET,B,✅ HIT,59.26,0.6238471395320807,0.5428859617937689,0.5765635645183267,0.5557229965156795,0.49407702047654983,0.6368342458934793,1.0,0.9859
AI Picks by Srini underdog - March 10 2026.csv,180,760,Rudy Gobert,RA,UNDER,60.20%,DO NOT BET,C,❌ MISS,60.91,0.6043839305162637,0.5428495548322949,0.5152613240418118,0.4925952315702933,0.49407702047654983,0.586159954622802,1.0,0.9927
AI Picks by Srini underdog - March 10 2026.csv,144,761,Anthony Edwards,PA,UNDER,61.60%,DO NOT BET,D,✅ HIT,62.39,0.586779328047926,0.5427215479371084,0.4054911368785819,0.4584602067315036,0.49407702047654983,0.6243163340724316,1.0,0.9901
AI Picks by Srini underdog - March 10 2026.csv,130,762,Victor Wembanyama,PTS,UNDER,62.60%,DO NOT BET,D,❌ MISS,63.22,0.5769402521552264,0.5426717143559505,0.4830232333943893,0.4584602067315036,0.49407702047654983,0.3382113821138211,1.0,0.9874
AI Picks by Srini underdog - March 11 2026.csv,95,763,Jamal Murray,RA,OVER,62.70%,DO NOT BET,C,❌ MISS,60.69,0.6066930976556095,0.542668556286362,0.5152613240418118,0.4925952315702933,0.49407702047654983,0.5251016260162601,1.0,0.991
AI Picks by Srini underdog - March 11 2026.csv,127,764,Russell Westbrook,3PM,OVER,58.80%,DO NOT BET,S,✅ HIT,59.09,0.6248843767578961,0.5422604718009749,0.5747041267881033,0.5869918699186992,0.49407702047654983,0.6045528455284552,1.0,0.9968
AI Picks by Srini underdog - March 14 2026.csv,74,765,Jamal Murray,PRA,UNDER,60.7%,DO NOT BET,D,✅ HIT,62.24,0.5875366759370532,0.5420670350742405,0.4730352303523035,0.4584602067315036,0.49407702047654983,0.5251016260162601,1.0,0.9947
AI Picks by Srini underdog - March 15 2026.csv,95,766,Shai Gilgeous-Alexander,3PA,UNDER,59.6%,DO NOT BET,B,✅ HIT,60.62,0.6064481308605763,0.5419741596738834,0.5765635645183267,0.5557229965156795,0.49407702047654983,0.42644415917843387,1.0,0.9975
AI Picks by Srini underdog - March 14 2026.csv,107,767,Luka Dončić,TOV,UNDER,58.5%,DO NOT BET,A,❌ MISS,60.49,0.6077534704144627,0.5418287465918825,0.59583830803343,0.6088002636783125,0.49407702047654983,0.3885553470919324,1.0,0.9697
AI Picks by Srini underdog - March 13 2026.csv,91,768,RJ Barrett,PR,UNDER,62.3%,DO NOT BET,D,❌ MISS,62.73,0.5813048029387236,0.5417624949952748,0.4622014406672564,0.4584602067315036,0.49407702047654983,0.4441504754030591,1.0,0.9665
AI Picks by Srini underdog - March 10 2026.csv,239,769,Onyeka Okongwu,REB,OVER,59.30%,DO NOT BET,B,✅ HIT,58.7,0.6285877198228744,0.5416859934171292,0.5620746167935988,0.5557229965156795,0.49407702047654983,0.691567944250871,1.0,0.9884
AI Picks by Srini underdog - March 14 2026.csv,103,770,Luka Dončić,STL,UNDER,56.7%,DO NOT BET,A,✅ HIT,60.76,0.6042585450242145,0.5416212652716623,0.6067636810821889,0.6088002636783125,0.49407702047654983,0.3885553470919324,1.0,0.9785
AI Picks by Srini underdog - March 15 2026.csv,70,771,Scoot Henderson,AST,UNDER,59.0%,DO NOT BET,C,✅ HIT,62.37,0.5852307225809623,0.5415620491848085,0.4745136763108522,0.4925952315702933,0.49407702047654983,0.5170731707317073,1.0,0.9924
AI Picks by Srini underdog - March 13 2026.csv,117,772,Reed Sheppard,AST,UNDER,62.8%,DO NOT BET,C,✅ HIT,61.12,0.5998452889766264,0.5415049424186515,0.4745136763108522,0.4925952315702933,0.49407702047654983,0.5334688346883468,1.0,0.9935
AI Picks by Srini underdog - March 13 2026.csv,101,773,Evan Mobley,FTM,UNDER,58.5%,DO NOT BET,B,❌ MISS,61.79,0.5918343524883616,0.5414201578601889,0.5145057766367137,0.5557229965156795,0.49407702047654983,0.45512195121951216,1.0,0.9709
AI Picks by Srini underdog - March 13 2026.csv,97,774,Cooper Flagg,PR,UNDER,64.0%,DO NOT BET,D,❌ MISS,62.23,0.5861464439537648,0.5410869316857162,0.4622014406672564,0.4584602067315036,0.49407702047654983,0.4270168855534709,1.0,0.982
AI Picks by Srini underdog - March 10 2026.csv,211,775,Rudy Gobert,REB,UNDER,58.70%,DO NOT BET,B,❌ MISS,59.67,0.6162519208600675,0.5410836262318155,0.5620746167935988,0.5557229965156795,0.49407702047654983,0.586159954622802,1.0,0.9933
AI Picks by Srini underdog - March 11 2026.csv,81,776,Aaron Gordon,RA,OVER,62.10%,DO NOT BET,C,❌ MISS,61.12,0.5991747737031393,0.5410691074908849,0.5152613240418118,0.4925952315702933,0.49407702047654983,0.4694183864915572,1.0,0.9928
AI Picks by Srini underdog - March 12 2026.csv,205,777,Trae Young,TOV,OVER,59.6%,DO NOT BET,A,❌ MISS,59.04,0.6233309282005791,0.5408684672417853,0.59583830803343,0.6088002636783125,0.49407702047654983,0.5078799249530956,1.0,0.9678
AI Picks by Srini underdog - March 15 2026.csv,115,778,Andrew Nembhard,3PM,OVER,59.3%,DO NOT BET,S,NO GAME,59.6,0.6167353560631437,0.540862690918108,0.5747041267881033,0.5869918699186992,0.49407702047654983,0.5093126385809312,1.0,0.9903
AI Picks by Srini underdog - March 11 2026.csv,106,779,Reed Sheppard,3PA,OVER,58.00%,DO NOT BET,B,✅ HIT,60.05,0.6114305984115675,0.5408549654169854,0.5765635645183267,0.5557229965156795,0.49407702047654983,0.5334688346883468,1.0,0.9919
AI Picks by Srini underdog - March 10 2026.csv,213,780,Amen Thompson,STL,UNDER,58.20%,DO NOT BET,A,✅ HIT,59.59,0.616830571290631,0.540848128216588,0.6067636810821889,0.6088002636783125,0.49407702047654983,0.4609756097560975,1.0,0.9831
AI Picks by Srini underdog - March 12 2026.csv,182,781,Shai Gilgeous-Alexander,STL,UNDER,58.5%,DO NOT BET,A,❌ MISS,59.91,0.6129624262328647,0.5407803171094145,0.6067636810821889,0.6088002636783125,0.49407702047654983,0.42644415917843387,1.0,0.9544
AI Picks by Srini underdog - March 11 2026.csv,54,782,RJ Barrett,PA,UNDER,63.90%,DO NOT BET,D,✅ HIT,62.97,0.5769227421809887,0.5407490178880283,0.4054911368785819,0.4584602067315036,0.49407702047654983,0.4441504754030591,1.0,0.9969
AI Picks by Srini underdog - March 11 2026.csv,85,783,Desmond Bane,AST,UNDER,60.00%,DO NOT BET,C,❌ MISS,61.02,0.5998518300971397,0.5407446681531181,0.4745136763108522,0.4925952315702933,0.49407702047654983,0.6368342458934793,1.0,0.9773
AI Picks by Srini underdog - March 14 2026.csv,112,784,Tyler Herro,FTM,UNDER,59.3%,DO NOT BET,B,✅ HIT,60.22,0.6089941492363289,0.5405709676426543,0.5145057766367137,0.5557229965156795,0.49407702047654983,0.591869918699187,1.0,0.9862
AI Picks by Srini underdog - March 15 2026.csv,88,785,Donovan Mitchell,RA,UNDER,60.8%,DO NOT BET,C,❌ MISS,61.05,0.5991900488751217,0.5405438681569665,0.5152613240418118,0.4925952315702933,0.49407702047654983,0.5138211382113821,1.0,0.9927
AI Picks by Srini underdog - March 14 2026.csv,117,786,Victor Wembanyama,3PA,UNDER,60.1%,BET WITH CAUTION,B,❌ MISS,60.1,0.6102434657901858,0.5404655922100209,0.5765635645183267,0.5557229965156795,0.5894404591104735,0.3382113821138211,1.0,0.987
AI Picks by Srini underdog - March 13 2026.csv,114,787,Trey Murphy III,FGA,UNDER,60.6%,DO NOT BET,D,✅ HIT,61.21,0.5971195605217814,0.5404212923174827,0.4736390243902439,0.4584602067315036,0.49407702047654983,0.6236728837876614,1.0,0.9936
AI Picks by Srini underdog - March 13 2026.csv,158,788,Donte DiVincenzo,REB,OVER,60.7%,DO NOT BET,B,✅ HIT,59.14,0.6207755866443997,0.5399720212241358,0.5620746167935988,0.5557229965156795,0.49407702047654983,0.5612466124661246,1.0,0.9976
AI Picks by Srini underdog - March 11 2026.csv,138,789,Kawhi Leonard,3PA,OVER,59.70%,DO NOT BET,B,✅ HIT,58.58,0.6271158350177797,0.539811837101177,0.5765635645183267,0.5557229965156795,0.49407702047654983,0.633921200750469,1.0,0.9891
AI Picks by Srini underdog - March 14 2026.csv,155,790,Kawhi Leonard,3PM,UNDER,57.8%,DO NOT BET,S,✅ HIT,58.81,0.6242162122800975,0.539685492107578,0.5747041267881033,0.5869918699186992,0.49407702047654983,0.633921200750469,1.0,0.9927
AI Picks by Srini underdog - March 12 2026.csv,152,791,Austin Reaves,FTM,UNDER,58.0%,DO NOT BET,B,✅ HIT,60.87,0.5998972170446666,0.5396273806782099,0.5145057766367137,0.5557229965156795,0.49407702047654983,0.5575505967825636,1.0,0.9613
AI Picks by Srini underdog - March 11 2026.csv,117,792,Russell Westbrook,3PA,OVER,57.50%,DO NOT BET,B,❌ MISS,59.47,0.6158839994955785,0.5393154253571634,0.5765635645183267,0.5557229965156795,0.49407702047654983,0.6045528455284552,1.0,0.9728
AI Picks by Srini underdog - March 10 2026.csv,206,793,Tobias Harris,REB,UNDER,59.30%,DO NOT BET,B,✅ HIT,59.85,0.6113882424709579,0.539298382067855,0.5620746167935988,0.5557229965156795,0.49407702047654983,0.5170731707317073,1.0,0.9934
AI Picks by Srini underdog - March 11 2026.csv,87,794,LaMelo Ball,RA,UNDER,59.40%,DO NOT BET,C,✅ HIT,60.92,0.5987726911515445,0.5392787018446141,0.5152613240418118,0.4925952315702933,0.49407702047654983,0.5640975609756097,1.0,0.979
AI Picks by Srini underdog - March 14 2026.csv,75,795,Jaylen Brown,PTS,OVER,64.0%,DO NOT BET,D,❌ MISS,62.23,0.5833311099617636,0.5392569645909154,0.4830232333943893,0.4584602067315036,0.49407702047654983,0.3511199601791936,1.0,0.9942
AI Picks by Srini underdog - March 14 2026.csv,91,796,Bam Adebayo,AST,OVER,62.0%,DO NOT BET,C,❌ MISS,61.49,0.591801901442751,0.5391054866989409,0.4745136763108522,0.4925952315702933,0.49407702047654983,0.48343495934959346,1.0,0.9871
AI Picks by Srini underdog - March 15 2026.csv,99,797,Shai Gilgeous-Alexander,3PM,UNDER,57.9%,DO NOT BET,S,❌ MISS,60.44,0.604128508122894,0.5390902581054292,0.5747041267881033,0.5869918699186992,0.49407702047654983,0.42644415917843387,1.0,0.9991
AI Picks by Srini underdog - March 15 2026.csv,98,798,Russell Westbrook,AST,OVER,61.9%,DO NOT BET,C,NO GAME,60.47,0.6037586900606372,0.5390792341631225,0.4745136763108522,0.4925952315702933,0.49407702047654983,0.6045528455284552,1.0,0.9908
AI Picks by Srini underdog - March 15 2026.csv,77,799,OG Anunoby,AST,OVER,63.1%,DO NOT BET,C,❌ MISS,61.86,0.5873731616053527,0.5390555519819401,0.4745136763108522,0.4925952315702933,0.49407702047654983,0.4040975609756097,1.0,0.9824
AI Picks by Srini underdog - March 10 2026.csv,171,800,Derrick White,PA,OVER,62.80%,DO NOT BET,D,✅ HIT,61.29,0.5939984669984064,0.5390042023223827,0.4054911368785819,0.4584602067315036,0.49407702047654983,0.6723577235772358,1.0,0.9568
AI Picks by Srini underdog - March 15 2026.csv,118,801,VJ Edgecombe,REB,UNDER,58.6%,DO NOT BET,B,❌ MISS,59.44,0.6157206814953482,0.5389799108588536,0.5620746167935988,0.5557229965156795,0.49407702047654983,0.5840975609756097,1.0,0.9936
AI Picks by Srini underdog - March 9 2026.csv,28,802,Bennedict Mathurin,3PM,UNDER,59.20%,DO NOT BET,S,❌ MISS,59.51,0.614803265646785,0.5389187587529944,0.5747041267881033,0.5869918699186992,0.49407702047654983,0.4934417344173441,1.0,0.9902
AI Picks by Srini underdog - March 10 2026.csv,214,803,Kyle Kuzma,3PM,UNDER,58.30%,DO NOT BET,S,❌ MISS,59.54,0.614287892362407,0.5388131239163089,0.5747041267881033,0.5869918699186992,0.49407702047654983,0.5227380015735641,1.0,0.9825
AI Picks by Srini underdog - March 10 2026.csv,191,804,Jaylen Brown,FTM,UNDER,61.90%,BET WITH CAUTION,B,✅ HIT,60.29,0.6051877660204005,0.5386319867480078,0.5145057766367137,0.5557229965156795,0.5894404591104735,0.3511199601791936,1.0,0.9859
AI Picks by Srini underdog - March 10 2026.csv,230,805,LaMelo Ball,TOV,OVER,56.60%,DO NOT BET,A,✅ HIT,59.03,0.6199626918028304,0.5386026609838619,0.59583830803343,0.6088002636783125,0.49407702047654983,0.5640975609756097,1.0,0.992
AI Picks by Srini underdog - March 11 2026.csv,128,806,Desmond Bane,REB,UNDER,58.10%,DO NOT BET,B,❌ MISS,59.08,0.6192993499871352,0.5385537518005936,0.5620746167935988,0.5557229965156795,0.49407702047654983,0.6368342458934793,1.0,0.9937
AI Picks by Srini underdog - March 12 2026.csv,249,807,Chet Holmgren,BLK,UNDER,57.1%,BET WITH CAUTION,S,✅ HIT,57.44,0.638414165760909,0.5384401557541263,0.644579945799458,0.5869918699186992,0.5894404591104735,0.5516629711751663,1.0,0.9804
AI Picks by Srini underdog - March 13 2026.csv,106,808,Deni Avdija,PRA,OVER,63.3%,DO NOT BET,D,❌ MISS,61.48,0.5908759347158111,0.5384271557270431,0.4730352303523035,0.4584602067315036,0.49407702047654983,0.4724442138038401,1.0,0.99
AI Picks by Srini underdog - March 14 2026.csv,109,809,Nikola Jokić,REB,UNDER,59.5%,DO NOT BET,B,❌ MISS,60.41,0.6033479217844178,0.5383535191872595,0.5620746167935988,0.5557229965156795,0.49407702047654983,0.4297199638663053,1.0,0.9937
AI Picks by Srini underdog - March 14 2026.csv,135,810,DeMar DeRozan,REB,OVER,62.4%,DO NOT BET,B,❌ MISS,59.67,0.6118968947536347,0.5382528592626341,0.5620746167935988,0.5557229965156795,0.49407702047654983,0.415509693558474,1.0,0.9959
AI Picks by Srini underdog - March 12 2026.csv,127,811,Tyler Herro,PA,UNDER,62.0%,DO NOT BET,D,NO GAME,61.97,0.5848096865106016,0.5382302717636057,0.4054911368785819,0.4584602067315036,0.49407702047654983,0.591869918699187,1.0,0.9884
AI Picks by Srini underdog - March 14 2026.csv,102,812,Tyler Herro,AST,UNDER,60.7%,DO NOT BET,C,❌ MISS,60.77,0.5985053973777102,0.5379581719008213,0.4745136763108522,0.4925952315702933,0.49407702047654983,0.591869918699187,1.0,0.9927
AI Picks by Srini underdog - March 15 2026.csv,130,813,Ausar Thompson,SB,UNDER,57.0%,DO NOT BET,A,✅ HIT,59.09,0.6182587223744456,0.537953796451732,0.6069806560134566,0.6088002636783125,0.49407702047654983,0.5170731707317073,1.0,0.9802
AI Picks by Srini underdog - March 9 2026.csv,22,814,Jalen Brunson,REB,UNDER,60.20%,DO NOT BET,B,❌ MISS,60.67,0.5995990554790882,0.5379045236728498,0.5620746167935988,0.5557229965156795,0.49407702047654983,0.3700813008130081,1.0,0.9904
AI Picks by Srini underdog - March 10 2026.csv,207,815,Scottie Barnes,SB,UNDER,53.60%,DO NOT BET,A,✅ HIT,59.8,0.6098215553950834,0.537897772471603,0.6069806560134566,0.6088002636783125,0.49407702047654983,0.5424015009380863,1.0,0.992
AI Picks by Srini underdog - March 14 2026.csv,132,816,Derrick White,RA,OVER,59.5%,DO NOT BET,C,✅ HIT,59.75,0.6102887074117072,0.5378191582854749,0.5152613240418118,0.4925952315702933,0.49407702047654983,0.6723577235772358,1.0,0.986
AI Picks by Srini underdog - March 10 2026.csv,195,817,Jalen Johnson,RA,UNDER,60.00%,DO NOT BET,C,✅ HIT,60.14,0.6056655433168009,0.5377957529998675,0.5152613240418118,0.4925952315702933,0.49407702047654983,0.6164260826281732,1.0,0.9714
AI Picks by Srini underdog - March 15 2026.csv,116,818,Jalen Duren,FTM,UNDER,59.9%,DO NOT BET,B,✅ HIT,59.57,0.6122603412820332,0.537724573512226,0.5145057766367137,0.5557229965156795,0.49407702047654983,0.6001318391562294,1.0,0.9942
AI Picks by Srini underdog - March 10 2026.csv,199,819,Julius Randle,FTM,UNDER,57.50%,DO NOT BET,B,✅ HIT,60.04,0.6067078706659961,0.5377087397829772,0.5145057766367137,0.5557229965156795,0.49407702047654983,0.6265071329958583,1.0,0.9936
AI Picks by Srini underdog - March 14 2026.csv,157,820,Desmond Bane,REB,UNDER,58.9%,DO NOT BET,B,✅ HIT,58.75,0.6218393499871352,0.5376818160208321,0.5620746167935988,0.5557229965156795,0.49407702047654983,0.6368342458934793,1.0,0.9901
AI Picks by Srini underdog - March 15 2026.csv,74,821,Evan Mobley,PTS,UNDER,60.9%,DO NOT BET,D,✅ HIT,62.03,0.5832513090657955,0.537676042020802,0.4830232333943893,0.4584602067315036,0.49407702047654983,0.45512195121951216,1.0,0.9954
AI Picks by Srini underdog - March 9 2026.csv,29,822,Mikal Bridges,3PA,UNDER,56.40%,DO NOT BET,B,✅ HIT,59.13,0.6172372341064959,0.5375956394751116,0.5765635645183267,0.5557229965156795,0.49407702047654983,0.6477351916376306,1.0,0.9883
AI Picks by Srini underdog - March 14 2026.csv,167,823,De'Aaron Fox,REB,UNDER,60.0%,DO NOT BET,B,❌ MISS,58.29,0.6270660879994133,0.5375623761570244,0.5620746167935988,0.5557229965156795,0.49407702047654983,0.6501016260162601,1.0,0.9933
AI Picks by Srini underdog - March 11 2026.csv,69,824,Alperen Sengun,PA,OVER,64.90%,DO NOT BET,D,❌ MISS,62.27,0.5801530826672904,0.5374970572470548,0.4054911368785819,0.4584602067315036,0.49407702047654983,0.4607538802660754,1.0,0.9603
AI Picks by Srini underdog - March 10 2026.csv,174,825,Josh Giddey,AST,UNDER,64.10%,DO NOT BET,C,❌ MISS,61.18,0.5926181616053526,0.5372660252236439,0.4745136763108522,0.4925952315702933,0.49407702047654983,0.42409756097560974,1.0,0.9793
AI Picks by Srini underdog - March 10 2026.csv,185,826,Kyle Kuzma,PTS,OVER,63.10%,DO NOT BET,D,✅ HIT,60.75,0.5974379141012007,0.5371114025723167,0.4830232333943893,0.4584602067315036,0.49407702047654983,0.5227380015735641,1.0,0.9943
AI Picks by Srini underdog - March 10 2026.csv,136,827,Jaylen Brown,AST,UNDER,60.10%,DO NOT BET,C,❌ MISS,62.87,0.572285401525711,0.5369702204682306,0.4745136763108522,0.4925952315702933,0.49407702047654983,0.3511199601791936,1.0,0.9906
AI Picks by Srini underdog - March 10 2026.csv,158,828,Brandon Miller,FGA,UNDER,61.80%,DO NOT BET,D,❌ MISS,61.74,0.5855728173367024,0.536967897014677,0.4736390243902439,0.4584602067315036,0.49407702047654983,0.47460545193687226,1.0,0.9792
AI Picks by Srini underdog - March 12 2026.csv,150,829,Tyler Herro,PR,UNDER,61.6%,DO NOT BET,D,NO GAME,60.9,0.5952217472683363,0.5368176831217554,0.4622014406672564,0.4584602067315036,0.49407702047654983,0.591869918699187,1.0,0.997
AI Picks by Srini underdog - March 15 2026.csv,60,830,Deni Avdija,PA,UNDER,61.2%,DO NOT BET,D,❌ MISS,63.07,0.5696221160210669,0.5367681368779462,0.4054911368785819,0.4584602067315036,0.49407702047654983,0.4724442138038401,1.0,0.9779
AI Picks by Srini underdog - March 11 2026.csv,172,831,James Harden,TOV,OVER,62.90%,BET WITH CAUTION,A,✅ HIT,57.45,0.6355435439067505,0.53665070414831,0.59583830803343,0.6088002636783125,0.5894404591104735,0.39101995565410197,1.0,0.9925
AI Picks by Srini underdog - March 12 2026.csv,153,832,Jalen Suggs,PRA,UNDER,63.8%,DO NOT BET,D,❌ MISS,60.72,0.5970462538647472,0.5366274656204617,0.4730352303523035,0.4584602067315036,0.49407702047654983,0.5149974052932018,1.0,0.9943
AI Picks by Srini underdog - March 12 2026.csv,146,833,Derrick White,PA,OVER,62.0%,DO NOT BET,D,NO GAME,61.07,0.5926384669984065,0.5364382451358751,0.4054911368785819,0.4584602067315036,0.49407702047654983,0.6723577235772358,1.0,0.984
AI Picks by Srini underdog - March 11 2026.csv,82,834,Paolo Banchero,AST,OVER,60.00%,DO NOT BET,C,✅ HIT,61.1,0.5920134651860479,0.5362613517560021,0.4745136763108522,0.4925952315702933,0.49407702047654983,0.5575505967825636,1.0,0.9791
AI Picks by Srini underdog - March 14 2026.csv,113,835,Jalen Suggs,RA,UNDER,61.8%,DO NOT BET,C,❌ MISS,60.18,0.6026926755833037,0.5361691993706412,0.5152613240418118,0.4925952315702933,0.49407702047654983,0.5149974052932018,1.0,0.9924
AI Picks by Srini underdog - March 11 2026.csv,98,836,Amen Thompson,FTM,UNDER,59.80%,DO NOT BET,B,✅ HIT,60.58,0.59773471834202,0.5360046311392751,0.5145057766367137,0.5557229965156795,0.49407702047654983,0.4609756097560975,1.0,0.9888
AI Picks by Srini underdog - March 15 2026.csv,171,837,Rudy Gobert,BLK,UNDER,56.6%,BET WITH CAUTION,S,✅ HIT,57.11,0.6385088641056725,0.5359787738984612,0.644579945799458,0.5869918699186992,0.5894404591104735,0.586159954622802,1.0,0.9473
AI Picks by Srini underdog - March 12 2026.csv,156,838,Tyler Herro,PRA,UNDER,61.3%,DO NOT BET,D,NO GAME,60.69,0.5963335052053458,0.5359348211936906,0.4730352303523035,0.4584602067315036,0.49407702047654983,0.591869918699187,1.0,0.9963
AI Picks by Srini underdog - March 14 2026.csv,110,839,Payton Pritchard,REB,OVER,61.4%,DO NOT BET,B,✅ HIT,60.29,0.6010251600487545,0.5359262928664379,0.5620746167935988,0.5557229965156795,0.49407702047654983,0.351892346509672,1.0,0.9737
AI Picks by Srini underdog - March 12 2026.csv,209,840,Chet Holmgren,REB,OVER,60.2%,DO NOT BET,B,✅ HIT,58.83,0.618112222515304,0.5358708039592355,0.5620746167935988,0.5557229965156795,0.49407702047654983,0.5516629711751663,1.0,0.9975
AI Picks by Srini underdog - March 12 2026.csv,183,841,Stephon Castle,REB,UNDER,57.5%,DO NOT BET,B,❌ MISS,59.83,0.606229284599561,0.5357921542526736,0.5620746167935988,0.5557229965156795,0.49407702047654983,0.5273835920177383,1.0,0.992
AI Picks by Srini underdog - March 12 2026.csv,134,842,Paolo Banchero,PTS,OVER,58.8%,DO NOT BET,D,❌ MISS,61.71,0.5840191736221007,0.5357286708020257,0.4830232333943893,0.4584602067315036,0.49407702047654983,0.5575505967825636,1.0,0.9487
AI Picks by Srini underdog - March 12 2026.csv,211,843,Jayson Tatum,3PM,OVER,59.1%,DO NOT BET,S,NO GAME,58.75,0.6188009756738854,0.5357068727172198,0.5747041267881033,0.5869918699186992,0.49407702047654983,0.5334688346883468,1.0,0.9969
AI Picks by Srini underdog - March 15 2026.csv,139,844,Jalen Duren,REB,UNDER,59.3%,DO NOT BET,B,✅ HIT,58.67,0.6196941093134102,0.5356757887878173,0.5620746167935988,0.5557229965156795,0.49407702047654983,0.6001318391562294,1.0,0.9934
AI Picks by Srini underdog - March 12 2026.csv,202,845,De'Aaron Fox,FTM,UNDER,59.3%,DO NOT BET,B,❌ MISS,59.12,0.6141123199680363,0.5354879926857261,0.5145057766367137,0.5557229965156795,0.49407702047654983,0.6501016260162601,1.0,0.9721
AI Picks by Srini underdog - March 13 2026.csv,139,846,OG Anunoby,REB,UNDER,60.2%,DO NOT BET,B,❌ MISS,60.05,0.6031706814953484,0.5354860194214429,0.5620746167935988,0.5557229965156795,0.49407702047654983,0.4040975609756097,1.0,0.9938
AI Picks by Srini underdog - March 13 2026.csv,168,847,Ace Bailey,REB,UNDER,59.1%,DO NOT BET,B,✅ HIT,58.89,0.6167204898577177,0.5354248933281247,0.5620746167935988,0.5557229965156795,0.49407702047654983,0.5787456445993031,1.0,0.9903
AI Picks by Srini underdog - March 14 2026.csv,100,848,Stephon Castle,AST,UNDER,61.1%,DO NOT BET,C,❌ MISS,60.85,0.5935617647095656,0.5353564314616208,0.4745136763108522,0.4925952315702933,0.49407702047654983,0.5273835920177383,1.0,0.9956
AI Picks by Srini underdog - March 12 2026.csv,117,849,Shai Gilgeous-Alexander,PR,UNDER,59.5%,DO NOT BET,D,❌ MISS,62.72,0.5714391713162611,0.5352733818412876,0.4622014406672564,0.4584602067315036,0.49407702047654983,0.42644415917843387,1.0,0.995
AI Picks by Srini underdog - March 14 2026.csv,81,850,Jamal Murray,PA,UNDER,62.2%,DO NOT BET,D,✅ HIT,62.04,0.5791778572423087,0.5351047509349223,0.4054911368785819,0.4584602067315036,0.49407702047654983,0.5251016260162601,1.0,0.9957
AI Picks by Srini underdog - March 10 2026.csv,271,851,Onyeka Okongwu,3PM,OVER,57.00%,DO NOT BET,S,✅ HIT,57.88,0.6274158866301378,0.5346551886921402,0.5747041267881033,0.5869918699186992,0.49407702047654983,0.691567944250871,1.0,0.9958
AI Picks by Srini underdog - March 14 2026.csv,114,852,Kevin Porter Jr.,REB,UNDER,60.5%,DO NOT BET,B,❌ MISS,60.17,0.6004461421999554,0.5346325000720781,0.5620746167935988,0.5557229965156795,0.49407702047654983,0.3668021680216802,1.0,0.9935
AI Picks by Srini underdog - March 11 2026.csv,155,853,Miles Bridges,3PM,OVER,58.30%,DO NOT BET,S,✅ HIT,57.9,0.627046513807838,0.5345680015564187,0.5747041267881033,0.5869918699186992,0.49407702047654983,0.6501742160278745,1.0,0.9828
AI Picks by Srini underdog - March 10 2026.csv,192,854,Austin Reaves,AST,OVER,62.10%,DO NOT BET,C,✅ HIT,60.24,0.5993934651860481,0.5344834282087453,0.4745136763108522,0.4925952315702933,0.49407702047654983,0.5575505967825636,1.0,0.9839
AI Picks by Srini underdog - March 14 2026.csv,104,855,LaMelo Ball,FGA,OVER,61.5%,DO NOT BET,D,❌ MISS,60.72,0.5937370282405762,0.5344764689647505,0.4736390243902439,0.4584602067315036,0.49407702047654983,0.5640975609756097,1.0,0.9839
AI Picks by Srini underdog - March 14 2026.csv,137,856,Luka Dončić,3PM,OVER,59.7%,DO NOT BET,S,✅ HIT,59.64,0.6062496269142438,0.5343527773688699,0.5747041267881033,0.5869918699186992,0.49407702047654983,0.3885553470919324,1.0,0.9949
AI Picks by Srini underdog - March 11 2026.csv,108,857,Anthony Edwards,RA,UNDER,58.60%,DO NOT BET,C,✅ HIT,59.92,0.6027195684612268,0.5341989121572367,0.5152613240418118,0.4925952315702933,0.49407702047654983,0.6243163340724316,1.0,0.9919
AI Picks by Srini underdog - March 13 2026.csv,126,858,Anthony Edwards,PTS,UNDER,59.7%,DO NOT BET,D,❌ MISS,60.51,0.5957507473510874,0.5341798817994619,0.4830232333943893,0.4584602067315036,0.49407702047654983,0.6243163340724316,1.0,0.9886
AI Picks by Srini underdog - March 11 2026.csv,111,859,Nikola Jokić,REB,UNDER,59.90%,DO NOT BET,B,✅ HIT,59.74,0.6046729217844178,0.5340924450283501,0.5620746167935988,0.5557229965156795,0.49407702047654983,0.4297199638663053,1.0,0.993
AI Picks by Srini underdog - March 15 2026.csv,89,860,Brandon Ingram,AST,OVER,58.9%,DO NOT BET,C,❌ MISS,61.05,0.589138364857385,0.5340102735454377,0.4745136763108522,0.4925952315702933,0.49407702047654983,0.5593495934959349,1.0,0.9928
AI Picks by Srini underdog - March 13 2026.csv,121,861,Kawhi Leonard,PA,UNDER,63.5%,DO NOT BET,D,✅ HIT,60.65,0.5935398147157298,0.5338131119778935,0.4054911368785819,0.4584602067315036,0.49407702047654983,0.633921200750469,1.0,0.9769
AI Picks by Srini underdog - March 12 2026.csv,161,862,Bam Adebayo,RA,UNDER,60.7%,DO NOT BET,C,✅ HIT,60.45,0.595806430988943,0.5337573605677479,0.5152613240418118,0.4925952315702933,0.49407702047654983,0.48343495934959346,1.0,0.9926
AI Picks by Srini underdog - March 14 2026.csv,98,863,Darius Garland,PTS,OVER,58.6%,DO NOT BET,D,✅ HIT,60.93,0.590089426257943,0.5337110322631599,0.4830232333943893,0.4584602067315036,0.49407702047654983,0.6147531231409875,1.0,0.9693
AI Picks by Srini underdog - March 14 2026.csv,127,864,Miles Bridges,RA,UNDER,57.7%,DO NOT BET,C,✅ HIT,59.91,0.6018503566567711,0.5335574718849538,0.5152613240418118,0.4925952315702933,0.49407702047654983,0.6501742160278745,1.0,0.984
AI Picks by Srini underdog - March 14 2026.csv,116,865,Paolo Banchero,PTS,UNDER,62.5%,DO NOT BET,D,❌ MISS,60.14,0.5989941736221007,0.5334593626983124,0.4830232333943893,0.4584602067315036,0.49407702047654983,0.5575505967825636,1.0,0.9966
AI Picks by Srini underdog - March 12 2026.csv,165,866,Jalen Suggs,RA,UNDER,60.6%,DO NOT BET,C,❌ MISS,60.26,0.5975326755833037,0.5334268201657347,0.5152613240418118,0.4925952315702933,0.49407702047654983,0.5149974052932018,1.0,0.9708
AI Picks by Srini underdog - March 12 2026.csv,107,867,CJ McCollum,PA,OVER,59.3%,DO NOT BET,D,❌ MISS,63.39,0.5606998362230742,0.5334151381896256,0.4054911368785819,0.4584602067315036,0.49407702047654983,0.4440214158239143,1.0,0.9855
AI Picks by Srini underdog - March 13 2026.csv,113,868,Josh Giddey,AST,OVER,62.3%,DO NOT BET,C,✅ HIT,61.29,0.5853231616053526,0.5333652538168976,0.4745136763108522,0.4925952315702933,0.49407702047654983,0.42409756097560974,1.0,0.9558
AI Picks by Srini underdog - March 10 2026.csv,248,869,Jalen Johnson,3PM,UNDER,56.60%,DO NOT BET,S,❌ MISS,58.48,0.618341700467868,0.5333441236498673,0.5747041267881033,0.5869918699186992,0.49407702047654983,0.6164260826281732,1.0,0.9918
AI Picks by Srini underdog - March 11 2026.csv,101,870,Jalen Suggs,RA,UNDER,60.00%,DO NOT BET,C,✅ HIT,60.34,0.5963026755833039,0.5332389409608286,0.5152613240418118,0.4925952315702933,0.49407702047654983,0.5149974052932018,1.0,0.987
AI Picks by Srini underdog - March 14 2026.csv,188,871,Derrick White,3PM,OVER,57.8%,DO NOT BET,S,✅ HIT,57.66,0.6276248645627741,0.5331090671618461,0.5747041267881033,0.5869918699186992,0.49407702047654983,0.6723577235772358,1.0,0.984
AI Picks by Srini underdog - March 12 2026.csv,225,872,Jaime Jaquez Jr.,3PM,OVER,58.1%,DO NOT BET,S,❌ MISS,58.32,0.6194986566649809,0.5328729035878035,0.5747041267881033,0.5869918699186992,0.49407702047654983,0.5787456445993031,1.0,0.9883
AI Picks by Srini underdog - March 12 2026.csv,200,873,Kevin Porter Jr.,SB,UNDER,58.7%,DO NOT BET,A,❌ MISS,59.15,0.6096816221034429,0.5328373968719006,0.6069806560134566,0.6088002636783125,0.49407702047654983,0.3668021680216802,1.0,0.9936
AI Picks by Srini underdog - March 12 2026.csv,180,874,Jalen Green,RA,UNDER,62.2%,DO NOT BET,C,✅ HIT,59.95,0.6002714309889429,0.5328369805984123,0.5152613240418118,0.4925952315702933,0.49407702047654983,0.48343495934959346,1.0,0.9799
AI Picks by Srini underdog - March 11 2026.csv,152,875,Ace Bailey,3PM,OVER,59.00%,DO NOT BET,S,✅ HIT,58.05,0.6225786566649808,0.5328106834043622,0.5747041267881033,0.5869918699186992,0.49407702047654983,0.5787456445993031,1.0,0.9887
AI Picks by Srini underdog - March 15 2026.csv,121,876,Chet Holmgren,FTM,UNDER,59.6%,DO NOT BET,B,✅ HIT,59.41,0.606403454483927,0.5326943555032696,0.5145057766367137,0.5557229965156795,0.49407702047654983,0.5516629711751663,1.0,0.9944
AI Picks by Srini underdog - March 11 2026.csv,90,877,Amen Thompson,PR,OVER,64.30%,DO NOT BET,D,❌ MISS,60.82,0.5896473163740276,0.532582682245361,0.4622014406672564,0.4584602067315036,0.49407702047654983,0.4609756097560975,1.0,0.9637
AI Picks by Srini underdog - March 10 2026.csv,223,878,LeBron James,3PM,UNDER,57.60%,DO NOT BET,S,NO GAME,59.26,0.6078954201183298,0.5325173441748308,0.5747041267881033,0.5869918699186992,0.49407702047654983,0.4779132791327913,1.0,0.9919
AI Picks by Srini underdog - March 15 2026.csv,86,879,Chet Holmgren,PTS,UNDER,58.9%,DO NOT BET,D,❌ MISS,61.11,0.586030411061361,0.5324488191743424,0.4830232333943893,0.4584602067315036,0.49407702047654983,0.5516629711751663,1.0,0.9939
AI Picks by Srini underdog - March 12 2026.csv,138,880,Jayson Tatum,PA,OVER,62.6%,DO NOT BET,D,NO GAME,61.5,0.5812645781095175,0.5323326791317257,0.4054911368785819,0.4584602067315036,0.49407702047654983,0.5334688346883468,1.0,0.9935
AI Picks by Srini underdog - March 13 2026.csv,156,881,Deni Avdija,3PM,OVER,58.3%,DO NOT BET,S,❌ MISS,59.18,0.6083635135854346,0.5322099841333553,0.5747041267881033,0.5869918699186992,0.49407702047654983,0.4724442138038401,1.0,0.9646
AI Picks by Srini underdog - March 14 2026.csv,156,882,Kyle Kuzma,3PM,UNDER,57.8%,DO NOT BET,S,✅ HIT,58.77,0.613102892362407,0.5321560237635323,0.5747041267881033,0.5869918699186992,0.49407702047654983,0.5227380015735641,1.0,0.9928
AI Picks by Srini underdog - March 12 2026.csv,236,883,VJ Edgecombe,REB,OVER,60.9%,DO NOT BET,B,✅ HIT,57.89,0.6232356814953481,0.5320145079539136,0.5620746167935988,0.5557229965156795,0.49407702047654983,0.5840975609756097,1.0,0.9875
AI Picks by Srini underdog - March 15 2026.csv,128,884,Donovan Mitchell,REB,UNDER,58.6%,DO NOT BET,B,✅ HIT,59.12,0.6087230392189256,0.5319849601988041,0.5620746167935988,0.5557229965156795,0.49407702047654983,0.5138211382113821,1.0,0.9942
AI Picks by Srini underdog - March 10 2026.csv,250,885,Tyler Herro,3PM,UNDER,57.50%,DO NOT BET,S,NO GAME,58.4,0.6170710840749694,0.5319066021993896,0.5747041267881033,0.5869918699186992,0.49407702047654983,0.591869918699187,1.0,0.9543
AI Picks by Srini underdog - March 12 2026.csv,186,886,Victor Wembanyama,REB,OVER,61.6%,DO NOT BET,B,NO GAME,59.75,0.6011920636091694,0.5319063398138253,0.5620746167935988,0.5557229965156795,0.49407702047654983,0.3382113821138211,1.0,0.9908
AI Picks by Srini underdog - March 10 2026.csv,151,887,Luka Dončić,PR,UNDER,61.10%,DO NOT BET,D,❌ MISS,62.13,0.573185290107611,0.5318976556918492,0.4622014406672564,0.4584602067315036,0.49407702047654983,0.3885553470919324,1.0,0.9969
AI Picks by Srini underdog - March 13 2026.csv,100,888,Zion Williamson,PA,OVER,62.0%,DO NOT BET,D,❌ MISS,61.87,0.575929401957756,0.531693560810389,0.4054911368785819,0.4584602067315036,0.49407702047654983,0.5073170731707317,1.0,0.9799
AI Picks by Srini underdog - March 10 2026.csv,156,889,Victor Wembanyama,PR,UNDER,63.70%,DO NOT BET,D,❌ MISS,61.78,0.5767258936097998,0.5315232069897371,0.4622014406672564,0.4584602067315036,0.49407702047654983,0.3382113821138211,1.0,0.9916
AI Picks by Srini underdog - March 10 2026.csv,176,890,VJ Edgecombe,PA,UNDER,62.30%,DO NOT BET,D,❌ MISS,61.13,0.5842474507382437,0.5314428001630895,0.4054911368785819,0.4584602067315036,0.49407702047654983,0.5840975609756097,1.0,0.9723
AI Picks by Srini underdog - March 12 2026.csv,133,891,Devin Booker,PRA,UNDER,63.8%,DO NOT BET,D,❌ MISS,61.75,0.5768133426037199,0.531350691037625,0.4730352303523035,0.4584602067315036,0.49407702047654983,0.31676829268292683,1.0,0.9861
AI Picks by Srini underdog - March 15 2026.csv,119,892,OG Anunoby,REB,OVER,60.4%,DO NOT BET,B,❌ MISS,59.43,0.6040406814953484,0.531311458259467,0.5620746167935988,0.5557229965156795,0.49407702047654983,0.4040975609756097,1.0,0.9976
AI Picks by Srini underdog - March 12 2026.csv,191,893,Derrick White,PRA,OVER,61.1%,DO NOT BET,D,NO GAME,59.45,0.6037372856931507,0.5312671561868119,0.4730352303523035,0.4584602067315036,0.49407702047654983,0.6723577235772358,1.0,0.997
AI Picks by Srini underdog - March 10 2026.csv,237,894,Jerami Grant,REB,UNDER,57.10%,DO NOT BET,B,✅ HIT,58.73,0.6119811693002263,0.5311210933755679,0.5620746167935988,0.5557229965156795,0.49407702047654983,0.6001524390243902,1.0,0.9887
AI Picks by Srini underdog - March 13 2026.csv,150,895,Donovan Mitchell,FTM,UNDER,59.3%,DO NOT BET,B,✅ HIT,59.59,0.6015542711875485,0.5309185331495844,0.5145057766367137,0.5557229965156795,0.49407702047654983,0.5138211382113821,1.0,0.9935
AI Picks by Srini underdog - March 13 2026.csv,166,896,Tobias Harris,REB,UNDER,58.6%,DO NOT BET,B,NO GAME,58.95,0.6090382424709581,0.5308901481230512,0.5620746167935988,0.5557229965156795,0.49407702047654983,0.5170731707317073,1.0,0.994
AI Picks by Srini underdog - March 11 2026.csv,89,897,RJ Barrett,PRA,UNDER,62.70%,DO NOT BET,D,✅ HIT,60.87,0.586256560875733,0.5307609541684031,0.4730352303523035,0.4584602067315036,0.49407702047654983,0.4441504754030591,1.0,0.995
AI Picks by Srini underdog - March 14 2026.csv,134,898,Desmond Bane,PTS,UNDER,60.7%,DO NOT BET,D,✅ HIT,59.68,0.6001125385331922,0.5306694803187332,0.4830232333943893,0.4584602067315036,0.49407702047654983,0.6368342458934793,1.0,0.9828
AI Picks by Srini underdog - March 14 2026.csv,159,899,Miles Bridges,REB,UNDER,55.6%,DO NOT BET,B,✅ HIT,58.67,0.6119333470005748,0.5306312932844742,0.5620746167935988,0.5557229965156795,0.49407702047654983,0.6501742160278745,1.0,0.9897
AI Picks by Srini underdog - March 13 2026.csv,207,900,Rudy Gobert,SB,UNDER,58.0%,DO NOT BET,A,✅ HIT,57.35,0.6274174007635551,0.5306041851113659,0.6069806560134566,0.6088002636783125,0.49407702047654983,0.586159954622802,1.0,0.9572
AI Picks by Srini underdog - March 10 2026.csv,159,901,Scottie Barnes,PRA,UNDER,57.00%,DO NOT BET,D,❌ MISS,61.73,0.5758466634292357,0.5305694443754368,0.4730352303523035,0.4584602067315036,0.49407702047654983,0.5424015009380863,1.0,0.9779
AI Picks by Srini underdog - March 12 2026.csv,144,902,Luka Dončić,FGA,UNDER,63.4%,DO NOT BET,D,❌ MISS,61.11,0.5830378068522084,0.5305036264383931,0.4736390243902439,0.4584602067315036,0.49407702047654983,0.3885553470919324,1.0,0.9918
AI Picks by Srini underdog - March 15 2026.csv,148,903,Myles Turner,3PM,OVER,58.0%,DO NOT BET,S,✅ HIT,58.06,0.6188606923528702,0.530470459200877,0.5747041267881033,0.5869918699186992,0.49407702047654983,0.5819660014781965,1.0,0.9759
AI Picks by Srini underdog - March 14 2026.csv,164,904,Jalen Suggs,3PM,UNDER,58.5%,DO NOT BET,S,✅ HIT,58.42,0.6145838327343707,0.5304427940267739,0.5747041267881033,0.5869918699186992,0.49407702047654983,0.5149974052932018,1.0,0.9903
AI Picks by Srini underdog - March 12 2026.csv,220,905,Andrew Nembhard,3PM,OVER,58.6%,DO NOT BET,S,✅ HIT,58.49,0.6137003560631437,0.5304037023861833,0.5747041267881033,0.5869918699186992,0.49407702047654983,0.5093126385809312,1.0,0.9772
AI Picks by Srini underdog - March 14 2026.csv,97,906,Nikola Jokić,FGA,UNDER,62.7%,DO NOT BET,D,❌ MISS,60.96,0.5844342685296458,0.5302645375379268,0.4736390243902439,0.4584602067315036,0.49407702047654983,0.4297199638663053,1.0,0.985
AI Picks by Srini underdog - March 10 2026.csv,241,907,Derrick White,REB,UNDER,54.90%,DO NOT BET,B,❌ MISS,58.61,0.6119716977555109,0.5301975056788624,0.5620746167935988,0.5557229965156795,0.49407702047654983,0.6723577235772358,1.0,0.9937
AI Picks by Srini underdog - March 12 2026.csv,168,908,Jayson Tatum,PTS,OVER,61.9%,DO NOT BET,D,NO GAME,60.16,0.5936859974126789,0.5301619533609616,0.4830232333943893,0.4584602067315036,0.49407702047654983,0.5334688346883468,1.0,0.9794
AI Picks by Srini underdog - March 14 2026.csv,171,909,Myles Turner,3PA,OVER,58.4%,DO NOT BET,B,❌ MISS,58.16,0.6171853150905524,0.5301459899742376,0.5765635645183267,0.5557229965156795,0.49407702047654983,0.5819660014781965,1.0,0.9828
AI Picks by Srini underdog - March 15 2026.csv,158,910,Donte DiVincenzo,REB,OVER,60.9%,DO NOT BET,B,✅ HIT,57.79,0.6214555866443997,0.53009292030693,0.5620746167935988,0.5557229965156795,0.49407702047654983,0.5612466124661246,1.0,0.9976
AI Picks by Srini underdog - March 11 2026.csv,153,911,Scottie Barnes,TOV,UNDER,57.30%,DO NOT BET,A,✅ HIT,57.94,0.6196180857990781,0.5300453337482716,0.59583830803343,0.6088002636783125,0.49407702047654983,0.5424015009380863,1.0,0.9809
AI Picks by Srini underdog - March 10 2026.csv,218,912,Jaylen Brown,TOV,UNDER,58.20%,DO NOT BET,A,✅ HIT,59.46,0.601704931723189,0.5300225787057234,0.59583830803343,0.6088002636783125,0.49407702047654983,0.3511199601791936,1.0,0.944
AI Picks by Srini underdog - March 10 2026.csv,238,913,Josh Giddey,3PM,OVER,59.90%,DO NOT BET,S,✅ HIT,58.7,0.6105688483026116,0.5299737269289584,0.5747041267881033,0.5869918699186992,0.49407702047654983,0.42409756097560974,1.0,0.9966
AI Picks by Srini underdog - March 10 2026.csv,172,914,Jaylen Wells,PTS,UNDER,59.20%,DO NOT BET,D,✅ HIT,61.26,0.5803536261389663,0.5299056979655864,0.4830232333943893,0.4584602067315036,0.49407702047654983,0.4881951219512195,1.0,0.9869
AI Picks by Srini underdog - March 9 2026.csv,21,915,OG Anunoby,PRA,UNDER,58.70%,DO NOT BET,D,❌ MISS,62.26,0.5684862694329882,0.5298371760453716,0.4730352303523035,0.4584602067315036,0.49407702047654983,0.4040975609756097,1.0,0.9917
AI Picks by Srini underdog - March 15 2026.csv,144,916,Quentin Grimes,REB,UNDER,57.8%,DO NOT BET,B,✅ HIT,58.19,0.6163139637994478,0.5298089694331797,0.5620746167935988,0.5557229965156795,0.49407702047654983,0.6213803840166061,1.0,0.9853
AI Picks by Srini underdog - March 15 2026.csv,79,917,Deni Avdija,PRA,UNDER,59.7%,DO NOT BET,D,❌ MISS,61.6,0.5760409347158111,0.5297018369196836,0.4730352303523035,0.4584602067315036,0.49407702047654983,0.4724442138038401,1.0,0.9381
AI Picks by Srini underdog - March 15 2026.csv,132,918,James Harden,3PM,OVER,59.6%,DO NOT BET,S,❌ MISS,59.05,0.6059510877704608,0.5296480235615951,0.5747041267881033,0.5869918699186992,0.49407702047654983,0.39101995565410197,1.0,0.9908
AI Picks by Srini underdog - March 11 2026.csv,141,919,Rudy Gobert,REB,UNDER,57.80%,DO NOT BET,B,✅ HIT,58.43,0.6131119208600675,0.5295625039078635,0.5620746167935988,0.5557229965156795,0.49407702047654983,0.586159954622802,1.0,0.9917
AI Picks by Srini underdog - March 10 2026.csv,200,920,Deni Avdija,RA,OVER,60.60%,DO NOT BET,C,✅ HIT,60.03,0.5941123564343676,0.529445202933032,0.5152613240418118,0.4925952315702933,0.49407702047654983,0.4724442138038401,1.0,0.9875
AI Picks by Srini underdog - March 11 2026.csv,150,921,Darius Garland,3PA,UNDER,57.40%,DO NOT BET,B,❌ MISS,58.07,0.6170140272568315,0.5293465794878386,0.5765635645183267,0.5557229965156795,0.49407702047654983,0.6147531231409875,1.0,0.9818
AI Picks by Srini underdog - March 11 2026.csv,76,922,Amen Thompson,PA,OVER,64.10%,DO NOT BET,D,❌ MISS,61.44,0.5773252556162924,0.5293134039148092,0.4054911368785819,0.4584602067315036,0.49407702047654983,0.4609756097560975,1.0,0.9577
AI Picks by Srini underdog - March 12 2026.csv,178,923,Tyler Herro,PTS,UNDER,60.2%,DO NOT BET,D,NO GAME,59.97,0.594596105813763,0.5293009244333188,0.4830232333943893,0.4584602067315036,0.49407702047654983,0.591869918699187,1.0,0.9964
AI Picks by Srini underdog - March 10 2026.csv,186,924,Alperen Sengun,PTS,OVER,62.10%,DO NOT BET,D,❌ MISS,60.7,0.5859445019704519,0.5292584216903964,0.4830232333943893,0.4584602067315036,0.49407702047654983,0.4607538802660754,1.0,0.9564
AI Picks by Srini underdog - March 10 2026.csv,224,925,Onyeka Okongwu,AST,OVER,59.10%,DO NOT BET,C,❌ MISS,59.23,0.6028651999328787,0.5290183432561275,0.4745136763108522,0.4925952315702933,0.49407702047654983,0.691567944250871,1.0,0.9893
AI Picks by Srini underdog - March 13 2026.csv,153,926,Evan Mobley,REB,UNDER,58.1%,DO NOT BET,B,✅ HIT,59.49,0.5997031205197385,0.5289507592216408,0.5620746167935988,0.5557229965156795,0.49407702047654983,0.45512195121951216,1.0,0.9652000000000001
AI Picks by Srini underdog - March 10 2026.csv,245,927,Naz Reid,REB,OVER,58.80%,DO NOT BET,B,✅ HIT,58.51,0.6110881205197385,0.5288586544817433,0.5620746167935988,0.5557229965156795,0.49407702047654983,0.5301219512195121,1.0,0.9953
AI Picks by Srini underdog - March 12 2026.csv,162,928,CJ McCollum,AST,UNDER,62.1%,DO NOT BET,C,✅ HIT,60.43,0.5885005470901831,0.5288556308347805,0.4745136763108522,0.4925952315702933,0.49407702047654983,0.4440214158239143,1.0,0.9931
AI Picks by Srini underdog - March 12 2026.csv,171,929,Devin Booker,TOV,OVER,56.0%,DO NOT BET,A,❌ MISS,60.12,0.5921347649735622,0.528847841877989,0.59583830803343,0.6088002636783125,0.49407702047654983,0.31676829268292683,1.0,0.9709
AI Picks by Srini underdog - March 11 2026.csv,118,930,DeMar DeRozan,3PM,UNDER,57.10%,DO NOT BET,S,✅ HIT,59.46,0.599680061560898,0.5287064131002344,0.5747041267881033,0.5869918699186992,0.49407702047654983,0.415509693558474,1.0,0.9864
AI Picks by Srini underdog - March 10 2026.csv,167,931,Brandon Miller,PR,UNDER,59.60%,DO NOT BET,D,❌ MISS,61.44,0.576380300592105,0.5286991831490873,0.4622014406672564,0.4584602067315036,0.49407702047654983,0.47460545193687226,1.0,0.9907
AI Picks by Srini underdog - March 12 2026.csv,234,932,Stephon Castle,FTM,UNDER,60.3%,BET WITH CAUTION,B,❌ MISS,57.91,0.617724129204255,0.5285849041634765,0.5145057766367137,0.5557229965156795,0.5894404591104735,0.5273835920177383,1.0,0.9929
AI Picks by Srini underdog - March 14 2026.csv,141,933,Jamal Murray,FTM,UNDER,58.4%,DO NOT BET,B,✅ HIT,59.46,0.5990373199680362,0.5282886310648742,0.5145057766367137,0.5557229965156795,0.49407702047654983,0.5251016260162601,1.0,0.9818
AI Picks by Srini underdog - March 10 2026.csv,262,934,Brandin Podziemski,3PM,UNDER,58.10%,DO NOT BET,S,✅ HIT,58.14,0.614378392311095,0.5281685849688168,0.5747041267881033,0.5869918699186992,0.49407702047654983,0.5261930010604453,1.0,0.991
AI Picks by Srini underdog - March 10 2026.csv,208,935,Kevin Durant,RA,UNDER,62.60%,DO NOT BET,C,✅ HIT,59.78,0.5950873800514949,0.528167653299497,0.5152613240418118,0.4925952315702933,0.49407702047654983,0.41234444997511194,1.0,0.9912
AI Picks by Srini underdog - March 15 2026.csv,93,936,James Harden,AST,OVER,61.8%,DO NOT BET,C,❌ MISS,60.91,0.5817354010732019,0.5281280106943047,0.4745136763108522,0.4925952315702933,0.49407702047654983,0.39101995565410197,1.0,0.9842
AI Picks by Srini underdog - March 14 2026.csv,179,937,Kawhi Leonard,3PA,UNDER,56.8%,DO NOT BET,B,✅ HIT,57.9,0.6170658350177798,0.5280805603428809,0.5765635645183267,0.5557229965156795,0.49407702047654983,0.633921200750469,1.0,0.9853
AI Picks by Srini underdog - March 11 2026.csv,170,938,Darius Garland,TOV,UNDER,55.60%,DO NOT BET,A,❌ MISS,57.48,0.6217482480193683,0.5279131196196717,0.59583830803343,0.6088002636783125,0.49407702047654983,0.6147531231409875,1.0,0.9944
AI Picks by Srini underdog - March 11 2026.csv,104,939,James Harden,3PA,UNDER,56.20%,DO NOT BET,B,❌ MISS,60.14,0.5904257105081431,0.5278898616742399,0.5765635645183267,0.5557229965156795,0.49407702047654983,0.39101995565410197,1.0,0.9791
AI Picks by Srini underdog - March 11 2026.csv,145,940,Russell Westbrook,REB,UNDER,57.00%,DO NOT BET,B,❌ MISS,58.27,0.6123512099506329,0.5278448002265437,0.5620746167935988,0.5557229965156795,0.49407702047654983,0.6045528455284552,1.0,0.9941
AI Picks by Srini underdog - March 15 2026.csv,108,941,Josh Hart,PRA,OVER,60.0%,DO NOT BET,D,✅ HIT,60.04,0.5913635052053459,0.5277349022335547,0.4730352303523035,0.4584602067315036,0.49407702047654983,0.591869918699187,1.0,0.9853
AI Picks by Srini underdog - March 11 2026.csv,140,942,Josh Hart,REB,UNDER,56.60%,DO NOT BET,B,NO GAME,58.46,0.609697917267706,0.5275727593709887,0.5620746167935988,0.5557229965156795,0.49407702047654983,0.591869918699187,1.0,0.9936
AI Picks by Srini underdog - March 10 2026.csv,202,943,Jaylen Brown,RA,OVER,63.30%,DO NOT BET,C,❌ MISS,60.01,0.591394931071903,0.5275259712486566,0.5152613240418118,0.4925952315702933,0.49407702047654983,0.3511199601791936,1.0,0.9922
AI Picks by Srini underdog - March 14 2026.csv,204,944,Onyeka Okongwu,REB,OVER,58.8%,DO NOT BET,B,❌ MISS,56.98,0.6270027198228744,0.5275058963226151,0.5620746167935988,0.5557229965156795,0.49407702047654983,0.691567944250871,1.0,0.9907
AI Picks by Srini underdog - March 14 2026.csv,200,945,De'Aaron Fox,3PA,UNDER,58.3%,DO NOT BET,B,✅ HIT,57.2,0.6242838775443589,0.5274206060280877,0.5765635645183267,0.5557229965156795,0.49407702047654983,0.6501016260162601,1.0,0.9953
AI Picks by Srini underdog - March 10 2026.csv,247,946,Jalen Johnson,FTM,UNDER,59.00%,DO NOT BET,B,❌ MISS,58.5,0.6088147656292275,0.5273045212035244,0.5145057766367137,0.5557229965156795,0.49407702047654983,0.6164260826281732,1.0,0.9539
AI Picks by Srini underdog - March 13 2026.csv,119,947,Immanuel Quickley,RA,UNDER,56.7%,DO NOT BET,C,✅ HIT,60.93,0.5801773601410916,0.5272681892872064,0.5152613240418118,0.4925952315702933,0.49407702047654983,0.4679442508710801,1.0,0.983
AI Picks by Srini underdog - March 10 2026.csv,306,948,Jalen Johnson,TOV,UNDER,57.60%,DO NOT BET,A,✅ HIT,56.83,0.628350543968087,0.5272351930262027,0.59583830803343,0.6088002636783125,0.49407702047654983,0.6164260826281732,1.0,0.9871
AI Picks by Srini underdog - March 14 2026.csv,96,949,Bam Adebayo,PRA,OVER,58.8%,DO NOT BET,D,❌ MISS,61.25,0.5762150092703864,0.5271391444016228,0.4730352303523035,0.4584602067315036,0.49407702047654983,0.48343495934959346,1.0,0.9808
AI Picks by Srini underdog - March 12 2026.csv,203,950,VJ Edgecombe,PRA,UNDER,63.1%,DO NOT BET,D,✅ HIT,59.11,0.6012112694329881,0.5270258572385581,0.4730352303523035,0.4584602067315036,0.49407702047654983,0.5840975609756097,1.0,0.987
AI Picks by Srini underdog - March 10 2026.csv,217,951,Jalen Green,REB,UNDER,55.90%,DO NOT BET,B,❌ MISS,59.52,0.5963844213327467,0.5270229625482563,0.5620746167935988,0.5557229965156795,0.49407702047654983,0.48343495934959346,1.0,0.9918
AI Picks by Srini underdog - March 10 2026.csv,166,952,Scottie Barnes,PR,UNDER,56.70%,DO NOT BET,D,❌ MISS,61.45,0.5735399054922264,0.5269293789335531,0.4622014406672564,0.4584602067315036,0.49407702047654983,0.5424015009380863,1.0,0.9955
AI Picks by Srini underdog - March 12 2026.csv,246,953,Stephon Castle,TOV,UNDER,58.1%,DO NOT BET,A,✅ HIT,57.54,0.6194962949070434,0.5269080656929807,0.59583830803343,0.6088002636783125,0.49407702047654983,0.5273835920177383,1.0,0.9541
AI Picks by Srini underdog - March 15 2026.csv,125,954,DeMar DeRozan,3PM,UNDER,56.8%,DO NOT BET,S,❌ MISS,59.3,0.598700061560898,0.526846171510047,0.5747041267881033,0.5869918699186992,0.49407702047654983,0.415509693558474,1.0,0.9872
AI Picks by Srini underdog - March 9 2026.csv,30,955,Kawhi Leonard,RA,UNDER,58.20%,DO NOT BET,C,❌ MISS,58.98,0.6022750551290305,0.5267234341489584,0.5152613240418118,0.4925952315702933,0.49407702047654983,0.633921200750469,1.0,0.991
AI Picks by Srini underdog - March 11 2026.csv,133,956,Miles Bridges,PTS,OVER,62.10%,DO NOT BET,D,✅ HIT,58.65,0.6060715355466317,0.5266682106406378,0.4830232333943893,0.4584602067315036,0.49407702047654983,0.6501742160278745,1.0,0.9801
AI Picks by Srini underdog - March 13 2026.csv,180,957,Draymond Green,3PA,OVER,57.0%,DO NOT BET,B,NO GAME,58.25,0.6106431051866353,0.5265816269311718,0.5765635645183267,0.5557229965156795,0.49407702047654983,0.5602439024390244,1.0,0.9906
AI Picks by Srini underdog - March 10 2026.csv,282,958,Anthony Edwards,TOV,OVER,55.10%,DO NOT BET,A,❌ MISS,57.53,0.6188995691125125,0.5264437413271489,0.59583830803343,0.6088002636783125,0.49407702047654983,0.6243163340724316,1.0,0.9523
AI Picks by Srini underdog - March 12 2026.csv,201,959,Tyler Herro,AST,OVER,61.2%,DO NOT BET,C,NO GAME,59.13,0.6000003973777103,0.526391695601401,0.4745136763108522,0.4925952315702933,0.49407702047654983,0.591869918699187,1.0,0.9886
AI Picks by Srini underdog - March 10 2026.csv,303,960,Kristaps Porziņģis,3PA,OVER,57.70%,DO NOT BET,B,✅ HIT,56.92,0.6259574766688119,0.5263677726761542,0.5765635645183267,0.5557229965156795,0.49407702047654983,0.7001876172607879,1.0,0.9694
AI Picks by Srini underdog - March 12 2026.csv,195,961,Giannis Antetokounmpo,RA,OVER,60.3%,DO NOT BET,C,❌ MISS,59.34,0.5974676755833036,0.5263509310221576,0.5152613240418118,0.4925952315702933,0.49407702047654983,0.5149974052932018,1.0,0.9899
AI Picks by Srini underdog - March 9 2026.csv,24,962,Bennedict Mathurin,AST,OVER,59.60%,DO NOT BET,C,❌ MISS,60.45,0.584277578949526,0.5262636067421268,0.4745136763108522,0.4925952315702933,0.49407702047654983,0.4934417344173441,1.0,0.9798
AI Picks by Srini underdog - March 14 2026.csv,89,963,Payton Pritchard,AST,UNDER,59.8%,DO NOT BET,C,✅ HIT,61.58,0.5709426401587588,0.5262350402588263,0.4745136763108522,0.4925952315702933,0.49407702047654983,0.351892346509672,1.0,0.9826
AI Picks by Srini underdog - March 10 2026.csv,188,964,LaMelo Ball,PA,UNDER,62.60%,DO NOT BET,D,✅ HIT,60.48,0.5837674507382438,0.5261613812029534,0.4054911368785819,0.4584602067315036,0.49407702047654983,0.5640975609756097,1.0,0.9823
AI Picks by Srini underdog - March 13 2026.csv,137,965,Kevin Durant,RA,UNDER,60.5%,DO NOT BET,C,❌ MISS,60.11,0.5880373800514946,0.5261080890792583,0.5152613240418118,0.4925952315702933,0.49407702047654983,0.41234444997511194,1.0,0.993
AI Picks by Srini underdog - March 11 2026.csv,202,966,Rudy Gobert,BLK,UNDER,55.10%,BET WITH CAUTION,S,✅ HIT,56.1,0.6351738641056727,0.5260893113604036,0.644579945799458,0.5869918699186992,0.5894404591104735,0.586159954622802,1.0,0.9826
AI Picks by Srini underdog - March 14 2026.csv,147,967,CJ McCollum,REB,UNDER,58.0%,DO NOT BET,B,✅ HIT,59.11,0.5996980669801787,0.526042275644232,0.5620746167935988,0.5557229965156795,0.49407702047654983,0.4440214158239143,1.0,0.9941
AI Picks by Srini underdog - March 15 2026.csv,97,968,Deni Avdija,AST,UNDER,59.7%,DO NOT BET,C,❌ MISS,60.51,0.5831378268881756,0.5259814834985692,0.4745136763108522,0.4925952315702933,0.49407702047654983,0.4724442138038401,1.0,0.9922
AI Picks by Srini underdog - March 10 2026.csv,226,969,Derrick White,PR,OVER,60.60%,DO NOT BET,D,✅ HIT,59.14,0.5990855277561413,0.5258734829467678,0.4622014406672564,0.4584602067315036,0.49407702047654983,0.6723577235772358,1.0,0.9813
AI Picks by Srini underdog - March 10 2026.csv,260,970,Onyeka Okongwu,RA,OVER,58.90%,DO NOT BET,C,✅ HIT,58.18,0.6103497294790706,0.5258557645255478,0.5152613240418118,0.4925952315702933,0.49407702047654983,0.691567944250871,1.0,0.9896
AI Picks by Srini underdog - March 12 2026.csv,189,971,LeBron James,FTM,UNDER,58.4%,DO NOT BET,B,❌ MISS,59.48,0.5944334852796893,0.5254490437162221,0.5145057766367137,0.5557229965156795,0.49407702047654983,0.4779132791327913,1.0,0.9841
AI Picks by Srini underdog - March 14 2026.csv,174,972,Paolo Banchero,REB,UNDER,58.2%,DO NOT BET,B,✅ HIT,58.01,0.6115859850760437,0.5253596364740062,0.5620746167935988,0.5557229965156795,0.49407702047654983,0.5575505967825636,1.0,0.9912
AI Picks by Srini underdog - March 13 2026.csv,232,973,Trey Murphy III,STL,UNDER,56.9%,DO NOT BET,A,✅ HIT,56.58,0.6283652986937873,0.5253334686132402,0.6067636810821889,0.6088002636783125,0.49407702047654983,0.6236728837876614,1.0,0.9768
AI Picks by Srini underdog - March 15 2026.csv,147,974,Josh Hart,REB,UNDER,57.0%,DO NOT BET,B,❌ MISS,58.06,0.6109379172677061,0.5253206553955203,0.5620746167935988,0.5557229965156795,0.49407702047654983,0.591869918699187,1.0,0.9912
AI Picks by Srini underdog - March 12 2026.csv,145,975,Victor Wembanyama,AST,OVER,61.3%,DO NOT BET,C,NO GAME,61.1,0.5751395437191738,0.525293302802534,0.4745136763108522,0.4925952315702933,0.49407702047654983,0.3382113821138211,1.0,0.9919
AI Picks by Srini underdog - March 11 2026.csv,110,976,Bennedict Mathurin,AST,UNDER,61.00%,DO NOT BET,C,❌ MISS,59.86,0.589647578949526,0.525243403378311,0.4745136763108522,0.4925952315702933,0.49407702047654983,0.4934417344173441,1.0,0.992
AI Picks by Srini underdog - March 13 2026.csv,130,977,Draymond Green,PRA,OVER,58.7%,DO NOT BET,D,NO GAME,60.33,0.5840909035793297,0.5252248365588587,0.4730352303523035,0.4584602067315036,0.49407702047654983,0.5602439024390244,1.0,0.9915
AI Picks by Srini underdog - March 15 2026.csv,155,978,VJ Edgecombe,3PM,OVER,56.1%,DO NOT BET,S,❌ MISS,57.86,0.6131188483026117,0.5252092085804747,0.5747041267881033,0.5869918699186992,0.49407702047654983,0.5840975609756097,1.0,0.986
AI Picks by Srini underdog - March 15 2026.csv,117,979,Jalen Duren,PRA,UNDER,60.5%,DO NOT BET,D,✅ HIT,59.47,0.59397469725105,0.5250743788982198,0.4730352303523035,0.4584602067315036,0.49407702047654983,0.6001318391562294,1.0,0.987
AI Picks by Srini underdog - March 12 2026.csv,125,980,Devin Booker,PA,UNDER,64.2%,DO NOT BET,D,❌ MISS,62.0,0.5641845239089754,0.5250532738707089,0.4054911368785819,0.4584602067315036,0.49407702047654983,0.31676829268292683,1.0,0.9765
AI Picks by Srini underdog - March 11 2026.csv,129,981,Ace Bailey,AST,UNDER,61.60%,DO NOT BET,C,✅ HIT,58.97,0.599807969967722,0.5250433761947212,0.4745136763108522,0.4925952315702933,0.49407702047654983,0.5787456445993031,1.0,0.9838
AI Picks by Srini underdog - March 10 2026.csv,219,982,Jalen Duren,PR,OVER,61.10%,DO NOT BET,D,✅ HIT,59.43,0.5943279393140407,0.524998175841617,0.4622014406672564,0.4584602067315036,0.49407702047654983,0.6001318391562294,1.0,0.9966
AI Picks by Srini underdog - March 14 2026.csv,185,983,Tyler Herro,3PM,UNDER,56.3%,DO NOT BET,S,✅ HIT,57.73,0.6141660840749693,0.52489602804048,0.5747041267881033,0.5869918699186992,0.49407702047654983,0.591869918699187,1.0,0.9778
AI Picks by Srini underdog - March 10 2026.csv,201,984,Josh Giddey,RA,UNDER,60.00%,DO NOT BET,C,❌ MISS,60.02,0.5871026911515445,0.5248124678998103,0.5152613240418118,0.4925952315702933,0.49407702047654983,0.42409756097560974,1.0,0.9848
AI Picks by Srini underdog - March 11 2026.csv,91,985,Donovan Mitchell,FGA,UNDER,58.20%,DO NOT BET,D,❌ MISS,60.81,0.5777793859641535,0.5247920748795563,0.4736390243902439,0.4584602067315036,0.49407702047654983,0.5138211382113821,1.0,0.9897
AI Picks by Srini underdog - March 14 2026.csv,118,986,Nikola Jokić,FTM,UNDER,57.4%,DO NOT BET,B,✅ HIT,60.07,0.5864491537530409,0.5247699315877166,0.5145057766367137,0.5557229965156795,0.49407702047654983,0.4297199638663053,1.0,0.9888
AI Picks by Srini underdog - March 15 2026.csv,136,987,Cooper Flagg,REB,UNDER,58.6%,DO NOT BET,B,✅ HIT,58.9,0.6000426139531344,0.5246607265895323,0.5620746167935988,0.5557229965156795,0.49407702047654983,0.4270168855534709,1.0,0.9942
AI Picks by Srini underdog - March 13 2026.csv,105,988,Donovan Mitchell,PA,OVER,59.9%,DO NOT BET,D,✅ HIT,61.55,0.568834808461821,0.5246355918576565,0.4054911368785819,0.4584602067315036,0.49407702047654983,0.5138211382113821,1.0,0.9678
AI Picks by Srini underdog - March 14 2026.csv,165,989,Stephon Castle,TOV,UNDER,53.9%,DO NOT BET,A,❌ MISS,58.41,0.6057262949070433,0.5246089418396243,0.59583830803343,0.6088002636783125,0.49407702047654983,0.5273835920177383,1.0,0.9643
AI Picks by Srini underdog - March 11 2026.csv,97,990,RJ Barrett,PR,UNDER,61.50%,DO NOT BET,D,✅ HIT,60.59,0.5800848029387236,0.5246086387265192,0.4622014406672564,0.4584602067315036,0.49407702047654983,0.4441504754030591,1.0,0.9965
AI Picks by Srini underdog - March 11 2026.csv,99,991,Reed Sheppard,PTS,OVER,58.50%,DO NOT BET,D,❌ MISS,60.39,0.582390997412679,0.5245786131468559,0.4830232333943893,0.4584602067315036,0.49407702047654983,0.5334688346883468,1.0,0.9847
AI Picks by Srini underdog - March 13 2026.csv,164,992,Reed Sheppard,3PA,OVER,54.3%,DO NOT BET,B,✅ HIT,58.96,0.5989805984115675,0.524429132083834,0.5765635645183267,0.5557229965156795,0.49407702047654983,0.5334688346883468,1.0,0.9945
AI Picks by Srini underdog - March 11 2026.csv,109,993,Reed Sheppard,AST,OVER,59.50%,DO NOT BET,C,❌ MISS,59.9,0.5879152889766264,0.524423225293473,0.4745136763108522,0.4925952315702933,0.49407702047654983,0.5334688346883468,1.0,0.9793
AI Picks by Srini underdog - March 15 2026.csv,135,994,Donovan Mitchell,FTM,UNDER,59.0%,DO NOT BET,B,✅ HIT,58.96,0.5987042711875484,0.5242495193882217,0.5145057766367137,0.5557229965156795,0.49407702047654983,0.5138211382113821,1.0,0.9569
AI Picks by Srini underdog - March 11 2026.csv,102,995,Brandon Miller,PRA,UNDER,60.90%,DO NOT BET,D,✅ HIT,60.32,0.5826270585291143,0.524196884676832,0.4730352303523035,0.4584602067315036,0.49407702047654983,0.47460545193687226,1.0,0.9839
AI Picks by Srini underdog - March 10 2026.csv,173,996,Luka Dončić,PRA,UNDER,60.00%,DO NOT BET,D,❌ MISS,61.25,0.5716520480446203,0.5241732196048748,0.4730352303523035,0.4584602067315036,0.49407702047654983,0.3885553470919324,1.0,0.9977
AI Picks by Srini underdog - March 10 2026.csv,234,997,Brandin Podziemski,PTS,UNDER,63.60%,DO NOT BET,D,✅ HIT,58.89,0.5992934140498889,0.524097294053036,0.4830232333943893,0.4584602067315036,0.49407702047654983,0.5261930010604453,1.0,0.9905
AI Picks by Srini underdog - March 12 2026.csv,167,998,Kevin Porter Jr.,PRA,OVER,64.2%,DO NOT BET,D,❌ MISS,60.2,0.5838067301375953,0.5240462400297041,0.4730352303523035,0.4584602067315036,0.49407702047654983,0.3668021680216802,1.0,0.9987
AI Picks by Srini underdog - March 14 2026.csv,148,999,Trae Young,PTS,OVER,63.7%,DO NOT BET,D,❌ MISS,59.05,0.5971871064391538,0.5239514356962456,0.4830232333943893,0.4584602067315036,0.49407702047654983,0.5078799249530956,1.0,0.9782
AI Picks by Srini underdog - March 12 2026.csv,173,1000,Khris Middleton,PTS,OVER,60.0%,DO NOT BET,D,✅ HIT,60.03,0.5853364310170149,0.5237408514117528,0.4830232333943893,0.4584602067315036,0.49407702047654983,0.5170731707317073,1.0,0.9744
AI Picks by Srini underdog - March 14 2026.csv,199,1001,Jamal Murray,TOV,UNDER,57.1%,DO NOT BET,A,✅ HIT,57.26,0.6175980983068955,0.5235335651200567,0.59583830803343,0.6088002636783125,0.49407702047654983,0.5251016260162601,1.0,0.9887
AI Picks by Srini underdog - March 10 2026.csv,165,1002,De'Aaron Fox,PA,UNDER,55.20%,DO NOT BET,D,❌ MISS,61.48,0.5678528572423089,0.5234621553692668,0.4054911368785819,0.4584602067315036,0.49407702047654983,0.6501016260162601,1.0,0.9952
AI Picks by Srini underdog - March 11 2026.csv,173,1003,Jalen Suggs,SB,UNDER,56.40%,DO NOT BET,A,❌ MISS,57.4,0.6158311458305951,0.5234553824018753,0.6069806560134566,0.6088002636783125,0.49407702047654983,0.5149974052932018,1.0,0.9766
AI Picks by Srini underdog - March 12 2026.csv,176,1004,Dyson Daniels,PTS,OVER,60.0%,DO NOT BET,D,NO GAME,59.98,0.5853835041877467,0.5233891859757949,0.4830232333943893,0.4584602067315036,0.49407702047654983,0.5102439024390244,1.0,0.989
AI Picks by Srini underdog - March 10 2026.csv,253,1005,Austin Reaves,RA,OVER,61.00%,DO NOT BET,C,✅ HIT,58.36,0.60405799473224,0.5231422837290687,0.5152613240418118,0.4925952315702933,0.49407702047654983,0.5575505967825636,1.0,0.989
AI Picks by Srini underdog - March 12 2026.csv,214,1006,Paolo Banchero,FTM,OVER,58.2%,DO NOT BET,B,✅ HIT,58.66,0.6005272170446666,0.5231408562137472,0.5145057766367137,0.5557229965156795,0.49407702047654983,0.5575505967825636,1.0,0.9603
AI Picks by Srini underdog - March 12 2026.csv,217,1007,CJ McCollum,3PA,UNDER,57.8%,DO NOT BET,B,❌ MISS,58.58,0.6012708565251242,0.5230126010809509,0.5765635645183267,0.5557229965156795,0.49407702047654983,0.4440214158239143,1.0,0.9812
AI Picks by Srini underdog - March 14 2026.csv,220,1008,Onyeka Okongwu,3PM,OVER,56.4%,DO NOT BET,S,❌ MISS,56.5,0.6252408866301378,0.5226909799767743,0.5747041267881033,0.5869918699186992,0.49407702047654983,0.691567944250871,1.0,0.9931
AI Picks by Srini underdog - March 13 2026.csv,124,1009,RJ Barrett,PTS,UNDER,59.7%,DO NOT BET,D,❌ MISS,60.6,0.5770041614841501,0.5226826743804331,0.4830232333943893,0.4584602067315036,0.49407702047654983,0.4441504754030591,1.0,0.974
AI Picks by Srini underdog - March 10 2026.csv,197,1010,CJ McCollum,AST,OVER,60.50%,DO NOT BET,C,✅ HIT,60.11,0.5827205470901831,0.5226521476544057,0.4745136763108522,0.4925952315702933,0.49407702047654983,0.4440214158239143,1.0,0.9863
AI Picks by Srini underdog - March 12 2026.csv,219,1011,Cooper Flagg,PR,UNDER,65.2%,STRONG BET,D,✅ HIT,58.52,0.6012770512132578,0.5225579120319176,0.4622014406672564,0.4584602067315036,0.5899154143056583,0.4270168855534709,1.0,0.973
AI Picks by Srini underdog - March 13 2026.csv,183,1012,Kristaps Porziņģis,PTS,OVER,60.4%,DO NOT BET,D,✅ HIT,58.17,0.6053878756699231,0.5225541069502152,0.4830232333943893,0.4584602067315036,0.49407702047654983,0.7001876172607879,1.0,0.982
AI Picks by Srini underdog - March 10 2026.csv,284,1013,Cade Cunningham,STL,UNDER,57.20%,DO NOT BET,A,✅ HIT,57.51,0.6128625368573456,0.522366765162517,0.6067636810821889,0.6088002636783125,0.49407702047654983,0.45889526542324244,1.0,0.9759
AI Picks by Srini underdog - March 15 2026.csv,131,1014,Karl-Anthony Towns,RA,OVER,60.1%,DO NOT BET,C,❌ MISS,59.08,0.5943616049348684,0.5223442175166202,0.5152613240418118,0.4925952315702933,0.49407702047654983,0.49313669880884853,1.0,0.9851
AI Picks by Srini underdog - March 14 2026.csv,108,1015,Nikola Jokić,PR,UNDER,61.5%,DO NOT BET,D,✅ HIT,60.48,0.5775967517850482,0.5221504268833763,0.4622014406672564,0.4584602067315036,0.49407702047654983,0.4297199638663053,1.0,0.9756
AI Picks by Srini underdog - March 15 2026.csv,141,1016,Anthony Edwards,FTM,UNDER,56.2%,DO NOT BET,B,✅ HIT,58.4,0.6020087907736534,0.5221161115535342,0.5145057766367137,0.5557229965156795,0.49407702047654983,0.6243163340724316,1.0,0.9924
AI Picks by Srini underdog - March 12 2026.csv,212,1017,Jayson Tatum,FTM,UNDER,57.8%,DO NOT BET,B,NO GAME,58.73,0.598014040835245,0.5220424598733302,0.5145057766367137,0.5557229965156795,0.49407702047654983,0.5334688346883468,1.0,0.9854
AI Picks by Srini underdog - March 15 2026.csv,78,1018,Shai Gilgeous-Alexander,PA,UNDER,60.9%,DO NOT BET,D,✅ HIT,61.62,0.5639271105585262,0.5219807564162219,0.4054911368785819,0.4584602067315036,0.49407702047654983,0.42644415917843387,1.0,0.9764
AI Picks by Srini underdog - March 15 2026.csv,103,1019,James Harden,FGA,OVER,62.7%,DO NOT BET,D,❌ MISS,60.2,0.5806142677084255,0.5219711394507437,0.4736390243902439,0.4584602067315036,0.49407702047654983,0.39101995565410197,1.0,0.986
AI Picks by Srini underdog - March 12 2026.csv,240,1020,Jalen Johnson,FTM,UNDER,58.3%,DO NOT BET,B,✅ HIT,57.82,0.6085297656292276,0.5219204944452283,0.5145057766367137,0.5557229965156795,0.49407702047654983,0.6164260826281732,1.0,0.9958
AI Picks by Srini underdog - March 11 2026.csv,193,1021,LaMelo Ball,TOV,OVER,57.70%,DO NOT BET,A,✅ HIT,56.54,0.6234976918028304,0.5218637137365714,0.59583830803343,0.6088002636783125,0.49407702047654983,0.5640975609756097,1.0,0.9879
AI Picks by Srini underdog - March 13 2026.csv,179,1022,Ace Bailey,PR,UNDER,64.6%,DO NOT BET,D,✅ HIT,58.25,0.602994319858348,0.521609916467785,0.4622014406672564,0.4584602067315036,0.49407702047654983,0.5787456445993031,1.0,0.9747
AI Picks by Srini underdog - March 15 2026.csv,106,1023,Anthony Edwards,PTS,UNDER,55.9%,DO NOT BET,D,✅ HIT,60.06,0.5816857473510875,0.5215972648270601,0.4830232333943893,0.4584602067315036,0.49407702047654983,0.6243163340724316,1.0,0.9657
AI Picks by Srini underdog - March 14 2026.csv,196,1024,Austin Reaves,3PA,OVER,58.1%,DO NOT BET,B,✅ HIT,57.29,0.6142487746209891,0.5215858625223777,0.5765635645183267,0.5557229965156795,0.49407702047654983,0.5575505967825636,1.0,0.9933
AI Picks by Srini underdog - March 10 2026.csv,193,1025,Alperen Sengun,PR,OVER,61.30%,DO NOT BET,D,❌ MISS,60.19,0.5801151434250253,0.5215702560671469,0.4622014406672564,0.4584602067315036,0.49407702047654983,0.4607538802660754,1.0,0.9775
AI Picks by Srini underdog - March 12 2026.csv,160,1026,Josh Giddey,PTS,UNDER,60.4%,DO NOT BET,D,❌ MISS,60.46,0.5769238700414053,0.5215601485512351,0.4830232333943893,0.4584602067315036,0.49407702047654983,0.42409756097560974,1.0,0.9649
AI Picks by Srini underdog - March 11 2026.csv,130,1027,Paolo Banchero,RA,OVER,58.80%,DO NOT BET,C,✅ HIT,58.76,0.5968279947322398,0.5215008877045368,0.5152613240418118,0.4925952315702933,0.49407702047654983,0.5575505967825636,1.0,0.994
AI Picks by Srini underdog - March 14 2026.csv,140,1028,Jalen Johnson,PR,UNDER,59.1%,DO NOT BET,D,✅ HIT,59.56,0.587347363661235,0.5214546854593205,0.4622014406672564,0.4584602067315036,0.49407702047654983,0.6164260826281732,1.0,0.9604
AI Picks by Srini underdog - March 14 2026.csv,115,1029,Jalen Suggs,PR,UNDER,59.4%,DO NOT BET,D,✅ HIT,60.16,0.5800394959277378,0.5212917273957499,0.4622014406672564,0.4584602067315036,0.49407702047654983,0.5149974052932018,1.0,0.9967
AI Picks by Srini underdog - March 13 2026.csv,145,1030,Cooper Flagg,PTS,UNDER,62.1%,DO NOT BET,D,❌ MISS,59.79,0.5842858024991914,0.5212230804898865,0.4830232333943893,0.4584602067315036,0.49407702047654983,0.4270168855534709,1.0,0.9907
AI Picks by Srini underdog - March 13 2026.csv,178,1031,Kawhi Leonard,PRA,UNDER,61.9%,DO NOT BET,D,✅ HIT,58.25,0.6022936334104739,0.521154470276667,0.4730352303523035,0.4584602067315036,0.49407702047654983,0.633921200750469,1.0,0.9906
AI Picks by Srini underdog - March 13 2026.csv,176,1032,Kawhi Leonard,RA,UNDER,57.8%,DO NOT BET,C,✅ HIT,58.39,0.6006250551290304,0.5211402307851425,0.5152613240418118,0.4925952315702933,0.49407702047654983,0.633921200750469,1.0,0.9852
AI Picks by Srini underdog - March 10 2026.csv,215,1033,Russell Westbrook,PTS,OVER,57.60%,DO NOT BET,D,❌ MISS,59.54,0.5869193984966898,0.5210236029035927,0.4830232333943893,0.4584602067315036,0.49407702047654983,0.6045528455284552,1.0,0.9943
AI Picks by Srini underdog - March 12 2026.csv,238,1034,Trae Young,REB,OVER,58.1%,DO NOT BET,B,✅ HIT,57.87,0.6065389178930969,0.5210087064136768,0.5620746167935988,0.5557229965156795,0.49407702047654983,0.5078799249530956,1.0,0.9964
AI Picks by Srini underdog - March 14 2026.csv,128,1035,Jamal Murray,PTS,UNDER,58.7%,DO NOT BET,D,✅ HIT,59.89,0.5827592765454703,0.5209953646138349,0.4830232333943893,0.4584602067315036,0.49407702047654983,0.5251016260162601,1.0,0.9952
AI Picks by Srini underdog - March 13 2026.csv,115,1036,Devin Booker,FGA,UNDER,60.9%,DO NOT BET,D,❌ MISS,61.2,0.5673491014113079,0.5209940412962882,0.4736390243902439,0.4584602067315036,0.49407702047654983,0.31676829268292683,1.0,0.9916
AI Picks by Srini underdog - March 12 2026.csv,177,1037,Jalen Johnson,PA,UNDER,60.7%,DO NOT BET,D,✅ HIT,59.97,0.5817053029035001,0.5209219025416478,0.4054911368785819,0.4584602067315036,0.49407702047654983,0.6164260826281732,1.0,0.9656
AI Picks by Srini underdog - March 10 2026.csv,251,1038,Jrue Holiday,REB,UNDER,57.40%,DO NOT BET,B,✅ HIT,58.38,0.6003878766172994,0.5209096121531307,0.5620746167935988,0.5557229965156795,0.49407702047654983,0.4712195121951219,1.0,0.9943
AI Picks by Srini underdog - March 15 2026.csv,96,1039,Ivica Zubac,PR,UNDER,57.5%,DO NOT BET,D,✅ HIT,60.6,0.5741904148383455,0.5208537390606601,0.4622014406672564,0.4584602067315036,0.49407702047654983,0.5261065943992773,1.0,0.9867
AI Picks by Srini underdog - March 10 2026.csv,279,1040,Bam Adebayo,PR,UNDER,66.00%,STRONG BET,D,❌ MISS,57.6,0.6094638585928702,0.5208456976850884,0.4622014406672564,0.4584602067315036,0.5899154143056583,0.48343495934959346,1.0,0.9695
AI Picks by Srini underdog - March 14 2026.csv,151,1041,Kawhi Leonard,PTS,OVER,58.8%,DO NOT BET,D,✅ HIT,58.92,0.5938462340188913,0.5207859848310477,0.4830232333943893,0.4584602067315036,0.49407702047654983,0.633921200750469,1.0,0.9925
AI Picks by Srini underdog - March 11 2026.csv,160,1042,Jamal Murray,REB,OVER,58.20%,DO NOT BET,B,❌ MISS,57.66,0.6086610879994133,0.5207826123956616,0.5620746167935988,0.5557229965156795,0.49407702047654983,0.5251016260162601,1.0,0.9976
AI Picks by Srini underdog - March 11 2026.csv,132,1043,Evan Mobley,REB,UNDER,56.80%,DO NOT BET,B,❌ MISS,58.66,0.5966981205197385,0.5206519434725438,0.5620746167935988,0.5557229965156795,0.49407702047654983,0.45512195121951216,1.0,0.9935
AI Picks by Srini underdog - March 13 2026.csv,125,1044,Scottie Barnes,PR,UNDER,57.0%,DO NOT BET,D,✅ HIT,60.55,0.5744549054922262,0.520643394988749,0.4622014406672564,0.4584602067315036,0.49407702047654983,0.5424015009380863,1.0,0.9934
AI Picks by Srini underdog - March 12 2026.csv,245,1045,Jalen Suggs,3PA,UNDER,57.9%,DO NOT BET,B,❌ MISS,57.56,0.6093984554720531,0.5204973752590104,0.5765635645183267,0.5557229965156795,0.49407702047654983,0.5149974052932018,1.0,0.995
AI Picks by Srini underdog - March 11 2026.csv,115,1046,Rudy Gobert,AST,UNDER,57.00%,DO NOT BET,C,❌ MISS,59.61,0.5852494009700718,0.5204732727069981,0.4745136763108522,0.4925952315702933,0.49407702047654983,0.586159954622802,1.0,0.9906
AI Picks by Srini underdog - March 11 2026.csv,135,1047,Russell Westbrook,FGA,UNDER,61.10%,DO NOT BET,D,✅ HIT,58.61,0.5968625566958607,0.5203765639900899,0.4736390243902439,0.4584602067315036,0.49407702047654983,0.6045528455284552,1.0,0.9927
AI Picks by Srini underdog - March 14 2026.csv,106,1048,Jayson Tatum,PTS,OVER,56.6%,DO NOT BET,D,❌ MISS,60.59,0.573515997412679,0.5203389151345902,0.4830232333943893,0.4584602067315036,0.49407702047654983,0.5334688346883468,1.0,0.9364
AI Picks by Srini underdog - March 15 2026.csv,109,1049,Ausar Thompson,PTS,UNDER,58.2%,DO NOT BET,D,✅ HIT,60.0,0.5801914310170151,0.5201672436135928,0.4830232333943893,0.4584602067315036,0.49407702047654983,0.5170731707317073,1.0,0.9939
AI Picks by Srini underdog - March 12 2026.csv,244,1050,Jalen Green,3PM,UNDER,58.2%,DO NOT BET,S,❌ MISS,57.63,0.60806258814001,0.5201642296888894,0.5747041267881033,0.5869918699186992,0.49407702047654983,0.48343495934959346,1.0,0.9434
AI Picks by Srini underdog - March 12 2026.csv,147,1051,Jaylen Brown,FGA,UNDER,60.0%,DO NOT BET,D,❌ MISS,61.04,0.5678792681609345,0.5201154080933581,0.4736390243902439,0.4584602067315036,0.49407702047654983,0.3511199601791936,1.0,0.9947
AI Picks by Srini underdog - March 12 2026.csv,179,1052,Andrew Nembhard,PRA,OVER,59.1%,DO NOT BET,D,❌ MISS,59.96,0.5805627771935203,0.5201028082307744,0.4730352303523035,0.4584602067315036,0.49407702047654983,0.5093126385809312,1.0,0.9956
AI Picks by Srini underdog - March 14 2026.csv,201,1053,Kawhi Leonard,REB,UNDER,56.8%,DO NOT BET,B,✅ HIT,57.08,0.6143330454728342,0.5200351339889561,0.5620746167935988,0.5557229965156795,0.49407702047654983,0.633921200750469,1.0,0.9886
AI Picks by Srini underdog - March 10 2026.csv,154,1054,Luka Dončić,PA,UNDER,60.40%,DO NOT BET,D,❌ MISS,61.88,0.5578682293498761,0.5200302512146538,0.4054911368785819,0.4584602067315036,0.49407702047654983,0.3885553470919324,1.0,0.965
AI Picks by Srini underdog - March 12 2026.csv,263,1055,Cade Cunningham,STL,UNDER,59.5%,DO NOT BET,A,❌ MISS,56.64,0.6194725368573455,0.5200118890158733,0.6067636810821889,0.6088002636783125,0.49407702047654983,0.45889526542324244,1.0,0.9517
AI Picks by Srini underdog - March 11 2026.csv,180,1056,Kawhi Leonard,REB,UNDER,56.50%,DO NOT BET,B,✅ HIT,57.14,0.6135880454728342,0.5200095995852764,0.5620746167935988,0.5557229965156795,0.49407702047654983,0.633921200750469,1.0,0.9941
AI Picks by Srini underdog - March 13 2026.csv,190,1057,Jrue Holiday,3PM,UNDER,56.7%,DO NOT BET,S,❌ MISS,57.91,0.6044210434245627,0.5199378984066765,0.5747041267881033,0.5869918699186992,0.49407702047654983,0.4712195121951219,1.0,0.997
AI Picks by Srini underdog - March 14 2026.csv,126,1058,Jaylen Brown,FGA,OVER,64.0%,DO NOT BET,D,❌ MISS,59.91,0.5808592681609346,0.51991326436266,0.4736390243902439,0.4584602067315036,0.49407702047654983,0.3511199601791936,1.0,0.9823
AI Picks by Srini underdog - March 15 2026.csv,114,1059,DeMar DeRozan,PRA,UNDER,62.4%,DO NOT BET,D,❌ MISS,59.84,0.5815774826912745,0.5198449356116741,0.4730352303523035,0.4584602067315036,0.49407702047654983,0.415509693558474,1.0,0.9791
AI Picks by Srini underdog - March 15 2026.csv,145,1060,Quentin Grimes,RA,UNDER,58.2%,DO NOT BET,C,✅ HIT,58.16,0.6010959734556443,0.5196879179115472,0.5152613240418118,0.4925952315702933,0.49407702047654983,0.6213803840166061,1.0,0.9925
AI Picks by Srini underdog - March 11 2026.csv,105,1061,RJ Barrett,AST,UNDER,59.00%,DO NOT BET,C,✅ HIT,60.1,0.5782184530480976,0.5196493339276634,0.4745136763108522,0.4925952315702933,0.49407702047654983,0.4441504754030591,1.0,0.998
AI Picks by Srini underdog - March 11 2026.csv,149,1062,Donovan Mitchell,REB,UNDER,56.60%,DO NOT BET,B,❌ MISS,58.07,0.6018480392189255,0.5194886872631996,0.5620746167935988,0.5557229965156795,0.49407702047654983,0.5138211382113821,1.0,0.9927
AI Picks by Srini underdog - March 12 2026.csv,154,1063,Kevin Porter Jr.,PA,OVER,64.5%,DO NOT BET,D,❌ MISS,60.71,0.5706779114428508,0.5194115904468424,0.4054911368785819,0.4584602067315036,0.49407702047654983,0.3668021680216802,1.0,0.9859
AI Picks by Srini underdog - March 11 2026.csv,137,1064,Jamal Murray,FTM,UNDER,57.10%,DO NOT BET,B,❌ MISS,58.59,0.5951273199680363,0.5190957549182306,0.5145057766367137,0.5557229965156795,0.49407702047654983,0.5251016260162601,1.0,0.992
AI Picks by Srini underdog - March 12 2026.csv,170,1065,Nikola Jokić,PRA,OVER,60.3%,DO NOT BET,D,✅ HIT,60.14,0.5768285097220576,0.5190516811632843,0.4730352303523035,0.4584602067315036,0.49407702047654983,0.4297199638663053,1.0,0.9985
AI Picks by Srini underdog - March 14 2026.csv,149,1066,Deandre Ayton,PTS,OVER,61.3%,DO NOT BET,D,❌ MISS,58.95,0.5908014310170151,0.5190362206779884,0.4830232333943893,0.4584602067315036,0.49407702047654983,0.5170731707317073,1.0,0.9953
AI Picks by Srini underdog - March 14 2026.csv,162,1067,Jalen Johnson,RA,UNDER,56.9%,DO NOT BET,C,❌ MISS,58.53,0.5957055433168008,0.5190128844986073,0.5152613240418118,0.4925952315702933,0.49407702047654983,0.6164260826281732,1.0,0.983
AI Picks by Srini underdog - March 12 2026.csv,216,1068,CJ McCollum,REB,UNDER,56.5%,DO NOT BET,B,❌ MISS,58.61,0.5945980669801787,0.5189046456748965,0.5620746167935988,0.5557229965156795,0.49407702047654983,0.4440214158239143,1.0,0.9941
AI Picks by Srini underdog - March 11 2026.csv,122,1069,OG Anunoby,RA,UNDER,60.20%,DO NOT BET,C,✅ HIT,59.32,0.5862026911515446,0.5188757859427406,0.5152613240418118,0.4925952315702933,0.49407702047654983,0.4040975609756097,1.0,0.9932
AI Picks by Srini underdog - March 13 2026.csv,136,1070,Donovan Mitchell,PRA,OVER,58.1%,DO NOT BET,D,❌ MISS,60.14,0.5764936271565654,0.5188340074957144,0.4730352303523035,0.4584602067315036,0.49407702047654983,0.5138211382113821,1.0,0.9732
AI Picks by Srini underdog - March 12 2026.csv,196,1071,Luka Dončić,FTM,UNDER,58.7%,DO NOT BET,B,❌ MISS,59.28,0.5862876920756035,0.5186252261458322,0.5145057766367137,0.5557229965156795,0.49407702047654983,0.3885553470919324,1.0,0.9795
AI Picks by Srini underdog - March 12 2026.csv,274,1072,De'Aaron Fox,3PM,OVER,56.9%,DO NOT BET,S,✅ HIT,56.22,0.6221392548066768,0.5185342465086968,0.5747041267881033,0.5869918699186992,0.49407702047654983,0.6501016260162601,1.0,0.98
AI Picks by Srini underdog - March 13 2026.csv,148,1073,Brandon Ingram,FGA,UNDER,57.9%,DO NOT BET,D,❌ MISS,59.67,0.5815222314926087,0.5185093281429672,0.4736390243902439,0.4584602067315036,0.49407702047654983,0.5593495934959349,1.0,0.9939
AI Picks by Srini underdog - March 11 2026.csv,183,1074,Mikal Bridges,3PA,UNDER,55.20%,DO NOT BET,B,❌ MISS,56.93,0.613677234106496,0.5184620676100355,0.5765635645183267,0.5557229965156795,0.49407702047654983,0.6477351916376306,1.0,0.9987
AI Picks by Srini underdog - March 14 2026.csv,228,1075,Miles Bridges,3PM,OVER,56.6%,DO NOT BET,S,✅ HIT,56.24,0.621601513807838,0.518337620058225,0.5747041267881033,0.5869918699186992,0.49407702047654983,0.6501742160278745,1.0,0.9895
AI Picks by Srini underdog - March 14 2026.csv,181,1076,Kevin Porter Jr.,TOV,OVER,57.4%,DO NOT BET,A,✅ HIT,57.79,0.6032081525074375,0.5182320881179046,0.59583830803343,0.6088002636783125,0.49407702047654983,0.3668021680216802,1.0,0.9971
AI Picks by Srini underdog - March 10 2026.csv,246,1077,Julius Randle,RA,UNDER,56.30%,DO NOT BET,C,✅ HIT,58.5,0.5948386483535694,0.5182200449743467,0.5152613240418118,0.4925952315702933,0.49407702047654983,0.6265071329958583,1.0,0.9863
AI Picks by Srini underdog - March 9 2026.csv,35,1078,Darius Garland,TOV,UNDER,53.00%,DO NOT BET,A,✅ HIT,56.95,0.6129632480193683,0.5181508818521761,0.59583830803343,0.6088002636783125,0.49407702047654983,0.6147531231409875,1.0,0.9955
AI Picks by Srini underdog - March 13 2026.csv,185,1079,Julius Randle,FTM,UNDER,55.8%,DO NOT BET,B,✅ HIT,58.03,0.600147870665996,0.5180777673062487,0.5145057766367137,0.5557229965156795,0.49407702047654983,0.6265071329958583,1.0,0.978
AI Picks by Srini underdog - March 14 2026.csv,138,1080,Kevin Porter Jr.,RA,UNDER,59.8%,DO NOT BET,C,❌ MISS,59.64,0.5810531518561516,0.51797506858111,0.5152613240418118,0.4925952315702933,0.49407702047654983,0.3668021680216802,1.0,0.992
AI Picks by Srini underdog - March 15 2026.csv,156,1081,Deni Avdija,3PA,UNDER,57.0%,DO NOT BET,B,❌ MISS,57.85,0.601563136323117,0.5176215431944166,0.5765635645183267,0.5557229965156795,0.49407702047654983,0.4724442138038401,1.0,0.9846
AI Picks by Srini underdog - March 10 2026.csv,265,1082,DeMar DeRozan,3PM,UNDER,56.60%,DO NOT BET,S,✅ HIT,58.09,0.598600061560898,0.5175304069842552,0.5747041267881033,0.5869918699186992,0.49407702047654983,0.415509693558474,1.0,0.9988
AI Picks by Srini underdog - March 10 2026.csv,275,1083,Draymond Green,3PA,OVER,55.20%,DO NOT BET,B,✅ HIT,57.71,0.6030681051866352,0.5175294365642895,0.5765635645183267,0.5557229965156795,0.49407702047654983,0.5602439024390244,1.0,0.9615
AI Picks by Srini underdog - March 13 2026.csv,162,1084,Cooper Flagg,RA,OVER,60.0%,DO NOT BET,C,❌ MISS,59.0,0.5878396236093306,0.517493308859927,0.5152613240418118,0.4925952315702933,0.49407702047654983,0.4270168855534709,1.0,0.9937
AI Picks by Srini underdog - March 15 2026.csv,167,1085,Evan Mobley,SB,UNDER,56.0%,DO NOT BET,A,❌ MISS,57.28,0.608043600423226,0.517476046694445,0.6069806560134566,0.6088002636783125,0.49407702047654983,0.45512195121951216,1.0,0.9678
AI Picks by Srini underdog - March 10 2026.csv,242,1086,VJ Edgecombe,PRA,UNDER,60.40%,DO NOT BET,D,❌ MISS,58.61,0.5923862694329881,0.5174669772692226,0.4730352303523035,0.4584602067315036,0.49407702047654983,0.5840975609756097,1.0,0.9941
AI Picks by Srini underdog - March 12 2026.csv,158,1087,Andrew Nembhard,PA,OVER,60.1%,DO NOT BET,D,✅ HIT,60.55,0.5693739584987758,0.5173407794430063,0.4054911368785819,0.4584602067315036,0.49407702047654983,0.5093126385809312,1.0,0.974
AI Picks by Srini underdog - March 13 2026.csv,181,1088,Amen Thompson,REB,UNDER,56.8%,DO NOT BET,B,❌ MISS,58.24,0.5965084863733969,0.5173176721031801,0.5620746167935988,0.5557229965156795,0.49407702047654983,0.4609756097560975,1.0,0.978
AI Picks by Srini underdog - March 13 2026.csv,191,1089,Donovan Mitchell,REB,UNDER,56.3%,DO NOT BET,B,✅ HIT,57.9,0.6004730392189255,0.5172952430736255,0.5620746167935988,0.5557229965156795,0.49407702047654983,0.5138211382113821,1.0,0.9856
AI Picks by Srini underdog - March 12 2026.csv,221,1090,Jaylen Brown,3PM,OVER,57.2%,DO NOT BET,S,❌ MISS,58.44,0.5939960882229699,0.5172136652931367,0.5747041267881033,0.5869918699186992,0.49407702047654983,0.3511199601791936,1.0,0.9947
AI Picks by Srini underdog - March 15 2026.csv,104,1091,RJ Barrett,FGA,UNDER,59.1%,DO NOT BET,D,❌ MISS,60.12,0.5741123196833211,0.5171332524393322,0.4736390243902439,0.4584602067315036,0.49407702047654983,0.4441504754030591,1.0,0.9945
AI Picks by Srini underdog - March 13 2026.csv,135,1092,Evan Mobley,PR,UNDER,59.4%,DO NOT BET,D,❌ MISS,60.16,0.5736369505203689,0.51713007288096,0.4622014406672564,0.4584602067315036,0.49407702047654983,0.45512195121951216,1.0,0.9884
AI Picks by Srini underdog - March 10 2026.csv,259,1093,Bam Adebayo,FTM,UNDER,58.80%,DO NOT BET,B,❌ MISS,58.26,0.5959706533013697,0.5171209858051358,0.5145057766367137,0.5557229965156795,0.49407702047654983,0.48343495934959346,1.0,0.9766
AI Picks by Srini underdog - March 10 2026.csv,269,1094,Brandon Ingram,FTM,UNDER,57.60%,DO NOT BET,B,✅ HIT,57.99,0.5991321167160039,0.5171117168412069,0.5145057766367137,0.5557229965156795,0.49407702047654983,0.5593495934959349,1.0,0.9696
AI Picks by Srini underdog - March 15 2026.csv,101,1095,Shai Gilgeous-Alexander,PR,UNDER,59.9%,DO NOT BET,D,✅ HIT,60.3,0.5718241713162611,0.517022102789704,0.4622014406672564,0.4584602067315036,0.49407702047654983,0.42644415917843387,1.0,0.9755
AI Picks by Srini underdog - March 10 2026.csv,231,1096,Jalen Johnson,PRA,OVER,58.40%,DO NOT BET,D,✅ HIT,58.95,0.5875891215982445,0.5169482195557875,0.4730352303523035,0.4584602067315036,0.49407702047654983,0.6164260826281732,1.0,0.9695
AI Picks by Srini underdog - March 9 2026.csv,32,1097,Bennedict Mathurin,REB,UNDER,55.80%,DO NOT BET,B,❌ MISS,58.13,0.5971800988395217,0.5169132416129075,0.5620746167935988,0.5557229965156795,0.49407702047654983,0.4934417344173441,1.0,0.9945
AI Picks by Srini underdog - March 13 2026.csv,195,1098,James Harden,3PM,OVER,58.4%,DO NOT BET,S,✅ HIT,57.77,0.6013860877704608,0.5168948408400964,0.5747041267881033,0.5869918699186992,0.49407702047654983,0.39101995565410197,1.0,0.9811
AI Picks by Srini underdog - March 12 2026.csv,261,1099,Jalen Green,PRA,UNDER,66.1%,STRONG BET,D,❌ MISS,56.81,0.6125306165298795,0.5167993349925945,0.4730352303523035,0.4584602067315036,0.5899154143056583,0.48343495934959346,1.0,0.9807
AI Picks by Srini underdog - March 14 2026.csv,123,1100,Luka Dončić,AST,UNDER,59.9%,DO NOT BET,C,❌ MISS,59.96,0.5754239402169848,0.5167625641960263,0.4745136763108522,0.4925952315702933,0.49407702047654983,0.3885553470919324,1.0,0.9921
AI Picks by Srini underdog - March 12 2026.csv,198,1101,Shai Gilgeous-Alexander,RA,UNDER,59.2%,DO NOT BET,C,❌ MISS,59.21,0.5842173509718269,0.5167443362326705,0.5152613240418118,0.4925952315702933,0.49407702047654983,0.42644415917843387,1.0,0.9768
AI Picks by Srini underdog - March 15 2026.csv,129,1102,James Harden,PRA,OVER,64.1%,DO NOT BET,D,❌ MISS,59.09,0.5856135089008374,0.5167344076938868,0.4730352303523035,0.4584602067315036,0.49407702047654983,0.39101995565410197,1.0,0.9932
AI Picks by Srini underdog - March 13 2026.csv,131,1103,Jerami Grant,PA,OVER,57.6%,DO NOT BET,D,❌ MISS,60.32,0.5711229385431219,0.516719206685937,0.4054911368785819,0.4584602067315036,0.49407702047654983,0.6001524390243902,1.0,0.9973
AI Picks by Srini underdog - March 13 2026.csv,197,1104,Donte DiVincenzo,3PA,UNDER,54.4%,DO NOT BET,B,✅ HIT,57.66,0.6021183761893454,0.5165298497191175,0.5765635645183267,0.5557229965156795,0.49407702047654983,0.5612466124661246,1.0,0.9949
AI Picks by Srini underdog - March 12 2026.csv,166,1105,Devin Booker,PR,UNDER,62.8%,DO NOT BET,D,❌ MISS,60.26,0.5713715846667103,0.5164221110699491,0.4622014406672564,0.4584602067315036,0.49407702047654983,0.31676829268292683,1.0,0.9886
AI Picks by Srini underdog - March 12 2026.csv,255,1106,Cooper Flagg,PRA,UNDER,66.5%,STRONG BET,D,✅ HIT,57.05,0.6090338091502672,0.5163612725811274,0.4730352303523035,0.4584602067315036,0.5899154143056583,0.4270168855534709,1.0,0.9964
AI Picks by Srini underdog - March 13 2026.csv,155,1107,Brandon Ingram,PRA,OVER,58.5%,DO NOT BET,D,✅ HIT,59.24,0.5832164726850205,0.5163231231444064,0.4730352303523035,0.4584602067315036,0.49407702047654983,0.5593495934959349,1.0,0.9894
AI Picks by Srini underdog - March 14 2026.csv,208,1108,Jalen Suggs,TOV,UNDER,55.7%,DO NOT BET,A,❌ MISS,56.86,0.6109526762345897,0.5161559367975896,0.59583830803343,0.6088002636783125,0.49407702047654983,0.5149974052932018,1.0,0.9712
AI Picks by Srini underdog - March 10 2026.csv,314,1109,De'Aaron Fox,3PA,UNDER,55.10%,DO NOT BET,B,✅ HIT,56.66,0.6132088775443588,0.5160934156612053,0.5765635645183267,0.5557229965156795,0.49407702047654983,0.6501016260162601,1.0,0.9914
AI Picks by Srini underdog - March 14 2026.csv,152,1110,Jamal Murray,RA,UNDER,56.8%,DO NOT BET,C,❌ MISS,58.9,0.5868480976556096,0.5160842909961412,0.5152613240418118,0.4925952315702933,0.49407702047654983,0.5251016260162601,1.0,0.9953
AI Picks by Srini underdog - March 10 2026.csv,287,1111,Jayson Tatum,3PA,UNDER,56.00%,DO NOT BET,B,❌ MISS,57.41,0.6042255984115675,0.5159882291788942,0.5765635645183267,0.5557229965156795,0.49407702047654983,0.5334688346883468,1.0,0.9838
AI Picks by Srini underdog - March 10 2026.csv,267,1112,Kevin Durant,3PA,UNDER,57.30%,DO NOT BET,B,✅ HIT,58.04,0.5967981599402441,0.5159769079338966,0.5765635645183267,0.5557229965156795,0.49407702047654983,0.41234444997511194,1.0,0.9891
AI Picks by Srini underdog - March 11 2026.csv,157,1113,DeMar DeRozan,REB,OVER,59.20%,DO NOT BET,B,✅ HIT,57.69,0.6008668947536348,0.5159457445840657,0.5620746167935988,0.5557229965156795,0.49407702047654983,0.415509693558474,1.0,0.9929
AI Picks by Srini underdog - March 13 2026.csv,169,1114,Scottie Barnes,RA,UNDER,57.0%,DO NOT BET,C,✅ HIT,58.78,0.5879080851477921,0.5158558516734193,0.5152613240418118,0.4925952315702933,0.49407702047654983,0.5424015009380863,1.0,0.9683
AI Picks by Srini underdog - March 14 2026.csv,184,1115,Stephon Castle,REB,UNDER,55.6%,DO NOT BET,B,❌ MISS,57.76,0.5998892845995611,0.5158454661796248,0.5620746167935988,0.5557229965156795,0.49407702047654983,0.5273835920177383,1.0,0.9944
AI Picks by Srini underdog - March 13 2026.csv,154,1116,Bennedict Mathurin,AST,UNDER,58.7%,DO NOT BET,C,✅ HIT,59.3,0.5817225789495261,0.5158108078126552,0.4745136763108522,0.4925952315702933,0.49407702047654983,0.4934417344173441,1.0,0.9899
AI Picks by Srini underdog - March 11 2026.csv,131,1117,Trey Murphy III,FGA,UNDER,58.00%,DO NOT BET,D,✅ HIT,58.72,0.5883495605217813,0.5156840950701921,0.4736390243902439,0.4584602067315036,0.49407702047654983,0.6236728837876614,1.0,0.995
AI Picks by Srini underdog - March 12 2026.csv,192,1118,Khris Middleton,PRA,OVER,59.1%,DO NOT BET,D,✅ HIT,59.44,0.5798438304085979,0.5156599576524659,0.4730352303523035,0.4584602067315036,0.49407702047654983,0.5170731707317073,1.0,0.9657
AI Picks by Srini underdog - March 10 2026.csv,257,1119,Stephon Castle,RA,UNDER,58.50%,DO NOT BET,C,❌ MISS,58.33,0.5927812942557573,0.5155830706211948,0.5152613240418118,0.4925952315702933,0.49407702047654983,0.5273835920177383,1.0,0.9938
AI Picks by Srini underdog - March 10 2026.csv,312,1120,Austin Reaves,REB,OVER,58.10%,DO NOT BET,B,✅ HIT,56.72,0.6114459850760436,0.5154062511531207,0.5620746167935988,0.5557229965156795,0.49407702047654983,0.5575505967825636,1.0,0.9952
AI Picks by Srini underdog - March 12 2026.csv,235,1121,Myles Turner,PRA,OVER,62.0%,DO NOT BET,D,❌ MISS,57.91,0.5974281134832469,0.5153924939448212,0.4730352303523035,0.4584602067315036,0.49407702047654983,0.5819660014781965,1.0,0.9904
AI Picks by Srini underdog - March 11 2026.csv,164,1122,RJ Barrett,3PA,UNDER,57.60%,DO NOT BET,B,❌ MISS,57.6,0.6009737624830388,0.515327135213698,0.5765635645183267,0.5557229965156795,0.49407702047654983,0.4441504754030591,1.0,0.9886
AI Picks by Srini underdog - March 14 2026.csv,189,1123,Victor Wembanyama,TOV,UNDER,57.8%,DO NOT BET,A,✅ HIT,57.65,0.6003740739166515,0.5153196006424798,0.59583830803343,0.6088002636783125,0.49407702047654983,0.3382113821138211,1.0,0.9704
AI Picks by Srini underdog - March 14 2026.csv,223,1124,Myles Turner,3PM,OVER,56.9%,DO NOT BET,S,❌ MISS,56.34,0.6156356923528703,0.5152243621063631,0.5747041267881033,0.5869918699186992,0.49407702047654983,0.5819660014781965,1.0,0.9862
AI Picks by Srini underdog - March 12 2026.csv,204,1125,Victor Wembanyama,FTM,UNDER,59.5%,DO NOT BET,B,NO GAME,59.06,0.5836332955777923,0.5152179112357473,0.5145057766367137,0.5557229965156795,0.49407702047654983,0.3382113821138211,1.0,0.9727
AI Picks by Srini underdog - March 11 2026.csv,121,1126,Kawhi Leonard,AST,OVER,54.20%,DO NOT BET,C,✅ HIT,59.38,0.5797005255828386,0.5151080939194022,0.4745136763108522,0.4925952315702933,0.49407702047654983,0.633921200750469,1.0,0.9745
AI Picks by Srini underdog - March 14 2026.csv,150,1127,Nikola Jokić,RA,UNDER,59.1%,DO NOT BET,C,❌ MISS,58.94,0.5848699314406142,0.5151042933539409,0.5152613240418118,0.4925952315702933,0.49407702047654983,0.4297199638663053,1.0,0.9901
AI Picks by Srini underdog - March 14 2026.csv,160,1128,Jaylen Brown,REB,OVER,57.7%,DO NOT BET,B,❌ MISS,58.66,0.5880679214157067,0.5150423140549233,0.5620746167935988,0.5557229965156795,0.49407702047654983,0.3511199601791936,1.0,0.9677
AI Picks by Srini underdog - March 14 2026.csv,111,1129,Payton Pritchard,PTS,OVER,60.3%,DO NOT BET,D,❌ MISS,60.25,0.5693583485948115,0.5150370550238281,0.4830232333943893,0.4584602067315036,0.49407702047654983,0.351892346509672,1.0,0.9648
AI Picks by Srini underdog - March 10 2026.csv,277,1130,Klay Thompson,3PM,UNDER,54.40%,DO NOT BET,S,❌ MISS,57.62,0.6002014092782214,0.51497801082934,0.5747041267881033,0.5869918699186992,0.49407702047654983,0.5170731707317073,1.0,0.9773
AI Picks by Srini underdog - March 14 2026.csv,146,1131,Tyler Herro,PR,UNDER,57.3%,DO NOT BET,D,✅ HIT,59.3,0.5804267472683364,0.514968517219882,0.4622014406672564,0.4584602067315036,0.49407702047654983,0.591869918699187,1.0,0.9935
AI Picks by Srini underdog - March 13 2026.csv,151,1132,Amen Thompson,AST,UNDER,58.6%,DO NOT BET,C,❌ MISS,59.49,0.5781309664834013,0.5149288590980217,0.4745136763108522,0.4925952315702933,0.49407702047654983,0.4609756097560975,1.0,0.9898
AI Picks by Srini underdog - March 11 2026.csv,174,1133,Julius Randle,RA,UNDER,58.50%,DO NOT BET,C,✅ HIT,57.38,0.6026836483535694,0.5147566038430352,0.5152613240418118,0.4925952315702933,0.49407702047654983,0.6265071329958583,1.0,0.9936
AI Picks by Srini underdog - March 13 2026.csv,209,1134,Ace Bailey,PRA,UNDER,64.1%,DO NOT BET,D,✅ HIT,57.29,0.6036260777953575,0.5146811095857171,0.4730352303523035,0.4584602067315036,0.49407702047654983,0.5787456445993031,1.0,0.978
AI Picks by Srini underdog - March 15 2026.csv,190,1135,Kyle Kuzma,3PM,UNDER,57.4%,DO NOT BET,S,❌ MISS,56.59,0.611812892362407,0.5146508570972297,0.5747041267881033,0.5869918699186992,0.49407702047654983,0.5227380015735641,1.0,0.9942
AI Picks by Srini underdog - March 15 2026.csv,150,1136,Karl-Anthony Towns,FTM,UNDER,58.1%,DO NOT BET,B,✅ HIT,58.01,0.5950508272472952,0.5146117838853197,0.5145057766367137,0.5557229965156795,0.49407702047654983,0.49313669880884853,1.0,0.9864
AI Picks by Srini underdog - March 15 2026.csv,124,1137,Ivica Zubac,PTS,UNDER,57.8%,DO NOT BET,D,✅ HIT,59.36,0.5790497733837721,0.5145321997912354,0.4830232333943893,0.4584602067315036,0.49407702047654983,0.5261065943992773,1.0,0.9802
AI Picks by Srini underdog - March 12 2026.csv,229,1138,Payton Pritchard,3PA,UNDER,58.2%,DO NOT BET,B,❌ MISS,58.12,0.5936279495937001,0.5145278920037367,0.5765635645183267,0.5557229965156795,0.49407702047654983,0.351892346509672,1.0,0.9854
AI Picks by Srini underdog - March 15 2026.csv,137,1139,Jerami Grant,PTS,OVER,57.6%,DO NOT BET,D,✅ HIT,58.74,0.5861943578462833,0.5144361185298917,0.4830232333943893,0.4584602067315036,0.49407702047654983,0.6001524390243902,1.0,0.9886
AI Picks by Srini underdog - March 13 2026.csv,266,1140,Kristaps Porziņģis,3PM,OVER,56.2%,DO NOT BET,S,✅ HIT,55.43,0.6250678539311295,0.514398080588041,0.5747041267881033,0.5869918699186992,0.49407702047654983,0.7001876172607879,1.0,0.986
AI Picks by Srini underdog - March 15 2026.csv,189,1141,Ausar Thompson,STL,UNDER,54.6%,DO NOT BET,A,✅ HIT,56.63,0.610700327388192,0.5142335002615368,0.6067636810821889,0.6088002636783125,0.49407702047654983,0.5170731707317073,1.0,0.9931
AI Picks by Srini underdog - March 15 2026.csv,149,1142,Russell Westbrook,FGA,UNDER,60.3%,DO NOT BET,D,NO GAME,58.04,0.5940475566958608,0.5141890158250475,0.4736390243902439,0.4584602067315036,0.49407702047654983,0.6045528455284552,1.0,0.9908
AI Picks by Srini underdog - March 13 2026.csv,233,1143,Scottie Barnes,TOV,UNDER,55.1%,DO NOT BET,A,❌ MISS,56.53,0.6116930857990781,0.5141142672347456,0.59583830803343,0.6088002636783125,0.49407702047654983,0.5424015009380863,1.0,0.972
AI Picks by Srini underdog - March 13 2026.csv,132,1144,Jalen Brunson,FGA,UNDER,59.8%,DO NOT BET,D,❌ MISS,60.3,0.567325402224316,0.5140979028799396,0.4736390243902439,0.4584602067315036,0.49407702047654983,0.3700813008130081,1.0,0.9593
AI Picks by Srini underdog - March 10 2026.csv,168,1145,Cooper Flagg,PA,OVER,58.40%,DO NOT BET,D,❌ MISS,61.39,0.5543293831960298,0.5139838238447049,0.4054911368785819,0.4584602067315036,0.49407702047654983,0.4270168855534709,1.0,0.9533
AI Picks by Srini underdog - March 9 2026.csv,38,1146,Josh Hart,REB,OVER,57.00%,DO NOT BET,B,✅ HIT,56.52,0.611247917267706,0.5137484550899671,0.5620746167935988,0.5557229965156795,0.49407702047654983,0.591869918699187,1.0,0.9974
AI Picks by Srini underdog - March 10 2026.csv,359,1147,Derrick White,3PM,OVER,56.00%,DO NOT BET,S,✅ HIT,55.57,0.6221998645627742,0.513604223890024,0.5747041267881033,0.5869918699186992,0.49407702047654983,0.6723577235772358,1.0,0.9979
AI Picks by Srini underdog - March 13 2026.csv,144,1148,Kevin Durant,PR,UNDER,59.8%,DO NOT BET,D,❌ MISS,59.87,0.571214200395929,0.5133381599178596,0.4622014406672564,0.4584602067315036,0.49407702047654983,0.41234444997511194,1.0,0.9983
AI Picks by Srini underdog - March 12 2026.csv,260,1149,LeBron James,3PM,UNDER,57.1%,DO NOT BET,S,✅ HIT,56.88,0.6063754201183297,0.513333625520794,0.5747041267881033,0.5869918699186992,0.49407702047654983,0.4779132791327913,1.0,0.9955
AI Picks by Srini underdog - March 13 2026.csv,200,1150,Zion Williamson,REB,UNDER,55.9%,DO NOT BET,B,✅ HIT,57.52,0.5988276327148605,0.5133205300692885,0.5620746167935988,0.5557229965156795,0.49407702047654983,0.5073170731707317,1.0,0.9929
AI Picks by Srini underdog - March 14 2026.csv,186,1151,Brandon Miller,3PA,UNDER,55.3%,DO NOT BET,B,✅ HIT,57.7,0.59668926013642,0.5133067346822628,0.5765635645183267,0.5557229965156795,0.49407702047654983,0.47460545193687226,1.0,0.9984
AI Picks by Srini underdog - March 11 2026.csv,165,1152,Jalen Brunson,REB,UNDER,59.60%,DO NOT BET,B,❌ MISS,57.6,0.5977240554790881,0.5132148256611301,0.5620746167935988,0.5557229965156795,0.49407702047654983,0.3700813008130081,1.0,0.9937
AI Picks by Srini underdog - March 11 2026.csv,119,1153,Zion Williamson,PRA,OVER,58.30%,DO NOT BET,D,❌ MISS,59.46,0.5758432206525003,0.5132124665097758,0.4730352303523035,0.4584602067315036,0.49407702047654983,0.5073170731707317,1.0,0.9596
AI Picks by Srini underdog - March 14 2026.csv,119,1154,Brandon Miller,PA,OVER,60.7%,DO NOT BET,D,❌ MISS,60.06,0.56872323983437,0.5131716349411938,0.4054911368785819,0.4584602067315036,0.49407702047654983,0.47460545193687226,1.0,0.9896
AI Picks by Srini underdog - March 13 2026.csv,253,1155,Scottie Barnes,SB,UNDER,56.4%,DO NOT BET,A,❌ MISS,55.85,0.6181915553950834,0.5131394957138529,0.6069806560134566,0.6088002636783125,0.49407702047654983,0.5424015009380863,1.0,0.969
AI Picks by Srini underdog - March 10 2026.csv,272,1156,De'Aaron Fox,AST,UNDER,58.00%,DO NOT BET,C,❌ MISS,57.85,0.5946585681094176,0.513133573855512,0.4745136763108522,0.4925952315702933,0.49407702047654983,0.6501016260162601,1.0,0.9829
AI Picks by Srini underdog - March 10 2026.csv,274,1157,Brandin Podziemski,FGA,UNDER,63.30%,DO NOT BET,D,✅ HIT,57.73,0.5960315722490598,0.5131085953536388,0.4736390243902439,0.4584602067315036,0.49407702047654983,0.5261930010604453,1.0,0.9832
AI Picks by Srini underdog - March 14 2026.csv,170,1158,Trae Young,AST,OVER,60.9%,DO NOT BET,C,❌ MISS,58.23,0.5899613980031012,0.5129856120631011,0.4745136763108522,0.4925952315702933,0.49407702047654983,0.5078799249530956,1.0,0.9762
AI Picks by Srini underdog - March 11 2026.csv,206,1159,Kawhi Leonard,STL,UNDER,53.00%,DO NOT BET,A,❌ MISS,55.94,0.6168751303900681,0.5129718928550733,0.6067636810821889,0.6088002636783125,0.49407702047654983,0.633921200750469,1.0,0.9917
AI Picks by Srini underdog - March 10 2026.csv,263,1160,Stephon Castle,FTM,UNDER,55.80%,DO NOT BET,B,✅ HIT,58.11,0.5911305165681842,0.5128281079377646,0.5145057766367137,0.5557229965156795,0.49407702047654983,0.5273835920177383,1.0,0.9959
AI Picks by Srini underdog - March 11 2026.csv,139,1161,Zion Williamson,AST,UNDER,59.60%,DO NOT BET,C,❌ MISS,58.53,0.5860951128248648,0.5127661046788489,0.4745136763108522,0.4925952315702933,0.49407702047654983,0.5073170731707317,1.0,0.9884
AI Picks by Srini underdog - March 15 2026.csv,174,1162,Naz Reid,3PM,UNDER,54.6%,DO NOT BET,S,✅ HIT,57.06,0.6032362873270019,0.5126693359953917,0.5747041267881033,0.5869918699186992,0.49407702047654983,0.5301219512195121,1.0,0.9983
AI Picks by Srini underdog - March 14 2026.csv,177,1163,Desmond Bane,FGA,UNDER,58.9%,DO NOT BET,D,❌ MISS,57.93,0.5926856967323632,0.5124628282555201,0.4736390243902439,0.4584602067315036,0.49407702047654983,0.6368342458934793,1.0,0.9942
AI Picks by Srini underdog - March 12 2026.csv,237,1164,Victor Wembanyama,TOV,UNDER,56.0%,DO NOT BET,A,NO GAME,57.87,0.5933590739166517,0.5124418078289874,0.59583830803343,0.6088002636783125,0.49407702047654983,0.3382113821138211,1.0,0.9525
AI Picks by Srini underdog - March 13 2026.csv,219,1165,Jalen Green,3PA,OVER,57.2%,DO NOT BET,B,✅ HIT,57.07,0.6025422108776922,0.5122946389027271,0.5765635645183267,0.5557229965156795,0.49407702047654983,0.48343495934959346,1.0,0.9686
AI Picks by Srini underdog - March 12 2026.csv,218,1166,Austin Reaves,AST,UNDER,57.7%,DO NOT BET,C,❌ MISS,58.56,0.585008465186048,0.5122891415117781,0.4745136763108522,0.4925952315702933,0.49407702047654983,0.5575505967825636,1.0,0.9954
AI Picks by Srini underdog - March 13 2026.csv,288,1167,Kawhi Leonard,STL,OVER,57.2%,DO NOT BET,A,❌ MISS,54.78,0.6294601303900682,0.5122836413262151,0.6067636810821889,0.6088002636783125,0.49407702047654983,0.633921200750469,1.0,0.9578
AI Picks by Srini underdog - March 10 2026.csv,198,1168,Victor Wembanyama,AST,OVER,59.10%,DO NOT BET,C,✅ HIT,60.05,0.5672695437191737,0.5121502798669294,0.4745136763108522,0.4925952315702933,0.49407702047654983,0.3382113821138211,1.0,0.9841
AI Picks by Srini underdog - March 15 2026.csv,169,1169,Mikal Bridges,AST,OVER,59.9%,DO NOT BET,C,❌ MISS,57.17,0.6010869246715547,0.5121132288626048,0.4745136763108522,0.4925952315702933,0.49407702047654983,0.6477351916376306,1.0,0.987
AI Picks by Srini underdog - March 10 2026.csv,270,1170,Jalen Johnson,PTS,OVER,58.80%,DO NOT BET,D,✅ HIT,57.94,0.5919967222066617,0.5120914474132009,0.4830232333943893,0.4584602067315036,0.49407702047654983,0.6164260826281732,1.0,0.9905
AI Picks by Srini underdog - March 10 2026.csv,256,1171,Naz Reid,AST,OVER,59.20%,DO NOT BET,C,❌ MISS,58.35,0.5870656006297429,0.5120207749630588,0.4745136763108522,0.4925952315702933,0.49407702047654983,0.5301219512195121,1.0,0.9894
AI Picks by Srini underdog - March 12 2026.csv,227,1172,Tim Hardaway Jr.,PRA,OVER,61.5%,DO NOT BET,D,❌ MISS,58.25,0.5881888304085978,0.5119863483254474,0.4730352303523035,0.4584602067315036,0.49407702047654983,0.5170731707317073,1.0,0.9694
AI Picks by Srini underdog - March 9 2026.csv,40,1173,Mikal Bridges,3PM,UNDER,53.40%,DO NOT BET,S,✅ HIT,56.32,0.6108826113688136,0.5119819542679528,0.5747041267881033,0.5869918699186992,0.49407702047654983,0.6477351916376306,1.0,0.9976
AI Picks by Srini underdog - March 12 2026.csv,190,1174,CJ McCollum,PRA,OVER,59.1%,DO NOT BET,D,❌ MISS,59.45,0.5740286549178185,0.511956546182846,0.4730352303523035,0.4584602067315036,0.49407702047654983,0.4440214158239143,1.0,0.9955
AI Picks by Srini underdog - March 12 2026.csv,224,1175,Andrew Nembhard,RA,OVER,57.5%,DO NOT BET,C,❌ MISS,58.35,0.5868541989120766,0.5118833638465757,0.5152613240418118,0.4925952315702933,0.49407702047654983,0.5093126385809312,1.0,0.9794
AI Picks by Srini underdog - March 10 2026.csv,261,1176,Jalen Duren,AST,OVER,57.70%,DO NOT BET,C,✅ HIT,58.15,0.5891665894234146,0.5118573656912112,0.4745136763108522,0.4925952315702933,0.49407702047654983,0.6001318391562294,1.0,0.9934
AI Picks by Srini underdog - March 11 2026.csv,120,1177,Trey Murphy III,PA,OVER,57.90%,DO NOT BET,D,✅ HIT,59.39,0.5745149830194489,0.5118139438525855,0.4054911368785819,0.4584602067315036,0.49407702047654983,0.6236728837876614,1.0,0.9977
AI Picks by Srini underdog - March 13 2026.csv,143,1178,RJ Barrett,FGA,UNDER,57.6%,DO NOT BET,D,❌ MISS,59.95,0.5678073196833212,0.5117353082497582,0.4736390243902439,0.4584602067315036,0.49407702047654983,0.4441504754030591,1.0,0.9704
AI Picks by Srini underdog - March 15 2026.csv,134,1179,Cooper Flagg,FGA,UNDER,61.0%,DO NOT BET,D,✅ HIT,59.02,0.5786939606983623,0.511701533166571,0.4736390243902439,0.4584602067315036,0.49407702047654983,0.4270168855534709,1.0,0.9912
AI Picks by Srini underdog - March 12 2026.csv,289,1180,Derrick White,3PM,OVER,55.1%,DO NOT BET,S,NO GAME,55.57,0.6191348645627741,0.5116119738900239,0.5747041267881033,0.5869918699186992,0.49407702047654983,0.6723577235772358,1.0,0.9978
AI Picks by Srini underdog - March 14 2026.csv,213,1181,Russell Westbrook,FGA,UNDER,63.7%,DO NOT BET,D,❌ MISS,56.72,0.6055875566958608,0.5115982727060019,0.4736390243902439,0.4584602067315036,0.49407702047654983,0.6045528455284552,1.0,0.9904
AI Picks by Srini underdog - March 14 2026.csv,125,1182,Payton Pritchard,PR,OVER,60.8%,DO NOT BET,D,❌ MISS,59.92,0.5678589900493849,0.5115395361895395,0.4622014406672564,0.4584602067315036,0.49407702047654983,0.351892346509672,1.0,0.9841
AI Picks by Srini underdog - March 12 2026.csv,187,1183,Jaylen Brown,PRA,OVER,61.2%,DO NOT BET,D,✅ HIT,59.63,0.5711485093533465,0.5114605983549,0.4730352303523035,0.4584602067315036,0.49407702047654983,0.3511199601791936,1.0,0.9809
AI Picks by Srini underdog - March 15 2026.csv,142,1184,Ausar Thompson,RA,UNDER,57.2%,DO NOT BET,C,✅ HIT,58.33,0.5864352521271544,0.5114581432376029,0.5152613240418118,0.4925952315702933,0.49407702047654983,0.5170731707317073,1.0,0.9759
AI Picks by Srini underdog - March 10 2026.csv,227,1185,Deni Avdija,PA,OVER,63.40%,DO NOT BET,D,✅ HIT,59.13,0.5769871160210669,0.5114330627195828,0.4054911368785819,0.4584602067315036,0.49407702047654983,0.4724442138038401,1.0,0.9756
AI Picks by Srini underdog - March 14 2026.csv,153,1186,Jalen Suggs,PTS,UNDER,58.1%,DO NOT BET,D,✅ HIT,58.87,0.5798738544731645,0.5113216751293918,0.4830232333943893,0.4584602067315036,0.49407702047654983,0.5149974052932018,1.0,0.9985
AI Picks by Srini underdog - March 10 2026.csv,244,1187,VJ Edgecombe,PR,UNDER,58.80%,DO NOT BET,D,❌ MISS,58.52,0.5839845114959787,0.5113177612156862,0.4622014406672564,0.4584602067315036,0.49407702047654983,0.5840975609756097,1.0,0.9782
AI Picks by Srini underdog - March 13 2026.csv,152,1188,Amen Thompson,PRA,UNDER,58.6%,DO NOT BET,D,❌ MISS,59.49,0.5725040743110369,0.5112713791859848,0.4730352303523035,0.4584602067315036,0.49407702047654983,0.4609756097560975,1.0,0.9651
AI Picks by Srini underdog - March 10 2026.csv,254,1189,Anthony Edwards,PRA,UNDER,57.40%,DO NOT BET,D,✅ HIT,58.36,0.5857931467426702,0.5112701325358483,0.4730352303523035,0.4584602067315036,0.49407702047654983,0.6243163340724316,1.0,0.9858
AI Picks by Srini underdog - March 15 2026.csv,126,1190,Jrue Holiday,PRA,OVER,58.5%,DO NOT BET,D,❌ MISS,59.29,0.5748184645549392,0.511246680856787,0.4730352303523035,0.4584602067315036,0.49407702047654983,0.4712195121951219,1.0,0.9977
AI Picks by Srini underdog - March 11 2026.csv,169,1191,Keyonte George,3PM,UNDER,56.70%,DO NOT BET,S,✅ HIT,57.52,0.5955303011127918,0.5111772645279438,0.5747041267881033,0.5869918699186992,0.49407702047654983,0.4002120890774125,1.0,0.9612
AI Picks by Srini underdog - March 11 2026.csv,156,1192,Zion Williamson,RA,UNDER,58.70%,DO NOT BET,C,❌ MISS,57.89,0.5910546423710568,0.5110968325231242,0.5152613240418118,0.4925952315702933,0.49407702047654983,0.5073170731707317,1.0,0.9858
AI Picks by Srini underdog - March 11 2026.csv,191,1193,Brandon Miller,TOV,UNDER,55.10%,DO NOT BET,A,❌ MISS,56.59,0.6062784808989568,0.5110534896459871,0.59583830803343,0.6088002636783125,0.49407702047654983,0.47460545193687226,1.0,0.9993
AI Picks by Srini underdog - March 12 2026.csv,233,1194,Paolo Banchero,RA,OVER,56.9%,DO NOT BET,C,✅ HIT,57.93,0.59032799473224,0.5109303219554402,0.5152613240418118,0.4925952315702933,0.49407702047654983,0.5575505967825636,1.0,0.9932
AI Picks by Srini underdog - March 11 2026.csv,134,1195,Alperen Sengun,PTS,OVER,60.40%,DO NOT BET,D,❌ MISS,58.65,0.5818495019704518,0.5109238888161209,0.4830232333943893,0.4584602067315036,0.49407702047654983,0.4607538802660754,1.0,0.9901
AI Picks by Srini underdog - March 11 2026.csv,214,1196,Anthony Edwards,TOV,UNDER,53.80%,DO NOT BET,A,✅ HIT,55.8,0.6151995691125127,0.5108124416332483,0.59583830803343,0.6088002636783125,0.49407702047654983,0.6243163340724316,1.0,0.9667
AI Picks by Srini underdog - March 14 2026.csv,120,1197,Jayson Tatum,PRA,OVER,54.2%,DO NOT BET,D,✅ HIT,60.05,0.5651433968042618,0.5107682843722366,0.4730352303523035,0.4584602067315036,0.49407702047654983,0.5334688346883468,1.0,0.9721
AI Picks by Srini underdog - March 12 2026.csv,172,1198,Payton Pritchard,PRA,OVER,59.6%,DO NOT BET,D,❌ MISS,60.09,0.5646407479863944,0.5107473730381697,0.4730352303523035,0.4584602067315036,0.49407702047654983,0.351892346509672,1.0,0.958
AI Picks by Srini underdog - March 12 2026.csv,197,1199,Jalen Suggs,PA,UNDER,61.4%,DO NOT BET,D,❌ MISS,59.25,0.574502435170003,0.5107354513590318,0.4054911368785819,0.4584602067315036,0.49407702047654983,0.5149974052932018,1.0,0.9768
AI Picks by Srini underdog - March 15 2026.csv,203,1200,Mikal Bridges,3PM,UNDER,54.1%,DO NOT BET,S,✅ HIT,55.98,0.6128376113688137,0.5106533158888047,0.5747041267881033,0.5869918699186992,0.49407702047654983,0.6477351916376306,1.0,0.9891
AI Picks by Srini underdog - March 10 2026.csv,221,1201,Stephon Castle,PA,OVER,60.40%,DO NOT BET,D,✅ HIT,59.36,0.5730610538424568,0.5106395320893804,0.4054911368785819,0.4584602067315036,0.49407702047654983,0.5273835920177383,1.0,0.9912
AI Picks by Srini underdog - March 11 2026.csv,162,1202,OG Anunoby,REB,OVER,57.20%,DO NOT BET,B,❌ MISS,57.65,0.5930956814953483,0.5105886455686327,0.5620746167935988,0.5557229965156795,0.49407702047654983,0.4040975609756097,1.0,0.9963
AI Picks by Srini underdog - March 15 2026.csv,146,1203,Shai Gilgeous-Alexander,FTM,UNDER,57.7%,DO NOT BET,B,✅ HIT,58.13,0.5871815732842537,0.5104142000019832,0.5145057766367137,0.5557229965156795,0.49407702047654983,0.42644415917843387,1.0,0.9896
AI Picks by Srini underdog - March 11 2026.csv,114,1204,Russell Westbrook,PA,OVER,57.00%,DO NOT BET,D,✅ HIT,59.65,0.5692729791935283,0.5103944089497915,0.4054911368785819,0.4584602067315036,0.49407702047654983,0.6045528455284552,1.0,0.9923
AI Picks by Srini underdog - March 10 2026.csv,205,1205,Josh Giddey,PA,UNDER,61.20%,DO NOT BET,D,❌ MISS,59.97,0.5653924507382438,0.5103185486342313,0.4054911368785819,0.4584602067315036,0.49407702047654983,0.42409756097560974,1.0,0.99
AI Picks by Srini underdog - March 13 2026.csv,174,1206,Anthony Edwards,PR,UNDER,57.5%,DO NOT BET,D,❌ MISS,58.45,0.5831763888056609,0.5102573132712727,0.4622014406672564,0.4584602067315036,0.49407702047654983,0.6243163340724316,1.0,0.97
AI Picks by Srini underdog - March 15 2026.csv,153,1207,Julius Randle,AST,UNDER,57.3%,DO NOT BET,C,❌ MISS,57.89,0.5897191188073774,0.5102287422067326,0.4745136763108522,0.4925952315702933,0.49407702047654983,0.6265071329958583,1.0,0.9789
AI Picks by Srini underdog - March 9 2026.csv,26,1208,Mikal Bridges,PRA,UNDER,51.00%,DO NOT BET,D,✅ HIT,59.82,0.5669500324991903,0.5101841877880459,0.4730352303523035,0.4584602067315036,0.49407702047654983,0.6477351916376306,1.0,0.9973
AI Picks by Srini underdog - March 10 2026.csv,220,1209,Austin Reaves,PTS,UNDER,54.80%,DO NOT BET,D,❌ MISS,59.4,0.5718841736221005,0.5101803703436958,0.4830232333943893,0.4584602067315036,0.49407702047654983,0.5575505967825636,1.0,0.978
AI Picks by Srini underdog - March 10 2026.csv,236,1210,Stephon Castle,AST,UNDER,57.00%,DO NOT BET,C,✅ HIT,58.76,0.5793617647095655,0.5101478381897986,0.4745136763108522,0.4925952315702933,0.49407702047654983,0.5273835920177383,1.0,0.9904
AI Picks by Srini underdog - March 13 2026.csv,198,1211,Mikal Bridges,PRA,UNDER,58.9%,DO NOT BET,D,✅ HIT,57.65,0.5922750324991901,0.5100552237211299,0.4730352303523035,0.4584602067315036,0.49407702047654983,0.6477351916376306,1.0,0.9666
AI Picks by Srini underdog - March 14 2026.csv,143,1212,Stephon Castle,PR,UNDER,56.7%,DO NOT BET,D,❌ MISS,59.37,0.5719131146001916,0.5099698241812948,0.4622014406672564,0.4584602067315036,0.49407702047654983,0.5273835920177383,1.0,0.993
AI Picks by Srini underdog - March 14 2026.csv,169,1213,LaMelo Ball,AST,OVER,57.7%,DO NOT BET,C,❌ MISS,58.26,0.5848631616053526,0.5099011162027247,0.4745136763108522,0.4925952315702933,0.49407702047654983,0.5640975609756097,1.0,0.9794
AI Picks by Srini underdog - March 15 2026.csv,195,1214,Ivica Zubac,REB,OVER,57.7%,DO NOT BET,B,❌ MISS,56.4,0.6067015848377151,0.5098759078178324,0.5620746167935988,0.5557229965156795,0.49407702047654983,0.5261065943992773,1.0,0.9904
AI Picks by Srini underdog - March 12 2026.csv,258,1215,Cade Cunningham,3PA,OVER,57.0%,DO NOT BET,B,❌ MISS,56.9,0.6006032414850572,0.5097346146079402,0.5765635645183267,0.5557229965156795,0.49407702047654983,0.45889526542324244,1.0,0.9925
AI Picks by Srini underdog - March 11 2026.csv,208,1216,Donovan Mitchell,STL,UNDER,55.30%,DO NOT BET,A,✅ HIT,55.9,0.6122751241361595,0.5096760783924859,0.6067636810821889,0.6088002636783125,0.49407702047654983,0.5138211382113821,1.0,0.9835
AI Picks by Srini underdog - March 11 2026.csv,116,1217,Keyonte George,FGA,OVER,59.00%,DO NOT BET,D,❌ MISS,59.61,0.5686234810507564,0.509666424759443,0.4736390243902439,0.4584602067315036,0.49407702047654983,0.4002120890774125,1.0,0.9794
AI Picks by Srini underdog - March 14 2026.csv,215,1218,Trae Young,REB,OVER,57.0%,DO NOT BET,B,✅ HIT,56.69,0.6028339178930968,0.5095790496860451,0.5620746167935988,0.5557229965156795,0.49407702047654983,0.5078799249530956,1.0,0.9971
AI Picks by Srini underdog - March 15 2026.csv,122,1219,Shai Gilgeous-Alexander,PRA,UNDER,58.8%,DO NOT BET,D,✅ HIT,59.39,0.5710609292532705,0.5095688089045695,0.4730352303523035,0.4584602067315036,0.49407702047654983,0.42644415917843387,1.0,0.9917
AI Picks by Srini underdog - March 15 2026.csv,186,1220,Naz Reid,REB,OVER,56.1%,DO NOT BET,B,❌ MISS,56.77,0.6018431205197384,0.509546652188456,0.5620746167935988,0.5557229965156795,0.49407702047654983,0.5301219512195121,1.0,0.994
AI Picks by Srini underdog - March 11 2026.csv,124,1221,Keyonte George,PR,OVER,60.40%,DO NOT BET,D,❌ MISS,59.29,0.5719709643061589,0.5093958056950799,0.4622014406672564,0.4584602067315036,0.49407702047654983,0.4002120890774125,1.0,0.9969
AI Picks by Srini underdog - March 13 2026.csv,246,1222,Jalen Green,3PM,UNDER,58.4%,DO NOT BET,S,❌ MISS,56.12,0.60913758814001,0.5093186371814962,0.5747041267881033,0.5869918699186992,0.49407702047654983,0.48343495934959346,1.0,0.9513
AI Picks by Srini underdog - March 14 2026.csv,195,1223,De'Aaron Fox,PR,OVER,60.0%,DO NOT BET,D,✅ HIT,57.29,0.5952949180000437,0.5092658557187631,0.4622014406672564,0.4584602067315036,0.49407702047654983,0.6501016260162601,1.0,0.9908
AI Picks by Srini underdog - March 14 2026.csv,145,1224,Jalen Suggs,PA,UNDER,60.3%,DO NOT BET,D,✅ HIT,59.37,0.5708174351700029,0.5092576325516722,0.4054911368785819,0.4584602067315036,0.49407702047654983,0.5149974052932018,1.0,0.9779
AI Picks by Srini underdog - March 12 2026.csv,193,1225,Austin Reaves,PTS,UNDER,54.1%,DO NOT BET,D,❌ MISS,59.41,0.5701591736221008,0.5091355729430826,0.4830232333943893,0.4584602067315036,0.49407702047654983,0.5575505967825636,1.0,0.9911
AI Picks by Srini underdog - March 12 2026.csv,164,1226,Josh Giddey,PA,UNDER,59.5%,DO NOT BET,D,❌ MISS,60.37,0.5588274507382437,0.5091094026096996,0.4054911368785819,0.4584602067315036,0.49407702047654983,0.42409756097560974,1.0,0.9742999999999999
AI Picks by Srini underdog - March 14 2026.csv,226,1227,Trae Young,3PM,OVER,56.5%,DO NOT BET,S,❌ MISS,56.3,0.6066670847003601,0.5090889567346846,0.5747041267881033,0.5869918699186992,0.49407702047654983,0.5078799249530956,1.0,0.9822
AI Picks by Srini underdog - March 14 2026.csv,214,1228,Desmond Bane,RA,UNDER,57.9%,DO NOT BET,C,✅ HIT,56.71,0.6016813596433315,0.5089827920224711,0.5152613240418118,0.4925952315702933,0.49407702047654983,0.6368342458934793,1.0,0.9937
AI Picks by Srini underdog - March 15 2026.csv,165,1229,Naz Reid,PTS,OVER,61.6%,DO NOT BET,D,❌ MISS,57.49,0.5923113090657955,0.5088555618992361,0.4830232333943893,0.4584602067315036,0.49407702047654983,0.5301219512195121,1.0,0.979
AI Picks by Srini underdog - March 11 2026.csv,179,1230,Brandon Miller,REB,UNDER,55.90%,DO NOT BET,B,✅ HIT,57.25,0.5950914705914745,0.5088278045056464,0.5620746167935988,0.5557229965156795,0.49407702047654983,0.47460545193687226,1.0,0.9836
AI Picks by Srini underdog - March 12 2026.csv,151,1231,Shai Gilgeous-Alexander,PA,UNDER,57.3%,DO NOT BET,D,❌ MISS,60.89,0.5520021105585262,0.5086484666609921,0.4054911368785819,0.4584602067315036,0.49407702047654983,0.42644415917843387,1.0,0.9827
AI Picks by Srini underdog - March 14 2026.csv,173,1232,Austin Reaves,PA,OVER,63.5%,DO NOT BET,D,✅ HIT,58.08,0.5850077543189393,0.5086189546775953,0.4054911368785819,0.4584602067315036,0.49407702047654983,0.5575505967825636,1.0,0.959
AI Picks by Srini underdog - March 10 2026.csv,326,1233,Jalen Johnson,REB,UNDER,54.60%,DO NOT BET,B,✅ HIT,56.35,0.6052535336606046,0.5085524115557771,0.5620746167935988,0.5557229965156795,0.49407702047654983,0.6164260826281732,1.0,0.9916
AI Picks by Srini underdog - March 14 2026.csv,168,1234,LeBron James,PR,OVER,61.4%,DO NOT BET,D,❌ MISS,58.27,0.5824810833116969,0.5084292179112353,0.4622014406672564,0.4584602067315036,0.49407702047654983,0.4779132791327913,1.0,0.9837
AI Picks by Srini underdog - March 13 2026.csv,172,1235,OG Anunoby,RA,UNDER,58.5%,DO NOT BET,C,❌ MISS,58.49,0.5798026911515445,0.5083702201936438,0.5152613240418118,0.4925952315702933,0.49407702047654983,0.4040975609756097,1.0,0.9808
AI Picks by Srini underdog - March 15 2026.csv,191,1236,Myles Turner,REB,UNDER,54.7%,DO NOT BET,B,✅ HIT,56.57,0.6023075255456071,0.5083194634675363,0.5620746167935988,0.5557229965156795,0.49407702047654983,0.5819660014781965,1.0,0.9948
AI Picks by Srini underdog - March 14 2026.csv,216,1237,Bennedict Mathurin,3PM,UNDER,55.2%,DO NOT BET,S,✅ HIT,56.63,0.601518265646785,0.5082651601296222,0.5747041267881033,0.5869918699186992,0.49407702047654983,0.4934417344173441,1.0,0.9965
AI Picks by Srini underdog - March 11 2026.csv,168,1238,Desmond Bane,PR,UNDER,59.10%,DO NOT BET,D,❌ MISS,57.55,0.5905981799877656,0.5082007435948368,0.4622014406672564,0.4584602067315036,0.49407702047654983,0.6368342458934793,1.0,0.9846
AI Picks by Srini underdog - March 10 2026.csv,310,1239,Jrue Holiday,3PM,UNDER,55.30%,DO NOT BET,S,✅ HIT,56.78,0.5995560434245628,0.5081365046759784,0.5747041267881033,0.5869918699186992,0.49407702047654983,0.4712195121951219,1.0,0.9949
AI Picks by Srini underdog - March 13 2026.csv,157,1240,James Harden,AST,UNDER,58.7%,DO NOT BET,C,✅ HIT,59.15,0.5716054010732019,0.5080878532022439,0.4745136763108522,0.4925952315702933,0.49407702047654983,0.39101995565410197,1.0,0.9924
AI Picks by Srini underdog - March 13 2026.csv,220,1241,Kristaps Porziņģis,AST,OVER,57.0%,DO NOT BET,C,✅ HIT,57.05,0.5962471672338704,0.5080499553354695,0.4745136763108522,0.4925952315702933,0.49407702047654983,0.7001876172607879,1.0,0.9825
AI Picks by Srini underdog - March 12 2026.csv,174,1242,Jalen Green,FGA,OVER,54.4%,DO NOT BET,D,✅ HIT,60.01,0.5613507680779746,0.5079972653026031,0.4736390243902439,0.4584602067315036,0.49407702047654983,0.48343495934959346,1.0,0.9803
AI Picks by Srini underdog - March 13 2026.csv,161,1243,Cade Cunningham,RA,OVER,54.7%,DO NOT BET,C,✅ HIT,59.02,0.5729574615963079,0.5079728087502356,0.5152613240418118,0.4925952315702933,0.49407702047654983,0.45889526542324244,1.0,0.9927
AI Picks by Srini underdog - March 14 2026.csv,154,1244,Jamal Murray,PR,UNDER,57.7%,DO NOT BET,D,✅ HIT,58.83,0.5751899180000437,0.5079713060243164,0.4622014406672564,0.4584602067315036,0.49407702047654983,0.5251016260162601,1.0,0.9951
AI Picks by Srini underdog - March 14 2026.csv,191,1245,Kawhi Leonard,FGA,OVER,59.1%,DO NOT BET,D,✅ HIT,57.39,0.5921193922180621,0.5079662899543422,0.4736390243902439,0.4584602067315036,0.49407702047654983,0.633921200750469,1.0,0.9751
AI Picks by Srini underdog - March 13 2026.csv,160,1246,Jrue Holiday,PR,OVER,58.7%,DO NOT BET,D,✅ HIT,59.03,0.5728167066179299,0.5079577706136766,0.4622014406672564,0.4584602067315036,0.49407702047654983,0.4712195121951219,1.0,0.9874
AI Picks by Srini underdog - March 12 2026.csv,257,1247,Jalen Green,3PA,OVER,55.5%,DO NOT BET,B,✅ HIT,56.91,0.5977022108776923,0.5079253973125397,0.5765635645183267,0.5557229965156795,0.49407702047654983,0.48343495934959346,1.0,0.9874
AI Picks by Srini underdog - March 15 2026.csv,213,1248,Mikal Bridges,REB,OVER,56.0%,DO NOT BET,B,❌ MISS,55.58,0.6133044445615504,0.5078986534886153,0.5620746167935988,0.5557229965156795,0.49407702047654983,0.6477351916376306,1.0,0.9948
AI Picks by Srini underdog - March 15 2026.csv,133,1249,Deni Avdija,FGA,UNDER,58.4%,DO NOT BET,D,❌ MISS,59.03,0.5726916935233992,0.5078765121022317,0.4736390243902439,0.4584602067315036,0.49407702047654983,0.4724442138038401,1.0,0.9571
AI Picks by Srini underdog - March 10 2026.csv,240,1250,RJ Barrett,PRA,UNDER,60.20%,DO NOT BET,D,❌ MISS,58.62,0.577481560875733,0.5078553693063935,0.4730352303523035,0.4584602067315036,0.49407702047654983,0.4441504754030591,1.0,0.9895
AI Picks by Srini underdog - March 12 2026.csv,252,1251,Nikola Jokić,3PA,UNDER,55.8%,DO NOT BET,B,❌ MISS,57.24,0.5936957113293633,0.5078441083858873,0.5765635645183267,0.5557229965156795,0.49407702047654983,0.4297199638663053,1.0,0.9943
AI Picks by Srini underdog - March 15 2026.csv,120,1252,DeMar DeRozan,PA,UNDER,62.2%,DO NOT BET,D,❌ MISS,59.41,0.5680286639965302,0.5077507416864617,0.4054911368785819,0.4584602067315036,0.49407702047654983,0.415509693558474,1.0,0.9919
AI Picks by Srini underdog - March 13 2026.csv,163,1253,Kevin Durant,PRA,UNDER,60.0%,DO NOT BET,D,❌ MISS,58.97,0.5731459583329385,0.507713068632112,0.4730352303523035,0.4584602067315036,0.49407702047654983,0.41234444997511194,1.0,0.98
AI Picks by Srini underdog - March 11 2026.csv,151,1254,Alperen Sengun,PRA,OVER,62.00%,DO NOT BET,D,❌ MISS,58.05,0.5839169013620347,0.5076805424574472,0.4730352303523035,0.4584602067315036,0.49407702047654983,0.4607538802660754,1.0,0.9626
AI Picks by Srini underdog - March 13 2026.csv,142,1255,Brandin Podziemski,PRA,OVER,53.0%,DO NOT BET,D,✅ HIT,59.95,0.5615158134414717,0.5076458291925561,0.4730352303523035,0.4584602067315036,0.49407702047654983,0.5261930010604453,1.0,0.9957
AI Picks by Srini underdog - March 13 2026.csv,173,1256,Jalen Green,AST,OVER,58.3%,DO NOT BET,C,✅ HIT,58.49,0.578666901442751,0.5076319568829281,0.4745136763108522,0.4925952315702933,0.49407702047654983,0.48343495934959346,1.0,0.976
AI Picks by Srini underdog - March 10 2026.csv,228,1257,RJ Barrett,AST,UNDER,57.30%,DO NOT BET,C,✅ HIT,59.08,0.5717234530480975,0.5076294187902191,0.4745136763108522,0.4925952315702933,0.49407702047654983,0.4441504754030591,1.0,0.9837
AI Picks by Srini underdog - March 12 2026.csv,271,1258,Derrick White,FTM,UNDER,55.4%,DO NOT BET,B,NO GAME,56.31,0.6042829297241339,0.5076157085995243,0.5145057766367137,0.5557229965156795,0.49407702047654983,0.6723577235772358,1.0,0.9962
AI Picks by Srini underdog - March 12 2026.csv,188,1259,Stephon Castle,PA,OVER,58.6%,DO NOT BET,D,✅ HIT,59.58,0.5658160538424566,0.5076122392758879,0.4054911368785819,0.4584602067315036,0.49407702047654983,0.5273835920177383,1.0,0.9687
AI Picks by Srini underdog - March 14 2026.csv,175,1260,Jalen Suggs,AST,UNDER,58.9%,DO NOT BET,C,❌ MISS,57.98,0.5845431460371118,0.5075524333005403,0.4745136763108522,0.4925952315702933,0.49407702047654983,0.5149974052932018,1.0,0.9896
AI Picks by Srini underdog - March 12 2026.csv,254,1261,De'Aaron Fox,PRA,OVER,59.5%,DO NOT BET,D,✅ HIT,57.07,0.595176675937053,0.5075070411913116,0.4730352303523035,0.4584602067315036,0.49407702047654983,0.6501016260162601,1.0,0.9791
AI Picks by Srini underdog - March 13 2026.csv,218,1262,Jalen Brunson,3PA,OVER,57.9%,DO NOT BET,B,❌ MISS,57.1,0.5948218450240336,0.5075057588960091,0.5765635645183267,0.5557229965156795,0.49407702047654983,0.3700813008130081,1.0,0.9933
AI Picks by Srini underdog - March 15 2026.csv,180,1263,Jrue Holiday,REB,UNDER,56.6%,DO NOT BET,B,❌ MISS,56.85,0.5976778766172994,0.5074508644469642,0.5620746167935988,0.5557229965156795,0.49407702047654983,0.4712195121951219,1.0,0.9945
AI Picks by Srini underdog - March 14 2026.csv,202,1264,Nikola Jokić,3PA,UNDER,56.2%,DO NOT BET,B,❌ MISS,57.07,0.5947457113293634,0.5072269141963134,0.5765635645183267,0.5557229965156795,0.49407702047654983,0.4297199638663053,1.0,0.9881
AI Picks by Srini underdog - March 15 2026.csv,123,1265,Deni Avdija,PTS,UNDER,56.2%,DO NOT BET,D,❌ MISS,59.38,0.5673435353242283,0.5070760502513054,0.4830232333943893,0.4584602067315036,0.49407702047654983,0.4724442138038401,1.0,0.9621999999999999
AI Picks by Srini underdog - March 11 2026.csv,219,1266,Scottie Barnes,SB,UNDER,54.40%,DO NOT BET,A,❌ MISS,55.56,0.6119915553950834,0.5068923703316384,0.6069806560134566,0.6088002636783125,0.49407702047654983,0.5424015009380863,1.0,0.981
AI Picks by Srini underdog - March 10 2026.csv,311,1267,Bam Adebayo,REB,UNDER,56.50%,DO NOT BET,B,✅ HIT,56.77,0.5977344213327467,0.5068759977169113,0.5620746167935988,0.5557229965156795,0.49407702047654983,0.48343495934959346,1.0,0.978
AI Picks by Srini underdog - March 13 2026.csv,223,1268,Trey Murphy III,PRA,OVER,60.5%,DO NOT BET,D,❌ MISS,56.91,0.5960738017141932,0.5068669313562654,0.4730352303523035,0.4584602067315036,0.49407702047654983,0.6236728837876614,1.0,0.9819
AI Picks by Srini underdog - March 11 2026.csv,198,1269,Brandon Ingram,REB,UNDER,55.60%,DO NOT BET,B,❌ MISS,56.31,0.6029858847473808,0.5067726293646349,0.5620746167935988,0.5557229965156795,0.49407702047654983,0.5593495934959349,1.0,0.9924
AI Picks by Srini underdog - March 11 2026.csv,126,1270,OG Anunoby,PTS,UNDER,58.50%,DO NOT BET,D,❌ MISS,59.11,0.5698738700414052,0.5066565476340292,0.4830232333943893,0.4584602067315036,0.49407702047654983,0.4040975609756097,1.0,0.9931
AI Picks by Srini underdog - March 13 2026.csv,149,1271,Jrue Holiday,PA,OVER,59.3%,DO NOT BET,D,✅ HIT,59.63,0.5637046458601951,0.5066220870843515,0.4054911368785819,0.4584602067315036,0.49407702047654983,0.4712195121951219,1.0,0.9912
AI Picks by Srini underdog - March 15 2026.csv,111,1272,Jrue Holiday,PA,OVER,58.2%,DO NOT BET,D,❌ MISS,59.96,0.5597996458601949,0.5066067728641128,0.4054911368785819,0.4584602067315036,0.49407702047654983,0.4712195121951219,1.0,0.9879
AI Picks by Srini underdog - March 10 2026.csv,225,1273,CJ McCollum,PRA,OVER,58.00%,DO NOT BET,D,✅ HIT,59.15,0.5691986549178185,0.5065234682012447,0.4730352303523035,0.4584602067315036,0.49407702047654983,0.4440214158239143,1.0,0.9737
AI Picks by Srini underdog - March 15 2026.csv,220,1274,Chet Holmgren,BLK,UNDER,53.0%,DO NOT BET,S,✅ HIT,55.36,0.6136155531248382,0.5064189168682447,0.644579945799458,0.5869918699186992,0.49407702047654983,0.5516629711751663,1.0,0.9921
AI Picks by Srini underdog - March 12 2026.csv,228,1275,LeBron James,PR,OVER,60.5%,DO NOT BET,D,✅ HIT,58.23,0.5796960833116969,0.5063131575136883,0.4622014406672564,0.4584602067315036,0.49407702047654983,0.4779132791327913,1.0,0.9892
AI Picks by Srini underdog - March 14 2026.csv,241,1276,Jalen Johnson,3PA,UNDER,55.2%,DO NOT BET,B,❌ MISS,55.64,0.6100963232055502,0.5062720902035354,0.5765635645183267,0.5557229965156795,0.49407702047654983,0.6164260826281732,1.0,0.9897
AI Picks by Srini underdog - March 13 2026.csv,267,1277,Julius Randle,REB,OVER,56.4%,DO NOT BET,B,❌ MISS,55.41,0.6126316386973731,0.506161635487326,0.5620746167935988,0.5557229965156795,0.49407702047654983,0.6265071329958583,1.0,0.9966
AI Picks by Srini underdog - March 10 2026.csv,294,1278,Austin Reaves,FTM,UNDER,55.50%,DO NOT BET,B,❌ MISS,57.14,0.5922772170446666,0.5061575611069674,0.5145057766367137,0.5557229965156795,0.49407702047654983,0.5575505967825636,1.0,0.9789
AI Picks by Srini underdog - March 10 2026.csv,255,1279,De'Aaron Fox,FGA,UNDER,54.10%,DO NOT BET,D,✅ HIT,58.36,0.5776024347446412,0.5059461697371295,0.4736390243902439,0.4584602067315036,0.49407702047654983,0.6501016260162601,1.0,0.9924
AI Picks by Srini underdog - March 15 2026.csv,181,1280,DeMar DeRozan,REB,OVER,57.6%,DO NOT BET,B,✅ HIT,56.83,0.5955068947536348,0.5058868210368088,0.5620746167935988,0.5557229965156795,0.49407702047654983,0.415509693558474,1.0,0.9945
AI Picks by Srini underdog - March 15 2026.csv,201,1281,Russell Westbrook,REB,UNDER,54.3%,DO NOT BET,B,NO GAME,56.18,0.6031462099506328,0.5058829569547214,0.5620746167935988,0.5557229965156795,0.49407702047654983,0.6045528455284552,1.0,0.9936
AI Picks by Srini underdog - March 10 2026.csv,319,1282,VJ Edgecombe,REB,UNDER,53.70%,DO NOT BET,B,✅ HIT,56.52,0.5991106814953484,0.5058592518379347,0.5620746167935988,0.5557229965156795,0.49407702047654983,0.5840975609756097,1.0,0.9946
AI Picks by Srini underdog - March 12 2026.csv,242,1283,Aaron Gordon,RA,OVER,58.0%,DO NOT BET,C,NO GAME,57.69,0.5853147737031392,0.5058368659012437,0.5152613240418118,0.4925952315702933,0.49407702047654983,0.4694183864915572,1.0,0.9944
AI Picks by Srini underdog - March 15 2026.csv,138,1284,RJ Barrett,PR,UNDER,59.6%,DO NOT BET,D,❌ MISS,58.72,0.5731698029387237,0.5058172526412046,0.4622014406672564,0.4584602067315036,0.49407702047654983,0.4441504754030591,1.0,0.9874
AI Picks by Srini underdog - March 13 2026.csv,147,1285,Devin Booker,PTS,UNDER,58.8%,DO NOT BET,D,❌ MISS,59.68,0.5617909432121371,0.5057604433600473,0.4830232333943893,0.4584602067315036,0.49407702047654983,0.31676829268292683,1.0,0.9857
AI Picks by Srini underdog - March 13 2026.csv,202,1286,Jrue Holiday,RA,OVER,58.7%,DO NOT BET,C,✅ HIT,57.47,0.5876148862734958,0.5056499818854677,0.5152613240418118,0.4925952315702933,0.49407702047654983,0.4712195121951219,1.0,0.9892
AI Picks by Srini underdog - March 11 2026.csv,229,1287,Trey Murphy III,REB,OVER,57.30%,DO NOT BET,B,✅ HIT,55.08,0.6154082137765535,0.5054434735090318,0.5620746167935988,0.5557229965156795,0.49407702047654983,0.6236728837876614,1.0,0.9966
AI Picks by Srini underdog - March 11 2026.csv,147,1288,Immanuel Quickley,RA,UNDER,56.50%,DO NOT BET,C,✅ HIT,58.17,0.5790023601410915,0.5054035218564747,0.5152613240418118,0.4925952315702933,0.49407702047654983,0.4679442508710801,1.0,0.9731
AI Picks by Srini underdog - March 13 2026.csv,165,1289,OG Anunoby,PRA,UNDER,59.1%,DO NOT BET,D,❌ MISS,58.96,0.5696962694329881,0.5053943182477575,0.4730352303523035,0.4584602067315036,0.49407702047654983,0.4040975609756097,1.0,0.9887
AI Picks by Srini underdog - March 11 2026.csv,159,1290,Trey Murphy III,PRA,OVER,57.10%,DO NOT BET,D,✅ HIT,57.67,0.5848088017141934,0.5053550789096555,0.4730352303523035,0.4584602067315036,0.49407702047654983,0.6236728837876614,1.0,0.9878
AI Picks by Srini underdog - March 13 2026.csv,214,1291,Donte DiVincenzo,PRA,OVER,60.6%,DO NOT BET,D,❌ MISS,57.18,0.5905261745820396,0.5053251939038067,0.4730352303523035,0.4584602067315036,0.49407702047654983,0.5612466124661246,1.0,0.989
AI Picks by Srini underdog - March 13 2026.csv,205,1292,Trey Murphy III,AST,OVER,56.6%,DO NOT BET,C,✅ HIT,57.41,0.5877756938865578,0.5052957912376378,0.4745136763108522,0.4925952315702933,0.49407702047654983,0.6236728837876614,1.0,0.9933
AI Picks by Srini underdog - March 10 2026.csv,325,1293,Cooper Flagg,TOV,UNDER,55.30%,DO NOT BET,A,✅ HIT,56.36,0.6000096242606167,0.5052203230451716,0.59583830803343,0.6088002636783125,0.49407702047654983,0.4270168855534709,1.0,0.9555
AI Picks by Srini underdog - March 10 2026.csv,291,1294,Immanuel Quickley,REB,UNDER,54.60%,DO NOT BET,B,❌ MISS,57.17,0.5904753504848953,0.5052157056412763,0.5620746167935988,0.5557229965156795,0.49407702047654983,0.4679442508710801,1.0,0.993
AI Picks by Srini underdog - March 12 2026.csv,306,1295,Desmond Bane,REB,UNDER,56.9%,DO NOT BET,B,✅ HIT,55.1,0.6147543499871353,0.5051713672446834,0.5620746167935988,0.5557229965156795,0.49407702047654983,0.6368342458934793,1.0,0.9844
AI Picks by Srini underdog - March 10 2026.csv,249,1296,RJ Barrett,FGA,UNDER,59.40%,DO NOT BET,D,❌ MISS,58.48,0.574917319683321,0.5051182761399118,0.4736390243902439,0.4584602067315036,0.49407702047654983,0.4441504754030591,1.0,0.9902
AI Picks by Srini underdog - March 14 2026.csv,212,1297,Kawhi Leonard,RA,UNDER,56.2%,DO NOT BET,C,✅ HIT,56.72,0.5955700551290305,0.5050868966875621,0.5152613240418118,0.4925952315702933,0.49407702047654983,0.633921200750469,1.0,0.9929
AI Picks by Srini underdog - March 11 2026.csv,148,1298,LaMelo Ball,FGA,OVER,57.10%,DO NOT BET,D,✅ HIT,58.14,0.5786570282405762,0.5049496983229795,0.4736390243902439,0.4584602067315036,0.49407702047654983,0.5640975609756097,1.0,0.9815
AI Picks by Srini underdog - March 10 2026.csv,289,1299,Klay Thompson,PRA,OVER,61.30%,DO NOT BET,D,✅ HIT,57.26,0.5888888304085977,0.5048725409861632,0.4730352303523035,0.4584602067315036,0.49407702047654983,0.5170731707317073,1.0,0.997
AI Picks by Srini underdog - March 11 2026.csv,190,1300,Miles Bridges,RA,UNDER,55.90%,DO NOT BET,C,✅ HIT,56.62,0.596260356656771,0.5047710666867264,0.5152613240418118,0.4925952315702933,0.49407702047654983,0.6501742160278745,1.0,0.9946
AI Picks by Srini underdog - March 12 2026.csv,280,1301,Shai Gilgeous-Alexander,TOV,UNDER,55.6%,DO NOT BET,A,❌ MISS,56.05,0.602937351623113,0.5047533152498063,0.59583830803343,0.6088002636783125,0.49407702047654983,0.42644415917843387,1.0,0.9948
AI Picks by Srini underdog - March 13 2026.csv,171,1302,Jalen Brunson,PTS,UNDER,60.2%,DO NOT BET,D,❌ MISS,58.68,0.5719322440251452,0.5047070289498318,0.4830232333943893,0.4584602067315036,0.49407702047654983,0.3700813008130081,1.0,0.9867
AI Picks by Srini underdog - March 10 2026.csv,243,1303,Kevin Durant,AST,UNDER,58.60%,DO NOT BET,C,✅ HIT,58.54,0.5735428505053028,0.5046835867705203,0.4745136763108522,0.4925952315702933,0.49407702047654983,0.41234444997511194,1.0,0.9953
AI Picks by Srini underdog - March 11 2026.csv,197,1304,Kawhi Leonard,RA,UNDER,56.90%,DO NOT BET,C,✅ HIT,56.46,0.5979150551290305,0.5046233791035077,0.5152613240418118,0.4925952315702933,0.49407702047654983,0.633921200750469,1.0,0.9922
AI Picks by Srini underdog - March 13 2026.csv,170,1305,Scottie Barnes,PRA,UNDER,55.4%,DO NOT BET,D,✅ HIT,58.69,0.5714266634292358,0.5044548541618773,0.4730352303523035,0.4584602067315036,0.49407702047654983,0.5424015009380863,1.0,0.9983
AI Picks by Srini underdog - March 10 2026.csv,377,1306,Onyeka Okongwu,3PA,OVER,54.70%,DO NOT BET,B,✅ HIT,54.91,0.61578550936782,0.504389021453781,0.5765635645183267,0.5557229965156795,0.49407702047654983,0.691567944250871,1.0,0.9872
AI Picks by Srini underdog - March 12 2026.csv,207,1307,Jaylen Brown,AST,UNDER,58.8%,DO NOT BET,C,❌ MISS,58.95,0.568070401525711,0.5042610515086406,0.4745136763108522,0.4925952315702933,0.49407702047654983,0.3511199601791936,1.0,0.9947
AI Picks by Srini underdog - March 10 2026.csv,344,1308,Brandon Ingram,3PM,UNDER,53.50%,DO NOT BET,S,✅ HIT,56.03,0.602379051554644,0.504237515006528,0.5747041267881033,0.5869918699186992,0.49407702047654983,0.5593495934959349,1.0,0.9975
AI Picks by Srini underdog - March 15 2026.csv,164,1309,Brandin Podziemski,AST,UNDER,58.6%,DO NOT BET,C,❌ MISS,57.52,0.5848077056138362,0.5042075774536227,0.4745136763108522,0.4925952315702933,0.49407702047654983,0.5261930010604453,1.0,0.9929
AI Picks by Srini underdog - March 12 2026.csv,259,1310,Nikola Jokić,REB,UNDER,56.2%,DO NOT BET,B,❌ MISS,56.89,0.5921579217844177,0.504168704203138,0.5620746167935988,0.5557229965156795,0.49407702047654983,0.4297199638663053,1.0,0.9943
AI Picks by Srini underdog - March 14 2026.csv,178,1311,Jaylen Brown,FTM,OVER,58.1%,DO NOT BET,B,❌ MISS,57.92,0.5799441533843296,0.5041043724799117,0.5145057766367137,0.5557229965156795,0.49407702047654983,0.3511199601791936,1.0,0.9683
AI Picks by Srini underdog - March 13 2026.csv,235,1312,Jalen Duren,AST,OVER,59.9%,DO NOT BET,C,❌ MISS,56.51,0.5963815894234147,0.504008889391791,0.4745136763108522,0.4925952315702933,0.49407702047654983,0.6001318391562294,1.0,0.9881
AI Picks by Srini underdog - March 11 2026.csv,123,1313,Keyonte George,PA,OVER,61.60%,DO NOT BET,D,❌ MISS,59.31,0.563443903548424,0.5040061214013256,0.4054911368785819,0.4584602067315036,0.49407702047654983,0.4002120890774125,1.0,0.9716
AI Picks by Srini underdog - March 15 2026.csv,57,1314,Quentin Grimes,PA,OVER,51.8%,DO NOT BET,D,✅ HIT,63.28,0.5167407330423435,0.5040007425288968,0.4054911368785819,0.4584602067315036,0.49407702047654983,0.6213803840166061,0.5,0.9616
AI Picks by Srini underdog - March 10 2026.csv,222,1315,Devin Booker,FGA,UNDER,59.90%,DO NOT BET,D,❌ MISS,59.32,0.5632991014113079,0.5039884526115869,0.4736390243902439,0.4584602067315036,0.49407702047654983,0.31676829268292683,1.0,0.9786
AI Picks by Srini underdog - March 14 2026.csv,260,1316,Darius Garland,3PM,UNDER,55.0%,DO NOT BET,S,❌ MISS,55.13,0.6125594045191494,0.5039740104886528,0.5747041267881033,0.5869918699186992,0.49407702047654983,0.6147531231409875,1.0,0.9883
AI Picks by Srini underdog - March 13 2026.csv,167,1317,OG Anunoby,PR,UNDER,59.3%,DO NOT BET,D,❌ MISS,58.9,0.5682095114959788,0.5039692099923812,0.4622014406672564,0.4584602067315036,0.49407702047654983,0.4040975609756097,1.0,0.9887
AI Picks by Srini underdog - March 12 2026.csv,194,1318,Paolo Banchero,PA,OVER,56.6%,DO NOT BET,D,❌ MISS,59.4,0.5622927543189392,0.5039459477966409,0.4054911368785819,0.4584602067315036,0.49407702047654983,0.5575505967825636,1.0,0.9739
AI Picks by Srini underdog - March 10 2026.csv,335,1319,Jaden McDaniels,REB,UNDER,55.50%,DO NOT BET,B,✅ HIT,56.19,0.5998906125663982,0.5038432712543556,0.5620746167935988,0.5557229965156795,0.49407702047654983,0.5306468716861081,1.0,0.9947
AI Picks by Srini underdog - March 13 2026.csv,194,1320,Tobias Harris,AST,OVER,58.0%,DO NOT BET,C,NO GAME,57.79,0.5810507225809624,0.5038297586656957,0.4745136763108522,0.4925952315702933,0.49407702047654983,0.5170731707317073,1.0,0.9768
AI Picks by Srini underdog - March 13 2026.csv,230,1321,Devin Booker,REB,OVER,60.2%,DO NOT BET,B,❌ MISS,56.63,0.59465775466608,0.5038058279921639,0.5620746167935988,0.5557229965156795,0.49407702047654983,0.31676829268292683,1.0,0.9982
AI Picks by Srini underdog - March 15 2026.csv,160,1322,James Harden,PTS,OVER,62.6%,DO NOT BET,D,❌ MISS,57.64,0.5825811095092546,0.503677721178285,0.4830232333943893,0.4584602067315036,0.49407702047654983,0.39101995565410197,1.0,0.9946
AI Picks by Srini underdog - March 12 2026.csv,232,1323,Giannis Antetokounmpo,PRA,OVER,58.3%,DO NOT BET,D,❌ MISS,58.03,0.5779462538647473,0.503646716385437,0.4730352303523035,0.4584602067315036,0.49407702047654983,0.5149974052932018,1.0,0.9863
AI Picks by Srini underdog - March 13 2026.csv,213,1324,Draymond Green,RA,OVER,56.1%,DO NOT BET,C,NO GAME,57.2,0.587702325297886,0.5036425970678803,0.5152613240418118,0.4925952315702933,0.49407702047654983,0.5602439024390244,1.0,0.9897
AI Picks by Srini underdog - March 15 2026.csv,217,1325,Donte DiVincenzo,3PM,OVER,55.0%,DO NOT BET,S,✅ HIT,55.49,0.607613753451663,0.5035116308727081,0.5747041267881033,0.5869918699186992,0.49407702047654983,0.5612466124661246,1.0,0.9964
AI Picks by Srini underdog - March 15 2026.csv,143,1326,DeMar DeRozan,PTS,UNDER,59.7%,DO NOT BET,D,❌ MISS,58.26,0.5750050832996917,0.5034933653040452,0.4830232333943893,0.4584602067315036,0.49407702047654983,0.415509693558474,1.0,0.9913
AI Picks by Srini underdog - March 10 2026.csv,266,1327,Jalen Green,PA,UNDER,62.80%,DO NOT BET,D,❌ MISS,58.08,0.5771161905756421,0.5034894382444521,0.4054911368785819,0.4584602067315036,0.49407702047654983,0.48343495934959346,1.0,0.997
AI Picks by Srini underdog - March 12 2026.csv,272,1328,Jamal Murray,3PA,UNDER,54.4%,DO NOT BET,B,✅ HIT,56.3,0.5980038775443588,0.5034578720832837,0.5765635645183267,0.5557229965156795,0.49407702047654983,0.5251016260162601,1.0,0.9849
AI Picks by Srini underdog - March 10 2026.csv,331,1329,Kristaps Porziņģis,RA,UNDER,55.00%,DO NOT BET,C,✅ HIT,56.28,0.5980066967800624,0.5033067993877176,0.5152613240418118,0.4925952315702933,0.49407702047654983,0.7001876172607879,1.0,0.9907
AI Picks by Srini underdog - March 15 2026.csv,176,1330,Giannis Antetokounmpo,FTM,OVER,56.1%,DO NOT BET,B,✅ HIT,56.97,0.5897518978957303,0.5032164094705848,0.5145057766367137,0.5557229965156795,0.49407702047654983,0.5149974052932018,1.0,0.9727
AI Picks by Srini underdog - March 15 2026.csv,161,1331,Cooper Flagg,RA,UNDER,58.2%,DO NOT BET,C,❌ MISS,57.61,0.5817496236093307,0.5029078975451744,0.5152613240418118,0.4925952315702933,0.49407702047654983,0.4270168855534709,1.0,0.9943
AI Picks by Srini underdog - March 14 2026.csv,194,1332,LeBron James,PTS,OVER,60.9%,DO NOT BET,D,❌ MISS,57.31,0.5852654418571234,0.5028996014246384,0.4830232333943893,0.4584602067315036,0.49407702047654983,0.4779132791327913,1.0,0.9901
AI Picks by Srini underdog - March 9 2026.csv,37,1333,Darius Garland,PTS,OVER,58.70%,DO NOT BET,D,✅ HIT,56.83,0.5908744262579431,0.5028757165146092,0.4830232333943893,0.4584602067315036,0.49407702047654983,0.6147531231409875,1.0,0.9782
AI Picks by Srini underdog - March 13 2026.csv,159,1334,Deni Avdija,PA,OVER,59.5%,DO NOT BET,D,❌ MISS,59.13,0.5635871160210668,0.5027230627195827,0.4054911368785819,0.4584602067315036,0.49407702047654983,0.4724442138038401,1.0,0.9728
AI Picks by Srini underdog - March 11 2026.csv,176,1335,Trey Murphy III,PTS,OVER,56.40%,DO NOT BET,D,✅ HIT,57.38,0.5841264023226104,0.5026943939229119,0.4830232333943893,0.4584602067315036,0.49407702047654983,0.6236728837876614,1.0,0.9818
AI Picks by Srini underdog - March 15 2026.csv,163,1336,Myles Turner,PTS,OVER,56.9%,DO NOT BET,D,✅ HIT,57.52,0.582375714091664,0.5026267829642107,0.4830232333943893,0.4584602067315036,0.49407702047654983,0.5819660014781965,1.0,0.9962
AI Picks by Srini underdog - March 12 2026.csv,222,1337,Paolo Banchero,PR,OVER,56.1%,DO NOT BET,D,❌ MISS,58.41,0.5717098150766742,0.5024982299498844,0.4622014406672564,0.4584602067315036,0.49407702047654983,0.5575505967825636,1.0,0.9694
AI Picks by Srini underdog - March 13 2026.csv,242,1338,Ace Bailey,FGA,UNDER,62.1%,DO NOT BET,D,✅ HIT,56.24,0.5969218366029456,0.502295829875045,0.4736390243902439,0.4584602067315036,0.49407702047654983,0.5787456445993031,1.0,0.9775
AI Picks by Srini underdog - March 15 2026.csv,218,1339,Brandon Ingram,TOV,OVER,52.8%,DO NOT BET,A,✅ HIT,55.41,0.6065078950548631,0.5021812021196945,0.59583830803343,0.6088002636783125,0.49407702047654983,0.5593495934959349,1.0,0.9908
AI Picks by Srini underdog - March 10 2026.csv,302,1340,Amen Thompson,REB,UNDER,54.30%,DO NOT BET,B,✅ HIT,56.93,0.588608486373397,0.5021673815835213,0.5620746167935988,0.5557229965156795,0.49407702047654983,0.4609756097560975,1.0,0.99
AI Picks by Srini underdog - March 12 2026.csv,243,1341,LeBron James,FGA,OVER,60.0%,DO NOT BET,D,❌ MISS,57.64,0.5802286000562943,0.5021485900338609,0.4736390243902439,0.4584602067315036,0.49407702047654983,0.4779132791327913,1.0,0.9881
AI Picks by Srini underdog - March 13 2026.csv,247,1342,Rudy Gobert,REB,OVER,53.7%,DO NOT BET,B,❌ MISS,56.03,0.5991169208600674,0.5021171300550532,0.5620746167935988,0.5557229965156795,0.49407702047654983,0.586159954622802,1.0,0.9906
AI Picks by Srini underdog - March 11 2026.csv,192,1343,Donovan Mitchell,FTM,OVER,57.10%,DO NOT BET,B,❌ MISS,56.57,0.5927042711875485,0.5020773481347982,0.5145057766367137,0.5557229965156795,0.49407702047654983,0.5138211382113821,1.0,0.9661
AI Picks by Srini underdog - March 9 2026.csv,33,1344,Kawhi Leonard,PTS,UNDER,53.90%,DO NOT BET,D,❌ MISS,57.9,0.5765062340188912,0.5017168196936033,0.4830232333943893,0.4584602067315036,0.49407702047654983,0.633921200750469,1.0,0.9789
AI Picks by Srini underdog - March 11 2026.csv,167,1345,Anthony Edwards,PTS,UNDER,55.00%,DO NOT BET,D,✅ HIT,57.59,0.5801157473510875,0.501692972778543,0.4830232333943893,0.4584602067315036,0.49407702047654983,0.6243163340724316,1.0,0.9955
AI Picks by Srini underdog - March 14 2026.csv,207,1346,De'Aaron Fox,FGA,OVER,57.2%,DO NOT BET,D,✅ HIT,56.91,0.5880374347446412,0.5016432928260566,0.4736390243902439,0.4584602067315036,0.49407702047654983,0.6501016260162601,1.0,0.9903
AI Picks by Srini underdog - March 13 2026.csv,140,1347,Reed Sheppard,PA,OVER,54.0%,DO NOT BET,D,✅ HIT,60.03,0.5512795781095176,0.5016038970218795,0.4054911368785819,0.4584602067315036,0.49407702047654983,0.5334688346883468,1.0,0.9786
AI Picks by Srini underdog - March 10 2026.csv,350,1348,Jalen Duren,FTM,OVER,56.60%,DO NOT BET,B,✅ HIT,55.81,0.6007103412820332,0.5014708961428234,0.5145057766367137,0.5557229965156795,0.49407702047654983,0.6001318391562294,1.0,0.9876
AI Picks by Srini underdog - March 14 2026.csv,230,1349,Bam Adebayo,3PA,UNDER,55.3%,DO NOT BET,B,❌ MISS,56.11,0.5970822108776922,0.501406189361603,0.5765635645183267,0.5557229965156795,0.49407702047654983,0.48343495934959346,1.0,0.9886
AI Picks by Srini underdog - March 13 2026.csv,186,1350,Cade Cunningham,PTS,OVER,58.5%,DO NOT BET,D,❌ MISS,58.0,0.5747286404861686,0.5013259098912007,0.4830232333943893,0.4584602067315036,0.49407702047654983,0.45889526542324244,1.0,0.9806
AI Picks by Srini underdog - March 14 2026.csv,190,1351,Jalen Suggs,PRA,UNDER,58.8%,DO NOT BET,D,✅ HIT,57.56,0.5797962538647473,0.5012559442142617,0.4730352303523035,0.4584602067315036,0.49407702047654983,0.5149974052932018,1.0,0.9893
AI Picks by Srini underdog - March 11 2026.csv,177,1352,Evan Mobley,FTM,UNDER,55.40%,DO NOT BET,B,✅ HIT,57.33,0.5824743524883615,0.5012382985337166,0.5145057766367137,0.5557229965156795,0.49407702047654983,0.45512195121951216,1.0,0.9945
AI Picks by Srini underdog - March 11 2026.csv,142,1353,LaMelo Ball,PR,OVER,55.20%,DO NOT BET,D,✅ HIT,58.36,0.5702295114959787,0.5011537696254988,0.4622014406672564,0.4584602067315036,0.49407702047654983,0.5640975609756097,1.0,0.9879
AI Picks by Srini underdog - March 12 2026.csv,251,1354,Jayson Tatum,PR,OVER,59.7%,DO NOT BET,D,NO GAME,57.35,0.5820766388672524,0.501132689878769,0.4622014406672564,0.4584602067315036,0.49407702047654983,0.5334688346883468,1.0,0.9801
AI Picks by Srini underdog - March 15 2026.csv,177,1355,Jalen Duren,AST,OVER,57.0%,DO NOT BET,C,❌ MISS,56.96,0.5866415894234146,0.5011182563641928,0.4745136763108522,0.4925952315702933,0.49407702047654983,0.6001318391562294,1.0,0.9905
AI Picks by Srini underdog - March 10 2026.csv,395,1356,Julius Randle,TOV,UNDER,53.10%,DO NOT BET,A,✅ HIT,54.59,0.6145036490048553,0.5011093290374793,0.59583830803343,0.6088002636783125,0.49407702047654983,0.6265071329958583,1.0,0.996
AI Picks by Srini underdog - March 13 2026.csv,184,1357,Cade Cunningham,AST,OVER,57.2%,DO NOT BET,C,✅ HIT,58.1,0.5731229320501159,0.5010467254016335,0.4745136763108522,0.4925952315702933,0.49407702047654983,0.45889526542324244,1.0,0.989
AI Picks by Srini underdog - March 10 2026.csv,268,1358,Michael Porter Jr.,AST,OVER,55.60%,DO NOT BET,C,❌ MISS,58.01,0.5739629177029135,0.5009046426814716,0.4745136763108522,0.4925952315702933,0.49407702047654983,0.5281951219512195,1.0,0.976
AI Picks by Srini underdog - March 10 2026.csv,316,1359,Giannis Antetokounmpo,RA,OVER,58.10%,DO NOT BET,C,❌ MISS,56.62,0.5901576755833037,0.5008043239889726,0.5152613240418118,0.4925952315702933,0.49407702047654983,0.5149974052932018,1.0,0.9933
AI Picks by Srini underdog - March 13 2026.csv,210,1360,Amen Thompson,RA,UNDER,57.6%,DO NOT BET,C,❌ MISS,57.27,0.5822304960295933,0.500621076239197,0.5152613240418118,0.4925952315702933,0.49407702047654983,0.4609756097560975,1.0,0.9768
AI Picks by Srini underdog - March 10 2026.csv,235,1361,Kyle Kuzma,AST,UNDER,52.70%,DO NOT BET,C,❌ MISS,58.84,0.5636972056651481,0.500577495606021,0.4745136763108522,0.4925952315702933,0.49407702047654983,0.5227380015735641,1.0,0.9788
AI Picks by Srini underdog - March 11 2026.csv,161,1362,Brandon Miller,PTS,UNDER,58.60%,DO NOT BET,D,✅ HIT,57.65,0.5775396591375315,0.5004772310360517,0.4830232333943893,0.4584602067315036,0.49407702047654983,0.47460545193687226,1.0,0.9986
AI Picks by Srini underdog - March 15 2026.csv,173,1363,Josh Hart,AST,OVER,56.7%,DO NOT BET,C,✅ HIT,57.07,0.5842053973777104,0.500375710127739,0.4745136763108522,0.4925952315702933,0.49407702047654983,0.591869918699187,1.0,0.9787
AI Picks by Srini underdog - March 13 2026.csv,259,1364,Scottie Barnes,REB,UNDER,55.8%,DO NOT BET,B,✅ HIT,55.57,0.6018410754915959,0.5003710109937581,0.5620746167935988,0.5557229965156795,0.49407702047654983,0.5424015009380863,1.0,0.9898
AI Picks by Srini underdog - March 15 2026.csv,151,1365,Chet Holmgren,PR,UNDER,56.3%,DO NOT BET,D,❌ MISS,57.98,0.5732810525159344,0.500232072511775,0.4622014406672564,0.4584602067315036,0.49407702047654983,0.5516629711751663,1.0,0.999
AI Picks by Srini underdog - March 12 2026.csv,300,1366,Trae Young,3PM,OVER,55.9%,DO NOT BET,S,✅ HIT,55.28,0.6050020847003601,0.5002085415972403,0.5747041267881033,0.5869918699186992,0.49407702047654983,0.5078799249530956,1.0,0.9897
AI Picks by Srini underdog - March 14 2026.csv,277,1367,De'Aaron Fox,3PM,OVER,54.8%,DO NOT BET,S,❌ MISS,54.34,0.6158692548066765,0.5000856578239953,0.5747041267881033,0.5869918699186992,0.49407702047654983,0.6501016260162601,1.0,0.9974
AI Picks by Srini underdog - March 10 2026.csv,362,1368,Kevin Durant,TOV,OVER,56.00%,DO NOT BET,A,❌ MISS,55.44,0.6028823807027807,0.500053975589001,0.59583830803343,0.6088002636783125,0.49407702047654983,0.41234444997511194,1.0,0.9947
AI Picks by Srini underdog - March 15 2026.csv,225,1369,Donovan Mitchell,STL,UNDER,54.0%,DO NOT BET,A,❌ MISS,54.97,0.6083851241361595,0.5000374866495219,0.6067636810821889,0.6088002636783125,0.49407702047654983,0.5138211382113821,1.0,0.9941
AI Picks by Srini underdog - March 11 2026.csv,188,1370,Josh Hart,RA,UNDER,55.20%,DO NOT BET,C,NO GAME,56.69,0.5881299269239023,0.5000214555560687,0.5152613240418118,0.4925952315702933,0.49407702047654983,0.591869918699187,1.0,0.9962
AI Picks by Srini underdog - March 13 2026.csv,192,1371,James Harden,RA,UNDER,57.0%,DO NOT BET,C,❌ MISS,57.88,0.5740699306193937,0.4999803172851565,0.5152613240418118,0.4925952315702933,0.49407702047654983,0.39101995565410197,1.0,0.9943
AI Picks by Srini underdog - March 10 2026.csv,307,1372,Amen Thompson,RA,OVER,58.70%,DO NOT BET,C,❌ MISS,56.82,0.5865004960295933,0.49995620926679507,0.5152613240418118,0.4925952315702933,0.49407702047654983,0.4609756097560975,1.0,0.9874
AI Picks by Srini underdog - March 13 2026.csv,252,1373,Donovan Mitchell,3PM,OVER,53.4%,DO NOT BET,S,❌ MISS,55.91,0.5971762060261888,0.49993823422039163,0.5747041267881033,0.5869918699186992,0.49407702047654983,0.5138211382113821,1.0,0.9913
AI Picks by Srini underdog - March 10 2026.csv,301,1374,Amen Thompson,FTM,UNDER,56.10%,DO NOT BET,B,❌ MISS,56.96,0.58479471834202,0.4999177901612864,0.5145057766367137,0.5557229965156795,0.49407702047654983,0.4609756097560975,1.0,0.9816
AI Picks by Srini underdog - March 13 2026.csv,188,1375,Alperen Sengun,PR,OVER,59.2%,DO NOT BET,D,NO GAME,57.95,0.5731451434250252,0.49991437380452397,0.4622014406672564,0.4584602067315036,0.49407702047654983,0.4607538802660754,1.0,0.9809
AI Picks by Srini underdog - March 14 2026.csv,176,1376,Aaron Gordon,AST,UNDER,56.8%,DO NOT BET,C,✅ HIT,57.97,0.5725302441569474,0.49966759447904685,0.4745136763108522,0.4925952315702933,0.49407702047654983,0.4694183864915572,1.0,0.9833
AI Picks by Srini underdog - March 15 2026.csv,154,1377,Shai Gilgeous-Alexander,AST,UNDER,58.4%,DO NOT BET,C,❌ MISS,57.88,0.5735628214256351,0.49965069630921344,0.4745136763108522,0.4925952315702933,0.49407702047654983,0.42644415917843387,1.0,0.9811
AI Picks by Srini underdog - March 10 2026.csv,347,1378,RJ Barrett,REB,UNDER,57.00%,DO NOT BET,B,❌ MISS,55.93,0.5962109729380932,0.4994637379119029,0.5620746167935988,0.5557229965156795,0.49407702047654983,0.4441504754030591,1.0,0.9921
AI Picks by Srini underdog - March 10 2026.csv,280,1379,Bam Adebayo,AST,UNDER,57.60%,DO NOT BET,C,✅ HIT,57.57,0.576896901442751,0.4994478177393507,0.4745136763108522,0.4925952315702933,0.49407702047654983,0.48343495934959346,1.0,0.9882
AI Picks by Srini underdog - March 11 2026.csv,182,1380,Julius Randle,AST,UNDER,55.20%,DO NOT BET,C,✅ HIT,57.01,0.5832941188073775,0.49932466346070226,0.4745136763108522,0.4925952315702933,0.49407702047654983,0.6265071329958583,1.0,0.9932
AI Picks by Srini underdog - March 11 2026.csv,223,1381,Jalen Suggs,3PA,UNDER,55.70%,DO NOT BET,B,✅ HIT,55.43,0.6018184554720531,0.4992859715896414,0.5765635645183267,0.5557229965156795,0.49407702047654983,0.5149974052932018,1.0,0.993
AI Picks by Srini underdog - March 15 2026.csv,162,1382,Giannis Antetokounmpo,PA,UNDER,62.2%,DO NOT BET,D,❌ MISS,57.52,0.577222435170003,0.4992771516651311,0.4054911368785819,0.4584602067315036,0.49407702047654983,0.5149974052932018,1.0,0.9768
AI Picks by Srini underdog - March 12 2026.csv,226,1383,Kevin Porter Jr.,RA,UNDER,56.0%,DO NOT BET,C,❌ MISS,58.28,0.5680281518561515,0.49911126506451753,0.5152613240418118,0.4925952315702933,0.49407702047654983,0.3668021680216802,1.0,0.9899
AI Picks by Srini underdog - March 12 2026.csv,305,1384,Jalen Suggs,SB,UNDER,53.0%,DO NOT BET,A,✅ HIT,55.12,0.6051711458305951,0.49909518974170564,0.6069806560134566,0.6088002636783125,0.49407702047654983,0.5149974052932018,1.0,0.9946
AI Picks by Srini underdog - March 11 2026.csv,146,1385,Bennedict Mathurin,PR,OVER,56.90%,DO NOT BET,D,✅ HIT,58.18,0.568963928840152,0.4989549941102507,0.4622014406672564,0.4584602067315036,0.49407702047654983,0.4934417344173441,1.0,0.9883
AI Picks by Srini underdog - March 13 2026.csv,196,1386,Deni Avdija,PTS,OVER,58.3%,DO NOT BET,D,❌ MISS,57.68,0.5746885353242283,0.4988533583555648,0.4830232333943893,0.4584602067315036,0.49407702047654983,0.4724442138038401,1.0,0.9663
AI Picks by Srini underdog - March 10 2026.csv,340,1387,Jaylen Brown,3PM,OVER,57.00%,DO NOT BET,S,❌ MISS,56.1,0.5932610882229699,0.4988460070366468,0.5747041267881033,0.5869918699186992,0.49407702047654983,0.3511199601791936,1.0,0.9936
AI Picks by Srini underdog - March 14 2026.csv,182,1388,CJ McCollum,PTS,OVER,58.3%,DO NOT BET,D,✅ HIT,57.79,0.5733362555262357,0.4988153550801234,0.4830232333943893,0.4584602067315036,0.49407702047654983,0.4440214158239143,1.0,0.9961
AI Picks by Srini underdog - March 14 2026.csv,258,1389,Miles Bridges,3PA,UNDER,52.0%,DO NOT BET,B,❌ MISS,55.27,0.6029011365455204,0.49876647269720775,0.5765635645183267,0.5557229965156795,0.49407702047654983,0.6501742160278745,1.0,0.9959
AI Picks by Srini underdog - March 13 2026.csv,228,1390,Anthony Edwards,AST,OVER,56.3%,DO NOT BET,C,✅ HIT,56.66,0.5865500389150348,0.4987651705521447,0.4745136763108522,0.4925952315702933,0.49407702047654983,0.6243163340724316,1.0,0.9879
AI Picks by Srini underdog - March 11 2026.csv,185,1391,Darius Garland,AST,UNDER,56.10%,DO NOT BET,C,✅ HIT,56.81,0.5843187178218903,0.49846160083240143,0.4745136763108522,0.4925952315702933,0.49407702047654983,0.6147531231409875,1.0,0.976
AI Picks by Srini underdog - March 14 2026.csv,247,1392,LeBron James,3PA,UNDER,56.3%,DO NOT BET,B,✅ HIT,55.51,0.599595042856012,0.49845237418430827,0.5765635645183267,0.5557229965156795,0.49407702047654983,0.4779132791327913,1.0,0.9819
AI Picks by Srini underdog - March 14 2026.csv,210,1393,Onyeka Okongwu,PR,UNDER,55.5%,DO NOT BET,D,✅ HIT,56.81,0.5842715498235048,0.49843094163345086,0.4622014406672564,0.4584602067315036,0.49407702047654983,0.691567944250871,1.0,0.9934
AI Picks by Srini underdog - March 13 2026.csv,182,1394,Amen Thompson,PR,UNDER,58.0%,DO NOT BET,D,❌ MISS,58.17,0.5682423163740276,0.4984094934078831,0.4622014406672564,0.4584602067315036,0.49407702047654983,0.4609756097560975,1.0,0.964
AI Picks by Srini underdog - March 12 2026.csv,268,1395,Jayson Tatum,RA,UNDER,57.1%,DO NOT BET,C,NO GAME,56.41,0.5886698185228183,0.4982317123125362,0.5152613240418118,0.4925952315702933,0.49407702047654983,0.5334688346883468,1.0,0.9946
AI Picks by Srini underdog - March 14 2026.csv,217,1396,Russell Westbrook,AST,UNDER,56.8%,DO NOT BET,C,❌ MISS,56.58,0.5864836900606372,0.49811042300169256,0.4745136763108522,0.4925952315702933,0.49407702047654983,0.6045528455284552,1.0,0.9921
AI Picks by Srini underdog - March 10 2026.csv,273,1397,Alperen Sengun,FGA,OVER,58.20%,DO NOT BET,D,✅ HIT,57.78,0.5723526601696228,0.4980995654989384,0.4736390243902439,0.4584602067315036,0.49407702047654983,0.4607538802660754,1.0,0.9873
AI Picks by Srini underdog - March 15 2026.csv,166,1398,Immanuel Quickley,PTS,OVER,58.9%,DO NOT BET,D,❌ MISS,57.41,0.5766385390309523,0.4980566405814943,0.4830232333943893,0.4584602067315036,0.49407702047654983,0.4679442508710801,1.0,0.9735
AI Picks by Srini underdog - March 13 2026.csv,203,1399,Jaylen Wells,AST,OVER,57.2%,DO NOT BET,C,NO GAME,57.46,0.5759929177029137,0.4980192497152027,0.4745136763108522,0.4925952315702933,0.49407702047654983,0.4881951219512195,1.0,0.9878
AI Picks by Srini underdog - March 14 2026.csv,180,1400,Stephon Castle,PTS,UNDER,55.5%,DO NOT BET,D,✅ HIT,57.85,0.5711724731456181,0.4978676121290423,0.4830232333943893,0.4584602067315036,0.49407702047654983,0.5273835920177383,1.0,0.9765
AI Picks by Srini underdog - March 11 2026.csv,207,1401,Jalen Suggs,REB,UNDER,54.10%,DO NOT BET,B,✅ HIT,55.93,0.5935806659271075,0.4977540383547621,0.5620746167935988,0.5557229965156795,0.49407702047654983,0.5149974052932018,1.0,0.995
AI Picks by Srini underdog - March 13 2026.csv,175,1402,Reed Sheppard,PTS,OVER,53.0%,DO NOT BET,D,✅ HIT,58.44,0.563955997412679,0.4976876062664477,0.4830232333943893,0.4584602067315036,0.49407702047654983,0.5334688346883468,1.0,0.99
AI Picks by Srini underdog - March 10 2026.csv,304,1403,Jrue Holiday,RA,OVER,57.10%,DO NOT BET,C,❌ MISS,56.89,0.5821848862734958,0.4976862311210387,0.5152613240418118,0.4925952315702933,0.49407702047654983,0.4712195121951219,1.0,0.9894
AI Picks by Srini underdog - March 15 2026.csv,168,1404,Josh Hart,PTS,OVER,55.4%,DO NOT BET,D,❌ MISS,57.23,0.5781361058137631,0.49765391220136046,0.4830232333943893,0.4584602067315036,0.49407702047654983,0.591869918699187,1.0,0.9936
AI Picks by Srini underdog - March 12 2026.csv,206,1405,Luka Dončić,PTS,UNDER,56.0%,DO NOT BET,D,❌ MISS,58.96,0.5577746486530376,0.49764526474078963,0.4830232333943893,0.4584602067315036,0.49407702047654983,0.3885553470919324,1.0,0.9522
AI Picks by Srini underdog - March 10 2026.csv,290,1406,Tobias Harris,AST,OVER,57.00%,DO NOT BET,C,✅ HIT,57.21,0.5783057225809624,0.49761125790126665,0.4745136763108522,0.4925952315702933,0.49407702047654983,0.5170731707317073,1.0,0.9899
AI Picks by Srini underdog - March 14 2026.csv,209,1407,Jalen Johnson,FGA,UNDER,56.5%,DO NOT BET,D,❌ MISS,56.85,0.5824998804058326,0.4975851669095107,0.4736390243902439,0.4584602067315036,0.49407702047654983,0.6164260826281732,1.0,0.9945
AI Picks by Srini underdog - March 12 2026.csv,210,1408,Payton Pritchard,PTS,OVER,57.4%,DO NOT BET,D,❌ MISS,58.82,0.5592483485948114,0.4975328333115287,0.4830232333943893,0.4584602067315036,0.49407702047654983,0.351892346509672,1.0,0.9598
AI Picks by Srini underdog - March 14 2026.csv,238,1409,De'Aaron Fox,RA,OVER,55.5%,DO NOT BET,C,✅ HIT,55.78,0.5949980976556096,0.49752857998748795,0.5152613240418118,0.4925952315702933,0.49407702047654983,0.6501016260162601,1.0,0.9967
AI Picks by Srini underdog - March 12 2026.csv,223,1410,Josh Giddey,PRA,UNDER,57.0%,DO NOT BET,D,❌ MISS,58.38,0.5642862694329881,0.4974435674833284,0.4730352303523035,0.4584602067315036,0.49407702047654983,0.42409756097560974,1.0,0.9833
AI Picks by Srini underdog - March 11 2026.csv,200,1411,Jalen Brunson,3PM,OVER,55.70%,DO NOT BET,S,✅ HIT,56.14,0.5904822222863515,0.49734555457539165,0.5747041267881033,0.5869918699186992,0.49407702047654983,0.3700813008130081,1.0,0.9885
AI Picks by Srini underdog - March 13 2026.csv,189,1412,Amen Thompson,PTS,UNDER,57.0%,DO NOT BET,D,❌ MISS,57.91,0.569661674919454,0.4973443088783558,0.4830232333943893,0.4584602067315036,0.49407702047654983,0.4609756097560975,1.0,0.9771
AI Picks by Srini underdog - March 10 2026.csv,305,1413,Jerami Grant,PRA,OVER,57.00%,DO NOT BET,D,✅ HIT,56.85,0.5821017572378662,0.4973263868503326,0.4730352303523035,0.4584602067315036,0.49407702047654983,0.6001524390243902,1.0,0.9875
AI Picks by Srini underdog - March 12 2026.csv,284,1414,Luka Dončić,3PM,OVER,56.4%,DO NOT BET,S,✅ HIT,55.75,0.5950246269142437,0.49731646620743997,0.5747041267881033,0.5869918699186992,0.49407702047654983,0.3885553470919324,1.0,0.9948
AI Picks by Srini underdog - March 14 2026.csv,243,1415,LaMelo Ball,REB,UNDER,53.6%,DO NOT BET,B,✅ HIT,55.6,0.5967856814953484,0.49731436269435736,0.5620746167935988,0.5557229965156795,0.49407702047654983,0.5640975609756097,1.0,0.9949
AI Picks by Srini underdog - March 13 2026.csv,274,1416,Dejounte Murray,3PA,UNDER,54.6%,DO NOT BET,B,❌ MISS,55.27,0.6006290401459851,0.4972896100375098,0.5765635645183267,0.5557229965156795,0.49407702047654983,0.5502032520325203,1.0,0.9736
AI Picks by Srini underdog - March 11 2026.csv,154,1417,Brandon Miller,PR,UNDER,57.80%,DO NOT BET,D,✅ HIT,57.94,0.5691803005921049,0.4972607733637391,0.4622014406672564,0.4584602067315036,0.49407702047654983,0.47460545193687226,1.0,0.9691
AI Picks by Srini underdog - March 10 2026.csv,324,1418,LeBron James,RA,OVER,58.50%,DO NOT BET,C,NO GAME,56.38,0.5875042629672625,0.49724474340326485,0.5152613240418118,0.4925952315702933,0.49407702047654983,0.4779132791327913,1.0,0.9872
AI Picks by Srini underdog - March 10 2026.csv,288,1419,Stephon Castle,PR,OVER,58.00%,DO NOT BET,D,✅ HIT,57.3,0.5766031146001915,0.49719263610824593,0.4622014406672564,0.4584602067315036,0.49407702047654983,0.5273835920177383,1.0,0.9984
AI Picks by Srini underdog - March 11 2026.csv,217,1420,Amen Thompson,REB,OVER,56.20%,DO NOT BET,B,❌ MISS,55.67,0.595273486373397,0.49686660406079597,0.5620746167935988,0.5557229965156795,0.49407702047654983,0.4609756097560975,1.0,0.9941
AI Picks by Srini underdog - March 15 2026.csv,211,1421,Scoot Henderson,REB,OVER,54.5%,DO NOT BET,B,✅ HIT,55.68,0.595153242470958,0.49686489812359735,0.5620746167935988,0.5557229965156795,0.49407702047654983,0.5170731707317073,1.0,0.9951
AI Picks by Srini underdog - March 14 2026.csv,224,1422,Kawhi Leonard,AST,OVER,56.2%,DO NOT BET,C,❌ MISS,56.32,0.5873655255828385,0.49669584850706894,0.4745136763108522,0.4925952315702933,0.49407702047654983,0.633921200750469,1.0,0.9918
AI Picks by Srini underdog - March 13 2026.csv,241,1423,Brandon Ingram,AST,UNDER,58.5%,DO NOT BET,C,✅ HIT,56.28,0.5878233648573852,0.4966876336379775,0.4745136763108522,0.4925952315702933,0.49407702047654983,0.5593495934959349,1.0,0.9937
AI Picks by Srini underdog - March 12 2026.csv,239,1424,Kevin Porter Jr.,PR,OVER,60.7%,DO NOT BET,D,❌ MISS,57.84,0.5694049722005857,0.49664228391538456,0.4622014406672564,0.4584602067315036,0.49407702047654983,0.3668021680216802,1.0,0.992
AI Picks by Srini underdog - March 14 2026.csv,163,1425,Victor Wembanyama,AST,OVER,57.4%,DO NOT BET,C,✅ HIT,58.5,0.5616295437191736,0.4966341269619894,0.4745136763108522,0.4925952315702933,0.49407702047654983,0.3382113821138211,1.0,0.9869
AI Picks by Srini underdog - March 10 2026.csv,360,1426,Josh Giddey,TOV,UNDER,54.20%,DO NOT BET,A,❌ MISS,55.56,0.5962026918028305,0.4966296089966739,0.59583830803343,0.6088002636783125,0.49407702047654983,0.42409756097560974,1.0,0.96
AI Picks by Srini underdog - March 15 2026.csv,196,1427,Chet Holmgren,RA,UNDER,56.0%,DO NOT BET,C,❌ MISS,56.36,0.5866942321715002,0.4965653181872459,0.5152613240418118,0.4925952315702933,0.49407702047654983,0.5516629711751663,1.0,0.9935
AI Picks by Srini underdog - March 13 2026.csv,199,1428,Deni Avdija,AST,UNDER,56.6%,DO NOT BET,C,❌ MISS,57.57,0.5724378268881756,0.49654941927887675,0.4745136763108522,0.4925952315702933,0.49407702047654983,0.4724442138038401,1.0,0.989
AI Picks by Srini underdog - March 13 2026.csv,249,1429,Kawhi Leonard,AST,UNDER,57.5%,DO NOT BET,C,✅ HIT,55.96,0.5913305255828386,0.4965208049291475,0.4745136763108522,0.4925952315702933,0.49407702047654983,0.633921200750469,1.0,0.9827
AI Picks by Srini underdog - March 11 2026.csv,171,1430,Bennedict Mathurin,PTS,OVER,57.00%,DO NOT BET,D,✅ HIT,57.47,0.5735182873855788,0.49648719260832175,0.4830232333943893,0.4584602067315036,0.49407702047654983,0.4934417344173441,1.0,0.9893
AI Picks by Srini underdog - March 9 2026.csv,34,1431,Jalen Brunson,FTM,UNDER,56.40%,DO NOT BET,B,✅ HIT,57.15,0.5772502874477111,0.49646650946833304,0.5145057766367137,0.5557229965156795,0.49407702047654983,0.3700813008130081,1.0,0.9921
AI Picks by Srini underdog - March 12 2026.csv,293,1432,Aaron Gordon,3PM,UNDER,54.8%,DO NOT BET,S,NO GAME,55.48,0.5968459308542063,0.49643609358497454,0.5747041267881033,0.5869918699186992,0.49407702047654983,0.4694183864915572,1.0,0.9783
AI Picks by Srini underdog - March 13 2026.csv,231,1433,Devin Booker,3PA,UNDER,56.4%,DO NOT BET,B,✅ HIT,56.6,0.5836305442110254,0.4964087833982184,0.5765635645183267,0.5557229965156795,0.49407702047654983,0.31676829268292683,1.0,0.9781
AI Picks by Srini underdog - March 10 2026.csv,338,1434,Derrick White,PTS,OVER,56.50%,DO NOT BET,D,✅ HIT,56.14,0.5889048863015679,0.49632028618528234,0.4830232333943893,0.4584602067315036,0.49407702047654983,0.6723577235772358,1.0,0.9732
AI Picks by Srini underdog - March 13 2026.csv,255,1435,Kristaps Porziņģis,PRA,OVER,57.0%,DO NOT BET,D,✅ HIT,55.85,0.5922102750615059,0.49625166349702743,0.4730352303523035,0.4584602067315036,0.49407702047654983,0.7001876172607879,1.0,0.9896
AI Picks by Srini underdog - March 15 2026.csv,178,1436,Deni Avdija,RA,UNDER,56.1%,DO NOT BET,C,❌ MISS,56.94,0.5791573564343675,0.49610059972253884,0.5152613240418118,0.4925952315702933,0.49407702047654983,0.4724442138038401,1.0,0.9944
AI Picks by Srini underdog - March 11 2026.csv,166,1437,RJ Barrett,PTS,UNDER,58.00%,DO NOT BET,D,✅ HIT,57.59,0.5714941614841501,0.49608894196503367,0.4830232333943893,0.4584602067315036,0.49407702047654983,0.4441504754030591,1.0,0.9794
AI Picks by Srini underdog - March 13 2026.csv,284,1438,Jrue Holiday,TOV,OVER,54.3%,DO NOT BET,A,✅ HIT,54.94,0.6025898869247817,0.49604122466396616,0.59583830803343,0.6088002636783125,0.49407702047654983,0.4712195121951219,1.0,0.9867
AI Picks by Srini underdog - March 10 2026.csv,309,1439,Kevin Durant,FTM,UNDER,56.40%,DO NOT BET,B,✅ HIT,56.79,0.5806616023639214,0.4959315705859482,0.5145057766367137,0.5557229965156795,0.49407702047654983,0.41234444997511194,1.0,0.9758
AI Picks by Srini underdog - March 14 2026.csv,240,1440,Nikola Jokić,3PM,UNDER,54.8%,DO NOT BET,S,❌ MISS,55.66,0.593816088591681,0.4958428429032938,0.5747041267881033,0.5869918699186992,0.49407702047654983,0.4297199638663053,1.0,0.9971
AI Picks by Srini underdog - March 11 2026.csv,221,1441,Immanuel Quickley,3PA,UNDER,55.40%,DO NOT BET,B,✅ HIT,55.53,0.5952831400298408,0.4958025425460705,0.5765635645183267,0.5557229965156795,0.49407702047654983,0.4679442508710801,1.0,0.9768
AI Picks by Srini underdog - March 10 2026.csv,333,1442,Jaylen Brown,REB,OVER,56.90%,DO NOT BET,B,❌ MISS,56.24,0.5868279214157067,0.4957347850033397,0.5620746167935988,0.5557229965156795,0.49407702047654983,0.3511199601791936,1.0,0.9973
AI Picks by Srini underdog - March 11 2026.csv,205,1443,Desmond Bane,RA,UNDER,54.50%,DO NOT BET,C,❌ MISS,55.96,0.5900763596433315,0.4957055970684679,0.5152613240418118,0.4925952315702933,0.49407702047654983,0.6368342458934793,1.0,0.9928
AI Picks by Srini underdog - March 14 2026.csv,193,1444,CJ McCollum,AST,OVER,57.9%,DO NOT BET,C,❌ MISS,57.31,0.5741905470901831,0.49570091982612724,0.4745136763108522,0.4925952315702933,0.49407702047654983,0.4440214158239143,1.0,0.9925
AI Picks by Srini underdog - March 12 2026.csv,301,1445,Tim Hardaway Jr.,3PM,UNDER,53.9%,DO NOT BET,S,✅ HIT,55.2,0.5989664092782213,0.4956737317777564,0.5747041267881033,0.5869918699186992,0.49407702047654983,0.5170731707317073,1.0,0.9866
AI Picks by Srini underdog - March 15 2026.csv,152,1446,Ivica Zubac,PRA,UNDER,54.7%,DO NOT BET,D,✅ HIT,57.91,0.5669871727753548,0.4956058824846914,0.4730352303523035,0.4584602067315036,0.49407702047654983,0.5261065943992773,1.0,0.9897
AI Picks by Srini underdog - March 14 2026.csv,187,1447,DeMar DeRozan,AST,OVER,57.4%,DO NOT BET,C,✅ HIT,57.68,0.569589374863639,0.4955389040561818,0.4745136763108522,0.4925952315702933,0.49407702047654983,0.415509693558474,1.0,0.9915
AI Picks by Srini underdog - March 13 2026.csv,250,1448,Alperen Sengun,REB,OVER,54.7%,DO NOT BET,B,NO GAME,55.94,0.5899663134243949,0.49548116182738566,0.5620746167935988,0.5557229965156795,0.49407702047654983,0.4607538802660754,1.0,0.9904
AI Picks by Srini underdog - March 9 2026.csv,36,1449,Bennedict Mathurin,PTS,OVER,58.40%,DO NOT BET,D,✅ HIT,56.9,0.5784482873855786,0.4953338944432792,0.4830232333943893,0.4584602067315036,0.49407702047654983,0.4934417344173441,1.0,0.9927
AI Picks by Srini underdog - March 12 2026.csv,264,1450,Jaime Jaquez Jr.,AST,UNDER,56.1%,DO NOT BET,C,❌ MISS,56.6,0.5818929699677219,0.49527936014007107,0.4745136763108522,0.4925952315702933,0.49407702047654983,0.5787456445993031,1.0,0.9995
AI Picks by Srini underdog - March 13 2026.csv,291,1451,Mikal Bridges,3PA,UNDER,52.5%,DO NOT BET,B,✅ HIT,54.69,0.6042772341064959,0.4952266853474127,0.5765635645183267,0.5557229965156795,0.49407702047654983,0.6477351916376306,1.0,0.9943
AI Picks by Srini underdog - March 11 2026.csv,163,1452,Immanuel Quickley,AST,UNDER,56.10%,DO NOT BET,C,✅ HIT,57.6,0.5699228305948997,0.4951440294864075,0.4745136763108522,0.4925952315702933,0.49407702047654983,0.4679442508710801,1.0,0.9817
AI Picks by Srini underdog - March 10 2026.csv,345,1453,Jalen Duren,RA,UNDER,55.20%,DO NOT BET,C,✅ HIT,55.99,0.5888111189696065,0.4951125484287068,0.5152613240418118,0.4925952315702933,0.49407702047654983,0.6001318391562294,1.0,0.9933
AI Picks by Srini underdog - March 11 2026.csv,143,1454,OG Anunoby,PR,UNDER,57.40%,DO NOT BET,D,❌ MISS,58.33,0.5612745114959786,0.4951036618273386,0.4622014406672564,0.4584602067315036,0.49407702047654983,0.4040975609756097,1.0,0.9792
AI Picks by Srini underdog - March 14 2026.csv,274,1455,Myles Turner,REB,OVER,55.8%,DO NOT BET,B,✅ HIT,54.52,0.6060625255456069,0.49508743059326077,0.5620746167935988,0.5557229965156795,0.49407702047654983,0.5819660014781965,1.0,0.9951
AI Picks by Srini underdog - March 10 2026.csv,276,1456,RJ Barrett,PR,UNDER,58.30%,DO NOT BET,D,❌ MISS,57.63,0.5693048029387235,0.49497166930805325,0.4622014406672564,0.4584602067315036,0.49407702047654983,0.4441504754030591,1.0,0.9985
AI Picks by Srini underdog - March 14 2026.csv,245,1457,Jaylen Brown,3PM,OVER,57.0%,DO NOT BET,S,❌ MISS,55.59,0.5930910882229699,0.49483642446792464,0.5747041267881033,0.5869918699186992,0.49407702047654983,0.3511199601791936,1.0,0.9902
AI Picks by Srini underdog - March 12 2026.csv,269,1458,Jalen Johnson,FGA,UNDER,56.9%,DO NOT BET,D,✅ HIT,56.36,0.5840048804058325,0.4948172395395619,0.4736390243902439,0.4584602067315036,0.49407702047654983,0.6164260826281732,1.0,0.9974
AI Picks by Srini underdog - March 15 2026.csv,172,1459,Jaden McDaniels,PRA,OVER,57.2%,DO NOT BET,D,❌ MISS,57.08,0.5754512005040381,0.49476193475923863,0.4730352303523035,0.4584602067315036,0.49407702047654983,0.5306468716861081,1.0,0.9799
AI Picks by Srini underdog - March 14 2026.csv,203,1460,LeBron James,RA,UNDER,54.9%,DO NOT BET,C,✅ HIT,57.06,0.5756842629672627,0.49476052016156125,0.5152613240418118,0.4925952315702933,0.49407702047654983,0.4779132791327913,1.0,0.9956
AI Picks by Srini underdog - March 13 2026.csv,187,1461,Cooper Flagg,PA,UNDER,60.8%,DO NOT BET,D,❌ MISS,57.99,0.56471938319603,0.4947434400532239,0.4054911368785819,0.4584602067315036,0.49407702047654983,0.4270168855534709,1.0,0.9979
AI Picks by Srini underdog - March 10 2026.csv,416,1462,Kristaps Porziņģis,REB,OVER,54.00%,DO NOT BET,B,❌ MISS,54.0,0.6115696871238662,0.4946915504510204,0.5620746167935988,0.5557229965156795,0.49407702047654983,0.7001876172607879,1.0,0.9912
AI Picks by Srini underdog - March 15 2026.csv,202,1463,Brandon Ingram,FTM,OVER,54.0%,DO NOT BET,B,✅ HIT,56.01,0.5878271167160039,0.49462585216263844,0.5145057766367137,0.5557229965156795,0.49407702047654983,0.5593495934959349,1.0,0.9883
AI Picks by Srini underdog - March 14 2026.csv,211,1464,Jaime Jaquez Jr.,AST,UNDER,55.4%,DO NOT BET,C,❌ MISS,56.72,0.5793729699677219,0.4945587913327116,0.4745136763108522,0.4925952315702933,0.49407702047654983,0.5787456445993031,1.0,0.9967
AI Picks by Srini underdog - March 10 2026.csv,252,1465,Jrue Holiday,PA,OVER,58.20%,DO NOT BET,D,❌ MISS,58.37,0.5598696458601949,0.4944963095616261,0.4054911368785819,0.4584602067315036,0.49407702047654983,0.4712195121951219,1.0,0.9893
AI Picks by Srini underdog - March 13 2026.csv,269,1466,Bennedict Mathurin,3PM,UNDER,53.3%,DO NOT BET,S,✅ HIT,55.4,0.594613265646785,0.4943732404050569,0.5747041267881033,0.5869918699186992,0.49407702047654983,0.4934417344173441,1.0,0.9876
AI Picks by Srini underdog - March 13 2026.csv,304,1467,Trey Murphy III,REB,OVER,54.9%,DO NOT BET,B,✅ HIT,54.32,0.6072682137765535,0.4943420759556419,0.5620746167935988,0.5557229965156795,0.49407702047654983,0.6236728837876614,1.0,0.997
AI Picks by Srini underdog - March 13 2026.csv,308,1468,Ace Bailey,3PA,UNDER,55.9%,DO NOT BET,B,✅ HIT,54.18,0.6085482794026633,0.49410378222119933,0.5765635645183267,0.5557229965156795,0.49407702047654983,0.5787456445993031,1.0,0.9865
AI Picks by Srini underdog - March 12 2026.csv,241,1469,Chet Holmgren,PTS,UNDER,53.0%,DO NOT BET,D,✅ HIT,57.8,0.565900411061361,0.4940585087773416,0.4830232333943893,0.4584602067315036,0.49407702047654983,0.5516629711751663,1.0,0.9925
AI Picks by Srini underdog - March 12 2026.csv,265,1470,Jayson Tatum,FGA,OVER,59.0%,DO NOT BET,D,NO GAME,56.49,0.58122915561185,0.49400690221550053,0.4736390243902439,0.4584602067315036,0.49407702047654983,0.5334688346883468,1.0,0.965
AI Picks by Srini underdog - March 14 2026.csv,273,1471,Jaime Jaquez Jr.,3PM,OVER,53.4%,DO NOT BET,S,✅ HIT,54.57,0.6037186566649808,0.4939461788177874,0.5747041267881033,0.5869918699186992,0.49407702047654983,0.5787456445993031,1.0,0.9923
AI Picks by Srini underdog - March 14 2026.csv,265,1472,LaMelo Ball,3PA,UNDER,53.4%,DO NOT BET,B,❌ MISS,54.96,0.5990084710402939,0.49386620953782256,0.5765635645183267,0.5557229965156795,0.49407702047654983,0.5640975609756097,1.0,0.995
AI Picks by Srini underdog - March 15 2026.csv,197,1473,Myles Turner,PRA,OVER,57.7%,DO NOT BET,D,❌ MISS,56.3,0.5831931134832468,0.49383087544356097,0.4730352303523035,0.4584602067315036,0.49407702047654983,0.5819660014781965,1.0,0.9981
AI Picks by Srini underdog - March 11 2026.csv,233,1474,Keyonte George,TOV,OVER,55.10%,DO NOT BET,A,❌ MISS,55.0,0.5984691446130108,0.49382145775763536,0.59583830803343,0.6088002636783125,0.49407702047654983,0.4002120890774125,1.0,0.9919
AI Picks by Srini underdog - March 13 2026.csv,271,1475,Brandon Ingram,REB,UNDER,53.1%,DO NOT BET,B,❌ MISS,55.34,0.5943658847473808,0.49375372722412403,0.5620746167935988,0.5557229965156795,0.49407702047654983,0.5593495934959349,1.0,0.99
AI Picks by Srini underdog - March 10 2026.csv,328,1476,Jalen Green,PTS,UNDER,60.00%,DO NOT BET,D,❌ MISS,56.31,0.5827226098788036,0.49360150070005965,0.4830232333943893,0.4584602067315036,0.49407702047654983,0.48343495934959346,1.0,0.9894
AI Picks by Srini underdog - March 10 2026.csv,334,1477,Brandon Ingram,AST,OVER,57.40%,DO NOT BET,C,❌ MISS,56.22,0.5837383648573852,0.49357366804165725,0.4745136763108522,0.4925952315702933,0.49407702047654983,0.5593495934959349,1.0,0.9868
AI Picks by Srini underdog - March 12 2026.csv,338,1478,Myles Turner,REB,OVER,55.3%,DO NOT BET,B,❌ MISS,54.44,0.6043575255456068,0.49336755979816704,0.5620746167935988,0.5557229965156795,0.49407702047654983,0.5819660014781965,1.0,0.995
AI Picks by Srini underdog - March 15 2026.csv,246,1479,Jrue Holiday,3PM,UNDER,57.3%,DO NOT BET,S,✅ HIT,54.24,0.6065310434245628,0.4932512944317543,0.5747041267881033,0.5869918699186992,0.49407702047654983,0.4712195121951219,1.0,0.9984
AI Picks by Srini underdog - March 15 2026.csv,277,1480,Quentin Grimes,TOV,UNDER,54.4%,DO NOT BET,A,✅ HIT,53.31,0.61741097410693,0.49321315763232904,0.59583830803343,0.6088002636783125,0.49407702047654983,0.6213803840166061,1.0,0.976
AI Picks by Srini underdog - March 12 2026.csv,247,1481,CJ McCollum,PTS,OVER,56.8%,DO NOT BET,D,❌ MISS,57.53,0.5674912555262357,0.493028337496069,0.4830232333943893,0.4584602067315036,0.49407702047654983,0.4440214158239143,1.0,0.9812
AI Picks by Srini underdog - March 15 2026.csv,207,1482,Giannis Antetokounmpo,PR,UNDER,61.8%,DO NOT BET,D,❌ MISS,55.8,0.5878294959277378,0.4930218940631446,0.4622014406672564,0.4584602067315036,0.49407702047654983,0.5149974052932018,1.0,0.9893
AI Picks by Srini underdog - March 11 2026.csv,216,1483,RJ Barrett,REB,UNDER,54.70%,DO NOT BET,B,❌ MISS,55.74,0.5885009729380932,0.49299963852355544,0.5620746167935988,0.5557229965156795,0.49407702047654983,0.4441504754030591,1.0,0.9943
AI Picks by Srini underdog - March 14 2026.csv,250,1484,De'Aaron Fox,PTS,OVER,57.8%,DO NOT BET,D,❌ MISS,55.44,0.5919342765454702,0.4929377078867491,0.4830232333943893,0.4584602067315036,0.49407702047654983,0.6501016260162601,1.0,0.9899
AI Picks by Srini underdog - March 14 2026.csv,166,1485,Bam Adebayo,FGA,OVER,53.1%,DO NOT BET,D,❌ MISS,58.35,0.5575507680779745,0.4928361338044094,0.4736390243902439,0.4584602067315036,0.49407702047654983,0.48343495934959346,1.0,0.9927
AI Picks by Srini underdog - March 15 2026.csv,183,1486,DeMar DeRozan,RA,UNDER,56.8%,DO NOT BET,C,❌ MISS,56.81,0.5756189044098309,0.49280672211456283,0.5152613240418118,0.4925952315702933,0.49407702047654983,0.415509693558474,1.0,0.9899
AI Picks by Srini underdog - March 13 2026.csv,294,1487,Amen Thompson,TOV,UNDER,54.0%,DO NOT BET,A,❌ MISS,54.64,0.6011254966808793,0.4927957930238284,0.59583830803343,0.6088002636783125,0.49407702047654983,0.4609756097560975,1.0,0.9983
AI Picks by Srini underdog - March 11 2026.csv,178,1488,Karl-Anthony Towns,PR,UNDER,57.10%,DO NOT BET,D,✅ HIT,57.31,0.5695884252793026,0.4927095406490549,0.4622014406672564,0.4584602067315036,0.49407702047654983,0.49313669880884853,1.0,0.9878
AI Picks by Srini underdog - March 11 2026.csv,184,1489,Nikola Jokić,RA,OVER,56.40%,DO NOT BET,C,✅ HIT,56.88,0.5745549314406141,0.4926503078802789,0.5152613240418118,0.4925952315702933,0.49407702047654983,0.4297199638663053,1.0,0.9674
AI Picks by Srini underdog - March 13 2026.csv,265,1490,Jalen Green,FTM,UNDER,57.3%,DO NOT BET,B,✅ HIT,55.44,0.5914606533013695,0.49262985277808374,0.5145057766367137,0.5557229965156795,0.49407702047654983,0.48343495934959346,1.0,0.9884
AI Picks by Srini underdog - March 12 2026.csv,304,1491,Josh Giddey,REB,OVER,57.2%,DO NOT BET,B,✅ HIT,55.13,0.5950706814953484,0.49260634052318203,0.5620746167935988,0.5557229965156795,0.49407702047654983,0.42409756097560974,1.0,0.9958
AI Picks by Srini underdog - March 13 2026.csv,193,1492,Brandon Ingram,PA,OVER,56.5%,DO NOT BET,D,✅ HIT,57.88,0.5627076539902763,0.49259483747623023,0.4054911368785819,0.4584602067315036,0.49407702047654983,0.5593495934959349,1.0,0.9854
AI Picks by Srini underdog - March 10 2026.csv,297,1493,Klay Thompson,AST,UNDER,55.20%,DO NOT BET,C,✅ HIT,57.06,0.5723457225809624,0.49259046891046604,0.4745136763108522,0.4925952315702933,0.49407702047654983,0.5170731707317073,1.0,0.9931
AI Picks by Srini underdog - March 14 2026.csv,183,1494,Jaylen Brown,RA,OVER,55.5%,DO NOT BET,C,❌ MISS,57.76,0.564059931071903,0.492556386386647,0.5152613240418118,0.4925952315702933,0.49407702047654983,0.3511199601791936,1.0,0.9759
AI Picks by Srini underdog - March 15 2026.csv,184,1495,Karl-Anthony Towns,PRA,OVER,58.0%,DO NOT BET,D,❌ MISS,56.8,0.5752101832163119,0.4924646007393887,0.4730352303523035,0.4584602067315036,0.49407702047654983,0.49313669880884853,1.0,0.9957
AI Picks by Srini underdog - March 10 2026.csv,315,1496,Rudy Gobert,PTS,UNDER,55.30%,DO NOT BET,D,✅ HIT,56.65,0.5769701094061246,0.4924617637719663,0.4830232333943893,0.4584602067315036,0.49407702047654983,0.586159954622802,1.0,0.9885
AI Picks by Srini underdog - March 14 2026.csv,234,1497,Desmond Bane,PR,UNDER,56.9%,DO NOT BET,D,✅ HIT,56.07,0.5837781799877656,0.4924527588856039,0.4622014406672564,0.4584602067315036,0.49407702047654983,0.6368342458934793,1.0,0.9978
AI Picks by Srini underdog - March 14 2026.csv,270,1498,Kevin Porter Jr.,SB,UNDER,55.6%,DO NOT BET,A,❌ MISS,54.8,0.598571622103443,0.49235901613868205,0.6069806560134566,0.6088002636783125,0.49407702047654983,0.3668021680216802,1.0,0.9822
AI Picks by Srini underdog - March 15 2026.csv,210,1499,RJ Barrett,REB,UNDER,54.4%,DO NOT BET,B,❌ MISS,55.74,0.5875009729380932,0.49234963852355546,0.5620746167935988,0.5557229965156795,0.49407702047654983,0.4441504754030591,1.0,0.9947
AI Picks by Srini underdog - March 14 2026.csv,227,1500,Stephon Castle,FTM,UNDER,52.9%,DO NOT BET,B,❌ MISS,56.27,0.5812155165681842,0.49231607965061014,0.5145057766367137,0.5557229965156795,0.49407702047654983,0.5273835920177383,1.0,0.9948
AI Picks by Srini underdog - March 11 2026.csv,255,1501,LaMelo Ball,3PM,UNDER,54.60%,DO NOT BET,S,❌ MISS,54.19,0.6055338483026116,0.4922208546055524,0.5747041267881033,0.5869918699186992,0.49407702047654983,0.5640975609756097,1.0,0.9763
AI Picks by Srini underdog - March 10 2026.csv,383,1502,Jalen Duren,REB,UNDER,53.20%,DO NOT BET,B,✅ HIT,54.76,0.5988241093134102,0.49221732242761396,0.5620746167935988,0.5557229965156795,0.49407702047654983,0.6001318391562294,1.0,0.9908
AI Picks by Srini underdog - March 12 2026.csv,351,1503,Derrick White,REB,UNDER,53.3%,DO NOT BET,B,NO GAME,54.11,0.6064066977555109,0.4921765859548433,0.5620746167935988,0.5557229965156795,0.49407702047654983,0.6723577235772358,1.0,0.9912
AI Picks by Srini underdog - March 12 2026.csv,278,1504,Tim Hardaway Jr.,PTS,OVER,59.5%,DO NOT BET,D,❌ MISS,56.09,0.5830264310170149,0.49211702725338935,0.4830232333943893,0.4584602067315036,0.49407702047654983,0.5170731707317073,1.0,0.9621999999999999
AI Picks by Srini underdog - March 11 2026.csv,195,1505,Russell Westbrook,PRA,OVER,55.60%,DO NOT BET,D,✅ HIT,56.5,0.5781317978882727,0.492070072294562,0.4730352303523035,0.4584602067315036,0.49407702047654983,0.6045528455284552,1.0,0.9945
AI Picks by Srini underdog - March 10 2026.csv,384,1506,Kristaps Porziņģis,PTS,OVER,58.50%,DO NOT BET,D,✅ HIT,54.73,0.5989228756699231,0.4920521627611872,0.4830232333943893,0.4584602067315036,0.49407702047654983,0.7001876172607879,1.0,0.9819
AI Picks by Srini underdog - March 10 2026.csv,351,1507,Luka Dončić,3PM,UNDER,54.10%,DO NOT BET,S,❌ MISS,55.76,0.5867846269142438,0.49203691880682676,0.5747041267881033,0.5869918699186992,0.49407702047654983,0.3885553470919324,1.0,0.9864
AI Picks by Srini underdog - March 13 2026.csv,289,1508,Evan Mobley,SB,UNDER,53.0%,DO NOT BET,A,✅ HIT,54.73,0.598888600423226,0.49202988385083407,0.6069806560134566,0.6088002636783125,0.49407702047654983,0.45512195121951216,1.0,0.9887
AI Picks by Srini underdog - March 15 2026.csv,264,1509,Julius Randle,TOV,UNDER,51.5%,DO NOT BET,A,✅ HIT,53.85,0.6091886490048553,0.4919970866828627,0.59583830803343,0.6088002636783125,0.49407702047654983,0.6265071329958583,1.0,0.9985
AI Picks by Srini underdog - March 13 2026.csv,293,1510,Cade Cunningham,3PA,OVER,57.1%,DO NOT BET,B,❌ MISS,54.66,0.5996582414850572,0.4919949823453174,0.5765635645183267,0.5557229965156795,0.49407702047654983,0.45889526542324244,1.0,0.9668
AI Picks by Srini underdog - March 12 2026.csv,281,1511,Jaylen Brown,3PA,UNDER,55.3%,DO NOT BET,B,✅ HIT,55.97,0.5841557109606522,0.4919336280241131,0.5765635645183267,0.5557229965156795,0.49407702047654983,0.3511199601791936,1.0,0.9947
AI Picks by Srini underdog - March 13 2026.csv,243,1512,Julius Randle,AST,UNDER,54.6%,DO NOT BET,C,✅ HIT,56.2,0.5814041188073774,0.49190350291037876,0.4745136763108522,0.4925952315702933,0.49407702047654983,0.6265071329958583,1.0,0.9962
AI Picks by Srini underdog - March 11 2026.csv,224,1513,Bennedict Mathurin,FTM,OVER,56.70%,DO NOT BET,B,✅ HIT,55.42,0.5904563308081447,0.49182413795871427,0.5145057766367137,0.5557229965156795,0.49407702047654983,0.4934417344173441,1.0,0.9891
AI Picks by Srini underdog - March 13 2026.csv,224,1514,Zion Williamson,AST,UNDER,56.0%,DO NOT BET,C,✅ HIT,56.83,0.5738501128248648,0.4918099127831082,0.4745136763108522,0.4925952315702933,0.49407702047654983,0.5073170731707317,1.0,0.9883
AI Picks by Srini underdog - March 13 2026.csv,177,1515,OG Anunoby,PA,UNDER,59.0%,DO NOT BET,D,❌ MISS,58.35,0.5559524507382437,0.49179722753358435,0.4054911368785819,0.4584602067315036,0.49407702047654983,0.4040975609756097,1.0,0.9908
AI Picks by Srini underdog - March 11 2026.csv,234,1516,RJ Barrett,3PM,OVER,55.40%,DO NOT BET,S,❌ MISS,54.85,0.5970741397453565,0.49176791560285943,0.5747041267881033,0.5869918699186992,0.49407702047654983,0.4441504754030591,1.0,0.9926
AI Picks by Srini underdog - March 12 2026.csv,250,1517,Paolo Banchero,PRA,OVER,53.9%,DO NOT BET,D,❌ MISS,57.4,0.5666615730136835,0.49149516007088284,0.4730352303523035,0.4584602067315036,0.49407702047654983,0.5575505967825636,1.0,0.9747
AI Picks by Srini underdog - March 10 2026.csv,391,1518,Donte DiVincenzo,REB,OVER,54.40%,DO NOT BET,B,✅ HIT,54.61,0.5992155866443998,0.4913249937019565,0.5620746167935988,0.5557229965156795,0.49407702047654983,0.5612466124661246,1.0,0.9948
AI Picks by Srini underdog - March 13 2026.csv,217,1519,Jalen Brunson,PRA,UNDER,60.2%,DO NOT BET,D,❌ MISS,57.12,0.5696046434167279,0.4912674830500338,0.4730352303523035,0.4584602067315036,0.49407702047654983,0.3700813008130081,1.0,0.9801
AI Picks by Srini underdog - March 14 2026.csv,192,1520,Jalen Johnson,PA,UNDER,56.0%,DO NOT BET,D,❌ MISS,57.31,0.5672553029035002,0.49119301110478336,0.4054911368785819,0.4584602067315036,0.49407702047654983,0.6164260826281732,1.0,0.9962
AI Picks by Srini underdog - March 11 2026.csv,231,1521,Jalen Brunson,TOV,UNDER,54.80%,DO NOT BET,A,❌ MISS,55.04,0.5938410657865704,0.4911190169179959,0.59583830803343,0.6088002636783125,0.49407702047654983,0.3700813008130081,1.0,0.98
AI Picks by Srini underdog - March 10 2026.csv,342,1522,Giannis Antetokounmpo,PR,OVER,60.00%,DO NOT BET,D,❌ MISS,56.07,0.5816194959277379,0.4910496142465859,0.4622014406672564,0.4584602067315036,0.49407702047654983,0.5149974052932018,1.0,0.9875
AI Picks by Srini underdog - March 13 2026.csv,222,1523,Jalen Brunson,RA,UNDER,57.3%,DO NOT BET,C,❌ MISS,56.93,0.5713860651352843,0.4909728077787481,0.5152613240418118,0.4925952315702933,0.49407702047654983,0.3700813008130081,1.0,0.9621
AI Picks by Srini underdog - March 15 2026.csv,242,1524,Brandon Ingram,3PA,UNDER,54.5%,DO NOT BET,B,❌ MISS,54.33,0.6019186742923263,0.4909413278902809,0.5765635645183267,0.5557229965156795,0.49407702047654983,0.5593495934959349,1.0,0.9879
AI Picks by Srini underdog - March 14 2026.csv,218,1525,Luka Dončić,FTM,UNDER,55.4%,DO NOT BET,B,✅ HIT,56.56,0.5756076920756035,0.4908881191126473,0.5145057766367137,0.5557229965156795,0.49407702047654983,0.3885553470919324,1.0,0.9903
AI Picks by Srini underdog - March 13 2026.csv,257,1526,Trey Murphy III,RA,OVER,53.6%,DO NOT BET,C,✅ HIT,55.71,0.5855702234327498,0.49086529354692204,0.5152613240418118,0.4925952315702933,0.49407702047654983,0.6236728837876614,1.0,0.9902
AI Picks by Srini underdog - March 12 2026.csv,294,1527,Desmond Bane,PR,UNDER,58.2%,DO NOT BET,D,✅ HIT,55.48,0.5881231799877658,0.4907663055217881,0.4622014406672564,0.4584602067315036,0.49407702047654983,0.6368342458934793,1.0,0.9963
AI Picks by Srini underdog - March 11 2026.csv,144,1528,DeMar DeRozan,PTS,UNDER,53.70%,DO NOT BET,D,❌ MISS,58.31,0.5545950832996918,0.4906091283009788,0.4830232333943893,0.4584602067315036,0.49407702047654983,0.415509693558474,1.0,0.9911
AI Picks by Srini underdog - March 14 2026.csv,279,1529,Nikola Jokić,TOV,OVER,55.8%,DO NOT BET,A,✅ HIT,54.22,0.6025849320919,0.49053341686675,0.59583830803343,0.6088002636783125,0.49407702047654983,0.4297199638663053,1.0,0.9676
AI Picks by Srini underdog - March 11 2026.csv,213,1530,Mikal Bridges,PRA,UNDER,55.90%,DO NOT BET,D,✅ HIT,55.83,0.5836300324991901,0.49052160063274874,0.4730352303523035,0.4584602067315036,0.49407702047654983,0.6477351916376306,1.0,0.9977
AI Picks by Srini underdog - March 9 2026.csv,53,1531,Kawhi Leonard,3PA,UNDER,52.40%,DO NOT BET,B,✅ HIT,54.27,0.6018408350177799,0.4904320167655055,0.5765635645183267,0.5557229965156795,0.49407702047654983,0.633921200750469,1.0,0.98
AI Picks by Srini underdog - March 15 2026.csv,230,1532,Kyle Kuzma,REB,UNDER,54.7%,DO NOT BET,B,✅ HIT,54.74,0.5961947255551436,0.4903553177859673,0.5620746167935988,0.5557229965156795,0.49407702047654983,0.5227380015735641,1.0,0.991
AI Picks by Srini underdog - March 12 2026.csv,267,1533,Jaylen Brown,REB,OVER,53.9%,DO NOT BET,B,❌ MISS,56.41,0.5764979214157067,0.49031997919291365,0.5620746167935988,0.5557229965156795,0.49407702047654983,0.3511199601791936,1.0,0.9947
AI Picks by Srini underdog - March 12 2026.csv,213,1534,Jaylen Brown,PTS,UNDER,54.3%,DO NOT BET,D,❌ MISS,58.71,0.5493311099617636,0.49024564960679384,0.4830232333943893,0.4584602067315036,0.49407702047654983,0.3511199601791936,1.0,0.9738
AI Picks by Srini underdog - March 10 2026.csv,373,1535,Victor Wembanyama,TOV,UNDER,54.80%,DO NOT BET,A,❌ MISS,55.11,0.5915790739166515,0.49018389039825566,0.59583830803343,0.6088002636783125,0.49407702047654983,0.3382113821138211,1.0,0.9985
AI Picks by Srini underdog - March 13 2026.csv,236,1536,Rudy Gobert,PR,UNDER,55.9%,DO NOT BET,D,❌ MISS,56.5,0.5750957508606979,0.49009664172663836,0.4622014406672564,0.4584602067315036,0.49407702047654983,0.586159954622802,1.0,0.9935
AI Picks by Srini underdog - March 13 2026.csv,215,1537,Immanuel Quickley,AST,UNDER,55.5%,DO NOT BET,C,✅ HIT,57.16,0.5672078305948997,0.4900153651133923,0.4745136763108522,0.4925952315702933,0.49407702047654983,0.4679442508710801,1.0,0.9682
AI Picks by Srini underdog - March 11 2026.csv,211,1538,Jamal Murray,PRA,OVER,59.70%,DO NOT BET,D,✅ HIT,55.84,0.5826466759370531,0.4899588714667465,0.4730352303523035,0.4584602067315036,0.49407702047654983,0.5251016260162601,1.0,0.9649
AI Picks by Srini underdog - March 13 2026.csv,227,1539,Zion Williamson,PTS,OVER,56.6%,DO NOT BET,D,✅ HIT,56.68,0.5726758212609173,0.48989983427574174,0.4830232333943893,0.4584602067315036,0.49407702047654983,0.5073170731707317,1.0,0.9719
AI Picks by Srini underdog - March 13 2026.csv,229,1540,Cade Cunningham,FGA,OVER,58.4%,DO NOT BET,D,❌ MISS,56.65,0.5729317986853395,0.48983686180345604,0.4736390243902439,0.4584602067315036,0.49407702047654983,0.45889526542324244,1.0,0.989
AI Picks by Srini underdog - March 13 2026.csv,212,1541,Jaylen Wells,PRA,OVER,55.9%,DO NOT BET,D,NO GAME,57.23,0.5660910255305491,0.4898246100172714,0.4730352303523035,0.4584602067315036,0.49407702047654983,0.4881951219512195,1.0,0.966
AI Picks by Srini underdog - March 10 2026.csv,286,1542,Kevin Durant,FGA,UNDER,57.00%,DO NOT BET,D,✅ HIT,57.46,0.5633367171405265,0.489792719349651,0.4736390243902439,0.4584602067315036,0.49407702047654983,0.41234444997511194,1.0,0.9854
AI Picks by Srini underdog - March 10 2026.csv,298,1543,Devin Booker,FTM,UNDER,55.70%,DO NOT BET,B,✅ HIT,57.03,0.5683089866347031,0.48973723274723735,0.5145057766367137,0.5557229965156795,0.49407702047654983,0.31676829268292683,1.0,0.9675
AI Picks by Srini underdog - March 15 2026.csv,194,1544,James Harden,PR,OVER,61.5%,DO NOT BET,D,❌ MISS,56.51,0.574316750963828,0.48966674439305957,0.4622014406672564,0.4584602067315036,0.49407702047654983,0.39101995565410197,1.0,0.9874
AI Picks by Srini underdog - March 10 2026.csv,431,1545,Austin Reaves,TOV,OVER,53.60%,DO NOT BET,A,❌ MISS,53.58,0.6087579953835258,0.4896529416455574,0.59583830803343,0.6088002636783125,0.49407702047654983,0.5575505967825636,1.0,0.985
AI Picks by Srini underdog - March 13 2026.csv,260,1546,Jalen Green,REB,UNDER,52.8%,DO NOT BET,B,❌ MISS,55.56,0.5854594213327466,0.4896464831911194,0.5620746167935988,0.5557229965156795,0.49407702047654983,0.48343495934959346,1.0,0.9841
AI Picks by Srini underdog - March 14 2026.csv,231,1547,Russell Westbrook,RA,UNDER,52.4%,DO NOT BET,C,❌ MISS,56.1,0.5790932196068291,0.4896368924361553,0.5152613240418118,0.4925952315702933,0.49407702047654983,0.6045528455284552,1.0,0.9805
AI Picks by Srini underdog - March 11 2026.csv,186,1548,Aaron Gordon,PRA,OVER,57.70%,DO NOT BET,D,❌ MISS,56.78,0.5709533519845829,0.48954475523999147,0.4730352303523035,0.4584602067315036,0.49407702047654983,0.4694183864915572,1.0,0.9784
AI Picks by Srini underdog - March 15 2026.csv,205,1549,Immanuel Quickley,FTM,UNDER,54.6%,DO NOT BET,B,❌ MISS,55.92,0.5809915824535183,0.4894946814975425,0.5145057766367137,0.5557229965156795,0.49407702047654983,0.4679442508710801,1.0,0.9936
AI Picks by Srini underdog - March 9 2026.csv,46,1550,Jalen Brunson,TOV,UNDER,54.10%,DO NOT BET,A,❌ MISS,55.11,0.5904610657865703,0.4894571851137029,0.59583830803343,0.6088002636783125,0.49407702047654983,0.3700813008130081,1.0,0.96
AI Picks by Srini underdog - March 12 2026.csv,248,1551,Nikola Jokić,PR,OVER,57.2%,DO NOT BET,D,✅ HIT,57.48,0.5625667517850483,0.48944514706736364,0.4622014406672564,0.4584602067315036,0.49407702047654983,0.4297199638663053,1.0,0.9674
AI Picks by Srini underdog - March 10 2026.csv,382,1552,Jalen Green,3PM,UNDER,53.80%,DO NOT BET,S,❌ MISS,54.78,0.5942575881400098,0.48940198886367714,0.5747041267881033,0.5869918699186992,0.49407702047654983,0.48343495934959346,1.0,0.9665
AI Picks by Srini underdog - March 12 2026.csv,316,1553,Jalen Duren,FTM,OVER,54.2%,DO NOT BET,B,❌ MISS,54.91,0.5926603412820333,0.48935766219801957,0.5145057766367137,0.5557229965156795,0.49407702047654983,0.6001318391562294,1.0,0.9898
AI Picks by Srini underdog - March 15 2026.csv,157,1554,RJ Barrett,PA,UNDER,58.8%,DO NOT BET,D,❌ MISS,57.82,0.5582877421809888,0.4892631792038731,0.4054911368785819,0.4584602067315036,0.49407702047654983,0.4441504754030591,1.0,0.971
AI Picks by Srini underdog - March 10 2026.csv,308,1555,Deni Avdija,AST,OVER,56.00%,DO NOT BET,C,✅ HIT,56.79,0.5703078268881757,0.48920161652671357,0.4745136763108522,0.4925952315702933,0.49407702047654983,0.4724442138038401,1.0,0.9872
AI Picks by Srini underdog - March 10 2026.csv,357,1556,Scottie Barnes,FTM,UNDER,53.30%,DO NOT BET,B,❌ MISS,55.63,0.5839223074602189,0.4891825273696833,0.5145057766367137,0.5557229965156795,0.49407702047654983,0.5424015009380863,1.0,0.9917
AI Picks by Srini underdog - March 10 2026.csv,295,1557,Brandin Podziemski,RA,OVER,50.80%,DO NOT BET,C,❌ MISS,57.09,0.566747235160028,0.48918080988501883,0.5152613240418118,0.4925952315702933,0.49407702047654983,0.5261930010604453,1.0,0.9991
AI Picks by Srini underdog - March 14 2026.csv,254,1558,Derrick White,AST,OVER,55.0%,DO NOT BET,C,❌ MISS,55.38,0.5867541778655152,0.4891119281484582,0.4745136763108522,0.4925952315702933,0.49407702047654983,0.6723577235772358,1.0,0.9843
AI Picks by Srini underdog - March 15 2026.csv,245,1559,Immanuel Quickley,3PA,OVER,57.0%,DO NOT BET,B,❌ MISS,54.24,0.600133140029841,0.48909265722518513,0.5765635645183267,0.5557229965156795,0.49407702047654983,0.4679442508710801,1.0,0.965
AI Picks by Srini underdog - March 15 2026.csv,187,1560,Immanuel Quickley,PR,OVER,58.6%,DO NOT BET,D,❌ MISS,56.75,0.5705791804855257,0.4890721859674442,0.4622014406672564,0.4584602067315036,0.49407702047654983,0.4679442508710801,1.0,0.956
AI Picks by Srini underdog - March 15 2026.csv,170,1561,DeMar DeRozan,PR,UNDER,58.4%,DO NOT BET,D,❌ MISS,57.14,0.5659557247542651,0.4890485911182065,0.4622014406672564,0.4584602067315036,0.49407702047654983,0.415509693558474,1.0,0.982
AI Picks by Srini underdog - March 14 2026.csv,235,1562,Jalen Johnson,PRA,UNDER,56.0%,DO NOT BET,D,❌ MISS,55.97,0.5795641215982446,0.4889490949385481,0.4730352303523035,0.4584602067315036,0.49407702047654983,0.6164260826281732,1.0,0.9722
AI Picks by Srini underdog - March 14 2026.csv,219,1563,Brandon Miller,PRA,OVER,57.9%,DO NOT BET,D,❌ MISS,56.53,0.5728920585291144,0.48889359950926925,0.4730352303523035,0.4584602067315036,0.49407702047654983,0.47460545193687226,1.0,0.9932
AI Picks by Srini underdog - March 14 2026.csv,205,1564,Nikola Jokić,AST,UNDER,56.5%,DO NOT BET,C,❌ MISS,56.97,0.5676804018944223,0.48886993706973453,0.4745136763108522,0.4925952315702933,0.49407702047654983,0.4297199638663053,1.0,0.9861
AI Picks by Srini underdog - March 12 2026.csv,296,1565,Derrick White,PR,OVER,56.5%,DO NOT BET,D,NO GAME,55.46,0.5853655277561414,0.48882092637245883,0.4622014406672564,0.4584602067315036,0.49407702047654983,0.6723577235772358,1.0,0.9857
AI Picks by Srini underdog - March 15 2026.csv,179,1566,RJ Barrett,PTS,UNDER,57.1%,DO NOT BET,D,❌ MISS,56.92,0.5681491614841502,0.4887923678061241,0.4830232333943893,0.4584602067315036,0.49407702047654983,0.4441504754030591,1.0,0.9737
AI Picks by Srini underdog - March 15 2026.csv,199,1567,Evan Mobley,AST,OVER,58.2%,DO NOT BET,C,✅ HIT,56.24,0.5760456006297429,0.48872627649246314,0.4745136763108522,0.4925952315702933,0.49407702047654983,0.45512195121951216,1.0,0.987
AI Picks by Srini underdog - March 12 2026.csv,230,1568,Nikola Jokić,PA,OVER,57.8%,DO NOT BET,D,✅ HIT,58.11,0.5540496910273134,0.4887255713361986,0.4054911368785819,0.4584602067315036,0.49407702047654983,0.4297199638663053,1.0,0.9831
AI Picks by Srini underdog - March 11 2026.csv,158,1569,Bennedict Mathurin,PA,OVER,57.30%,DO NOT BET,D,✅ HIT,57.67,0.5591318680824172,0.4886650720490009,0.4054911368785819,0.4584602067315036,0.49407702047654983,0.4934417344173441,1.0,0.9913
AI Picks by Srini underdog - March 13 2026.csv,204,1570,Jalen Green,PR,OVER,55.0%,DO NOT BET,D,✅ HIT,57.42,0.5619932513333771,0.4886136561774571,0.4622014406672564,0.4584602067315036,0.49407702047654983,0.48343495934959346,1.0,0.9981
AI Picks by Srini underdog - March 12 2026.csv,327,1571,Tim Hardaway Jr.,REB,UNDER,54.4%,DO NOT BET,B,✅ HIT,54.62,0.594808242470958,0.4885366725886061,0.5620746167935988,0.5557229965156795,0.49407702047654983,0.5170731707317073,1.0,0.995
AI Picks by Srini underdog - March 13 2026.csv,211,1572,Kevin Durant,PTS,UNDER,56.6%,DO NOT BET,D,❌ MISS,57.25,0.5637535589413555,0.488458161933069,0.4830232333943893,0.4584602067315036,0.49407702047654983,0.41234444997511194,1.0,0.9834
AI Picks by Srini underdog - March 12 2026.csv,215,1573,Payton Pritchard,PA,OVER,58.4%,DO NOT BET,D,❌ MISS,58.63,0.5473769292916499,0.4883638113761263,0.4054911368785819,0.4584602067315036,0.49407702047654983,0.351892346509672,1.0,0.9645
AI Picks by Srini underdog - March 10 2026.csv,399,1574,De'Aaron Fox,PRA,OVER,59.40%,DO NOT BET,D,✅ HIT,54.5,0.5957116759370531,0.4882064731489274,0.4730352303523035,0.4584602067315036,0.49407702047654983,0.6501016260162601,1.0,0.9966
AI Picks by Srini underdog - March 12 2026.csv,291,1575,Desmond Bane,AST,UNDER,54.9%,DO NOT BET,C,❌ MISS,55.53,0.5835618300971396,0.4881836910898147,0.4745136763108522,0.4925952315702933,0.49407702047654983,0.6368342458934793,1.0,0.9983
AI Picks by Srini underdog - March 12 2026.csv,330,1576,Jalen Suggs,REB,UNDER,54.5%,DO NOT BET,B,❌ MISS,54.57,0.5948056659271075,0.48815273483816973,0.5620746167935988,0.5557229965156795,0.49407702047654983,0.5149974052932018,1.0,0.9923
AI Picks by Srini underdog - March 11 2026.csv,285,1577,Naz Reid,3PA,OVER,57.10%,DO NOT BET,B,✅ HIT,53.43,0.6080709100646842,0.4880595471975097,0.5765635645183267,0.5557229965156795,0.49407702047654983,0.5301219512195121,1.0,0.9926
AI Picks by Srini underdog - March 13 2026.csv,226,1578,Alperen Sengun,PRA,OVER,57.5%,DO NOT BET,D,NO GAME,56.7,0.5695919013620346,0.4880481915402414,0.4730352303523035,0.4584602067315036,0.49407702047654983,0.4607538802660754,1.0,0.9821
AI Picks by Srini underdog - March 13 2026.csv,240,1579,Draymond Green,AST,OVER,54.6%,DO NOT BET,C,NO GAME,56.4,0.5730327957516941,0.4879911949119188,0.4745136763108522,0.4925952315702933,0.49407702047654983,0.5602439024390244,1.0,0.9613
AI Picks by Srini underdog - March 14 2026.csv,222,1580,Payton Pritchard,RA,OVER,57.9%,DO NOT BET,C,❌ MISS,56.38,0.5731221697049507,0.48789638278276215,0.5152613240418118,0.4925952315702933,0.49407702047654983,0.351892346509672,1.0,0.9924
AI Picks by Srini underdog - March 10 2026.csv,299,1581,Jayson Tatum,AST,UNDER,53.00%,DO NOT BET,C,✅ HIT,57.0,0.5658002889766264,0.4878772214713273,0.4745136763108522,0.4925952315702933,0.49407702047654983,0.5334688346883468,1.0,0.979
AI Picks by Srini underdog - March 10 2026.csv,419,1582,LaMelo Ball,REB,UNDER,55.20%,DO NOT BET,B,✅ HIT,53.91,0.6020756814953483,0.48783237339800345,0.5620746167935988,0.5557229965156795,0.49407702047654983,0.5640975609756097,1.0,0.9919
AI Picks by Srini underdog - March 10 2026.csv,323,1583,Brandon Ingram,PA,OVER,59.30%,DO NOT BET,D,❌ MISS,56.41,0.5724226539902763,0.4876710553663839,0.4054911368785819,0.4584602067315036,0.49407702047654983,0.5593495934959349,1.0,0.9893
AI Picks by Srini underdog - March 14 2026.csv,172,1584,Bam Adebayo,PA,OVER,55.6%,DO NOT BET,D,❌ MISS,58.12,0.5522461905756422,0.48762974864199904,0.4054911368785819,0.4584602067315036,0.49407702047654983,0.48343495934959346,1.0,0.9892
AI Picks by Srini underdog - March 10 2026.csv,389,1585,Scottie Barnes,REB,UNDER,53.10%,DO NOT BET,B,✅ HIT,54.68,0.5926510754915959,0.48759322964834095,0.5620746167935988,0.5557229965156795,0.49407702047654983,0.5424015009380863,1.0,0.9896
AI Picks by Srini underdog - March 14 2026.csv,269,1586,Austin Reaves,PRA,OVER,61.0%,DO NOT BET,D,✅ HIT,54.83,0.5908515730136835,0.4875703420284986,0.4730352303523035,0.4584602067315036,0.49407702047654983,0.5575505967825636,1.0,0.9757
AI Picks by Srini underdog - March 12 2026.csv,266,1587,LeBron James,AST,OVER,56.2%,DO NOT BET,C,✅ HIT,56.41,0.5718447334210707,0.4872954069964003,0.4745136763108522,0.4925952315702933,0.49407702047654983,0.4779132791327913,1.0,0.9934
AI Picks by Srini underdog - March 10 2026.csv,339,1588,Draymond Green,RA,OVER,52.40%,DO NOT BET,C,❌ MISS,56.1,0.575482325297886,0.4872898111353423,0.5152613240418118,0.4925952315702933,0.49407702047654983,0.5602439024390244,1.0,0.9969
AI Picks by Srini underdog - March 10 2026.csv,283,1589,Austin Reaves,PRA,UNDER,51.30%,DO NOT BET,D,❌ MISS,57.52,0.5587115730136836,0.48724509126352344,0.4730352303523035,0.4584602067315036,0.49407702047654983,0.5575505967825636,1.0,0.9925
AI Picks by Srini underdog - March 12 2026.csv,273,1590,Paolo Banchero,FGA,OVER,55.6%,DO NOT BET,D,❌ MISS,56.27,0.5734023318212716,0.487237509565117,0.4736390243902439,0.4584602067315036,0.49407702047654983,0.5575505967825636,1.0,0.9915
AI Picks by Srini underdog - March 14 2026.csv,225,1591,LaMelo Ball,TOV,UNDER,53.7%,DO NOT BET,A,✅ HIT,56.31,0.5729126918028304,0.48722505395067706,0.59583830803343,0.6088002636783125,0.49407702047654983,0.5640975609756097,0.5,0.9482
AI Picks by Srini underdog - March 10 2026.csv,353,1592,Jerami Grant,PTS,OVER,55.80%,DO NOT BET,D,✅ HIT,55.71,0.5799543578462832,0.4872149809157188,0.4830232333943893,0.4584602067315036,0.49407702047654983,0.6001524390243902,1.0,0.9862
AI Picks by Srini underdog - March 14 2026.csv,248,1593,Russell Westbrook,PTS,UNDER,56.7%,DO NOT BET,D,✅ HIT,55.47,0.5824693984966898,0.48701489495320205,0.4830232333943893,0.4584602067315036,0.49407702047654983,0.6045528455284552,1.0,0.9665
AI Picks by Srini underdog - March 14 2026.csv,246,1594,Onyeka Okongwu,PRA,UNDER,54.2%,DO NOT BET,D,✅ HIT,55.53,0.5817633077605142,0.4870146515710082,0.4730352303523035,0.4584602067315036,0.49407702047654983,0.691567944250871,1.0,0.9883
AI Picks by Srini underdog - March 10 2026.csv,285,1595,Austin Reaves,PR,UNDER,51.90%,DO NOT BET,D,❌ MISS,57.47,0.5587798150766741,0.48690718560753365,0.4622014406672564,0.4584602067315036,0.49407702047654983,0.5575505967825636,1.0,0.9964
AI Picks by Srini underdog - March 12 2026.csv,290,1596,Devin Booker,3PA,UNDER,55.4%,DO NOT BET,B,❌ MISS,55.56,0.5811605442110256,0.4868522130620007,0.5765635645183267,0.5557229965156795,0.49407702047654983,0.31676829268292683,1.0,0.9967
AI Picks by Srini underdog - March 10 2026.csv,355,1597,Scottie Barnes,RA,UNDER,54.30%,DO NOT BET,C,✅ HIT,55.67,0.5797380851477922,0.4867685932641528,0.5152613240418118,0.4925952315702933,0.49407702047654983,0.5424015009380863,1.0,0.9885
AI Picks by Srini underdog - March 13 2026.csv,324,1598,Jalen Duren,REB,UNDER,54.5%,DO NOT BET,B,❌ MISS,53.66,0.6033441093134103,0.48674553649507596,0.5620746167935988,0.5557229965156795,0.49407702047654983,0.6001318391562294,1.0,0.9928
AI Picks by Srini underdog - March 15 2026.csv,204,1599,Donte DiVincenzo,PRA,OVER,56.9%,DO NOT BET,D,✅ HIT,55.93,0.5766361745820395,0.486740118980468,0.4730352303523035,0.4584602067315036,0.49407702047654983,0.5612466124661246,1.0,0.9628
AI Picks by Srini underdog - March 13 2026.csv,244,1600,Rudy Gobert,PTS,UNDER,54.2%,DO NOT BET,D,❌ MISS,56.19,0.5735501094061245,0.48672194420017767,0.4830232333943893,0.4584602067315036,0.49407702047654983,0.586159954622802,1.0,0.9949
AI Picks by Srini underdog - March 10 2026.csv,380,1601,Bam Adebayo,PRA,UNDER,62.60%,DO NOT BET,D,❌ MISS,54.84,0.5893000092703864,0.48663827819474215,0.4730352303523035,0.4584602067315036,0.49407702047654983,0.48343495934959346,1.0,0.9841
AI Picks by Srini underdog - March 12 2026.csv,286,1602,Paolo Banchero,AST,UNDER,56.1%,DO NOT BET,C,✅ HIT,55.65,0.5797684651860479,0.48663543509024554,0.4745136763108522,0.4925952315702933,0.49407702047654983,0.5575505967825636,1.0,0.9994
AI Picks by Srini underdog - March 15 2026.csv,193,1603,Cooper Flagg,PRA,UNDER,58.5%,DO NOT BET,D,❌ MISS,56.52,0.5695232018907741,0.4866273900949613,0.4730352303523035,0.4584602067315036,0.49407702047654983,0.4270168855534709,1.0,0.9802
AI Picks by Srini underdog - March 10 2026.csv,293,1604,Cade Cunningham,PRA,OVER,55.20%,DO NOT BET,D,❌ MISS,57.15,0.5620610398777514,0.4865934985478592,0.4730352303523035,0.4584602067315036,0.49407702047654983,0.45889526542324244,1.0,0.9916
AI Picks by Srini underdog - March 10 2026.csv,264,1605,Victor Wembanyama,PA,UNDER,59.70%,DO NOT BET,D,❌ MISS,58.11,0.5507238328520648,0.4865637635222871,0.4054911368785819,0.4584602067315036,0.49407702047654983,0.3382113821138211,1.0,0.9704
AI Picks by Srini underdog - March 10 2026.csv,381,1606,Draymond Green,REB,OVER,51.60%,DO NOT BET,B,✅ HIT,54.8,0.5895953156416897,0.4865244169385424,0.5620746167935988,0.5557229965156795,0.49407702047654983,0.5602439024390244,1.0,0.9948
AI Picks by Srini underdog - March 10 2026.csv,278,1607,Devin Booker,PRA,UNDER,57.80%,DO NOT BET,D,❌ MISS,57.6,0.5564483426037198,0.4863856122921406,0.4730352303523035,0.4584602067315036,0.49407702047654983,0.31676829268292683,1.0,0.9868
AI Picks by Srini underdog - March 10 2026.csv,398,1608,De'Aaron Fox,PR,OVER,59.20%,DO NOT BET,D,✅ HIT,54.5,0.5928999180000438,0.48637883048987135,0.4622014406672564,0.4584602067315036,0.49407702047654983,0.6501016260162601,1.0,0.9973
AI Picks by Srini underdog - March 10 2026.csv,329,1609,Collin Sexton,PRA,OVER,56.30%,DO NOT BET,D,NO GAME,56.3,0.5716238304085979,0.4863108414450391,0.4730352303523035,0.4584602067315036,0.49407702047654983,0.5170731707317073,1.0,0.9917
AI Picks by Srini underdog - March 10 2026.csv,343,1610,Jalen Green,PR,UNDER,58.80%,DO NOT BET,D,❌ MISS,56.03,0.574773251333377,0.48629374486270444,0.4622014406672564,0.4584602067315036,0.49407702047654983,0.48343495934959346,1.0,0.9953
AI Picks by Srini underdog - March 13 2026.csv,225,1611,Donovan Mitchell,PTS,OVER,54.2%,DO NOT BET,D,❌ MISS,56.75,0.5662562277649825,0.4862622666990911,0.4830232333943893,0.4584602067315036,0.49407702047654983,0.5138211382113821,1.0,0.9937
AI Picks by Srini underdog - March 10 2026.csv,300,1612,Brandon Miller,PTS,UNDER,54.60%,DO NOT BET,D,❌ MISS,56.97,0.5635646591375316,0.48619470427775563,0.4830232333943893,0.4584602067315036,0.49407702047654983,0.47460545193687226,1.0,0.9911
AI Picks by Srini underdog - March 12 2026.csv,329,1613,Derrick White,RA,OVER,54.2%,DO NOT BET,C,NO GAME,54.57,0.5917637074117071,0.4861754618031595,0.5152613240418118,0.4925952315702933,0.49407702047654983,0.6723577235772358,1.0,0.9759
AI Picks by Srini underdog - March 14 2026.csv,261,1614,Stephon Castle,RA,OVER,56.3%,DO NOT BET,C,✅ HIT,55.13,0.5851362942557574,0.4861489888174479,0.5152613240418118,0.4925952315702933,0.49407702047654983,0.5273835920177383,1.0,0.9905
AI Picks by Srini underdog - March 12 2026.csv,384,1615,Paolo Banchero,TOV,OVER,53.9%,DO NOT BET,A,✅ HIT,52.96,0.6104129953835258,0.48598863048358143,0.59583830803343,0.6088002636783125,0.49407702047654983,0.5575505967825636,1.0,0.9977
AI Picks by Srini underdog - March 14 2026.csv,161,1616,Luka Dončić,PA,UNDER,56.1%,DO NOT BET,D,❌ MISS,58.57,0.544383229349876,0.485959190817653,0.4054911368785819,0.4584602067315036,0.49407702047654983,0.3885553470919324,1.0,0.9877
AI Picks by Srini underdog - March 13 2026.csv,310,1617,Josh Giddey,3PA,UNDER,57.3%,DO NOT BET,B,❌ MISS,54.08,0.5971334710402938,0.48591963079179207,0.5765635645183267,0.5557229965156795,0.49407702047654983,0.42409756097560974,1.0,0.9723
AI Picks by Srini underdog - March 12 2026.csv,169,1618,Aaron Gordon,PR,UNDER,56.1%,DO NOT BET,D,NO GAME,60.15,0.5256715940475735,0.4858761385742564,0.4622014406672564,0.4584602067315036,0.49407702047654983,0.4694183864915572,0.5,0.9249
AI Picks by Srini underdog - March 14 2026.csv,206,1619,Brandon Miller,FGA,UNDER,55.1%,DO NOT BET,D,✅ HIT,56.93,0.5634528173367024,0.4858161967096698,0.4736390243902439,0.4584602067315036,0.49407702047654983,0.47460545193687226,1.0,0.9924
AI Picks by Srini underdog - March 11 2026.csv,265,1620,Anthony Edwards,REB,UNDER,52.00%,DO NOT BET,B,✅ HIT,54.04,0.5973425588050305,0.4857497274413241,0.5620746167935988,0.5557229965156795,0.49407702047654983,0.6243163340724316,1.0,0.9944
AI Picks by Srini underdog - March 11 2026.csv,251,1621,OG Anunoby,STL,UNDER,52.60%,DO NOT BET,A,❌ MISS,54.42,0.5927477664125823,0.48566831116292775,0.6067636810821889,0.6088002636783125,0.49407702047654983,0.4040975609756097,1.0,0.996
AI Picks by Srini underdog - March 11 2026.csv,264,1622,Paolo Banchero,FTM,OVER,56.80%,DO NOT BET,B,✅ HIT,54.04,0.5971672170446667,0.4856357552970876,0.5145057766367137,0.5557229965156795,0.49407702047654983,0.5575505967825636,1.0,0.9883
AI Picks by Srini underdog - March 12 2026.csv,277,1623,LeBron James,PTS,OVER,57.2%,DO NOT BET,D,❌ MISS,56.11,0.5727054418571235,0.4855612894982333,0.4830232333943893,0.4584602067315036,0.49407702047654983,0.4779132791327913,1.0,0.9905
AI Picks by Srini underdog - March 12 2026.csv,315,1624,De'Aaron Fox,FGA,OVER,56.8%,DO NOT BET,D,✅ HIT,54.93,0.5865824347446412,0.48555992814748816,0.4736390243902439,0.4584602067315036,0.49407702047654983,0.6501016260162601,1.0,0.9884
AI Picks by Srini underdog - March 13 2026.csv,334,1625,Mikal Bridges,3PM,UNDER,51.7%,DO NOT BET,S,✅ HIT,53.38,0.6047976113688137,0.4855496400482604,0.5747041267881033,0.5869918699186992,0.49407702047654983,0.6477351916376306,1.0,0.9915
AI Picks by Srini underdog - March 13 2026.csv,298,1626,Jalen Duren,FTM,OVER,53.8%,DO NOT BET,B,✅ HIT,54.57,0.5907953412820333,0.48554602381887146,0.5145057766367137,0.5557229965156795,0.49407702047654983,0.6001318391562294,1.0,0.9797
AI Picks by Srini underdog - March 10 2026.csv,432,1627,Collin Sexton,TOV,UNDER,53.10%,DO NOT BET,A,NO GAME,53.53,0.6029852527784402,0.4855183959553182,0.59583830803343,0.6088002636783125,0.49407702047654983,0.5170731707317073,1.0,0.9845
AI Picks by Srini underdog - March 10 2026.csv,292,1628,Immanuel Quickley,PRA,UNDER,54.30%,DO NOT BET,D,✅ HIT,57.16,0.5601359384225352,0.4854186352013554,0.4730352303523035,0.4584602067315036,0.49407702047654983,0.4679442508710801,1.0,0.9962
AI Picks by Srini underdog - March 14 2026.csv,236,1629,Deandre Ayton,PRA,OVER,57.2%,DO NOT BET,D,✅ HIT,55.95,0.574348830408598,0.48540625046650443,0.4730352303523035,0.4584602067315036,0.49407702047654983,0.5170731707317073,1.0,0.985
AI Picks by Srini underdog - March 11 2026.csv,291,1630,Mikal Bridges,3PM,UNDER,52.10%,DO NOT BET,S,✅ HIT,53.22,0.6064026113688137,0.48536964845807296,0.5747041267881033,0.5869918699186992,0.49407702047654983,0.6477351916376306,1.0,0.9964
AI Picks by Srini underdog - March 13 2026.csv,216,1631,Jalen Green,PTS,OVER,53.5%,DO NOT BET,D,✅ HIT,57.13,0.5603276098788036,0.4853138638497698,0.4830232333943893,0.4584602067315036,0.49407702047654983,0.48343495934959346,1.0,0.9835
AI Picks by Srini underdog - March 13 2026.csv,248,1632,Zion Williamson,RA,UNDER,53.6%,DO NOT BET,C,✅ HIT,55.97,0.5739096423710568,0.48527368344087607,0.5152613240418118,0.4925952315702933,0.49407702047654983,0.5073170731707317,1.0,0.9897
AI Picks by Srini underdog - March 10 2026.csv,433,1633,LaMelo Ball,3PM,UNDER,53.60%,DO NOT BET,S,✅ HIT,53.49,0.6030788483026116,0.48527342264848283,0.5747041267881033,0.5869918699186992,0.49407702047654983,0.5640975609756097,1.0,0.9952
AI Picks by Srini underdog - March 10 2026.csv,352,1634,Stephon Castle,PTS,OVER,56.90%,DO NOT BET,D,✅ HIT,55.76,0.5762824731456181,0.48521051885722,0.4830232333943893,0.4584602067315036,0.49407702047654983,0.5273835920177383,1.0,0.9835
AI Picks by Srini underdog - March 12 2026.csv,344,1635,Deandre Ayton,REB,OVER,54.1%,DO NOT BET,B,✅ HIT,54.27,0.593693242470958,0.48513608161007127,0.5620746167935988,0.5557229965156795,0.49407702047654983,0.5170731707317073,1.0,0.9931
AI Picks by Srini underdog - March 15 2026.csv,229,1636,Jrue Holiday,3PA,OVER,53.0%,DO NOT BET,B,❌ MISS,54.74,0.5879606661622451,0.4850031791805832,0.5765635645183267,0.5557229965156795,0.49407702047654983,0.4712195121951219,1.0,0.987
AI Picks by Srini underdog - March 13 2026.csv,290,1637,Deni Avdija,3PA,UNDER,53.0%,DO NOT BET,B,✅ HIT,54.72,0.5881531363231169,0.4849753795863765,0.5765635645183267,0.5557229965156795,0.49407702047654983,0.4724442138038401,1.0,0.9884
AI Picks by Srini underdog - March 10 2026.csv,363,1638,Tyler Herro,AST,OVER,55.20%,DO NOT BET,C,NO GAME,55.41,0.5798853973777103,0.4848765786295451,0.4745136763108522,0.4925952315702933,0.49407702047654983,0.591869918699187,1.0,0.9943
AI Picks by Srini underdog - March 13 2026.csv,239,1639,Jrue Holiday,PRA,OVER,56.6%,DO NOT BET,D,✅ HIT,56.43,0.5677684645549393,0.4847987374321883,0.4730352303523035,0.4584602067315036,0.49407702047654983,0.4712195121951219,1.0,0.9859
AI Picks by Srini underdog - March 12 2026.csv,326,1640,Jaime Jaquez Jr.,RA,UNDER,56.0%,DO NOT BET,C,❌ MISS,54.62,0.5890274995139139,0.48477918966652744,0.5152613240418118,0.4925952315702933,0.49407702047654983,0.5787456445993031,1.0,0.986
AI Picks by Srini underdog - March 12 2026.csv,333,1641,Jalen Green,PTS,UNDER,62.4%,DO NOT BET,D,❌ MISS,54.52,0.5901376098788037,0.4847362354098388,0.4830232333943893,0.4584602067315036,0.49407702047654983,0.48343495934959346,1.0,0.9745
AI Picks by Srini underdog - March 15 2026.csv,271,1642,Anthony Edwards,3PA,UNDER,52.2%,DO NOT BET,B,✅ HIT,53.59,0.601015348349976,0.48469667367313685,0.5765635645183267,0.5557229965156795,0.49407702047654983,0.6243163340724316,1.0,0.9963
AI Picks by Srini underdog - March 14 2026.csv,198,1643,Payton Pritchard,PRA,OVER,57.1%,DO NOT BET,D,❌ MISS,57.28,0.5576007479863944,0.48468819261050444,0.4730352303523035,0.4584602067315036,0.49407702047654983,0.351892346509672,1.0,0.9872
AI Picks by Srini underdog - March 10 2026.csv,375,1644,Brandon Ingram,RA,UNDER,55.30%,DO NOT BET,C,✅ HIT,54.97,0.584697894403577,0.48464078732334326,0.5152613240418118,0.4925952315702933,0.49407702047654983,0.5593495934959349,1.0,0.9858
AI Picks by Srini underdog - March 12 2026.csv,275,1645,Jamal Murray,FGA,UNDER,55.7%,DO NOT BET,D,❌ MISS,56.16,0.5705424347446413,0.4845375978720534,0.4736390243902439,0.4584602067315036,0.49407702047654983,0.5251016260162601,1.0,0.9924
AI Picks by Srini underdog - March 15 2026.csv,234,1646,Giannis Antetokounmpo,REB,OVER,52.7%,DO NOT BET,B,✅ HIT,54.61,0.5886656659271077,0.48446754523571667,0.5620746167935988,0.5557229965156795,0.49407702047654983,0.5149974052932018,1.0,0.9919
AI Picks by Srini underdog - March 10 2026.csv,396,1647,Tyler Herro,FTM,UNDER,53.40%,DO NOT BET,B,NO GAME,54.55,0.589354149236329,0.48445634379039026,0.5145057766367137,0.5557229965156795,0.49407702047654983,0.591869918699187,1.0,0.9946
AI Picks by Srini underdog - March 10 2026.csv,372,1648,LeBron James,REB,UNDER,51.90%,DO NOT BET,B,NO GAME,55.13,0.5824172533110664,0.48438161220339876,0.5620746167935988,0.5557229965156795,0.49407702047654983,0.4779132791327913,1.0,0.9955
AI Picks by Srini underdog - March 14 2026.csv,306,1649,LeBron James,TOV,OVER,54.1%,DO NOT BET,A,✅ HIT,53.41,0.6024392636185486,0.4842460718087481,0.59583830803343,0.6088002636783125,0.49407702047654983,0.4779132791327913,1.0,0.9839
AI Picks by Srini underdog - March 13 2026.csv,234,1650,Dejounte Murray,PA,OVER,57.6%,DO NOT BET,D,✅ HIT,56.53,0.5657030198439349,0.48422072436390257,0.4054911368785819,0.4584602067315036,0.49407702047654983,0.5502032520325203,1.0,0.9888
AI Picks by Srini underdog - March 9 2026.csv,48,1651,Josh Hart,RA,OVER,55.10%,DO NOT BET,C,✅ HIT,54.65,0.5877049269239023,0.48414887528118,0.5152613240418118,0.4925952315702933,0.49407702047654983,0.591869918699187,1.0,0.9945
AI Picks by Srini underdog - March 9 2026.csv,42,1652,Jalen Brunson,3PM,UNDER,51.00%,DO NOT BET,S,✅ HIT,55.74,0.5748172222863515,0.4841052005999233,0.5747041267881033,0.5869918699186992,0.49407702047654983,0.3700813008130081,1.0,0.9948
AI Picks by Srini underdog - March 12 2026.csv,308,1653,Shai Gilgeous-Alexander,REB,UNDER,53.5%,DO NOT BET,B,❌ MISS,55.05,0.5826703413156307,0.4839344986112718,0.5620746167935988,0.5557229965156795,0.49407702047654983,0.42644415917843387,1.0,0.9947
AI Picks by Srini underdog - March 13 2026.csv,275,1654,Tobias Harris,RA,UNDER,55.1%,DO NOT BET,C,NO GAME,55.27,0.5800802521271542,0.4839328978252697,0.5152613240418118,0.4925952315702933,0.49407702047654983,0.5170731707317073,1.0,0.9916
AI Picks by Srini underdog - March 12 2026.csv,253,1655,Josh Giddey,PR,UNDER,55.8%,DO NOT BET,D,❌ MISS,57.14,0.5580495114959787,0.48390955250032025,0.4622014406672564,0.4584602067315036,0.49407702047654983,0.42409756097560974,1.0,0.9835
AI Picks by Srini underdog - March 13 2026.csv,256,1656,Dejounte Murray,AST,UNDER,54.9%,DO NOT BET,C,✅ HIT,55.72,0.5747437307110437,0.4839045258771998,0.4745136763108522,0.4925952315702933,0.49407702047654983,0.5502032520325203,1.0,0.9952
AI Picks by Srini underdog - March 10 2026.csv,368,1657,Jalen Duren,PTS,OVER,55.90%,DO NOT BET,D,✅ HIT,55.22,0.5805872978594672,0.4838802145543396,0.4830232333943893,0.4584602067315036,0.49407702047654983,0.6001318391562294,1.0,0.9921
AI Picks by Srini underdog - March 15 2026.csv,262,1658,Brandon Ingram,REB,UNDER,53.8%,DO NOT BET,B,✅ HIT,53.86,0.596535884747381,0.48384924251489114,0.5620746167935988,0.5557229965156795,0.49407702047654983,0.5593495934959349,1.0,0.9858
AI Picks by Srini underdog - March 12 2026.csv,322,1659,Kevin Porter Jr.,REB,OVER,56.4%,DO NOT BET,B,✅ HIT,54.72,0.5863461421999553,0.4838008334063214,0.5620746167935988,0.5557229965156795,0.49407702047654983,0.3668021680216802,1.0,0.9903
AI Picks by Srini underdog - March 10 2026.csv,322,1660,DeMar DeRozan,AST,OVER,56.40%,DO NOT BET,C,❌ MISS,56.43,0.566219374863639,0.48379182913284313,0.4745136763108522,0.4925952315702933,0.49407702047654983,0.415509693558474,1.0,0.9921
AI Picks by Srini underdog - March 13 2026.csv,285,1661,Evan Mobley,RA,OVER,58.5%,DO NOT BET,C,❌ MISS,54.9,0.5841451301759347,0.48374632237966886,0.5152613240418118,0.4925952315702933,0.49407702047654983,0.45512195121951216,1.0,0.9656
AI Picks by Srini underdog - March 15 2026.csv,159,1662,Evan Mobley,PA,UNDER,56.1%,DO NOT BET,D,✅ HIT,57.74,0.550694889762634,0.4837162043368488,0.4054911368785819,0.4584602067315036,0.49407702047654983,0.45512195121951216,1.0,0.9808
AI Picks by Srini underdog - March 11 2026.csv,175,1663,Scottie Barnes,PA,UNDER,54.90%,DO NOT BET,D,✅ HIT,57.38,0.5546978447344914,0.4835658314906346,0.4054911368785819,0.4584602067315036,0.49407702047654983,0.5424015009380863,1.0,0.9679
AI Picks by Srini underdog - March 15 2026.csv,214,1664,Myles Turner,AST,UNDER,54.5%,DO NOT BET,C,✅ HIT,55.55,0.5761400056556113,0.4835124104015947,0.4745136763108522,0.4925952315702933,0.49407702047654983,0.5819660014781965,1.0,0.9868
AI Picks by Srini underdog - March 14 2026.csv,317,1665,Jalen Suggs,SB,UNDER,53.2%,DO NOT BET,A,✅ HIT,53.04,0.605636145830595,0.4834952990692701,0.6069806560134566,0.6088002636783125,0.49407702047654983,0.5149974052932018,1.0,0.9903
AI Picks by Srini underdog - March 10 2026.csv,437,1666,Klay Thompson,3PA,OVER,55.40%,DO NOT BET,B,✅ HIT,53.42,0.6010860320159037,0.48344292386641574,0.5765635645183267,0.5557229965156795,0.49407702047654983,0.5170731707317073,1.0,0.9946
AI Picks by Srini underdog - March 13 2026.csv,280,1667,Deni Avdija,RA,OVER,56.7%,DO NOT BET,C,✅ HIT,55.11,0.5811873564343676,0.4834292740347711,0.5152613240418118,0.4925952315702933,0.49407702047654983,0.4724442138038401,1.0,0.9942
AI Picks by Srini underdog - March 15 2026.csv,252,1668,Jerami Grant,REB,UNDER,51.2%,DO NOT BET,B,✅ HIT,54.17,0.5921411693002263,0.48336270805522863,0.5620746167935988,0.5557229965156795,0.49407702047654983,0.6001524390243902,1.0,0.9931
AI Picks by Srini underdog - March 10 2026.csv,346,1669,Collin Sexton,AST,UNDER,54.70%,DO NOT BET,C,NO GAME,55.96,0.5709507225809624,0.483273932977928,0.4745136763108522,0.4925952315702933,0.49407702047654983,0.5170731707317073,1.0,0.9992
AI Picks by Srini underdog - March 15 2026.csv,182,1670,Jrue Holiday,PTS,OVER,53.8%,DO NOT BET,D,❌ MISS,56.82,0.5606260651633564,0.48313782920374115,0.4830232333943893,0.4584602067315036,0.49407702047654983,0.4712195121951219,1.0,0.9935
AI Picks by Srini underdog - March 10 2026.csv,361,1671,Julius Randle,AST,UNDER,53.00%,DO NOT BET,C,✅ HIT,55.51,0.5760241188073775,0.48313127355269586,0.4745136763108522,0.4925952315702933,0.49407702047654983,0.6265071329958583,1.0,0.9974
AI Picks by Srini underdog - March 10 2026.csv,320,1672,Josh Giddey,PRA,UNDER,57.30%,DO NOT BET,D,❌ MISS,56.49,0.564466269432988,0.4831110261992403,0.4730352303523035,0.4584602067315036,0.49407702047654983,0.42409756097560974,1.0,0.9665
AI Picks by Srini underdog - March 10 2026.csv,318,1673,Michael Porter Jr.,FGA,UNDER,53.80%,DO NOT BET,D,✅ HIT,56.54,0.5638517843381372,0.48309387388452074,0.4736390243902439,0.4584602067315036,0.49407702047654983,0.5281951219512195,1.0,0.9816
AI Picks by Srini underdog - March 13 2026.csv,245,1674,Alperen Sengun,FGA,OVER,57.0%,DO NOT BET,D,NO GAME,56.16,0.5682876601696227,0.4830719943982914,0.4736390243902439,0.4584602067315036,0.49407702047654983,0.4607538802660754,1.0,0.9876
AI Picks by Srini underdog - March 13 2026.csv,238,1675,Anthony Edwards,PA,UNDER,55.2%,DO NOT BET,D,❌ MISS,56.43,0.565099328047926,0.4830637987026296,0.4054911368785819,0.4584602067315036,0.49407702047654983,0.6243163340724316,1.0,0.9917
AI Picks by Srini underdog - March 14 2026.csv,290,1676,Onyeka Okongwu,RA,OVER,54.2%,DO NOT BET,C,❌ MISS,53.93,0.5944797294790707,0.48304790978619644,0.5152613240418118,0.4925952315702933,0.49407702047654983,0.691567944250871,1.0,0.9918
AI Picks by Srini underdog - March 11 2026.csv,199,1677,Brandon Ingram,PR,UNDER,54.70%,DO NOT BET,D,❌ MISS,56.16,0.5682397147480112,0.48304082987424385,0.4622014406672564,0.4584602067315036,0.49407702047654983,0.5593495934959349,1.0,0.9916
AI Picks by Srini underdog - March 11 2026.csv,181,1678,Kevin Durant,TOV,UNDER,53.80%,DO NOT BET,A,❌ MISS,57.01,0.5581023807027807,0.4829500336927144,0.59583830803343,0.6088002636783125,0.49407702047654983,0.41234444997511194,0.5,0.9487
AI Picks by Srini underdog - March 15 2026.csv,260,1679,Jalen Brunson,TOV,OVER,54.6%,DO NOT BET,A,✅ HIT,54.05,0.5928710657865703,0.48291970957871166,0.59583830803343,0.6088002636783125,0.49407702047654983,0.3700813008130081,1.0,0.9742
AI Picks by Srini underdog - March 14 2026.csv,244,1680,Darius Garland,AST,UNDER,53.1%,DO NOT BET,C,❌ MISS,55.59,0.5745487178218903,0.4827838837072229,0.4745136763108522,0.4925952315702933,0.49407702047654983,0.6147531231409875,1.0,0.9846
AI Picks by Srini underdog - March 10 2026.csv,330,1681,CJ McCollum,PTS,OVER,56.50%,DO NOT BET,D,❌ MISS,56.3,0.5661762555262357,0.4827699177715038,0.4830232333943893,0.4584602067315036,0.49407702047654983,0.4440214158239143,1.0,0.9753000000000001
AI Picks by Srini underdog - March 13 2026.csv,261,1682,Tobias Harris,PTS,OVER,56.6%,DO NOT BET,D,NO GAME,55.56,0.574866431017015,0.48276103948589383,0.4830232333943893,0.4584602067315036,0.49407702047654983,0.5170731707317073,1.0,0.9962
AI Picks by Srini underdog - March 10 2026.csv,371,1683,Jaylen Brown,3PA,UNDER,54.00%,DO NOT BET,B,✅ HIT,55.13,0.5798157109606523,0.4826906096756296,0.5765635645183267,0.5557229965156795,0.49407702047654983,0.3511199601791936,1.0,0.9963
AI Picks by Srini underdog - March 11 2026.csv,196,1684,Keyonte George,PRA,OVER,57.60%,DO NOT BET,D,❌ MISS,56.48,0.5639177222431684,0.4826780179264707,0.4730352303523035,0.4584602067315036,0.49407702047654983,0.4002120890774125,1.0,0.9829
AI Picks by Srini underdog - March 10 2026.csv,348,1685,Draymond Green,TOV,UNDER,53.00%,DO NOT BET,A,✅ HIT,55.88,0.570902325949172,0.4826308543721706,0.59583830803343,0.6088002636783125,0.49407702047654983,0.5602439024390244,0.5,0.9633
AI Picks by Srini underdog - March 13 2026.csv,251,1686,Zion Williamson,PR,OVER,57.1%,DO NOT BET,D,✅ HIT,55.91,0.5705164627154908,0.4826094010684379,0.4622014406672564,0.4584602067315036,0.49407702047654983,0.5073170731707317,1.0,0.978
AI Picks by Srini underdog - March 11 2026.csv,210,1687,Alperen Sengun,PR,OVER,58.70%,DO NOT BET,D,❌ MISS,55.85,0.5712201434250253,0.48260807793331506,0.4622014406672564,0.4584602067315036,0.49407702047654983,0.4607538802660754,1.0,0.9764
AI Picks by Srini underdog - March 13 2026.csv,206,1688,Cade Cunningham,PA,OVER,56.4%,DO NOT BET,D,❌ MISS,57.4,0.5529072211830071,0.48255483138094313,0.4054911368785819,0.4584602067315036,0.49407702047654983,0.45889526542324244,1.0,0.9971
AI Picks by Srini underdog - March 10 2026.csv,413,1689,Josh Giddey,FTM,UNDER,59.20%,DO NOT BET,B,✅ HIT,54.05,0.5923069134639712,0.4825530105690223,0.5145057766367137,0.5557229965156795,0.49407702047654983,0.42409756097560974,1.0,0.9948
AI Picks by Srini underdog - March 11 2026.csv,228,1690,Josh Hart,AST,OVER,55.10%,DO NOT BET,C,NO GAME,55.14,0.5793903973777104,0.48249060844610403,0.4745136763108522,0.4925952315702933,0.49407702047654983,0.591869918699187,1.0,0.9912
AI Picks by Srini underdog - March 10 2026.csv,296,1691,Kevin Durant,PTS,UNDER,54.40%,DO NOT BET,D,❌ MISS,57.08,0.5564135589413555,0.4823874677434949,0.4830232333943893,0.4584602067315036,0.49407702047654983,0.41234444997511194,1.0,0.9862
AI Picks by Srini underdog - March 14 2026.csv,287,1692,Miles Bridges,PRA,OVER,58.9%,DO NOT BET,D,✅ HIT,53.97,0.5929689349382146,0.48237170373218674,0.4730352303523035,0.4584602067315036,0.49407702047654983,0.6501742160278745,1.0,0.9756
AI Picks by Srini underdog - March 11 2026.csv,225,1693,Kevin Durant,REB,UNDER,52.40%,DO NOT BET,B,✅ HIT,55.28,0.5775553703952986,0.4823681772989503,0.5620746167935988,0.5557229965156795,0.49407702047654983,0.41234444997511194,1.0,0.9954
AI Picks by Srini underdog - March 15 2026.csv,238,1694,Jalen Brunson,3PA,OVER,55.6%,DO NOT BET,B,✅ HIT,54.47,0.5870618450240337,0.48235472525730466,0.5765635645183267,0.5557229965156795,0.49407702047654983,0.3700813008130081,1.0,0.9945
AI Picks by Srini underdog - March 10 2026.csv,402,1695,Onyeka Okongwu,PTS,OVER,55.40%,DO NOT BET,D,✅ HIT,54.36,0.5882409083689313,0.4822801378382343,0.4830232333943893,0.4584602067315036,0.49407702047654983,0.691567944250871,1.0,0.9963
AI Picks by Srini underdog - March 15 2026.csv,206,1696,Jaden McDaniels,AST,UNDER,54.2%,DO NOT BET,C,✅ HIT,55.89,0.5702080926764026,0.48225605534425714,0.4745136763108522,0.4925952315702933,0.49407702047654983,0.5306468716861081,1.0,0.9912
AI Picks by Srini underdog - March 15 2026.csv,254,1697,Rudy Gobert,REB,OVER,51.3%,DO NOT BET,B,❌ MISS,54.1,0.5911969208600675,0.4822137783734184,0.5620746167935988,0.5557229965156795,0.49407702047654983,0.586159954622802,1.0,0.9954
AI Picks by Srini underdog - March 11 2026.csv,236,1698,Darius Garland,PTS,OVER,56.30%,DO NOT BET,D,✅ HIT,54.76,0.583374426257943,0.4821750284415603,0.4830232333943893,0.4584602067315036,0.49407702047654983,0.6147531231409875,1.0,0.9914
AI Picks by Srini underdog - March 12 2026.csv,312,1699,Cooper Flagg,PTS,UNDER,60.9%,DO NOT BET,D,✅ HIT,55.0,0.5805208024991912,0.4821550353836527,0.4830232333943893,0.4584602067315036,0.49407702047654983,0.4270168855534709,1.0,0.997
AI Picks by Srini underdog - March 11 2026.csv,203,1700,Aaron Gordon,PR,OVER,57.50%,DO NOT BET,D,❌ MISS,56.1,0.5675565940475735,0.4821380858226392,0.4622014406672564,0.4584602067315036,0.49407702047654983,0.4694183864915572,1.0,0.9674
AI Picks by Srini underdog - March 12 2026.csv,324,1701,Payton Pritchard,3PM,UNDER,54.5%,DO NOT BET,S,✅ HIT,54.66,0.5844733268560178,0.4821247878364418,0.5747041267881033,0.5869918699186992,0.49407702047654983,0.351892346509672,1.0,0.9863
AI Picks by Srini underdog - March 11 2026.csv,242,1702,Keyonte George,REB,OVER,55.20%,DO NOT BET,B,❌ MISS,54.55,0.5857471343055285,0.48211178408537,0.5620746167935988,0.5557229965156795,0.49407702047654983,0.4002120890774125,1.0,0.9931
AI Picks by Srini underdog - March 14 2026.csv,308,1703,Paolo Banchero,3PA,UNDER,54.2%,DO NOT BET,B,✅ HIT,53.3,0.6004137746209893,0.48208852536708086,0.5765635645183267,0.5557229965156795,0.49407702047654983,0.5575505967825636,1.0,0.9818
AI Picks by Srini underdog - March 13 2026.csv,258,1704,Scottie Barnes,AST,UNDER,55.0%,DO NOT BET,C,✅ HIT,55.61,0.5730485556016003,0.48196168346280777,0.4745136763108522,0.4925952315702933,0.49407702047654983,0.5424015009380863,1.0,0.9701
AI Picks by Srini underdog - March 10 2026.csv,376,1705,Anthony Edwards,RA,UNDER,52.10%,DO NOT BET,C,✅ HIT,54.94,0.5808545684612267,0.48191326766265546,0.5152613240418118,0.4925952315702933,0.49407702047654983,0.6243163340724316,1.0,0.9966
AI Picks by Srini underdog - March 13 2026.csv,201,1706,Devin Booker,PR,UNDER,56.5%,DO NOT BET,D,❌ MISS,57.51,0.5503815846667104,0.4817541462386041,0.4622014406672564,0.4584602067315036,0.49407702047654983,0.31676829268292683,1.0,0.9972
AI Picks by Srini underdog - March 9 2026.csv,54,1707,Kawhi Leonard,FTM,UNDER,52.10%,DO NOT BET,B,❌ MISS,54.21,0.5891042774414572,0.4816945387445755,0.5145057766367137,0.5557229965156795,0.49407702047654983,0.633921200750469,1.0,0.9939
AI Picks by Srini underdog - March 15 2026.csv,212,1708,Chet Holmgren,AST,OVER,54.1%,DO NOT BET,C,✅ HIT,55.68,0.5717047026253083,0.48162334722392497,0.4745136763108522,0.4925952315702933,0.49407702047654983,0.5516629711751663,1.0,0.9859
AI Picks by Srini underdog - March 12 2026.csv,298,1709,Stephon Castle,RA,UNDER,53.3%,DO NOT BET,C,❌ MISS,55.37,0.5751862942557574,0.4815163512027289,0.5152613240418118,0.4925952315702933,0.49407702047654983,0.5273835920177383,1.0,0.9955
AI Picks by Srini underdog - March 11 2026.csv,243,1710,Kevin Durant,3PA,UNDER,54.10%,DO NOT BET,B,✅ HIT,54.54,0.584893159940244,0.48148024814854834,0.5765635645183267,0.5557229965156795,0.49407702047654983,0.41234444997511194,1.0,0.9686
AI Picks by Srini underdog - March 11 2026.csv,318,1711,Miles Bridges,3PA,OVER,53.90%,DO NOT BET,B,❌ MISS,52.47,0.6091661365455203,0.4814319948689291,0.5765635645183267,0.5557229965156795,0.49407702047654983,0.6501742160278745,1.0,0.992
AI Picks by Srini underdog - March 9 2026.csv,49,1712,OG Anunoby,REB,OVER,54.70%,DO NOT BET,B,✅ HIT,54.55,0.5845656814953483,0.48134383975875283,0.5620746167935988,0.5557229965156795,0.49407702047654983,0.4040975609756097,1.0,0.9957
AI Picks by Srini underdog - March 12 2026.csv,393,1713,Alex Sarr,BLK,OVER,52.3%,DO NOT BET,S,✅ HIT,52.51,0.608498056164678,0.4813035530189284,0.644579945799458,0.5869918699186992,0.49407702047654983,0.5227380015735641,1.0,0.9952
AI Picks by Srini underdog - March 14 2026.csv,272,1714,Desmond Bane,PRA,UNDER,56.3%,DO NOT BET,D,✅ HIT,54.64,0.5833549379247751,0.48124492983236067,0.4730352303523035,0.4584602067315036,0.49407702047654983,0.6368342458934793,1.0,0.9868
AI Picks by Srini underdog - March 10 2026.csv,354,1715,Alperen Sengun,RA,OVER,54.40%,DO NOT BET,C,✅ HIT,55.67,0.5712233230805911,0.48123399792047206,0.5152613240418118,0.4925952315702933,0.49407702047654983,0.4607538802660754,1.0,0.9747
AI Picks by Srini underdog - March 13 2026.csv,208,1716,Brandin Podziemski,PR,OVER,50.7%,DO NOT BET,D,✅ HIT,57.34,0.5515290555044622,0.4812003080935688,0.4622014406672564,0.4584602067315036,0.49407702047654983,0.5261930010604453,1.0,0.9957
AI Picks by Srini underdog - March 11 2026.csv,227,1717,Trey Murphy III,PR,OVER,55.20%,DO NOT BET,D,✅ HIT,55.26,0.5758820437771839,0.4811276097984023,0.4622014406672564,0.4584602067315036,0.49407702047654983,0.6236728837876614,1.0,0.9818
AI Picks by Srini underdog - March 11 2026.csv,248,1718,OG Anunoby,3PA,UNDER,54.10%,DO NOT BET,B,✅ HIT,54.44,0.5854734710402939,0.4810929243697136,0.5765635645183267,0.5557229965156795,0.49407702047654983,0.4040975609756097,1.0,0.9967
AI Picks by Srini underdog - March 15 2026.csv,235,1719,Cade Cunningham,REB,UNDER,52.9%,DO NOT BET,B,✅ HIT,54.56,0.5838654519401116,0.4809651431472357,0.5620746167935988,0.5557229965156795,0.49407702047654983,0.45889526542324244,1.0,0.9945
AI Picks by Srini underdog - March 10 2026.csv,406,1720,Cade Cunningham,REB,UNDER,54.00%,DO NOT BET,B,✅ HIT,54.24,0.5876154519401116,0.480956159966861,0.5620746167935988,0.5557229965156795,0.49407702047654983,0.45889526542324244,1.0,0.9947
AI Picks by Srini underdog - March 11 2026.csv,249,1721,Alperen Sengun,REB,UNDER,53.30%,DO NOT BET,B,✅ HIT,54.43,0.5853513134243947,0.48093706931999247,0.5620746167935988,0.5557229965156795,0.49407702047654983,0.4607538802660754,1.0,0.9933
AI Picks by Srini underdog - March 14 2026.csv,257,1722,LaMelo Ball,PR,OVER,56.7%,DO NOT BET,D,❌ MISS,55.31,0.5748295114959788,0.4808257268125526,0.4622014406672564,0.4584602067315036,0.49407702047654983,0.5640975609756097,1.0,0.9779
AI Picks by Srini underdog - March 10 2026.csv,358,1723,Rudy Gobert,PRA,UNDER,54.10%,DO NOT BET,D,✅ HIT,55.6,0.5713875087977073,0.4808055504408907,0.4730352303523035,0.4584602067315036,0.49407702047654983,0.586159954622802,1.0,0.9984
AI Picks by Srini underdog - March 14 2026.csv,280,1724,Jamal Murray,REB,UNDER,52.2%,DO NOT BET,B,❌ MISS,54.17,0.5881460879994134,0.4807659052097002,0.5620746167935988,0.5557229965156795,0.49407702047654983,0.5251016260162601,1.0,0.9953
AI Picks by Srini underdog - March 11 2026.csv,239,1725,Russell Westbrook,PTS,UNDER,56.20%,DO NOT BET,D,✅ HIT,54.67,0.5821593984966897,0.4806971870022653,0.4830232333943893,0.4584602067315036,0.49407702047654983,0.6045528455284552,1.0,0.9943
AI Picks by Srini underdog - March 10 2026.csv,434,1726,Donte DiVincenzo,3PM,UNDER,51.90%,DO NOT BET,S,✅ HIT,53.46,0.596378753451663,0.48068900319720614,0.5747041267881033,0.5869918699186992,0.49407702047654983,0.5612466124661246,1.0,0.9825
AI Picks by Srini underdog - March 10 2026.csv,378,1727,Alperen Sengun,FTM,OVER,54.40%,DO NOT BET,B,❌ MISS,54.89,0.5793475453930178,0.48055143967138614,0.5145057766367137,0.5557229965156795,0.49407702047654983,0.4607538802660754,1.0,0.9887
AI Picks by Srini underdog - March 15 2026.csv,200,1728,RJ Barrett,PRA,UNDER,56.5%,DO NOT BET,D,❌ MISS,56.19,0.5640565608757331,0.48055113765542323,0.4730352303523035,0.4584602067315036,0.49407702047654983,0.4441504754030591,1.0,0.9726
AI Picks by Srini underdog - March 14 2026.csv,229,1729,Nikola Jokić,PRA,UNDER,56.9%,DO NOT BET,D,❌ MISS,56.18,0.5641385097220576,0.4805279518061475,0.4730352303523035,0.4584602067315036,0.49407702047654983,0.4297199638663053,1.0,0.9759
AI Picks by Srini underdog - March 14 2026.csv,197,1730,Nikola Jokić,PA,UNDER,57.4%,DO NOT BET,D,✅ HIT,57.28,0.5509996910273133,0.4803975055871017,0.4054911368785819,0.4584602067315036,0.49407702047654983,0.4297199638663053,1.0,0.9493
AI Picks by Srini underdog - March 9 2026.csv,59,1731,Mikal Bridges,REB,OVER,52.70%,DO NOT BET,B,✅ HIT,52.96,0.6018044445615505,0.48039307244929746,0.5620746167935988,0.5557229965156795,0.49407702047654983,0.6477351916376306,1.0,0.9892
AI Picks by Srini underdog - March 13 2026.csv,279,1732,Rudy Gobert,AST,UNDER,54.2%,DO NOT BET,C,❌ MISS,55.17,0.5757894009700719,0.48037931857929916,0.4745136763108522,0.4925952315702933,0.49407702047654983,0.586159954622802,1.0,0.9918
AI Picks by Srini underdog - March 14 2026.csv,221,1733,Nikola Jokić,PTS,UNDER,55.7%,DO NOT BET,D,✅ HIT,56.39,0.5611361103304748,0.48018189678873957,0.4830232333943893,0.4584602067315036,0.49407702047654983,0.4297199638663053,1.0,0.9575
AI Picks by Srini underdog - March 11 2026.csv,189,1734,OG Anunoby,PRA,UNDER,55.70%,DO NOT BET,D,❌ MISS,56.63,0.5582712694329881,0.4801546125906543,0.4730352303523035,0.4584602067315036,0.49407702047654983,0.4040975609756097,1.0,0.9914
AI Picks by Srini underdog - March 15 2026.csv,188,1735,Jalen Brunson,FGA,UNDER,56.2%,DO NOT BET,D,❌ MISS,56.74,0.5568404022243161,0.4800655274982712,0.4736390243902439,0.4584602067315036,0.49407702047654983,0.3700813008130081,1.0,0.9944
AI Picks by Srini underdog - March 13 2026.csv,254,1736,Immanuel Quickley,PTS,OVER,55.8%,DO NOT BET,D,✅ HIT,55.85,0.5671485390309523,0.47996153507716766,0.4830232333943893,0.4584602067315036,0.49407702047654983,0.4679442508710801,1.0,0.9945
AI Picks by Srini underdog - March 11 2026.csv,204,1737,Kevin Durant,AST,UNDER,55.90%,DO NOT BET,C,❌ MISS,56.06,0.5645678505053028,0.47988959212261634,0.4745136763108522,0.4925952315702933,0.49407702047654983,0.41234444997511194,1.0,0.9994
AI Picks by Srini underdog - March 11 2026.csv,241,1738,Miles Bridges,PRA,OVER,55.70%,DO NOT BET,D,✅ HIT,54.58,0.5818139349382145,0.479784562294776,0.4730352303523035,0.4584602067315036,0.49407702047654983,0.6501742160278745,1.0,0.9701
AI Picks by Srini underdog - March 15 2026.csv,281,1739,Evan Mobley,BLK,UNDER,51.1%,DO NOT BET,S,❌ MISS,53.22,0.5977014511292728,0.47971389430237144,0.644579945799458,0.5869918699186992,0.49407702047654983,0.45512195121951216,1.0,0.9961
AI Picks by Srini underdog - March 9 2026.csv,31,1740,Jalen Brunson,PA,UNDER,54.20%,DO NOT BET,D,❌ MISS,58.45,0.5360708247219836,0.4796386966168824,0.4054911368785819,0.4584602067315036,0.49407702047654983,0.3700813008130081,1.0,0.9876
AI Picks by Srini underdog - March 10 2026.csv,366,1741,Jalen Johnson,AST,OVER,52.60%,DO NOT BET,C,✅ HIT,55.29,0.573221013770609,0.47962729809228877,0.4745136763108522,0.4925952315702933,0.49407702047654983,0.6164260826281732,1.0,0.9887
AI Picks by Srini underdog - March 12 2026.csv,340,1742,Aaron Gordon,REB,UNDER,52.7%,DO NOT BET,B,NO GAME,54.42,0.5834277640469432,0.4796103096252623,0.5620746167935988,0.5557229965156795,0.49407702047654983,0.4694183864915572,1.0,0.9783
AI Picks by Srini underdog - March 10 2026.csv,466,1743,Anthony Edwards,REB,OVER,53.90%,DO NOT BET,B,❌ MISS,52.68,0.6038625588050305,0.47959017392473163,0.5620746167935988,0.5557229965156795,0.49407702047654983,0.6243163340724316,1.0,0.9956
AI Picks by Srini underdog - March 11 2026.csv,215,1744,Jalen Suggs,AST,UNDER,53.90%,DO NOT BET,C,✅ HIT,55.78,0.5673131460371119,0.47953336143546443,0.4745136763108522,0.4925952315702933,0.49407702047654983,0.5149974052932018,1.0,0.985
AI Picks by Srini underdog - March 13 2026.csv,315,1745,Bennedict Mathurin,REB,UNDER,53.2%,DO NOT BET,B,❌ MISS,53.99,0.5883150988395217,0.47949961546680986,0.5620746167935988,0.5557229965156795,0.49407702047654983,0.4934417344173441,1.0,0.994
AI Picks by Srini underdog - March 13 2026.csv,237,1746,OG Anunoby,PTS,UNDER,55.6%,DO NOT BET,D,❌ MISS,56.43,0.5595688700414052,0.4794690009983911,0.4830232333943893,0.4584602067315036,0.49407702047654983,0.4040975609756097,1.0,0.9842
AI Picks by Srini underdog - March 11 2026.csv,246,1747,James Harden,PTS,OVER,62.70%,DO NOT BET,D,✅ HIT,54.47,0.5826061095092545,0.4794584971726982,0.4830232333943893,0.4584602067315036,0.49407702047654983,0.39101995565410197,1.0,0.9883
AI Picks by Srini underdog - March 14 2026.csv,328,1748,Darius Garland,3PA,OVER,53.4%,DO NOT BET,B,✅ HIT,52.68,0.6035890272568316,0.47941237841840234,0.5765635645183267,0.5557229965156795,0.49407702047654983,0.6147531231409875,1.0,0.9853
AI Picks by Srini underdog - March 12 2026.csv,375,1749,Austin Reaves,REB,UNDER,54.2%,DO NOT BET,B,❌ MISS,53.13,0.5981659850760438,0.47932776797329224,0.5620746167935988,0.5557229965156795,0.49407702047654983,0.5575505967825636,1.0,0.9948
AI Picks by Srini underdog - March 12 2026.csv,231,1750,Luka Dončić,PA,UNDER,54.6%,DO NOT BET,D,❌ MISS,58.09,0.539788229349876,0.47930271604709096,0.4054911368785819,0.4584602067315036,0.49407702047654983,0.3885553470919324,1.0,0.9978
AI Picks by Srini underdog - March 13 2026.csv,278,1751,Brandon Ingram,PTS,OVER,55.2%,DO NOT BET,D,✅ HIT,55.18,0.5739690732934377,0.4792725581888736,0.4830232333943893,0.4584602067315036,0.49407702047654983,0.5593495934959349,1.0,0.9889
AI Picks by Srini underdog - March 14 2026.csv,314,1752,Brandon Miller,3PM,OVER,55.0%,DO NOT BET,S,❌ MISS,53.11,0.5982496373987378,0.4792292367842699,0.5747041267881033,0.5869918699186992,0.49407702047654983,0.47460545193687226,1.0,0.9824
AI Picks by Srini underdog - March 15 2026.csv,175,1753,Quentin Grimes,FTM,OVER,52.2%,DO NOT BET,B,✅ HIT,57.05,0.5518951957680709,0.4792211738826998,0.5145057766367137,0.5557229965156795,0.49407702047654983,0.6213803840166061,0.5,0.968
AI Picks by Srini underdog - March 11 2026.csv,275,1754,Trey Murphy III,RA,OVER,55.20%,DO NOT BET,C,✅ HIT,53.74,0.5907002234327497,0.4791386314677404,0.5152613240418118,0.4925952315702933,0.49407702047654983,0.6236728837876614,1.0,0.984
AI Picks by Srini underdog - March 13 2026.csv,344,1755,Kawhi Leonard,3PA,UNDER,52.9%,DO NOT BET,B,✅ HIT,52.67,0.6032558350177798,0.479119350863632,0.5765635645183267,0.5557229965156795,0.49407702047654983,0.633921200750469,1.0,0.9742999999999999
AI Picks by Srini underdog - March 10 2026.csv,364,1756,Tobias Harris,PRA,OVER,56.30%,DO NOT BET,D,❌ MISS,55.38,0.5713338304085979,0.47908870230146194,0.4730352303523035,0.4584602067315036,0.49407702047654983,0.5170731707317073,1.0,0.9859
AI Picks by Srini underdog - March 15 2026.csv,243,1757,Deni Avdija,REB,UNDER,52.7%,DO NOT BET,B,✅ HIT,54.27,0.5842503467781713,0.47899819940975996,0.5620746167935988,0.5557229965156795,0.49407702047654983,0.4724442138038401,1.0,0.9887
AI Picks by Srini underdog - March 14 2026.csv,239,1758,Jamal Murray,AST,UNDER,53.6%,DO NOT BET,C,✅ HIT,55.71,0.5671685681094176,0.47890421758675616,0.4745136763108522,0.4925952315702933,0.49407702047654983,0.5251016260162601,1.0,0.9823
AI Picks by Srini underdog - March 11 2026.csv,212,1759,Jalen Brunson,RA,UNDER,55.10%,DO NOT BET,C,❌ MISS,55.84,0.5655210651352844,0.47882722444559683,0.5152613240418118,0.4925952315702933,0.49407702047654983,0.3700813008130081,1.0,0.9944
AI Picks by Srini underdog - March 13 2026.csv,286,1760,Mikal Bridges,PR,UNDER,55.0%,DO NOT BET,D,✅ HIT,54.81,0.5773732745621808,0.4786565428362485,0.4622014406672564,0.4584602067315036,0.49407702047654983,0.6477351916376306,1.0,0.9771
AI Picks by Srini underdog - March 12 2026.csv,287,1761,Cade Cunningham,RA,OVER,53.4%,DO NOT BET,C,✅ HIT,55.57,0.5682024615963078,0.4785059119618209,0.5152613240418118,0.4925952315702933,0.49407702047654983,0.45889526542324244,1.0,0.986
AI Picks by Srini underdog - March 10 2026.csv,370,1762,Deni Avdija,PR,OVER,58.80%,DO NOT BET,D,✅ HIT,55.13,0.5733141767788018,0.4784646124574268,0.4622014406672564,0.4584602067315036,0.49407702047654983,0.4724442138038401,1.0,0.9881
AI Picks by Srini underdog - March 12 2026.csv,276,1763,Cade Cunningham,PR,UNDER,55.9%,DO NOT BET,D,✅ HIT,56.11,0.5616842819407419,0.47839753555258535,0.4622014406672564,0.4584602067315036,0.49407702047654983,0.45889526542324244,1.0,0.9798
AI Picks by Srini underdog - March 13 2026.csv,306,1764,Josh Giddey,FTM,UNDER,56.9%,DO NOT BET,B,✅ HIT,54.29,0.5830669134639713,0.47838187295430334,0.5145057766367137,0.5557229965156795,0.49407702047654983,0.42409756097560974,1.0,0.9664
AI Picks by Srini underdog - March 12 2026.csv,256,1765,Jaylen Brown,PA,OVER,59.1%,DO NOT BET,D,✅ HIT,56.97,0.5513396906586021,0.47824847476645144,0.4054911368785819,0.4584602067315036,0.49407702047654983,0.3511199601791936,1.0,0.9977
AI Picks by Srini underdog - March 10 2026.csv,385,1766,Jalen Green,PRA,UNDER,59.20%,DO NOT BET,D,❌ MISS,54.71,0.5779150092703864,0.478244144402715,0.4730352303523035,0.4584602067315036,0.49407702047654983,0.48343495934959346,1.0,0.9876
AI Picks by Srini underdog - March 10 2026.csv,379,1767,Jalen Duren,PRA,OVER,55.00%,DO NOT BET,D,✅ HIT,54.89,0.57577469725105,0.4782290883791071,0.4730352303523035,0.4584602067315036,0.49407702047654983,0.6001318391562294,1.0,0.997
AI Picks by Srini underdog - March 12 2026.csv,357,1768,Jalen Johnson,AST,UNDER,57.3%,DO NOT BET,C,❌ MISS,53.81,0.5884710137706088,0.47822481338305567,0.4745136763108522,0.4925952315702933,0.49407702047654983,0.6164260826281732,1.0,0.9741
AI Picks by Srini underdog - March 9 2026.csv,41,1769,Karl-Anthony Towns,PRA,UNDER,54.20%,DO NOT BET,D,❌ MISS,56.11,0.561275183216312,0.47813162138170584,0.4730352303523035,0.4584602067315036,0.49407702047654983,0.49313669880884853,1.0,0.9754
AI Picks by Srini underdog - March 14 2026.csv,284,1770,Bennedict Mathurin,REB,UNDER,52.5%,DO NOT BET,B,❌ MISS,54.02,0.5857650988395217,0.47807147326496996,0.5620746167935988,0.5557229965156795,0.49407702047654983,0.4934417344173441,1.0,0.9906
AI Picks by Srini underdog - March 14 2026.csv,313,1771,Tyler Herro,3PA,UNDER,51.8%,DO NOT BET,B,❌ MISS,53.12,0.5963457068126515,0.4780681345027005,0.5765635645183267,0.5557229965156795,0.49407702047654983,0.591869918699187,1.0,0.995
AI Picks by Srini underdog - March 13 2026.csv,312,1772,Ace Bailey,PTS,UNDER,58.0%,DO NOT BET,D,✅ HIT,54.04,0.5855086784037746,0.4780577051805078,0.4830232333943893,0.4584602067315036,0.49407702047654983,0.5787456445993031,1.0,0.9905
AI Picks by Srini underdog - March 10 2026.csv,332,1773,Brandon Miller,PRA,UNDER,54.00%,DO NOT BET,D,❌ MISS,56.28,0.5590470585291143,0.47798303452460145,0.4730352303523035,0.4584602067315036,0.49407702047654983,0.47460545193687226,1.0,0.9815
AI Picks by Srini underdog - March 12 2026.csv,355,1774,Jayson Tatum,REB,UNDER,51.9%,DO NOT BET,B,NO GAME,53.85,0.5875928088666219,0.477959790593011,0.5620746167935988,0.5557229965156795,0.49407702047654983,0.5334688346883468,1.0,0.9879
AI Picks by Srini underdog - March 12 2026.csv,279,1775,Bam Adebayo,FGA,OVER,54.2%,DO NOT BET,D,✅ HIT,56.08,0.5612557680779745,0.47788964374362636,0.4736390243902439,0.4584602067315036,0.49407702047654983,0.48343495934959346,1.0,0.992
AI Picks by Srini underdog - March 15 2026.csv,241,1776,Giannis Antetokounmpo,PRA,UNDER,59.2%,DO NOT BET,D,❌ MISS,54.34,0.5815912538647474,0.47780495721174143,0.4730352303523035,0.4584602067315036,0.49407702047654983,0.5149974052932018,1.0,0.998
AI Picks by Srini underdog - March 10 2026.csv,365,1777,Amen Thompson,PR,OVER,57.90%,DO NOT BET,D,✅ HIT,55.36,0.5695923163740275,0.4778038129802178,0.4622014406672564,0.4584602067315036,0.49407702047654983,0.4609756097560975,1.0,0.9978
AI Picks by Srini underdog - March 13 2026.csv,221,1778,Julius Randle,PA,UNDER,50.9%,DO NOT BET,D,✅ HIT,56.94,0.5509784079402686,0.47778428320137456,0.4054911368785819,0.4584602067315036,0.49407702047654983,0.6265071329958583,1.0,0.9973
AI Picks by Srini underdog - March 10 2026.csv,349,1779,Alperen Sengun,AST,OVER,54.50%,DO NOT BET,C,❌ MISS,55.81,0.5642237935343992,0.4777546401068613,0.4745136763108522,0.4925952315702933,0.49407702047654983,0.4607538802660754,1.0,0.9909
AI Picks by Srini underdog - March 14 2026.csv,286,1780,Luka Dončić,3PA,UNDER,54.6%,DO NOT BET,B,❌ MISS,53.99,0.585584249651926,0.4777245634948727,0.5765635645183267,0.5557229965156795,0.49407702047654983,0.3885553470919324,1.0,0.996
AI Picks by Srini underdog - March 12 2026.csv,371,1781,Giannis Antetokounmpo,REB,OVER,54.6%,DO NOT BET,B,❌ MISS,53.19,0.5949906659271076,0.47772252612280386,0.5620746167935988,0.5557229965156795,0.49407702047654983,0.5149974052932018,1.0,0.9892
AI Picks by Srini underdog - March 11 2026.csv,252,1782,Darius Garland,RA,UNDER,52.60%,DO NOT BET,C,✅ HIT,54.34,0.5811882473680823,0.47754300298890906,0.5152613240418118,0.4925952315702933,0.49407702047654983,0.6147531231409875,1.0,0.9884
AI Picks by Srini underdog - March 11 2026.csv,201,1783,Nikola Jokić,PR,OVER,56.30%,DO NOT BET,D,❌ MISS,56.12,0.5601967517850482,0.47750709355077114,0.4622014406672564,0.4584602067315036,0.49407702047654983,0.4297199638663053,1.0,0.9812
AI Picks by Srini underdog - March 10 2026.csv,313,1784,Kevin Durant,PR,UNDER,54.70%,DO NOT BET,D,❌ MISS,56.69,0.553389200395929,0.47743998331288606,0.4622014406672564,0.4584602067315036,0.49407702047654983,0.41234444997511194,1.0,0.9886
AI Picks by Srini underdog - March 15 2026.csv,226,1785,Donte DiVincenzo,RA,UNDER,52.2%,DO NOT BET,C,❌ MISS,54.87,0.5747375963005961,0.47740206756253856,0.5152613240418118,0.4925952315702933,0.49407702047654983,0.5612466124661246,1.0,0.9936
AI Picks by Srini underdog - March 15 2026.csv,219,1786,Scoot Henderson,TOV,UNDER,53.7%,DO NOT BET,A,✅ HIT,55.36,0.5688652527784402,0.47733122164308606,0.59583830803343,0.6088002636783125,0.49407702047654983,0.5170731707317073,0.5,0.9613
AI Picks by Srini underdog - March 15 2026.csv,208,1787,Cooper Flagg,PTS,UNDER,56.0%,DO NOT BET,D,❌ MISS,55.8,0.5636708024991914,0.47731874333458946,0.4830232333943893,0.4584602067315036,0.49407702047654983,0.4270168855534709,1.0,0.9932
AI Picks by Srini underdog - March 11 2026.csv,272,1788,Bennedict Mathurin,REB,UNDER,52.60%,DO NOT BET,B,✅ HIT,53.87,0.5862850988395217,0.47726268427416935,0.5620746167935988,0.5557229965156795,0.49407702047654983,0.4934417344173441,1.0,0.9942
AI Picks by Srini underdog - March 14 2026.csv,253,1789,CJ McCollum,RA,UNDER,53.7%,DO NOT BET,C,✅ HIT,55.41,0.568075076636375,0.4771998701476772,0.5152613240418118,0.4925952315702933,0.49407702047654983,0.4440214158239143,1.0,0.9928
AI Picks by Srini underdog - March 12 2026.csv,295,1790,Stephon Castle,AST,UNDER,53.4%,DO NOT BET,C,❌ MISS,55.48,0.5672467647095655,0.47719663559095793,0.4745136763108522,0.4925952315702933,0.49407702047654983,0.5273835920177383,1.0,0.9929
AI Picks by Srini underdog - March 11 2026.csv,232,1791,Brandon Miller,RA,OVER,54.70%,DO NOT BET,C,❌ MISS,55.0,0.5728334802476708,0.47715827592016435,0.5152613240418118,0.4925952315702933,0.49407702047654983,0.47460545193687226,1.0,0.9588
AI Picks by Srini underdog - March 12 2026.csv,303,1792,Cooper Flagg,PA,UNDER,62.6%,DO NOT BET,D,✅ HIT,55.17,0.5707493831960299,0.4771033070261719,0.4054911368785819,0.4584602067315036,0.49407702047654983,0.4270168855534709,1.0,0.9961
AI Picks by Srini underdog - March 10 2026.csv,387,1793,Donte DiVincenzo,PRA,OVER,56.40%,DO NOT BET,D,❌ MISS,54.7,0.5761461745820395,0.4770179492559028,0.4730352303523035,0.4584602067315036,0.49407702047654983,0.5612466124661246,1.0,0.987
AI Picks by Srini underdog - March 14 2026.csv,293,1794,De'Aaron Fox,PRA,OVER,56.9%,DO NOT BET,D,❌ MISS,53.76,0.5871816759370531,0.4770044807943109,0.4730352303523035,0.4584602067315036,0.49407702047654983,0.6501016260162601,1.0,0.996
AI Picks by Srini underdog - March 15 2026.csv,232,1795,Jrue Holiday,RA,OVER,55.3%,DO NOT BET,C,❌ MISS,54.7,0.5759098862734957,0.4768643618553493,0.5152613240418118,0.4925952315702933,0.49407702047654983,0.4712195121951219,1.0,0.9863
AI Picks by Srini underdog - March 14 2026.csv,329,1796,Jalen Johnson,3PM,UNDER,51.4%,DO NOT BET,S,❌ MISS,52.56,0.600921700467868,0.4767611848129355,0.5747041267881033,0.5869918699186992,0.49407702047654983,0.6164260826281732,1.0,0.997
AI Picks by Srini underdog - March 12 2026.csv,282,1797,CJ McCollum,PR,OVER,56.0%,DO NOT BET,D,❌ MISS,55.94,0.5609768969808091,0.47663804113905495,0.4622014406672564,0.4584602067315036,0.49407702047654983,0.4440214158239143,1.0,0.9886
AI Picks by Srini underdog - March 13 2026.csv,295,1798,Dejounte Murray,RA,UNDER,53.1%,DO NOT BET,C,❌ MISS,54.6,0.5765732602572358,0.47653102895091326,0.5152613240418118,0.4925952315702933,0.49407702047654983,0.5502032520325203,1.0,0.9912
AI Picks by Srini underdog - March 13 2026.csv,268,1799,Immanuel Quickley,PRA,OVER,56.5%,DO NOT BET,D,❌ MISS,55.4,0.567115938422535,0.4764999777092945,0.4730352303523035,0.4584602067315036,0.49407702047654983,0.4679442508710801,1.0,0.9862
AI Picks by Srini underdog - March 15 2026.csv,265,1800,Jalen Brunson,3PM,UNDER,54.2%,DO NOT BET,S,✅ HIT,53.85,0.5853422222863515,0.47649690931583527,0.5747041267881033,0.5869918699186992,0.49407702047654983,0.3700813008130081,1.0,0.9877
AI Picks by Srini underdog - March 9 2026.csv,44,1801,Jalen Brunson,RA,UNDER,55.40%,DO NOT BET,C,❌ MISS,55.5,0.5658910651352844,0.47646833606644867,0.5152613240418118,0.4925952315702933,0.49407702047654983,0.3700813008130081,1.0,0.9814
AI Picks by Srini underdog - March 11 2026.csv,305,1802,Donovan Mitchell,3PM,OVER,53.20%,DO NOT BET,S,✅ HIT,52.87,0.5966912060261889,0.47638139400683205,0.5747041267881033,0.5869918699186992,0.49407702047654983,0.5138211382113821,1.0,0.9952
AI Picks by Srini underdog - March 12 2026.csv,262,1803,Luka Dončić,PRA,UNDER,54.4%,DO NOT BET,D,❌ MISS,56.66,0.5521120480446204,0.4763804764863754,0.4730352303523035,0.4584602067315036,0.49407702047654983,0.3885553470919324,1.0,0.9877
AI Picks by Srini underdog - March 13 2026.csv,272,1804,OG Anunoby,FTM,UNDER,52.7%,DO NOT BET,B,❌ MISS,55.3,0.5680719134639712,0.47635683549236096,0.5145057766367137,0.5557229965156795,0.49407702047654983,0.4040975609756097,1.0,0.9921
AI Picks by Srini underdog - March 12 2026.csv,270,1805,Victor Wembanyama,FGA,UNDER,57.4%,DO NOT BET,D,NO GAME,56.35,0.5557034103543973,0.4763448314067424,0.4736390243902439,0.4584602067315036,0.49407702047654983,0.3382113821138211,1.0,0.9538
AI Picks by Srini underdog - March 15 2026.csv,222,1806,Donovan Mitchell,FGA,UNDER,55.3%,DO NOT BET,D,❌ MISS,55.3,0.5679493859641533,0.47627719261747925,0.4736390243902439,0.4584602067315036,0.49407702047654983,0.5138211382113821,1.0,0.9903
AI Picks by Srini underdog - March 12 2026.csv,343,1807,Myles Turner,PTS,OVER,56.2%,DO NOT BET,D,❌ MISS,54.31,0.5795607140916639,0.47625574856107694,0.4830232333943893,0.4584602067315036,0.49407702047654983,0.5819660014781965,1.0,0.9875
AI Picks by Srini underdog - March 11 2026.csv,312,1808,Miles Bridges,REB,UNDER,51.90%,DO NOT BET,B,✅ HIT,52.61,0.5993933470005748,0.47615001805612844,0.5620746167935988,0.5557229965156795,0.49407702047654983,0.6501742160278745,1.0,0.9905
AI Picks by Srini underdog - March 14 2026.csv,295,1809,Aaron Gordon,3PM,UNDER,51.6%,DO NOT BET,S,❌ MISS,53.7,0.5865259308542063,0.4761195308941403,0.5747041267881033,0.5869918699186992,0.49407702047654983,0.4694183864915572,1.0,0.9895
AI Picks by Srini underdog - March 11 2026.csv,187,1810,Keyonte George,PTS,UNDER,53.10%,DO NOT BET,D,✅ HIT,56.76,0.5504853228515856,0.4760876311047698,0.4830232333943893,0.4584602067315036,0.49407702047654983,0.4002120890774125,1.0,0.9803
AI Picks by Srini underdog - March 15 2026.csv,227,1811,Naz Reid,RA,UNDER,52.6%,DO NOT BET,C,✅ HIT,54.84,0.5730551301759348,0.47607910678334864,0.5152613240418118,0.4925952315702933,0.49407702047654983,0.5301219512195121,1.0,0.995
AI Picks by Srini underdog - March 13 2026.csv,301,1812,Jalen Duren,PRA,UNDER,56.1%,DO NOT BET,D,❌ MISS,54.42,0.5779246972510501,0.4760333162079318,0.4730352303523035,0.4584602067315036,0.49407702047654983,0.6001318391562294,1.0,0.9652000000000001
AI Picks by Srini underdog - March 12 2026.csv,283,1813,Ivica Zubac,AST,UNDER,51.7%,DO NOT BET,C,❌ MISS,55.81,0.5615040649477193,0.4759868165255194,0.4745136763108522,0.4925952315702933,0.49407702047654983,0.5261065943992773,1.0,0.9962
AI Picks by Srini underdog - March 13 2026.csv,326,1814,James Harden,3PA,OVER,55.5%,DO NOT BET,B,❌ MISS,53.54,0.588165710508143,0.47596214607901177,0.5765635645183267,0.5557229965156795,0.49407702047654983,0.39101995565410197,1.0,0.9815
AI Picks by Srini underdog - March 12 2026.csv,314,1815,Andrew Nembhard,AST,UNDER,55.2%,DO NOT BET,C,✅ HIT,54.96,0.5714546693658847,0.47595623844945656,0.4745136763108522,0.4925952315702933,0.49407702047654983,0.5093126385809312,1.0,0.9908
AI Picks by Srini underdog - March 11 2026.csv,218,1816,Bennedict Mathurin,PRA,OVER,54.60%,DO NOT BET,D,✅ HIT,55.62,0.5636256867771616,0.47591327132630934,0.4730352303523035,0.4584602067315036,0.49407702047654983,0.4934417344173441,1.0,0.9946
AI Picks by Srini underdog - March 11 2026.csv,209,1817,Nikola Jokić,AST,UNDER,54.70%,DO NOT BET,C,❌ MISS,55.9,0.5603054018944221,0.47589575893535657,0.4745136763108522,0.4925952315702933,0.49407702047654983,0.4297199638663053,1.0,0.961
AI Picks by Srini underdog - March 15 2026.csv,215,1818,Cade Cunningham,PTS,UNDER,55.4%,DO NOT BET,D,❌ MISS,55.54,0.5645286404861686,0.4758885704420702,0.4830232333943893,0.4584602067315036,0.49407702047654983,0.45889526542324244,1.0,0.9874
AI Picks by Srini underdog - March 11 2026.csv,250,1819,LaMelo Ball,PRA,UNDER,56.90%,DO NOT BET,D,❌ MISS,54.42,0.5776512694329881,0.4758555881261915,0.4730352303523035,0.4584602067315036,0.49407702047654983,0.5640975609756097,1.0,0.9774
AI Picks by Srini underdog - March 14 2026.csv,319,1820,Jayson Tatum,REB,OVER,54.1%,DO NOT BET,B,✅ HIT,52.97,0.5946678088666221,0.4758307118469807,0.5620746167935988,0.5557229965156795,0.49407702047654983,0.5334688346883468,1.0,0.9798
AI Picks by Srini underdog - March 14 2026.csv,303,1821,Bam Adebayo,3PM,UNDER,51.8%,DO NOT BET,S,❌ MISS,53.5,0.58841258814001,0.4758168061421785,0.5747041267881033,0.5869918699186992,0.49407702047654983,0.48343495934959346,1.0,0.9856
AI Picks by Srini underdog - March 15 2026.csv,224,1822,Anthony Edwards,PRA,UNDER,52.3%,DO NOT BET,D,✅ HIT,55.21,0.5682481467426703,0.47578331372903493,0.4730352303523035,0.4584602067315036,0.49407702047654983,0.6243163340724316,1.0,0.9817
AI Picks by Srini underdog - March 10 2026.csv,400,1823,Klay Thompson,PTS,OVER,57.90%,DO NOT BET,D,✅ HIT,54.44,0.577226431017015,0.47573234835458234,0.4830232333943893,0.4584602067315036,0.49407702047654983,0.5170731707317073,1.0,0.955
AI Picks by Srini underdog - March 15 2026.csv,253,1824,VJ Edgecombe,STL,UNDER,54.8%,DO NOT BET,A,✅ HIT,54.14,0.5807427664125823,0.47572438838009984,0.6067636810821889,0.6088002636783125,0.49407702047654983,0.5840975609756097,0.5,0.9463
AI Picks by Srini underdog - March 10 2026.csv,427,1825,Michael Porter Jr.,REB,UNDER,51.50%,DO NOT BET,B,✅ HIT,53.69,0.5860004375929093,0.4757015076749105,0.5620746167935988,0.5557229965156795,0.49407702047654983,0.5281951219512195,1.0,0.9938
AI Picks by Srini underdog - March 12 2026.csv,339,1826,De'Aaron Fox,AST,UNDER,52.7%,DO NOT BET,C,❌ MISS,54.43,0.5772435681094177,0.4756670348652574,0.4745136763108522,0.4925952315702933,0.49407702047654983,0.6501016260162601,1.0,0.995
AI Picks by Srini underdog - March 10 2026.csv,459,1827,Collin Sexton,3PA,UNDER,53.40%,DO NOT BET,B,NO GAME,52.94,0.5943010320159036,0.4753629490958535,0.5765635645183267,0.5557229965156795,0.49407702047654983,0.5170731707317073,1.0,0.9949
AI Picks by Srini underdog - March 10 2026.csv,321,1828,Amen Thompson,PA,OVER,56.30%,DO NOT BET,D,✅ HIT,56.48,0.5526302556162926,0.47534116461900155,0.4054911368785819,0.4584602067315036,0.49407702047654983,0.4609756097560975,1.0,0.9942
AI Picks by Srini underdog - March 15 2026.csv,282,1829,Andrew Nembhard,REB,OVER,53.6%,DO NOT BET,B,NO GAME,53.2,0.5911721892558804,0.475316968885893,0.5620746167935988,0.5557229965156795,0.49407702047654983,0.5093126385809312,1.0,0.9922
AI Picks by Srini underdog - March 11 2026.csv,287,1830,James Harden,3PM,OVER,54.60%,DO NOT BET,S,✅ HIT,53.39,0.5888610877704608,0.47526735230871764,0.5747041267881033,0.5869918699186992,0.49407702047654983,0.39101995565410197,1.0,0.989
AI Picks by Srini underdog - March 10 2026.csv,336,1831,Josh Giddey,PR,UNDER,55.30%,DO NOT BET,D,❌ MISS,56.18,0.5560145114959787,0.4752473529591962,0.4622014406672564,0.4584602067315036,0.49407702047654983,0.42409756097560974,1.0,0.9768
AI Picks by Srini underdog - March 9 2026.csv,45,1832,Bennedict Mathurin,PR,OVER,56.40%,DO NOT BET,D,✅ HIT,55.21,0.5673989288401521,0.47523132209239816,0.4622014406672564,0.4584602067315036,0.49407702047654983,0.4934417344173441,1.0,0.991
AI Picks by Srini underdog - March 10 2026.csv,407,1833,Naz Reid,RA,OVER,54.40%,DO NOT BET,C,❌ MISS,54.21,0.5791301301759347,0.4752113430219859,0.5152613240418118,0.4925952315702933,0.49407702047654983,0.5301219512195121,1.0,0.9941
AI Picks by Srini underdog - March 11 2026.csv,271,1834,Ace Bailey,PTS,UNDER,57.60%,DO NOT BET,D,❌ MISS,53.88,0.5829186784037746,0.47515096359032044,0.4830232333943893,0.4584602067315036,0.49407702047654983,0.5787456445993031,1.0,0.9659
AI Picks by Srini underdog - March 13 2026.csv,299,1835,Donovan Mitchell,RA,UNDER,53.8%,DO NOT BET,C,✅ HIT,54.55,0.5746550488751216,0.4749019285556055,0.5152613240418118,0.4925952315702933,0.49407702047654983,0.5138211382113821,1.0,0.978
AI Picks by Srini underdog - March 15 2026.csv,209,1836,Jalen Brunson,RA,OVER,53.5%,DO NOT BET,C,❌ MISS,55.75,0.5602710651352844,0.4747266510511164,0.5152613240418118,0.4925952315702933,0.49407702047654983,0.3700813008130081,1.0,0.9982
AI Picks by Srini underdog - March 10 2026.csv,447,1837,Bam Adebayo,PTS,UNDER,62.90%,DO NOT BET,D,❌ MISS,53.18,0.5904126098788036,0.4746703370920196,0.4830232333943893,0.4584602067315036,0.49407702047654983,0.48343495934959346,1.0,0.946
AI Picks by Srini underdog - March 14 2026.csv,158,1838,Jayson Tatum,PR,OVER,54.0%,DO NOT BET,D,✅ HIT,58.7,0.5251966388672524,0.47448179079597486,0.4622014406672564,0.4584602067315036,0.49407702047654983,0.5334688346883468,0.5,0.9301
AI Picks by Srini underdog - March 10 2026.csv,435,1839,Deni Avdija,REB,OVER,53.40%,DO NOT BET,B,❌ MISS,53.45,0.5869453467781713,0.47448083626004983,0.5620746167935988,0.5557229965156795,0.49407702047654983,0.4724442138038401,1.0,0.995
AI Picks by Srini underdog - March 11 2026.csv,194,1840,Scottie Barnes,PTS,UNDER,54.40%,DO NOT BET,D,✅ HIT,56.52,0.5504292640376529,0.47421633049043255,0.4830232333943893,0.4584602067315036,0.49407702047654983,0.5424015009380863,0.75,0.9564
AI Picks by Srini underdog - March 14 2026.csv,237,1841,CJ McCollum,PR,OVER,55.2%,DO NOT BET,D,✅ HIT,55.92,0.5572768969808092,0.47408013594028153,0.4622014406672564,0.4584602067315036,0.49407702047654983,0.4440214158239143,1.0,0.969
AI Picks by Srini underdog - March 12 2026.csv,348,1842,De'Aaron Fox,PR,OVER,55.4%,DO NOT BET,D,✅ HIT,54.15,0.5780749180000437,0.4740667395113365,0.4622014406672564,0.4584602067315036,0.49407702047654983,0.6501016260162601,1.0,0.9592
AI Picks by Srini underdog - March 12 2026.csv,288,1843,Jamal Murray,PTS,UNDER,52.4%,DO NOT BET,D,❌ MISS,55.57,0.5613242765454703,0.4740350916787765,0.4830232333943893,0.4584602067315036,0.49407702047654983,0.5251016260162601,1.0,0.9949
AI Picks by Srini underdog - March 13 2026.csv,311,1844,Kevin Durant,REB,UNDER,52.9%,DO NOT BET,B,❌ MISS,54.08,0.5788203703952984,0.47401611537254507,0.5620746167935988,0.5557229965156795,0.49407702047654983,0.41234444997511194,1.0,0.9867
AI Picks by Srini underdog - March 12 2026.csv,366,1845,Khris Middleton,REB,OVER,52.6%,DO NOT BET,B,❌ MISS,53.26,0.5883682424709581,0.4739531190720137,0.5620746167935988,0.5557229965156795,0.49407702047654983,0.5170731707317073,1.0,0.9886
AI Picks by Srini underdog - March 12 2026.csv,381,1846,Bam Adebayo,3PA,UNDER,53.4%,DO NOT BET,B,✅ HIT,53.02,0.5909972108776922,0.47382708615110986,0.5765635645183267,0.5557229965156795,0.49407702047654983,0.48343495934959346,1.0,0.9961
AI Picks by Srini underdog - March 12 2026.csv,297,1847,Andrew Nembhard,PR,OVER,54.5%,DO NOT BET,D,✅ HIT,55.44,0.5624760192565109,0.47378984064892565,0.4622014406672564,0.4584602067315036,0.49407702047654983,0.5093126385809312,1.0,0.99
AI Picks by Srini underdog - March 12 2026.csv,299,1848,Devin Booker,RA,OVER,56.1%,DO NOT BET,C,✅ HIT,55.35,0.5631797643222762,0.4735592015471927,0.5152613240418118,0.4925952315702933,0.49407702047654983,0.31676829268292683,1.0,0.9862
AI Picks by Srini underdog - March 11 2026.csv,235,1849,Anthony Edwards,PRA,UNDER,52.60%,DO NOT BET,D,✅ HIT,54.84,0.5691181467426703,0.47352006755172665,0.4730352303523035,0.4584602067315036,0.49407702047654983,0.6243163340724316,1.0,0.9787
AI Picks by Srini underdog - March 12 2026.csv,390,1850,Jamal Murray,REB,OVER,53.8%,DO NOT BET,B,❌ MISS,52.74,0.5936210879994133,0.4733919334974007,0.5620746167935988,0.5557229965156795,0.49407702047654983,0.5251016260162601,1.0,0.996
AI Picks by Srini underdog - March 11 2026.csv,222,1851,Karl-Anthony Towns,FTM,UNDER,53.50%,DO NOT BET,B,✅ HIT,55.51,0.5610208272472952,0.4733791340386424,0.5145057766367137,0.5557229965156795,0.49407702047654983,0.49313669880884853,0.75,0.9686
AI Picks by Srini underdog - March 13 2026.csv,329,1852,Jalen Brunson,3PM,OVER,53.9%,DO NOT BET,S,❌ MISS,53.5,0.5843422222863515,0.47317106833730044,0.5747041267881033,0.5869918699186992,0.49407702047654983,0.3700813008130081,1.0,0.9881
AI Picks by Srini underdog - March 12 2026.csv,336,1853,Jalen Johnson,PR,UNDER,54.6%,DO NOT BET,D,✅ HIT,54.46,0.572917363661235,0.47308435977209884,0.4622014406672564,0.4584602067315036,0.49407702047654983,0.6164260826281732,1.0,0.9778
AI Picks by Srini underdog - March 14 2026.csv,299,1854,Austin Reaves,PTS,OVER,58.0%,DO NOT BET,D,✅ HIT,53.57,0.5830591736221006,0.4728722549012443,0.4830232333943893,0.4584602067315036,0.49407702047654983,0.5575505967825636,1.0,0.9839
AI Picks by Srini underdog - March 14 2026.csv,232,1855,Kevin Porter Jr.,PR,UNDER,56.4%,DO NOT BET,D,❌ MISS,56.08,0.5535349722005857,0.47287112642332363,0.4622014406672564,0.4584602067315036,0.49407702047654983,0.3668021680216802,1.0,0.967
AI Picks by Srini underdog - March 13 2026.csv,316,1856,Cooper Flagg,REB,UNDER,52.2%,DO NOT BET,B,✅ HIT,53.99,0.5777826139531343,0.472653500290658,0.5620746167935988,0.5557229965156795,0.49407702047654983,0.4270168855534709,1.0,0.9842
AI Picks by Srini underdog - March 10 2026.csv,337,1857,Devin Booker,PR,UNDER,57.00%,DO NOT BET,D,❌ MISS,56.17,0.5520515846667104,0.47259499792078513,0.4622014406672564,0.4584602067315036,0.49407702047654983,0.31676829268292683,1.0,0.9966
AI Picks by Srini underdog - March 12 2026.csv,345,1858,LeBron James,RA,OVER,54.7%,DO NOT BET,C,✅ HIT,54.25,0.5746242629672628,0.472588339733896,0.5152613240418118,0.4925952315702933,0.49407702047654983,0.4779132791327913,1.0,0.988
AI Picks by Srini underdog - March 14 2026.csv,242,1859,CJ McCollum,PRA,OVER,55.0%,DO NOT BET,D,✅ HIT,55.62,0.5583136549178186,0.4724604506177364,0.4730352303523035,0.4584602067315036,0.49407702047654983,0.4440214158239143,1.0,0.96
AI Picks by Srini underdog - March 15 2026.csv,221,1860,Jalen Brunson,AST,UNDER,56.6%,DO NOT BET,C,❌ MISS,55.31,0.5618265355890925,0.4723737924730764,0.4745136763108522,0.4925952315702933,0.49407702047654983,0.3700813008130081,1.0,0.9815
AI Picks by Srini underdog - March 14 2026.csv,251,1861,Luka Dončić,FGA,UNDER,56.8%,DO NOT BET,D,❌ MISS,55.42,0.5605228068522083,0.47236734738735553,0.4736390243902439,0.4584602067315036,0.49407702047654983,0.3885553470919324,1.0,0.9903
AI Picks by Srini underdog - March 13 2026.csv,362,1862,Donte DiVincenzo,3PM,OVER,52.4%,DO NOT BET,S,❌ MISS,52.18,0.5984887534516631,0.47227457047570737,0.5747041267881033,0.5869918699186992,0.49407702047654983,0.5612466124661246,1.0,0.9907
AI Picks by Srini underdog - March 10 2026.csv,401,1863,LaMelo Ball,PTS,UNDER,54.90%,DO NOT BET,D,✅ HIT,54.36,0.5727638700414052,0.47222006292534235,0.4830232333943893,0.4584602067315036,0.49407702047654983,0.5640975609756097,1.0,0.9757
AI Picks by Srini underdog - March 10 2026.csv,430,1864,Kevin Durant,REB,UNDER,53.60%,DO NOT BET,B,❌ MISS,53.61,0.5815603703952985,0.4722038432013698,0.5620746167935988,0.5557229965156795,0.49407702047654983,0.41234444997511194,1.0,0.9939
AI Picks by Srini underdog - March 13 2026.csv,378,1865,Kristaps Porziņģis,REB,UNDER,52.3%,DO NOT BET,B,✅ HIT,51.53,0.6059646871238661,0.47216450840250324,0.5620746167935988,0.5557229965156795,0.49407702047654983,0.7001876172607879,1.0,0.9947
AI Picks by Srini underdog - March 14 2026.csv,233,1866,Luka Dončić,PRA,UNDER,54.5%,DO NOT BET,D,❌ MISS,56.08,0.5524470480446204,0.4721639757219462,0.4730352303523035,0.4584602067315036,0.49407702047654983,0.3885553470919324,1.0,0.9876
AI Picks by Srini underdog - March 11 2026.csv,330,1867,Karl-Anthony Towns,TOV,UNDER,53.00%,DO NOT BET,A,✅ HIT,52.05,0.5997766055861543,0.4721177905710994,0.59583830803343,0.6088002636783125,0.49407702047654983,0.49313669880884853,1.0,0.975
AI Picks by Srini underdog - March 10 2026.csv,436,1868,DeMar DeRozan,REB,OVER,54.10%,DO NOT BET,B,✅ HIT,53.42,0.5834968947536348,0.4720099846459409,0.5620746167935988,0.5557229965156795,0.49407702047654983,0.415509693558474,1.0,0.9923
AI Picks by Srini underdog - March 15 2026.csv,288,1869,VJ Edgecombe,PRA,UNDER,59.7%,DO NOT BET,D,❌ MISS,53.02,0.587916269432988,0.47182447421205215,0.4730352303523035,0.4584602067315036,0.49407702047654983,0.5840975609756097,1.0,0.9523
AI Picks by Srini underdog - March 11 2026.csv,257,1870,Desmond Bane,FGA,OVER,53.60%,DO NOT BET,D,✅ HIT,54.14,0.5746056967323632,0.4717352930879574,0.4736390243902439,0.4584602067315036,0.49407702047654983,0.6368342458934793,1.0,0.993
AI Picks by Srini underdog - March 10 2026.csv,397,1871,LaMelo Ball,PR,UNDER,55.00%,DO NOT BET,D,✅ HIT,54.52,0.5700395114959786,0.47167247146100244,0.4622014406672564,0.4584602067315036,0.49407702047654983,0.5640975609756097,1.0,0.9977
AI Picks by Srini underdog - March 13 2026.csv,282,1872,Tobias Harris,PRA,OVER,54.7%,DO NOT BET,D,NO GAME,54.99,0.564448830408598,0.4716318009253804,0.4730352303523035,0.4584602067315036,0.49407702047654983,0.5170731707317073,1.0,0.957
AI Picks by Srini underdog - March 14 2026.csv,267,1873,Kawhi Leonard,PA,OVER,55.1%,DO NOT BET,D,❌ MISS,54.94,0.5646998147157297,0.4714126777280824,0.4054911368785819,0.4584602067315036,0.49407702047654983,0.633921200750469,1.0,0.9713
AI Picks by Srini underdog - March 14 2026.csv,262,1874,Luka Dončić,RA,UNDER,53.6%,DO NOT BET,C,❌ MISS,55.13,0.5623384697631768,0.4713304028972705,0.5152613240418118,0.4925952315702933,0.49407702047654983,0.3885553470919324,1.0,0.9958
AI Picks by Srini underdog - March 14 2026.csv,278,1875,Kawhi Leonard,PRA,OVER,53.3%,DO NOT BET,D,❌ MISS,54.27,0.5724036334104741,0.4712978357207568,0.4730352303523035,0.4584602067315036,0.49407702047654983,0.633921200750469,1.0,0.9776
AI Picks by Srini underdog - March 11 2026.csv,238,1876,Amen Thompson,RA,UNDER,53.00%,DO NOT BET,C,✅ HIT,54.7,0.5673104960295934,0.4712747581968128,0.5152613240418118,0.4925952315702933,0.49407702047654983,0.4609756097560975,1.0,0.9912
AI Picks by Srini underdog - March 13 2026.csv,300,1877,Bennedict Mathurin,PRA,UNDER,56.5%,DO NOT BET,D,❌ MISS,54.51,0.5691906867771614,0.47104428279438454,0.4730352303523035,0.4584602067315036,0.49407702047654983,0.4934417344173441,1.0,0.9767
AI Picks by Srini underdog - March 13 2026.csv,328,1878,Trey Murphy III,PTS,OVER,55.3%,DO NOT BET,D,❌ MISS,53.5,0.5810414023226105,0.47102553536086883,0.4830232333943893,0.4584602067315036,0.49407702047654983,0.6236728837876614,1.0,0.9949
AI Picks by Srini underdog - March 14 2026.csv,333,1879,Jaime Jaquez Jr.,REB,OVER,52.4%,DO NOT BET,B,❌ MISS,52.35,0.5942454898577176,0.47081614332921684,0.5620746167935988,0.5557229965156795,0.49407702047654983,0.5787456445993031,1.0,0.9964
AI Picks by Srini underdog - March 11 2026.csv,237,1880,Anthony Edwards,PR,UNDER,52.20%,DO NOT BET,D,✅ HIT,54.74,0.5660263888056609,0.47074589889880347,0.4622014406672564,0.4584602067315036,0.49407702047654983,0.6243163340724316,1.0,0.9874
AI Picks by Srini underdog - March 10 2026.csv,443,1881,De'Aaron Fox,3PM,OVER,50.30%,DO NOT BET,S,✅ HIT,53.29,0.5830142548066766,0.4707023848883909,0.5747041267881033,0.5869918699186992,0.49407702047654983,0.6501016260162601,0.75,0.9963
AI Picks by Srini underdog - March 12 2026.csv,354,1882,Chet Holmgren,AST,OVER,55.1%,DO NOT BET,C,❌ MISS,53.99,0.5747447026253083,0.47067885792757114,0.4745136763108522,0.4925952315702933,0.49407702047654983,0.5516629711751663,1.0,0.9787
AI Picks by Srini underdog - March 13 2026.csv,297,1883,OG Anunoby,STL,UNDER,50.4%,DO NOT BET,A,✅ HIT,54.57,0.5677077664125822,0.4705391001537283,0.6067636810821889,0.6088002636783125,0.49407702047654983,0.4040975609756097,0.75,0.9948
AI Picks by Srini underdog - March 15 2026.csv,216,1884,Cade Cunningham,PR,UNDER,54.3%,DO NOT BET,D,❌ MISS,55.52,0.556339281940742,0.4704125821887696,0.4622014406672564,0.4584602067315036,0.49407702047654983,0.45889526542324244,1.0,0.9817
AI Picks by Srini underdog - March 13 2026.csv,262,1885,Donovan Mitchell,PR,OVER,52.5%,DO NOT BET,D,❌ MISS,55.52,0.5563018692195559,0.47038826391999866,0.4622014406672564,0.4584602067315036,0.49407702047654983,0.5138211382113821,1.0,0.9935
AI Picks by Srini underdog - March 13 2026.csv,351,1886,Draymond Green,REB,UNDER,52.3%,DO NOT BET,B,NO GAME,52.49,0.5919003156416897,0.47036211648021264,0.5620746167935988,0.5557229965156795,0.49407702047654983,0.5602439024390244,1.0,0.9933
AI Picks by Srini underdog - March 10 2026.csv,475,1887,Jayson Tatum,3PM,OVER,51.30%,DO NOT BET,S,✅ HIT,52.45,0.5921909756738852,0.47024523510359295,0.5747041267881033,0.5869918699186992,0.49407702047654983,0.5334688346883468,1.0,0.9951
AI Picks by Srini underdog - March 12 2026.csv,319,1888,Stephon Castle,PRA,OVER,54.4%,DO NOT BET,D,✅ HIT,54.79,0.564604872537201,0.4702041763212381,0.4730352303523035,0.4584602067315036,0.49407702047654983,0.5273835920177383,1.0,0.9599
AI Picks by Srini underdog - March 14 2026.csv,307,1889,LeBron James,REB,UNDER,51.4%,DO NOT BET,B,❌ MISS,53.41,0.5807172533110664,0.4701267651088847,0.5620746167935988,0.5557229965156795,0.49407702047654983,0.4779132791327913,1.0,0.9955
AI Picks by Srini underdog - March 12 2026.csv,321,1890,CJ McCollum,RA,UNDER,52.9%,DO NOT BET,C,✅ HIT,54.74,0.565070076636375,0.4701242959887677,0.5152613240418118,0.4925952315702933,0.49407702047654983,0.4440214158239143,1.0,0.9871
AI Picks by Srini underdog - March 9 2026.csv,52,1891,Kawhi Leonard,FGA,UNDER,52.40%,DO NOT BET,D,❌ MISS,54.31,0.5700693922180622,0.4700863893432358,0.4736390243902439,0.4584602067315036,0.49407702047654983,0.633921200750469,1.0,0.9897
AI Picks by Srini underdog - March 15 2026.csv,223,1892,Jalen Brunson,PRA,UNDER,57.0%,DO NOT BET,D,❌ MISS,55.25,0.5589646434167279,0.4700548469647192,0.4730352303523035,0.4584602067315036,0.49407702047654983,0.3700813008130081,1.0,0.9849
AI Picks by Srini underdog - March 11 2026.csv,337,1893,Julius Randle,REB,OVER,52.30%,DO NOT BET,B,✅ HIT,51.88,0.5985816386973731,0.4700413679038177,0.5620746167935988,0.5557229965156795,0.49407702047654983,0.6265071329958583,1.0,0.9944
AI Picks by Srini underdog - March 13 2026.csv,263,1894,Jalen Brunson,PR,UNDER,56.7%,DO NOT BET,D,❌ MISS,55.52,0.5556078854797186,0.4699371744891043,0.4622014406672564,0.4584602067315036,0.49407702047654983,0.3700813008130081,1.0,0.9815
AI Picks by Srini underdog - March 10 2026.csv,327,1895,CJ McCollum,PA,OVER,54.80%,DO NOT BET,D,❌ MISS,56.34,0.5458798362230742,0.46988305562199567,0.4054911368785819,0.4584602067315036,0.49407702047654983,0.4440214158239143,1.0,0.9951
AI Picks by Srini underdog - March 11 2026.csv,270,1896,Mikal Bridges,AST,OVER,51.90%,DO NOT BET,C,❌ MISS,53.93,0.5741319246715548,0.4698218366613111,0.4745136763108522,0.4925952315702933,0.49407702047654983,0.6477351916376306,1.0,0.9919
AI Picks by Srini underdog - March 9 2026.csv,51,1897,Bennedict Mathurin,PRA,OVER,55.80%,DO NOT BET,D,✅ HIT,54.45,0.5678606867771615,0.46972106719806433,0.4730352303523035,0.4584602067315036,0.49407702047654983,0.4934417344173441,1.0,0.9977
AI Picks by Srini underdog - March 11 2026.csv,281,1898,Immanuel Quickley,REB,UNDER,51.30%,DO NOT BET,B,❌ MISS,53.48,0.5792303504848954,0.4696954464675805,0.5620746167935988,0.5557229965156795,0.49407702047654983,0.4679442508710801,1.0,0.9925
AI Picks by Srini underdog - March 12 2026.csv,342,1899,De'Aaron Fox,PA,OVER,55.7%,DO NOT BET,D,✅ HIT,54.34,0.5691028572423088,0.46968749940715626,0.4054911368785819,0.4584602067315036,0.49407702047654983,0.6501016260162601,1.0,0.9862
AI Picks by Srini underdog - March 11 2026.csv,258,1900,Jamal Murray,PR,OVER,56.80%,DO NOT BET,D,✅ HIT,54.14,0.5711749180000436,0.4695052869119497,0.4622014406672564,0.4584602067315036,0.49407702047654983,0.5251016260162601,1.0,0.976
AI Picks by Srini underdog - March 14 2026.csv,325,1901,Deandre Ayton,REB,OVER,52.4%,DO NOT BET,B,✅ HIT,52.71,0.5879332424709581,0.46946547610574474,0.5620746167935988,0.5557229965156795,0.49407702047654983,0.5170731707317073,1.0,0.9935
AI Picks by Srini underdog - March 14 2026.csv,312,1902,Derrick White,SB,UNDER,52.6%,DO NOT BET,A,✅ HIT,53.13,0.5829821776589984,0.46945829315221277,0.6069806560134566,0.6088002636783125,0.49407702047654983,0.6723577235772358,0.5,0.9633
AI Picks by Srini underdog - March 15 2026.csv,259,1903,Kyle Kuzma,AST,UNDER,55.0%,DO NOT BET,C,❌ MISS,54.05,0.5720772056651481,0.46940370049978725,0.4745136763108522,0.4925952315702933,0.49407702047654983,0.5227380015735641,1.0,0.99
AI Picks by Srini underdog - March 14 2026.csv,249,1904,CJ McCollum,FGA,UNDER,53.8%,DO NOT BET,D,❌ MISS,55.46,0.5553044137254066,0.46928120225248127,0.4736390243902439,0.4584602067315036,0.49407702047654983,0.4440214158239143,1.0,0.979
AI Picks by Srini underdog - March 15 2026.csv,255,1905,Evan Mobley,RA,OVER,54.5%,DO NOT BET,C,✅ HIT,54.07,0.5714551301759347,0.469152256630572,0.5152613240418118,0.4925952315702933,0.49407702047654983,0.45512195121951216,1.0,0.9838
AI Picks by Srini underdog - March 12 2026.csv,382,1906,Jalen Green,PR,UNDER,61.7%,DO NOT BET,D,❌ MISS,53.01,0.5838832513333772,0.4691265598479184,0.4622014406672564,0.4584602067315036,0.49407702047654983,0.48343495934959346,1.0,0.9803
AI Picks by Srini underdog - March 10 2026.csv,405,1907,Naz Reid,PTS,OVER,54.70%,DO NOT BET,D,✅ HIT,54.24,0.5693963090657955,0.4691137170985556,0.4830232333943893,0.4584602067315036,0.49407702047654983,0.5301219512195121,1.0,0.9899
AI Picks by Srini underdog - March 13 2026.csv,264,1908,Jalen Brunson,TOV,UNDER,53.9%,DO NOT BET,A,✅ HIT,55.48,0.5545460657865704,0.46894118129101114,0.59583830803343,0.6088002636783125,0.49407702047654983,0.3700813008130081,0.5,0.9553
AI Picks by Srini underdog - March 12 2026.csv,325,1909,Cade Cunningham,AST,UNDER,54.6%,DO NOT BET,C,❌ MISS,54.63,0.5645329320501159,0.4689341734144455,0.4745136763108522,0.4925952315702933,0.49407702047654983,0.45889526542324244,1.0,0.994
AI Picks by Srini underdog - March 10 2026.csv,456,1910,CJ McCollum,3PA,UNDER,52.40%,DO NOT BET,B,❌ MISS,53.03,0.5832258565251243,0.46885215842132744,0.5765635645183267,0.5557229965156795,0.49407702047654983,0.4440214158239143,1.0,0.9875
AI Picks by Srini underdog - March 10 2026.csv,392,1911,Jaylen Brown,PRA,OVER,59.10%,DO NOT BET,D,❌ MISS,54.61,0.5644435093533464,0.4687231434627719,0.4730352303523035,0.4584602067315036,0.49407702047654983,0.3511199601791936,1.0,0.9896
AI Picks by Srini underdog - March 11 2026.csv,269,1912,Anthony Edwards,AST,UNDER,52.00%,DO NOT BET,C,❌ MISS,53.94,0.5722700389150348,0.46868806351895975,0.4745136763108522,0.4925952315702933,0.49407702047654983,0.6243163340724316,1.0,0.9947
AI Picks by Srini underdog - March 11 2026.csv,268,1913,Bennedict Mathurin,RA,OVER,53.20%,DO NOT BET,C,❌ MISS,54.01,0.5713571084957179,0.46862982694211075,0.5152613240418118,0.4925952315702933,0.49407702047654983,0.4934417344173441,1.0,0.9936
AI Picks by Srini underdog - March 10 2026.csv,473,1914,RJ Barrett,3PA,OVER,54.00%,DO NOT BET,B,✅ HIT,52.56,0.5883837624830388,0.4686115251227966,0.5765635645183267,0.5557229965156795,0.49407702047654983,0.4441504754030591,1.0,0.9816
AI Picks by Srini underdog - March 13 2026.csv,320,1915,Mikal Bridges,AST,UNDER,51.7%,DO NOT BET,C,✅ HIT,53.8,0.5737269246715547,0.4685647028692838,0.4745136763108522,0.4925952315702933,0.49407702047654983,0.6477351916376306,1.0,0.9974
AI Picks by Srini underdog - March 11 2026.csv,262,1916,Keyonte George,RA,OVER,55.70%,DO NOT BET,C,❌ MISS,54.06,0.5705991439617248,0.4685194129919489,0.5152613240418118,0.4925952315702933,0.49407702047654983,0.4002120890774125,1.0,0.9949
AI Picks by Srini underdog - March 10 2026.csv,478,1917,Immanuel Quickley,3PM,OVER,52.50%,DO NOT BET,S,❌ MISS,52.42,0.5898435172921587,0.4684900293573105,0.5747041267881033,0.5869918699186992,0.49407702047654983,0.4679442508710801,1.0,0.9976
AI Picks by Srini underdog - March 11 2026.csv,315,1918,Paolo Banchero,REB,UNDER,51.40%,DO NOT BET,B,✅ HIT,52.51,0.5886859850760436,0.46842570681131607,0.5620746167935988,0.5557229965156795,0.49407702047654983,0.5575505967825636,1.0,0.9956
AI Picks by Srini underdog - March 15 2026.csv,292,1919,RJ Barrett,3PM,UNDER,51.4%,DO NOT BET,S,✅ HIT,52.94,0.5835791397453565,0.46839371911999794,0.5747041267881033,0.5869918699186992,0.49407702047654983,0.4441504754030591,1.0,0.9947
AI Picks by Srini underdog - March 12 2026.csv,307,1920,Nikola Jokić,PTS,OVER,54.4%,DO NOT BET,D,✅ HIT,55.08,0.5583711103304748,0.46836935626908066,0.4830232333943893,0.4584602067315036,0.49407702047654983,0.4297199638663053,1.0,0.9906
AI Picks by Srini underdog - March 10 2026.csv,509,1921,Jayson Tatum,FGA,OVER,64.60%,DO NOT BET,D,✅ HIT,51.45,0.6009591556118499,0.468299292124599,0.4736390243902439,0.4584602067315036,0.49407702047654983,0.5334688346883468,1.0,0.9788
AI Picks by Srini underdog - March 14 2026.csv,289,1922,Alex Sarr,AST,OVER,54.8%,DO NOT BET,C,❌ MISS,53.94,0.5715872056651481,0.4682442219065334,0.4745136763108522,0.4925952315702933,0.49407702047654983,0.5227380015735641,1.0,0.9938
AI Picks by Srini underdog - March 12 2026.csv,334,1923,Jayson Tatum,PRA,UNDER,54.0%,DO NOT BET,D,NO GAME,54.5,0.5649083968042619,0.4681843417126131,0.4730352303523035,0.4584602067315036,0.49407702047654983,0.5334688346883468,1.0,0.981
AI Picks by Srini underdog - March 12 2026.csv,349,1924,Austin Reaves,FGA,OVER,54.3%,DO NOT BET,D,✅ HIT,54.14,0.5690473318212715,0.46812235589574785,0.4736390243902439,0.4584602067315036,0.49407702047654983,0.5575505967825636,1.0,0.9928
AI Picks by Srini underdog - March 15 2026.csv,250,1925,Brandon Ingram,FGA,UNDER,54.0%,DO NOT BET,D,❌ MISS,54.19,0.5683222314926086,0.4680333036790505,0.4736390243902439,0.4584602067315036,0.49407702047654983,0.5593495934959349,1.0,0.9951
AI Picks by Srini underdog - March 13 2026.csv,287,1926,Cade Cunningham,TOV,OVER,53.2%,DO NOT BET,A,❌ MISS,54.79,0.5612024622475937,0.4679926096329934,0.59583830803343,0.6088002636783125,0.49407702047654983,0.45889526542324244,0.5,0.9584
AI Picks by Srini underdog - March 13 2026.csv,346,1927,Brandon Ingram,FTM,OVER,53.6%,DO NOT BET,B,✅ HIT,52.63,0.5863971167160038,0.4678553735699308,0.5145057766367137,0.5557229965156795,0.49407702047654983,0.5593495934959349,1.0,0.9869
AI Picks by Srini underdog - March 12 2026.csv,359,1928,Jalen Johnson,PTS,UNDER,53.9%,DO NOT BET,D,✅ HIT,53.57,0.5752367222066617,0.467787661481209,0.4830232333943893,0.4584602067315036,0.49407702047654983,0.6164260826281732,1.0,0.9885
AI Picks by Srini underdog - March 11 2026.csv,220,1929,Immanuel Quickley,PA,OVER,55.80%,DO NOT BET,D,✅ HIT,55.55,0.5516821197277908,0.4676147845485114,0.4054911368785819,0.4584602067315036,0.49407702047654983,0.4679442508710801,1.0,0.9953
AI Picks by Srini underdog - March 10 2026.csv,414,1930,Victor Wembanyama,REB,UNDER,52.20%,DO NOT BET,B,❌ MISS,54.04,0.5694370636091695,0.4676111555640144,0.5620746167935988,0.5557229965156795,0.49407702047654983,0.3382113821138211,1.0,0.9949
AI Picks by Srini underdog - March 10 2026.csv,356,1931,Victor Wembanyama,PRA,UNDER,55.40%,DO NOT BET,D,❌ MISS,55.67,0.5501726515468093,0.4675510614235139,0.4730352303523035,0.4584602067315036,0.49407702047654983,0.3382113821138211,1.0,0.9816
AI Picks by Srini underdog - March 15 2026.csv,240,1932,Giannis Antetokounmpo,AST,UNDER,53.4%,DO NOT BET,C,❌ MISS,54.35,0.5656381460371118,0.46751188972316493,0.4745136763108522,0.4925952315702933,0.49407702047654983,0.5149974052932018,1.0,0.9855
AI Picks by Srini underdog - March 12 2026.csv,335,1933,Andrew Nembhard,PTS,OVER,53.8%,DO NOT BET,D,✅ HIT,54.46,0.5643203778019374,0.46749631896355537,0.4830232333943893,0.4584602067315036,0.49407702047654983,0.5093126385809312,1.0,0.9912
AI Picks by Srini underdog - March 13 2026.csv,292,1934,Devin Booker,RA,OVER,55.6%,DO NOT BET,C,❌ MISS,54.66,0.5617797643222763,0.46737397218950977,0.5152613240418118,0.4925952315702933,0.49407702047654983,0.31676829268292683,1.0,0.9922
AI Picks by Srini underdog - March 10 2026.csv,410,1935,Jaden McDaniels,AST,UNDER,53.80%,DO NOT BET,C,✅ HIT,54.11,0.5681780926764025,0.4673279926534229,0.4745136763108522,0.4925952315702933,0.49407702047654983,0.5306468716861081,1.0,0.9778
AI Picks by Srini underdog - March 11 2026.csv,244,1936,Kevin Durant,FGA,UNDER,57.10%,DO NOT BET,D,✅ HIT,54.51,0.5633717171405265,0.4672619525305718,0.4736390243902439,0.4584602067315036,0.49407702047654983,0.41234444997511194,1.0,0.9793
AI Picks by Srini underdog - March 10 2026.csv,394,1937,Naz Reid,PRA,UNDER,53.20%,DO NOT BET,D,✅ HIT,54.59,0.5624187084573783,0.4672541176816192,0.4730352303523035,0.4584602067315036,0.49407702047654983,0.5301219512195121,1.0,0.9923
AI Picks by Srini underdog - March 12 2026.csv,405,1938,LeBron James,TOV,OVER,52.1%,DO NOT BET,A,✅ HIT,51.77,0.5954792636185487,0.46718384550932796,0.59583830803343,0.6088002636783125,0.49407702047654983,0.4779132791327913,1.0,0.9807
AI Picks by Srini underdog - March 13 2026.csv,353,1939,Amen Thompson,FTM,UNDER,57.0%,DO NOT BET,B,❌ MISS,52.48,0.5870547183420199,0.4671360256360406,0.5145057766367137,0.5557229965156795,0.49407702047654983,0.4609756097560975,1.0,0.9656
AI Picks by Srini underdog - March 10 2026.csv,369,1940,CJ McCollum,PR,OVER,54.50%,DO NOT BET,D,✅ HIT,55.18,0.5552868969808091,0.46712914358566504,0.4622014406672564,0.4584602067315036,0.49407702047654983,0.4440214158239143,1.0,0.9768
AI Picks by Srini underdog - March 12 2026.csv,285,1941,Victor Wembanyama,PR,OVER,55.7%,DO NOT BET,D,NO GAME,55.74,0.5485808936097998,0.4670515869601647,0.4622014406672564,0.4584602067315036,0.49407702047654983,0.3382113821138211,1.0,0.9727
AI Picks by Srini underdog - March 14 2026.csv,323,1942,Jalen Suggs,REB,UNDER,51.0%,DO NOT BET,B,❌ MISS,52.81,0.5830356659271075,0.467046577346109,0.5620746167935988,0.5557229965156795,0.49407702047654983,0.5149974052932018,1.0,0.9949
AI Picks by Srini underdog - March 15 2026.csv,275,1943,Russell Westbrook,RA,UNDER,51.4%,DO NOT BET,C,NO GAME,53.41,0.575978219606829,0.4670463932011304,0.5152613240418118,0.4925952315702933,0.49407702047654983,0.6045528455284552,1.0,0.9862
AI Picks by Srini underdog - March 10 2026.csv,465,1944,Jrue Holiday,3PA,OVER,51.90%,DO NOT BET,B,❌ MISS,52.69,0.5844306661622451,0.4670358963063078,0.5765635645183267,0.5557229965156795,0.49407702047654983,0.4712195121951219,1.0,0.9912
AI Picks by Srini underdog - March 14 2026.csv,266,1945,Victor Wembanyama,RA,UNDER,53.8%,DO NOT BET,C,❌ MISS,54.95,0.5575740732653656,0.46685739838473245,0.5152613240418118,0.4925952315702933,0.49407702047654983,0.3382113821138211,1.0,0.9876
AI Picks by Srini underdog - March 10 2026.csv,341,1946,Julius Randle,PRA,UNDER,50.10%,DO NOT BET,D,✅ HIT,56.08,0.5442822266350129,0.4668568418057013,0.4730352303523035,0.4584602067315036,0.49407702047654983,0.6265071329958583,0.75,0.9976
AI Picks by Srini underdog - March 10 2026.csv,455,1947,Donte DiVincenzo,RA,OVER,53.60%,DO NOT BET,C,❌ MISS,53.1,0.579282596300596,0.466824207471091,0.5152613240418118,0.4925952315702933,0.49407702047654983,0.5612466124661246,1.0,0.9893
AI Picks by Srini underdog - March 14 2026.csv,311,1948,Bennedict Mathurin,FTM,OVER,53.2%,DO NOT BET,B,✅ HIT,53.15,0.5786263308081447,0.46677989789793123,0.5145057766367137,0.5557229965156795,0.49407702047654983,0.4934417344173441,1.0,0.9905
AI Picks by Srini underdog - March 12 2026.csv,320,1949,LeBron James,PA,OVER,57.7%,DO NOT BET,D,❌ MISS,54.78,0.559259022553962,0.46665292123274604,0.4054911368785819,0.4584602067315036,0.49407702047654983,0.4779132791327913,1.0,0.9977
AI Picks by Srini underdog - March 9 2026.csv,47,1950,Karl-Anthony Towns,PTS,UNDER,52.90%,DO NOT BET,D,❌ MISS,54.74,0.5597277838247292,0.4666518056611979,0.4830232333943893,0.4584602067315036,0.49407702047654983,0.49313669880884853,1.0,0.9929
AI Picks by Srini underdog - March 14 2026.csv,275,1951,Bennedict Mathurin,PRA,UNDER,54.7%,DO NOT BET,D,❌ MISS,54.37,0.5640356867771615,0.4666231964029707,0.4730352303523035,0.4584602067315036,0.49407702047654983,0.4934417344173441,1.0,0.996
AI Picks by Srini underdog - March 13 2026.csv,277,1952,Alperen Sengun,PA,OVER,56.9%,DO NOT BET,D,NO GAME,55.19,0.5543280826672904,0.4665823668812646,0.4054911368785819,0.4584602067315036,0.49407702047654983,0.4607538802660754,1.0,0.9878
AI Picks by Srini underdog - March 11 2026.csv,280,1953,Kawhi Leonard,PRA,UNDER,53.60%,DO NOT BET,D,❌ MISS,53.53,0.5738336334104741,0.46656984336614027,0.4730352303523035,0.4584602067315036,0.49407702047654983,0.633921200750469,1.0,0.9858
AI Picks by Srini underdog - March 14 2026.csv,300,1954,Bam Adebayo,FTM,UNDER,52.0%,DO NOT BET,B,❌ MISS,53.56,0.5733456533013697,0.4664820140933825,0.5145057766367137,0.5557229965156795,0.49407702047654983,0.48343495934959346,1.0,0.9865
AI Picks by Srini underdog - March 13 2026.csv,281,1955,Jalen Green,PRA,OVER,52.8%,DO NOT BET,D,✅ HIT,54.99,0.5564400092703864,0.4664260671855428,0.4730352303523035,0.4584602067315036,0.49407702047654983,0.48343495934959346,1.0,0.9933
AI Picks by Srini underdog - March 12 2026.csv,331,1956,Aaron Gordon,AST,UNDER,53.8%,DO NOT BET,C,NO GAME,54.55,0.5615852441569474,0.4664065554887923,0.4745136763108522,0.4925952315702933,0.49407702047654983,0.4694183864915572,1.0,0.9684
AI Picks by Srini underdog - March 14 2026.csv,255,1957,Victor Wembanyama,FGA,UNDER,55.8%,DO NOT BET,D,❌ MISS,55.35,0.5521284103543973,0.46637582146807144,0.4736390243902439,0.4584602067315036,0.49407702047654983,0.3382113821138211,1.0,0.9911
AI Picks by Srini underdog - March 12 2026.csv,403,1958,De'Aaron Fox,RA,OVER,55.0%,DO NOT BET,C,✅ HIT,51.9,0.5926480976556097,0.46633747142544474,0.5152613240418118,0.4925952315702933,0.49407702047654983,0.6501016260162601,1.0,0.9837
AI Picks by Srini underdog - March 14 2026.csv,256,1959,Kevin Porter Jr.,PTS,UNDER,54.6%,DO NOT BET,D,❌ MISS,55.32,0.5522393307460123,0.46621856192446104,0.4830232333943893,0.4584602067315036,0.49407702047654983,0.3668021680216802,1.0,0.9802
AI Picks by Srini underdog - March 13 2026.csv,356,1960,Kristaps Porziņģis,3PA,OVER,50.9%,DO NOT BET,B,✅ HIT,52.41,0.5863524766688117,0.4661444003527483,0.5765635645183267,0.5557229965156795,0.49407702047654983,0.7001876172607879,0.75,0.9897
AI Picks by Srini underdog - March 12 2026.csv,309,1961,Jaylen Brown,TOV,UNDER,54.8%,DO NOT BET,A,❌ MISS,55.04,0.5553749317231889,0.46611602977679795,0.59583830803343,0.6088002636783125,0.49407702047654983,0.3511199601791936,0.5,0.9486
AI Picks by Srini underdog - March 13 2026.csv,372,1962,Immanuel Quickley,3PA,OVER,54.6%,DO NOT BET,B,❌ MISS,51.8,0.5932581400298409,0.46596947297482794,0.5765635645183267,0.5557229965156795,0.49407702047654983,0.4679442508710801,1.0,0.9907
AI Picks by Srini underdog - March 11 2026.csv,278,1963,Desmond Bane,FTM,UNDER,52.20%,DO NOT BET,B,❌ MISS,53.64,0.5716105819557582,0.4659658385138287,0.5145057766367137,0.5557229965156795,0.49407702047654983,0.6368342458934793,0.75,0.9814
AI Picks by Srini underdog - March 11 2026.csv,253,1964,Donovan Mitchell,PRA,OVER,54.00%,DO NOT BET,D,❌ MISS,54.33,0.5634736271565652,0.46595204725203626,0.4730352303523035,0.4584602067315036,0.49407702047654983,0.5138211382113821,1.0,0.9916
AI Picks by Srini underdog - March 10 2026.csv,417,1965,Stephon Castle,PRA,OVER,54.80%,DO NOT BET,D,✅ HIT,53.96,0.5678098725372009,0.4659418605721412,0.4730352303523035,0.4584602067315036,0.49407702047654983,0.5273835920177383,1.0,0.9968
AI Picks by Srini underdog - March 14 2026.csv,282,1966,LeBron James,AST,OVER,54.7%,DO NOT BET,C,❌ MISS,54.06,0.5666197334210707,0.46593279614052374,0.4745136763108522,0.4925952315702933,0.49407702047654983,0.4779132791327913,1.0,0.9909
AI Picks by Srini underdog - March 15 2026.csv,276,1967,Rudy Gobert,AST,OVER,53.8%,DO NOT BET,C,✅ HIT,53.39,0.5744994009700719,0.46593225588846493,0.4745136763108522,0.4925952315702933,0.49407702047654983,0.586159954622802,1.0,0.9932
AI Picks by Srini underdog - March 15 2026.csv,280,1968,OG Anunoby,3PA,UNDER,51.5%,DO NOT BET,B,✅ HIT,53.23,0.5762584710402938,0.4658524098439218,0.5765635645183267,0.5557229965156795,0.49407702047654983,0.4040975609756097,1.0,0.9892
AI Picks by Srini underdog - March 12 2026.csv,310,1969,Luka Dončić,AST,UNDER,53.9%,DO NOT BET,C,❌ MISS,55.02,0.5551989402169849,0.465848730098992,0.4745136763108522,0.4925952315702933,0.49407702047654983,0.3885553470919324,1.0,0.9956
AI Picks by Srini underdog - March 11 2026.csv,245,1970,Immanuel Quickley,PTS,OVER,54.00%,DO NOT BET,D,✅ HIT,54.48,0.5611385390309523,0.46558102896118847,0.4830232333943893,0.4584602067315036,0.49407702047654983,0.4679442508710801,1.0,0.9967
AI Picks by Srini underdog - March 12 2026.csv,369,1971,Dyson Daniels,RA,OVER,54.0%,DO NOT BET,C,NO GAME,53.22,0.5758773252978859,0.46552821251196996,0.5152613240418118,0.4925952315702933,0.49407702047654983,0.5102439024390244,1.0,0.996
AI Picks by Srini underdog - March 15 2026.csv,303,1972,James Harden,3PA,OVER,54.5%,DO NOT BET,B,❌ MISS,52.39,0.5853957105081431,0.46536959714954024,0.5765635645183267,0.5557229965156795,0.49407702047654983,0.39101995565410197,1.0,0.9941
AI Picks by Srini underdog - March 15 2026.csv,285,1973,Josh Hart,RA,UNDER,51.8%,DO NOT BET,C,❌ MISS,53.14,0.5765699269239023,0.46536678277378696,0.5152613240418118,0.4925952315702933,0.49407702047654983,0.591869918699187,1.0,0.9962
AI Picks by Srini underdog - March 13 2026.csv,313,1974,Dejounte Murray,STL,UNDER,51.5%,DO NOT BET,A,✅ HIT,54.03,0.5660783355182734,0.4653515297055452,0.6067636810821889,0.6088002636783125,0.49407702047654983,0.5502032520325203,0.5,0.9452
AI Picks by Srini underdog - March 12 2026.csv,395,1975,Andrew Nembhard,REB,OVER,51.7%,DO NOT BET,B,❌ MISS,52.43,0.5848721892558805,0.4653351187331164,0.5620746167935988,0.5557229965156795,0.49407702047654983,0.5093126385809312,1.0,0.9954
AI Picks by Srini underdog - March 15 2026.csv,256,1976,Karl-Anthony Towns,PR,OVER,56.0%,DO NOT BET,D,❌ MISS,54.06,0.5656884252793025,0.4653274458483744,0.4622014406672564,0.4584602067315036,0.49407702047654983,0.49313669880884853,1.0,0.9846
AI Picks by Srini underdog - March 11 2026.csv,284,1977,Mikal Bridges,PTS,UNDER,52.40%,DO NOT BET,D,✅ HIT,53.43,0.5730876331076074,0.4653204171754098,0.4830232333943893,0.4584602067315036,0.49407702047654983,0.6477351916376306,1.0,0.9849
AI Picks by Srini underdog - March 15 2026.csv,231,1978,Karl-Anthony Towns,PTS,UNDER,52.3%,DO NOT BET,D,✅ HIT,54.73,0.5577927838247292,0.46531760306181114,0.4830232333943893,0.4584602067315036,0.49407702047654983,0.49313669880884853,1.0,0.995
AI Picks by Srini underdog - March 12 2026.csv,341,1979,Giannis Antetokounmpo,PR,OVER,54.0%,DO NOT BET,D,✅ HIT,54.4,0.561604495927738,0.4652722801490055,0.4622014406672564,0.4584602067315036,0.49407702047654983,0.5149974052932018,1.0,0.9952
AI Picks by Srini underdog - March 15 2026.csv,185,1980,Julius Randle,PA,UNDER,51.0%,DO NOT BET,D,❌ MISS,56.79,0.5334684079402686,0.46525599421057395,0.4054911368785819,0.4584602067315036,0.49407702047654983,0.6265071329958583,0.75,0.9903
AI Picks by Srini underdog - March 10 2026.csv,388,1981,DeMar DeRozan,PR,OVER,56.40%,DO NOT BET,D,❌ MISS,54.69,0.5580307247542651,0.46516645426846265,0.4622014406672564,0.4584602067315036,0.49407702047654983,0.415509693558474,1.0,0.9595
AI Picks by Srini underdog - March 10 2026.csv,386,1982,Josh Giddey,PTS,UNDER,54.60%,DO NOT BET,D,❌ MISS,54.7,0.5578838700414053,0.46514745130449053,0.4830232333943893,0.4584602067315036,0.49407702047654983,0.42409756097560974,1.0,0.9785
AI Picks by Srini underdog - March 14 2026.csv,374,1983,Kawhi Leonard,STL,OVER,51.3%,DO NOT BET,A,✅ HIT,50.16,0.6111001303900683,0.46502854040955544,0.6067636810821889,0.6088002636783125,0.49407702047654983,0.633921200750469,1.0,0.9918
AI Picks by Srini underdog - March 9 2026.csv,57,1984,Josh Hart,PRA,OVER,55.20%,DO NOT BET,D,✅ HIT,53.2,0.5752135052053459,0.46494382425304553,0.4730352303523035,0.4584602067315036,0.49407702047654983,0.591869918699187,1.0,0.9887
AI Picks by Srini underdog - March 11 2026.csv,254,1985,Keyonte George,AST,OVER,55.70%,DO NOT BET,C,✅ HIT,54.31,0.5620796144155329,0.4648930337715918,0.4745136763108522,0.4925952315702933,0.49407702047654983,0.4002120890774125,1.0,0.9875
AI Picks by Srini underdog - March 12 2026.csv,311,1986,Jalen Duren,PA,OVER,52.6%,DO NOT BET,D,❌ MISS,55.02,0.5537158785563059,0.46488474001955066,0.4054911368785819,0.4584602067315036,0.49407702047654983,0.6001318391562294,1.0,0.9892
AI Picks by Srini underdog - March 13 2026.csv,317,1987,Dejounte Murray,PR,OVER,54.5%,DO NOT BET,D,✅ HIT,53.97,0.5658250806016697,0.4647281984134326,0.4622014406672564,0.4584602067315036,0.49407702047654983,0.5502032520325203,1.0,0.9752
AI Picks by Srini underdog - March 11 2026.csv,277,1988,Darius Garland,FGA,UNDER,52.80%,DO NOT BET,D,✅ HIT,53.68,0.568902584457114,0.46451145053725684,0.4736390243902439,0.4584602067315036,0.49407702047654983,0.6147531231409875,1.0,0.9775
AI Picks by Srini underdog - March 12 2026.csv,328,1989,Cade Cunningham,PTS,OVER,53.7%,DO NOT BET,D,❌ MISS,54.58,0.5582686404861685,0.4644801209009461,0.4830232333943893,0.4584602067315036,0.49407702047654983,0.45889526542324244,1.0,0.9778
AI Picks by Srini underdog - March 11 2026.csv,260,1990,Josh Hart,PR,UNDER,52.60%,DO NOT BET,D,NO GAME,54.07,0.5642567472683364,0.46447330774063306,0.4622014406672564,0.4584602067315036,0.49407702047654983,0.591869918699187,1.0,0.9897
AI Picks by Srini underdog - March 12 2026.csv,378,1991,Payton Pritchard,REB,UNDER,53.9%,DO NOT BET,B,❌ MISS,53.08,0.5758701600487545,0.46445321870862055,0.5620746167935988,0.5557229965156795,0.49407702047654983,0.351892346509672,1.0,0.9806
AI Picks by Srini underdog - March 9 2026.csv,50,1992,Jalen Brunson,PRA,OVER,56.90%,DO NOT BET,D,✅ HIT,54.48,0.5592346434167279,0.4643434968119426,0.4730352303523035,0.4584602067315036,0.49407702047654983,0.3700813008130081,1.0,0.9971
AI Picks by Srini underdog - March 13 2026.csv,302,1993,Immanuel Quickley,PR,OVER,55.0%,DO NOT BET,D,✅ HIT,54.4,0.5600191804855257,0.46424182511156753,0.4622014406672564,0.4584602067315036,0.49407702047654983,0.4679442508710801,1.0,0.9896
AI Picks by Srini underdog - March 13 2026.csv,355,1994,Draymond Green,TOV,UNDER,51.0%,DO NOT BET,A,NO GAME,52.45,0.5829323259491719,0.46422711278252926,0.59583830803343,0.6088002636783125,0.49407702047654983,0.5602439024390244,0.75,0.9899
AI Picks by Srini underdog - March 10 2026.csv,503,1995,Brandin Podziemski,REB,UNDER,53.30%,DO NOT BET,B,✅ HIT,51.69,0.5915502255038319,0.4640183499396683,0.5620746167935988,0.5557229965156795,0.49407702047654983,0.5261930010604453,1.0,0.9864
AI Picks by Srini underdog - March 11 2026.csv,349,1996,Scottie Barnes,REB,OVER,53.80%,DO NOT BET,B,❌ MISS,51.39,0.594876075491596,0.4638865744501137,0.5620746167935988,0.5557229965156795,0.49407702047654983,0.5424015009380863,1.0,0.9865
AI Picks by Srini underdog - March 13 2026.csv,332,1997,Bennedict Mathurin,RA,OVER,53.1%,DO NOT BET,C,✅ HIT,53.43,0.5707621084957181,0.46380882617768177,0.5152613240418118,0.4925952315702933,0.49407702047654983,0.4934417344173441,1.0,0.9885
AI Picks by Srini underdog - March 13 2026.csv,296,1998,Josh Giddey,PRA,OVER,55.0%,DO NOT BET,D,✅ HIT,54.57,0.5572362694329882,0.4637326271169922,0.4730352303523035,0.4584602067315036,0.49407702047654983,0.42409756097560974,1.0,0.9783
AI Picks by Srini underdog - March 15 2026.csv,228,1999,Cade Cunningham,PRA,UNDER,53.0%,DO NOT BET,D,❌ MISS,54.82,0.5542460398777513,0.463700292890756,0.4730352303523035,0.4584602067315036,0.49407702047654983,0.45889526542324244,1.0,0.9849
AI Picks by Srini underdog - March 14 2026.csv,327,2000,Jaime Jaquez Jr.,RA,UNDER,52.9%,DO NOT BET,C,✅ HIT,52.7,0.5790274995139139,0.46360029058427926,0.5152613240418118,0.4925952315702933,0.49407702047654983,0.5787456445993031,1.0,0.9968
AI Picks by Srini underdog - March 13 2026.csv,342,2001,Cade Cunningham,FTM,UNDER,53.8%,DO NOT BET,B,✅ HIT,52.87,0.5769766839087345,0.4635669546304867,0.5145057766367137,0.5557229965156795,0.49407702047654983,0.45889526542324244,1.0,0.9858
AI Picks by Srini underdog - March 13 2026.csv,314,2002,Brandon Ingram,PR,OVER,53.4%,DO NOT BET,D,✅ HIT,54.0,0.5636097147480114,0.4635175684067149,0.4622014406672564,0.4584602067315036,0.49407702047654983,0.5593495934959349,1.0,0.9874
AI Picks by Srini underdog - March 14 2026.csv,296,2003,Kyle Kuzma,PTS,OVER,54.4%,DO NOT BET,D,❌ MISS,53.67,0.5674679141012007,0.46350246220652647,0.4830232333943893,0.4584602067315036,0.49407702047654983,0.5227380015735641,1.0,0.9865
AI Picks by Srini underdog - March 14 2026.csv,268,2004,Kevin Porter Jr.,PRA,UNDER,55.3%,DO NOT BET,D,❌ MISS,54.9,0.5527367301375951,0.4633308623547481,0.4730352303523035,0.4584602067315036,0.49407702047654983,0.3668021680216802,1.0,0.9825
AI Picks by Srini underdog - March 12 2026.csv,347,2005,Tyler Herro,3PM,UNDER,51.0%,DO NOT BET,S,NO GAME,54.15,0.5615410840749694,0.4633197474600381,0.5747041267881033,0.5869918699186992,0.49407702047654983,0.591869918699187,0.5,0.9857
AI Picks by Srini underdog - March 10 2026.csv,367,2006,Jaylen Brown,PA,OVER,58.50%,DO NOT BET,D,❌ MISS,55.25,0.5485846906586022,0.4633078776719375,0.4054911368785819,0.4584602067315036,0.49407702047654983,0.3511199601791936,1.0,0.9834
AI Picks by Srini underdog - March 15 2026.csv,312,2007,Mikal Bridges,PTS,OVER,56.5%,DO NOT BET,D,❌ MISS,51.98,0.5869726331076073,0.46326004026433687,0.4830232333943893,0.4584602067315036,0.49407702047654983,0.6477351916376306,1.0,0.9838
AI Picks by Srini underdog - March 14 2026.csv,302,2008,Jalen Johnson,PTS,UNDER,52.0%,DO NOT BET,D,❌ MISS,53.5,0.5690767222066616,0.46324849328550205,0.4830232333943893,0.4584602067315036,0.49407702047654983,0.6164260826281732,1.0,0.9945
AI Picks by Srini underdog - March 15 2026.csv,236,2009,DeMar DeRozan,FGA,UNDER,54.9%,DO NOT BET,D,❌ MISS,54.53,0.5568232414988625,0.4631583485622637,0.4736390243902439,0.4584602067315036,0.49407702047654983,0.415509693558474,1.0,0.9916
AI Picks by Srini underdog - March 11 2026.csv,259,2010,Aaron Gordon,PTS,OVER,54.30%,DO NOT BET,D,❌ MISS,54.09,0.561970952593,0.46314044640043783,0.4830232333943893,0.4584602067315036,0.49407702047654983,0.4694183864915572,1.0,0.99
AI Picks by Srini underdog - March 10 2026.csv,442,2011,Devin Booker,REB,OVER,53.20%,DO NOT BET,B,✅ HIT,53.3,0.57071275466608,0.4627828623963897,0.5620746167935988,0.5557229965156795,0.49407702047654983,0.31676829268292683,1.0,0.9953
AI Picks by Srini underdog - March 14 2026.csv,283,2012,Brandon Miller,PTS,OVER,54.1%,DO NOT BET,D,❌ MISS,54.03,0.5621096591375315,0.462771890058063,0.4830232333943893,0.4584602067315036,0.49407702047654983,0.47460545193687226,1.0,0.996
AI Picks by Srini underdog - March 10 2026.csv,461,2013,Tyler Herro,RA,UNDER,51.90%,DO NOT BET,C,NO GAME,52.8,0.5764799269239023,0.46270889439463875,0.5152613240418118,0.4925952315702933,0.49407702047654983,0.591869918699187,1.0,0.9876
AI Picks by Srini underdog - March 13 2026.csv,321,2014,Draymond Green,PTS,OVER,52.6%,DO NOT BET,D,NO GAME,53.75,0.5652785041877467,0.4626909665578751,0.4830232333943893,0.4584602067315036,0.49407702047654983,0.5602439024390244,1.0,0.9901
AI Picks by Srini underdog - March 14 2026.csv,330,2015,Miles Bridges,AST,OVER,53.6%,DO NOT BET,C,❌ MISS,52.56,0.5792208271105791,0.46265561713069775,0.4745136763108522,0.4925952315702933,0.49407702047654983,0.6501742160278745,1.0,0.9732
AI Picks by Srini underdog - March 13 2026.csv,323,2016,Jalen Green,FGA,OVER,55.5%,DO NOT BET,D,✅ HIT,53.7,0.5656457680779746,0.4625474250895897,0.4736390243902439,0.4584602067315036,0.49407702047654983,0.48343495934959346,1.0,0.9914
AI Picks by Srini underdog - March 13 2026.csv,391,2017,Brandon Ingram,TOV,OVER,51.4%,DO NOT BET,A,❌ MISS,50.6,0.602092895054863,0.46253775181468726,0.59583830803343,0.6088002636783125,0.49407702047654983,0.5593495934959349,1.0,0.9977
AI Picks by Srini underdog - March 12 2026.csv,317,2018,Cade Cunningham,FTM,UNDER,51.4%,DO NOT BET,B,✅ HIT,54.9,0.5514716839087345,0.4625085823059887,0.5145057766367137,0.5557229965156795,0.49407702047654983,0.45889526542324244,0.75,0.9889
AI Picks by Srini underdog - March 11 2026.csv,267,2019,James Harden,RA,UNDER,53.40%,DO NOT BET,C,❌ MISS,54.03,0.5613849306193938,0.46230081652127347,0.5152613240418118,0.4925952315702933,0.49407702047654983,0.39101995565410197,1.0,0.9854
AI Picks by Srini underdog - March 15 2026.csv,251,2020,Chet Holmgren,PRA,UNDER,51.7%,DO NOT BET,D,❌ MISS,54.18,0.5595928104529437,0.46228272740388165,0.4730352303523035,0.4584602067315036,0.49407702047654983,0.5516629711751663,1.0,0.9947
AI Picks by Srini underdog - March 13 2026.csv,348,2021,Rudy Gobert,RA,UNDER,52.9%,DO NOT BET,C,✅ HIT,52.55,0.5787139305162637,0.462249681745006,0.5152613240418118,0.4925952315702933,0.49407702047654983,0.586159954622802,1.0,0.9757
AI Picks by Srini underdog - March 15 2026.csv,263,2022,Rudy Gobert,PTS,UNDER,51.2%,DO NOT BET,D,✅ HIT,53.86,0.5632051094061244,0.4621842385430744,0.4830232333943893,0.4584602067315036,0.49407702047654983,0.586159954622802,1.0,0.992
AI Picks by Srini underdog - March 10 2026.csv,445,2023,Michael Porter Jr.,PR,OVER,56.90%,DO NOT BET,D,❌ MISS,53.23,0.5705542675935397,0.46214467760353156,0.4622014406672564,0.4584602067315036,0.49407702047654983,0.5281951219512195,1.0,0.9506
AI Picks by Srini underdog - March 15 2026.csv,267,2024,RJ Barrett,RA,UNDER,52.5%,DO NOT BET,C,✅ HIT,53.78,0.5640579825942895,0.46212698532028806,0.5152613240418118,0.4925952315702933,0.49407702047654983,0.4441504754030591,1.0,0.9938
AI Picks by Srini underdog - March 10 2026.csv,281,2025,Michael Porter Jr.,PTS,UNDER,50.70%,DO NOT BET,D,✅ HIT,57.55,0.5197136261389663,0.4621257835931173,0.4830232333943893,0.4584602067315036,0.49407702047654983,0.5281951219512195,0.5,0.9721
AI Picks by Srini underdog - March 13 2026.csv,305,2026,Donovan Mitchell,TOV,OVER,50.5%,DO NOT BET,A,❌ MISS,54.32,0.5576750495264078,0.4621065191930472,0.59583830803343,0.6088002636783125,0.49407702047654983,0.5138211382113821,0.5,0.9616
AI Picks by Srini underdog - March 14 2026.csv,281,2027,Brandon Miller,TOV,OVER,52.1%,DO NOT BET,A,✅ HIT,54.17,0.5592784808989568,0.46200196059440346,0.59583830803343,0.6088002636783125,0.49407702047654983,0.47460545193687226,0.5,0.9633
AI Picks by Srini underdog - March 13 2026.csv,331,2028,Dejounte Murray,PTS,OVER,53.7%,DO NOT BET,D,✅ HIT,53.44,0.5678144391470964,0.46196929370046436,0.4830232333943893,0.4584602067315036,0.49407702047654983,0.5502032520325203,1.0,0.9861
AI Picks by Srini underdog - March 13 2026.csv,369,2029,Immanuel Quickley,3PM,UNDER,50.8%,DO NOT BET,S,❌ MISS,52.03,0.5839135172921587,0.46165387798122887,0.5747041267881033,0.5869918699186992,0.49407702047654983,0.4679442508710801,1.0,0.9946
AI Picks by Srini underdog - March 10 2026.csv,471,2030,Onyeka Okongwu,PRA,OVER,52.80%,DO NOT BET,D,✅ HIT,52.57,0.5775233077605142,0.46162868215254227,0.4730352303523035,0.4584602067315036,0.49407702047654983,0.691567944250871,1.0,0.9987
AI Picks by Srini underdog - March 10 2026.csv,418,2031,Jalen Johnson,PA,OVER,54.50%,DO NOT BET,D,✅ HIT,53.91,0.5616203029035001,0.4615363773133021,0.4054911368785819,0.4584602067315036,0.49407702047654983,0.6164260826281732,1.0,0.9855
AI Picks by Srini underdog - March 14 2026.csv,276,2032,Onyeka Okongwu,PTS,UNDER,51.3%,DO NOT BET,D,✅ HIT,54.36,0.5562559083689315,0.4614898878382344,0.4830232333943893,0.4584602067315036,0.49407702047654983,0.691567944250871,0.75,0.9854
AI Picks by Srini underdog - March 14 2026.csv,335,2033,Onyeka Okongwu,AST,OVER,52.5%,DO NOT BET,C,✅ HIT,52.32,0.5802401999328788,0.4614833470799115,0.4745136763108522,0.4925952315702933,0.49407702047654983,0.691567944250871,1.0,0.9856
AI Picks by Srini underdog - March 15 2026.csv,278,2034,Andrew Nembhard,RA,UNDER,52.1%,DO NOT BET,C,NO GAME,53.25,0.5691941989120767,0.4614135381593541,0.5152613240418118,0.4925952315702933,0.49407702047654983,0.5093126385809312,1.0,0.9934
AI Picks by Srini underdog - March 14 2026.csv,363,2035,Dyson Daniels,STL,OVER,51.1%,DO NOT BET,A,✅ HIT,50.78,0.5982224005589237,0.4613980771812875,0.6067636810821889,0.6088002636783125,0.49407702047654983,0.5102439024390244,1.0,0.9952
AI Picks by Srini underdog - March 13 2026.csv,319,2036,Jalen Green,TOV,OVER,52.7%,DO NOT BET,A,✅ HIT,53.84,0.5621364316402289,0.46133669279646883,0.59583830803343,0.6088002636783125,0.49407702047654983,0.48343495934959346,0.5,0.962
AI Picks by Srini underdog - March 12 2026.csv,360,2037,Bam Adebayo,AST,UNDER,54.0%,DO NOT BET,C,✅ HIT,53.56,0.565156901442751,0.46115932538528037,0.4745136763108522,0.4925952315702933,0.49407702047654983,0.48343495934959346,1.0,0.9982
AI Picks by Srini underdog - March 12 2026.csv,302,2038,Payton Pritchard,AST,OVER,52.2%,DO NOT BET,C,❌ MISS,55.19,0.5457676401587589,0.4610180792507191,0.4745136763108522,0.4925952315702933,0.49407702047654983,0.351892346509672,1.0,0.9959
AI Picks by Srini underdog - March 11 2026.csv,326,2039,Scottie Barnes,FTM,OVER,52.80%,DO NOT BET,B,❌ MISS,52.14,0.5815673074602189,0.4609698201837218,0.5145057766367137,0.5557229965156795,0.49407702047654983,0.5424015009380863,1.0,0.9786
AI Picks by Srini underdog - March 15 2026.csv,286,2040,Donte DiVincenzo,3PA,UNDER,50.2%,DO NOT BET,B,❌ MISS,53.08,0.5704233761893454,0.46091280920000466,0.5765635645183267,0.5557229965156795,0.49407702047654983,0.5612466124661246,0.75,0.9966
AI Picks by Srini underdog - March 11 2026.csv,256,2041,Jamal Murray,3PM,UNDER,51.90%,DO NOT BET,S,❌ MISS,54.19,0.5573592548066766,0.46090736883319466,0.5747041267881033,0.5869918699186992,0.49407702047654983,0.5251016260162601,0.5,0.9744
AI Picks by Srini underdog - March 15 2026.csv,269,2042,Immanuel Quickley,PRA,OVER,55.9%,DO NOT BET,D,❌ MISS,53.66,0.5635009384225351,0.4608474754160071,0.4730352303523035,0.4584602067315036,0.49407702047654983,0.4679442508710801,1.0,0.9547
AI Picks by Srini underdog - March 14 2026.csv,316,2043,Dyson Daniels,PTS,OVER,55.7%,DO NOT BET,D,❌ MISS,53.08,0.5702685041877468,0.46081214239896556,0.4830232333943893,0.4584602067315036,0.49407702047654983,0.5102439024390244,1.0,0.9791
AI Picks by Srini underdog - March 15 2026.csv,306,2044,Rudy Gobert,RA,UNDER,52.8%,DO NOT BET,C,✅ HIT,52.3,0.5792989305162638,0.4607186167603383,0.5152613240418118,0.4925952315702933,0.49407702047654983,0.586159954622802,1.0,0.9942
AI Picks by Srini underdog - March 10 2026.csv,487,2045,Brandin Podziemski,PR,UNDER,59.10%,DO NOT BET,D,✅ HIT,52.22,0.5802090555044622,0.4606985772075736,0.4622014406672564,0.4584602067315036,0.49407702047654983,0.5261930010604453,1.0,0.9981
AI Picks by Srini underdog - March 9 2026.csv,67,2046,Mikal Bridges,RA,OVER,54.30%,DO NOT BET,C,✅ HIT,51.4,0.5897914542177466,0.4606580232214983,0.5152613240418118,0.4925952315702933,0.49407702047654983,0.6477351916376306,1.0,0.9789
AI Picks by Srini underdog - March 10 2026.csv,505,2047,CJ McCollum,3PM,UNDER,52.40%,DO NOT BET,S,✅ HIT,51.62,0.5870862337874421,0.46058158712830793,0.5747041267881033,0.5869918699186992,0.49407702047654983,0.4440214158239143,1.0,0.9971
AI Picks by Srini underdog - March 12 2026.csv,368,2048,Giannis Antetokounmpo,PTS,OVER,54.7%,DO NOT BET,D,✅ HIT,53.22,0.5681738544731645,0.46052095647590097,0.4830232333943893,0.4584602067315036,0.49407702047654983,0.5149974052932018,1.0,0.9957
AI Picks by Srini underdog - March 10 2026.csv,516,2049,Julius Randle,REB,OVER,50.80%,DO NOT BET,B,✅ HIT,51.05,0.5935566386973732,0.4604295521547208,0.5620746167935988,0.5557229965156795,0.49407702047654983,0.6265071329958583,1.0,0.9959
AI Picks by Srini underdog - March 15 2026.csv,296,2050,Russell Westbrook,PR,UNDER,54.9%,DO NOT BET,D,NO GAME,52.77,0.5731000399512631,0.46028261006426324,0.4622014406672564,0.4584602067315036,0.49407702047654983,0.6045528455284552,1.0,0.9848
AI Picks by Srini underdog - March 12 2026.csv,373,2051,Jalen Suggs,PTS,UNDER,55.3%,DO NOT BET,D,❌ MISS,53.16,0.5683388544731646,0.4601694908795808,0.4830232333943893,0.4584602067315036,0.49407702047654983,0.5149974052932018,1.0,0.9582
AI Picks by Srini underdog - March 10 2026.csv,428,2052,Michael Porter Jr.,PA,OVER,58.10%,DO NOT BET,D,❌ MISS,53.68,0.5622072068358047,0.46015945508340583,0.4054911368785819,0.4584602067315036,0.49407702047654983,0.5281951219512195,1.0,0.9289000000000001
AI Picks by Srini underdog - March 13 2026.csv,322,2053,Bennedict Mathurin,PR,UNDER,54.8%,DO NOT BET,D,❌ MISS,53.75,0.5613739288401521,0.46015299258193865,0.4622014406672564,0.4584602067315036,0.49407702047654983,0.4934417344173441,1.0,0.9793
AI Picks by Srini underdog - March 11 2026.csv,293,2054,Nikola Jokić,FTM,UNDER,52.00%,DO NOT BET,B,✅ HIT,53.16,0.5681591537530408,0.46005268541150035,0.5145057766367137,0.5557229965156795,0.49407702047654983,0.4297199638663053,1.0,0.9902
AI Picks by Srini underdog - March 10 2026.csv,451,2055,Jalen Johnson,FGA,OVER,52.50%,DO NOT BET,D,✅ HIT,53.13,0.5684348804058325,0.4600025499376549,0.4736390243902439,0.4584602067315036,0.49407702047654983,0.6164260826281732,1.0,0.9852
AI Picks by Srini underdog - March 10 2026.csv,424,2056,Immanuel Quickley,PR,OVER,55.30%,DO NOT BET,D,❌ MISS,53.74,0.5612441804855257,0.45999220355204473,0.4622014406672564,0.4584602067315036,0.49407702047654983,0.4679442508710801,1.0,0.9937
AI Picks by Srini underdog - March 12 2026.csv,377,2057,Josh Giddey,RA,OVER,54.6%,DO NOT BET,C,✅ HIT,53.11,0.5685076911515445,0.45989697172359423,0.5152613240418118,0.4925952315702933,0.49407702047654983,0.42409756097560974,1.0,0.9801
AI Picks by Srini underdog - March 11 2026.csv,302,2058,Kawhi Leonard,FGA,OVER,52.80%,DO NOT BET,D,✅ HIT,52.9,0.5708693922180621,0.4598265728297098,0.4736390243902439,0.4584602067315036,0.49407702047654983,0.633921200750469,1.0,0.9785
AI Picks by Srini underdog - March 10 2026.csv,502,2059,De'Aaron Fox,RA,OVER,52.40%,DO NOT BET,C,✅ HIT,51.74,0.5843930976556095,0.45974847983525735,0.5152613240418118,0.4925952315702933,0.49407702047654983,0.6501016260162601,1.0,0.9954
AI Picks by Srini underdog - March 10 2026.csv,404,2060,Luka Dončić,AST,OVER,53.80%,DO NOT BET,C,✅ HIT,54.31,0.5541039402169848,0.45970884554253555,0.4745136763108522,0.4925952315702933,0.49407702047654983,0.3885553470919324,1.0,0.9805
AI Picks by Srini underdog - March 14 2026.csv,309,2061,Kevin Porter Jr.,FTM,OVER,53.6%,DO NOT BET,B,✅ HIT,53.21,0.5667373741685783,0.4595107916785333,0.5145057766367137,0.5557229965156795,0.49407702047654983,0.3668021680216802,1.0,0.9788
AI Picks by Srini underdog - March 15 2026.csv,279,2062,Immanuel Quickley,RA,OVER,52.6%,DO NOT BET,C,❌ MISS,53.23,0.5664723601410916,0.45949143775944035,0.5152613240418118,0.4925952315702933,0.49407702047654983,0.4679442508710801,1.0,0.9877
AI Picks by Srini underdog - March 9 2026.csv,55,2063,OG Anunoby,3PA,OVER,52.20%,DO NOT BET,B,✅ HIT,53.71,0.5605634710402938,0.4593203846144839,0.5765635645183267,0.5557229965156795,0.49407702047654983,0.4040975609756097,0.75,0.9777
AI Picks by Srini underdog - March 12 2026.csv,402,2064,Desmond Bane,FGA,UNDER,55.5%,DO NOT BET,D,✅ HIT,51.93,0.5813406967323631,0.4592170186234946,0.4736390243902439,0.4584602067315036,0.49407702047654983,0.6368342458934793,1.0,0.9985
AI Picks by Srini underdog - March 15 2026.csv,266,2065,Kyle Kuzma,PTS,OVER,51.9%,DO NOT BET,D,❌ MISS,53.79,0.5593179141012007,0.459122393399167,0.4830232333943893,0.4584602067315036,0.49407702047654983,0.5227380015735641,1.0,0.9935
AI Picks by Srini underdog - March 15 2026.csv,293,2066,Cooper Flagg,TOV,UNDER,50.9%,DO NOT BET,A,❌ MISS,52.94,0.5693046242606166,0.459115284054917,0.59583830803343,0.6088002636783125,0.49407702047654983,0.4270168855534709,0.75,0.9906
AI Picks by Srini underdog - March 14 2026.csv,305,2067,Brandon Miller,AST,UNDER,53.8%,DO NOT BET,C,✅ HIT,53.45,0.5631189507014788,0.45899367881019965,0.4745136763108522,0.4925952315702933,0.49407702047654983,0.47460545193687226,1.0,0.9887
AI Picks by Srini underdog - March 11 2026.csv,273,2068,Paolo Banchero,PR,OVER,51.80%,DO NOT BET,D,✅ HIT,53.85,0.5582448150766741,0.458883594629545,0.4622014406672564,0.4584602067315036,0.49407702047654983,0.5575505967825636,1.0,0.9925
AI Picks by Srini underdog - March 11 2026.csv,334,2069,Julius Randle,PTS,OVER,55.20%,DO NOT BET,D,❌ MISS,51.93,0.5807848272434302,0.4588557034556882,0.4830232333943893,0.4584602067315036,0.49407702047654983,0.6265071329958583,1.0,0.9909
AI Picks by Srini underdog - March 14 2026.csv,259,2070,Victor Wembanyama,PRA,OVER,52.9%,DO NOT BET,D,✅ HIT,55.21,0.5421126515468092,0.45879524185172527,0.4730352303523035,0.4584602067315036,0.49407702047654983,0.3382113821138211,1.0,0.9904
AI Picks by Srini underdog - March 13 2026.csv,325,2071,Jerami Grant,PRA,OVER,50.7%,DO NOT BET,D,❌ MISS,53.59,0.5611517572378661,0.4587853394502654,0.4730352303523035,0.4584602067315036,0.49407702047654983,0.6001524390243902,1.0,0.9969
AI Picks by Srini underdog - March 12 2026.csv,427,2072,De'Aaron Fox,3PA,OVER,50.9%,DO NOT BET,B,✅ HIT,50.33,0.599078877544359,0.45851442024941846,0.5765635645183267,0.5557229965156795,0.49407702047654983,0.6501016260162601,1.0,0.9944
AI Picks by Srini underdog - March 14 2026.csv,336,2073,LeBron James,FTM,UNDER,53.0%,DO NOT BET,B,✅ HIT,52.24,0.5764984852796895,0.4584396117602448,0.5145057766367137,0.5557229965156795,0.49407702047654983,0.4779132791327913,1.0,0.9926
AI Picks by Srini underdog - March 14 2026.csv,350,2074,Kevin Porter Jr.,STL,OVER,51.5%,DO NOT BET,A,✅ HIT,51.5,0.5851982271171894,0.45843695160000325,0.6067636810821889,0.6088002636783125,0.49407702047654983,0.3668021680216802,1.0,0.9944
AI Picks by Srini underdog - March 12 2026.csv,392,2075,Tyler Herro,RA,UNDER,50.6%,DO NOT BET,C,NO GAME,52.56,0.5724549269239023,0.45825778200935785,0.5152613240418118,0.4925952315702933,0.49407702047654983,0.591869918699187,1.0,0.9955
AI Picks by Srini underdog - March 10 2026.csv,444,2076,Luka Dončić,FTM,UNDER,51.90%,DO NOT BET,B,✅ HIT,53.29,0.5636926920756035,0.4581433691131933,0.5145057766367137,0.5557229965156795,0.49407702047654983,0.3885553470919324,1.0,0.99
AI Picks by Srini underdog - March 13 2026.csv,340,2077,Brandin Podziemski,REB,OVER,50.9%,DO NOT BET,B,✅ HIT,53.07,0.5662602255038319,0.45813030865503424,0.5620746167935988,0.5557229965156795,0.49407702047654983,0.5261930010604453,0.75,0.9938
AI Picks by Srini underdog - March 14 2026.csv,318,2078,Kyle Kuzma,AST,UNDER,53.5%,DO NOT BET,C,✅ HIT,52.99,0.567057205665148,0.45803672496479597,0.4745136763108522,0.4925952315702933,0.49407702047654983,0.5227380015735641,1.0,0.9916
AI Picks by Srini underdog - March 15 2026.csv,295,2079,Naz Reid,AST,OVER,53.7%,DO NOT BET,C,❌ MISS,52.86,0.5681556006297429,0.4577567978997555,0.4745136763108522,0.4925952315702933,0.49407702047654983,0.5301219512195121,1.0,0.9852
AI Picks by Srini underdog - March 15 2026.csv,318,2080,Immanuel Quickley,3PM,OVER,50.9%,DO NOT BET,S,❌ MISS,51.47,0.5844385172921587,0.45771378241557314,0.5747041267881033,0.5869918699186992,0.49407702047654983,0.4679442508710801,1.0,0.9983
AI Picks by Srini underdog - March 11 2026.csv,247,2081,Nikola Jokić,FGA,OVER,52.20%,DO NOT BET,D,❌ MISS,54.46,0.5490992685296457,0.45760259793656577,0.4736390243902439,0.4584602067315036,0.49407702047654983,0.4297199638663053,1.0,0.9923
AI Picks by Srini underdog - March 10 2026.csv,426,2082,DeMar DeRozan,PRA,OVER,55.50%,DO NOT BET,D,❌ MISS,53.7,0.5579874826912746,0.4575695395882347,0.4730352303523035,0.4584602067315036,0.49407702047654983,0.415509693558474,1.0,0.9765
AI Picks by Srini underdog - March 14 2026.csv,304,2083,Jayson Tatum,FTM,OVER,52.1%,DO NOT BET,B,❌ MISS,53.45,0.560879040835245,0.4575377373971477,0.5145057766367137,0.5557229965156795,0.49407702047654983,0.5334688346883468,0.75,0.9803
AI Picks by Srini underdog - March 14 2026.csv,322,2084,Jayson Tatum,AST,UNDER,53.2%,DO NOT BET,C,❌ MISS,52.89,0.5674552889766263,0.4575309531233898,0.4745136763108522,0.4925952315702933,0.49407702047654983,0.5334688346883468,1.0,0.9985
AI Picks by Srini underdog - March 10 2026.csv,440,2085,LaMelo Ball,FGA,UNDER,52.30%,DO NOT BET,D,✅ HIT,53.32,0.5623420282405762,0.45749479541858573,0.4736390243902439,0.4584602067315036,0.49407702047654983,0.5640975609756097,1.0,0.9816
AI Picks by Srini underdog - March 11 2026.csv,335,2086,Russell Westbrook,RA,OVER,52.20%,DO NOT BET,C,✅ HIT,51.91,0.5788982196068291,0.4574765032931241,0.5152613240418118,0.4925952315702933,0.49407702047654983,0.6045528455284552,1.0,0.9902
AI Picks by Srini underdog - March 13 2026.csv,335,2087,Trey Murphy III,PA,OVER,54.5%,DO NOT BET,D,❌ MISS,53.32,0.5622599830194489,0.45744146602485297,0.4054911368785819,0.4584602067315036,0.49407702047654983,0.6236728837876614,1.0,0.9838
AI Picks by Srini underdog - March 12 2026.csv,313,2088,Chet Holmgren,FTM,UNDER,51.6%,DO NOT BET,B,❌ MISS,54.96,0.542918454483927,0.45740769877618404,0.5145057766367137,0.5557229965156795,0.49407702047654983,0.5516629711751663,0.5,0.9687
AI Picks by Srini underdog - March 14 2026.csv,339,2089,Austin Reaves,PR,OVER,57.4%,DO NOT BET,D,✅ HIT,52.09,0.576579815076674,0.4573456871374841,0.4622014406672564,0.4584602067315036,0.49407702047654983,0.5575505967825636,1.0,0.9784
AI Picks by Srini underdog - March 11 2026.csv,288,2090,Evan Mobley,BLK,UNDER,51.00%,DO NOT BET,S,❌ MISS,53.34,0.5618014511292727,0.4572963254950119,0.644579945799458,0.5869918699186992,0.49407702047654983,0.45512195121951216,0.5,0.9849
AI Picks by Srini underdog - March 13 2026.csv,276,2091,Donovan Mitchell,AST,UNDER,50.7%,DO NOT BET,C,❌ MISS,55.24,0.5393205193289299,0.4572097137082638,0.4745136763108522,0.4925952315702933,0.49407702047654983,0.5138211382113821,0.75,0.9951
AI Picks by Srini underdog - March 12 2026.csv,337,2092,Victor Wembanyama,PRA,OVER,54.6%,DO NOT BET,D,NO GAME,54.46,0.5483176515468092,0.4570945468977221,0.4730352303523035,0.4584602067315036,0.49407702047654983,0.3382113821138211,1.0,0.9989
AI Picks by Srini underdog - March 12 2026.csv,383,2093,LeBron James,3PA,OVER,51.3%,DO NOT BET,B,❌ MISS,53.01,0.565200042856012,0.45698247433763106,0.5765635645183267,0.5557229965156795,0.49407702047654983,0.4779132791327913,0.75,0.984
AI Picks by Srini underdog - March 10 2026.csv,412,2094,Austin Reaves,3PA,UNDER,50.20%,DO NOT BET,B,❌ MISS,54.1,0.5523187746209892,0.4569429833180175,0.5765635645183267,0.5557229965156795,0.49407702047654983,0.5575505967825636,0.5,0.9919
AI Picks by Srini underdog - March 10 2026.csv,448,2095,Brandon Ingram,FGA,UNDER,52.50%,DO NOT BET,D,✅ HIT,53.17,0.5632322314926088,0.4569266385416063,0.4736390243902439,0.4584602067315036,0.49407702047654983,0.5593495934959349,1.0,0.9953
AI Picks by Srini underdog - March 10 2026.csv,449,2096,Russell Westbrook,PR,OVER,52.00%,DO NOT BET,D,✅ HIT,53.17,0.5631150399512632,0.4568504640397317,0.4622014406672564,0.4584602067315036,0.49407702047654983,0.6045528455284552,1.0,0.9823
AI Picks by Srini underdog - March 15 2026.csv,247,2097,Cooper Flagg,PR,UNDER,53.5%,DO NOT BET,D,❌ MISS,54.22,0.550631443953765,0.45676364957696225,0.4622014406672564,0.4584602067315036,0.49407702047654983,0.4270168855534709,1.0,0.9857
AI Picks by Srini underdog - March 14 2026.csv,326,2098,De'Aaron Fox,PA,OVER,55.5%,DO NOT BET,D,❌ MISS,52.71,0.5682728572423088,0.4566862257071227,0.4054911368785819,0.4584602067315036,0.49407702047654983,0.6501016260162601,1.0,0.9832
AI Picks by Srini underdog - March 14 2026.csv,331,2099,Jayson Tatum,RA,OVER,51.8%,DO NOT BET,C,✅ HIT,52.55,0.5701048185228184,0.4566537589492665,0.5152613240418118,0.4925952315702933,0.49407702047654983,0.5334688346883468,1.0,0.9837
AI Picks by Srini underdog - March 13 2026.csv,364,2100,Jerami Grant,REB,UNDER,51.3%,DO NOT BET,B,✅ HIT,52.14,0.5747961693002264,0.4565685803797267,0.5620746167935988,0.5557229965156795,0.49407702047654983,0.6001524390243902,0.75,0.9894
AI Picks by Srini underdog - March 12 2026.csv,323,2101,CJ McCollum,3PM,UNDER,50.4%,DO NOT BET,S,✅ HIT,54.66,0.545111233787442,0.4565394273418675,0.5747041267881033,0.5869918699186992,0.49407702047654983,0.4440214158239143,0.5,0.9936
AI Picks by Srini underdog - March 11 2026.csv,230,2102,OG Anunoby,PA,UNDER,54.40%,DO NOT BET,D,❌ MISS,55.06,0.5403324507382438,0.45649132233535705,0.4054911368785819,0.4584602067315036,0.49407702047654983,0.4040975609756097,1.0,0.9912
AI Picks by Srini underdog - March 10 2026.csv,415,2103,Donte DiVincenzo,3PA,UNDER,50.20%,DO NOT BET,B,✅ HIT,54.03,0.5523983761893454,0.45645955614174205,0.5765635645183267,0.5557229965156795,0.49407702047654983,0.5612466124661246,0.5,0.9861
AI Picks by Srini underdog - March 11 2026.csv,316,2104,Naz Reid,AST,OVER,54.30%,DO NOT BET,C,❌ MISS,52.5,0.5703856006297428,0.45645400432183386,0.4745136763108522,0.4925952315702933,0.49407702047654983,0.5301219512195121,1.0,0.989
AI Picks by Srini underdog - March 12 2026.csv,364,2105,Nikola Jokić,RA,UNDER,52.2%,DO NOT BET,C,❌ MISS,53.31,0.5608149314406141,0.4564257298992237,0.5152613240418118,0.4925952315702933,0.49407702047654983,0.4297199638663053,1.0,0.9782
AI Picks by Srini underdog - March 15 2026.csv,298,2106,Kyle Kuzma,RA,OVER,51.7%,DO NOT BET,C,✅ HIT,52.64,0.56868673521134,0.456420078191286,0.5152613240418118,0.4925952315702933,0.49407702047654983,0.5227380015735641,1.0,0.9836
AI Picks by Srini underdog - March 11 2026.csv,266,2107,Jalen Brunson,FGA,OVER,54.90%,DO NOT BET,D,❌ MISS,54.03,0.552255402224316,0.45636662306447295,0.4736390243902439,0.4584602067315036,0.49407702047654983,0.3700813008130081,1.0,0.9911
AI Picks by Srini underdog - March 11 2026.csv,342,2108,Ace Bailey,FGA,UNDER,56.70%,DO NOT BET,D,❌ MISS,51.72,0.5794218366029456,0.45636425495225236,0.4736390243902439,0.4584602067315036,0.49407702047654983,0.5787456445993031,1.0,0.9947
AI Picks by Srini underdog - March 11 2026.csv,261,2109,Evan Mobley,AST,UNDER,50.90%,DO NOT BET,C,❌ MISS,54.06,0.5516856006297429,0.45622560982616056,0.4745136763108522,0.4925952315702933,0.49407702047654983,0.45512195121951216,1.0,0.9962
AI Picks by Srini underdog - March 12 2026.csv,400,2110,Derrick White,AST,UNDER,51.8%,DO NOT BET,C,NO GAME,51.97,0.5761941778655152,0.4561775917575903,0.4745136763108522,0.4925952315702933,0.49407702047654983,0.6723577235772358,1.0,0.9907
AI Picks by Srini underdog - March 14 2026.csv,361,2111,Kyle Kuzma,REB,UNDER,52.2%,DO NOT BET,B,✅ HIT,50.99,0.5874347255551438,0.4559915930159514,0.5620746167935988,0.5557229965156795,0.49407702047654983,0.5227380015735641,1.0,0.9858
AI Picks by Srini underdog - March 9 2026.csv,61,2112,Josh Hart,PTS,OVER,53.40%,DO NOT BET,D,✅ HIT,52.4,0.570821105813763,0.4559725566975799,0.4830232333943893,0.4584602067315036,0.49407702047654983,0.591869918699187,1.0,0.9833
AI Picks by Srini underdog - March 10 2026.csv,317,2113,Cooper Flagg,PTS,OVER,54.70%,DO NOT BET,D,❌ MISS,56.56,0.5216858024991914,0.4558388908879794,0.4830232333943893,0.4584602067315036,0.49407702047654983,0.4270168855534709,0.5,0.9419
AI Picks by Srini underdog - March 15 2026.csv,258,2114,Immanuel Quickley,PA,OVER,56.1%,DO NOT BET,D,❌ MISS,54.05,0.5509471197277908,0.45566914464050495,0.4054911368785819,0.4584602067315036,0.49407702047654983,0.4679442508710801,1.0,0.9601999999999999
AI Picks by Srini underdog - March 9 2026.csv,43,2115,Mikal Bridges,PTS,UNDER,51.10%,DO NOT BET,D,✅ HIT,55.5,0.5334826331076074,0.4554028552484586,0.4830232333943893,0.4584602067315036,0.49407702047654983,0.6477351916376306,0.5,0.9812
AI Picks by Srini underdog - March 14 2026.csv,320,2116,Jaime Jaquez Jr.,PRA,OVER,52.0%,DO NOT BET,D,✅ HIT,52.95,0.5633560777953575,0.45532518145188533,0.4730352303523035,0.4584602067315036,0.49407702047654983,0.5787456445993031,1.0,0.9954
AI Picks by Srini underdog - March 12 2026.csv,385,2117,Jayson Tatum,AST,OVER,52.0%,DO NOT BET,C,NO GAME,52.96,0.5632352889766263,0.4553231213190968,0.4745136763108522,0.4925952315702933,0.49407702047654983,0.5334688346883468,1.0,0.9957
AI Picks by Srini underdog - March 12 2026.csv,387,2118,Kevin Porter Jr.,STL,UNDER,50.7%,DO NOT BET,A,❌ MISS,52.82,0.5648032271171894,0.45527194471904886,0.6067636810821889,0.6088002636783125,0.49407702047654983,0.3668021680216802,0.75,0.9909
AI Picks by Srini underdog - March 10 2026.csv,441,2119,Jrue Holiday,AST,OVER,52.60%,DO NOT BET,C,❌ MISS,53.31,0.5590103567273038,0.455252756335572,0.4745136763108522,0.4925952315702933,0.49407702047654983,0.4712195121951219,1.0,0.9949
AI Picks by Srini underdog - March 11 2026.csv,320,2120,Kawhi Leonard,PTS,OVER,51.70%,DO NOT BET,D,✅ HIT,52.4,0.5696562340188912,0.4552153900309132,0.4830232333943893,0.4584602067315036,0.49407702047654983,0.633921200750469,1.0,0.9915
AI Picks by Srini underdog - March 12 2026.csv,367,2121,Andrew Nembhard,TOV,OVER,51.7%,DO NOT BET,A,❌ MISS,53.23,0.5597591995633626,0.45512788338391647,0.59583830803343,0.6088002636783125,0.49407702047654983,0.5093126385809312,0.5,0.9307
AI Picks by Srini underdog - March 12 2026.csv,352,2122,Victor Wembanyama,BLK,UNDER,51.3%,DO NOT BET,S,NO GAME,54.1,0.5495153942187037,0.4551207860565319,0.644579945799458,0.5869918699186992,0.49407702047654983,0.3382113821138211,0.5,0.9526
AI Picks by Srini underdog - March 15 2026.csv,268,2123,Jalen Brunson,PTS,UNDER,54.7%,DO NOT BET,D,❌ MISS,53.75,0.5536172440251451,0.45511114745218406,0.4830232333943893,0.4584602067315036,0.49407702047654983,0.3700813008130081,1.0,0.9944
AI Picks by Srini underdog - March 10 2026.csv,423,2124,Cooper Flagg,AST,OVER,52.30%,DO NOT BET,C,✅ HIT,53.78,0.5531600940631388,0.4550433577750401,0.4745136763108522,0.4925952315702933,0.49407702047654983,0.4270168855534709,1.0,0.9867
AI Picks by Srini underdog - March 12 2026.csv,292,2125,Desmond Bane,PA,OVER,50.5%,DO NOT BET,D,✅ HIT,55.49,0.5329861192300307,0.45500366862864705,0.4054911368785819,0.4584602067315036,0.49407702047654983,0.6368342458934793,0.75,0.994
AI Picks by Srini underdog - March 15 2026.csv,249,2126,Donovan Mitchell,PA,OVER,53.5%,DO NOT BET,D,✅ HIT,54.19,0.5480848084618211,0.45487897870903854,0.4054911368785819,0.4584602067315036,0.49407702047654983,0.5138211382113821,1.0,0.988
AI Picks by Srini underdog - March 10 2026.csv,476,2127,Michael Porter Jr.,PRA,OVER,55.70%,DO NOT BET,D,❌ MISS,52.45,0.5685310255305491,0.45486626751042447,0.4730352303523035,0.4584602067315036,0.49407702047654983,0.5281951219512195,1.0,0.9484
AI Picks by Srini underdog - March 11 2026.csv,352,2128,Nikola Jokić,3PM,OVER,51.70%,DO NOT BET,S,❌ MISS,51.17,0.583311088591681,0.4546873757786614,0.5747041267881033,0.5869918699186992,0.49407702047654983,0.4297199638663053,1.0,0.9978
AI Picks by Srini underdog - March 11 2026.csv,348,2129,Naz Reid,RA,OVER,54.70%,DO NOT BET,C,❌ MISS,51.41,0.5803201301759348,0.45457811519370733,0.5152613240418118,0.4925952315702933,0.49407702047654983,0.5301219512195121,1.0,0.9975
AI Picks by Srini underdog - March 14 2026.csv,315,2130,LaMelo Ball,3PM,UNDER,51.6%,DO NOT BET,S,❌ MISS,53.11,0.5603238483026115,0.45457747387178776,0.5747041267881033,0.5869918699186992,0.49407702047654983,0.5640975609756097,0.5,0.9761
AI Picks by Srini underdog - March 13 2026.csv,307,2131,Jerami Grant,PTS,OVER,51.2%,DO NOT BET,D,❌ MISS,54.23,0.5469793578462833,0.45446624620648585,0.4830232333943893,0.4584602067315036,0.49407702047654983,0.6001524390243902,0.75,0.9895
AI Picks by Srini underdog - March 13 2026.csv,337,2132,Zion Williamson,PRA,OVER,53.2%,DO NOT BET,D,❌ MISS,53.18,0.5592832206525004,0.4544362340949225,0.4730352303523035,0.4584602067315036,0.49407702047654983,0.5073170731707317,1.0,0.9752
AI Picks by Srini underdog - March 11 2026.csv,307,2133,Aaron Gordon,REB,OVER,52.00%,DO NOT BET,B,❌ MISS,52.81,0.563612764046943,0.45442169112400205,0.5620746167935988,0.5557229965156795,0.49407702047654983,0.4694183864915572,0.75,0.9796
AI Picks by Srini underdog - March 13 2026.csv,359,2134,Mikal Bridges,PTS,OVER,51.5%,DO NOT BET,D,❌ MISS,52.22,0.5704576331076073,0.454360152649618,0.4830232333943893,0.4584602067315036,0.49407702047654983,0.6477351916376306,1.0,0.9935
AI Picks by Srini underdog - March 10 2026.csv,452,2135,LeBron James,AST,OVER,52.80%,DO NOT BET,C,NO GAME,53.12,0.5598397334210706,0.4543392517981729,0.4745136763108522,0.4925952315702933,0.49407702047654983,0.4779132791327913,1.0,0.9845
AI Picks by Srini underdog - March 12 2026.csv,318,2136,Jaylen Brown,PR,UNDER,52.3%,DO NOT BET,D,❌ MISS,54.87,0.5391417514163371,0.4542647683877703,0.4622014406672564,0.4584602067315036,0.49407702047654983,0.3511199601791936,1.0,0.9893
AI Picks by Srini underdog - March 12 2026.csv,363,2137,Cade Cunningham,FGA,OVER,53.4%,DO NOT BET,D,❌ MISS,53.42,0.5560467986853395,0.45416742220154893,0.4736390243902439,0.4584602067315036,0.49407702047654983,0.45889526542324244,1.0,0.9913
AI Picks by Srini underdog - March 14 2026.csv,291,2138,Victor Wembanyama,PTS,UNDER,54.8%,DO NOT BET,D,❌ MISS,53.86,0.5507402521552264,0.45408208132999067,0.4830232333943893,0.4584602067315036,0.49407702047654983,0.3382113821138211,1.0,0.9938
AI Picks by Srini underdog - March 13 2026.csv,327,2139,Kevin Durant,AST,UNDER,53.2%,DO NOT BET,C,❌ MISS,53.53,0.5544778505053028,0.453988584477779,0.4745136763108522,0.4925952315702933,0.49407702047654983,0.41234444997511194,1.0,0.9812
AI Picks by Srini underdog - March 13 2026.csv,309,2140,Immanuel Quickley,PA,OVER,54.8%,DO NOT BET,D,❌ MISS,54.14,0.5471071197277908,0.4538612180349854,0.4054911368785819,0.4584602067315036,0.49407702047654983,0.4679442508710801,1.0,0.9718
AI Picks by Srini underdog - March 13 2026.csv,394,2141,Brandon Ingram,3PA,OVER,51.1%,DO NOT BET,B,✅ HIT,50.43,0.5906886742923263,0.45382531412946436,0.5765635645183267,0.5557229965156795,0.49407702047654983,0.5593495934959349,1.0,0.9945
AI Picks by Srini underdog - March 10 2026.csv,429,2142,Cade Cunningham,FGA,UNDER,52.40%,DO NOT BET,D,✅ HIT,53.66,0.5526267986853395,0.4537792845868299,0.4736390243902439,0.4584602067315036,0.49407702047654983,0.45889526542324244,1.0,0.9909
AI Picks by Srini underdog - March 12 2026.csv,398,2143,Austin Reaves,RA,UNDER,50.7%,DO NOT BET,C,❌ MISS,52.24,0.5692429947322399,0.4537235429044026,0.5152613240418118,0.4925952315702933,0.49407702047654983,0.5575505967825636,1.0,0.9931
AI Picks by Srini underdog - March 13 2026.csv,303,2144,Brandin Podziemski,AST,OVER,52.0%,DO NOT BET,C,❌ MISS,54.37,0.5441427056138362,0.45369275864680914,0.4745136763108522,0.4925952315702933,0.49407702047654983,0.5261930010604453,0.75,0.9784
AI Picks by Srini underdog - March 15 2026.csv,192,2145,Deni Avdija,PR,UNDER,53.5%,DO NOT BET,D,❌ MISS,56.56,0.5182091767788018,0.4535790841697262,0.4622014406672564,0.4584602067315036,0.49407702047654983,0.4724442138038401,0.5,0.9464
AI Picks by Srini underdog - March 11 2026.csv,323,2146,Alperen Sengun,FTM,UNDER,51.20%,DO NOT BET,B,✅ HIT,52.25,0.5686625453930179,0.45342270343329494,0.5145057766367137,0.5557229965156795,0.49407702047654983,0.4607538802660754,1.0,0.9926
AI Picks by Srini underdog - March 15 2026.csv,300,2147,Donovan Mitchell,AST,OVER,53.5%,DO NOT BET,C,✅ HIT,52.53,0.56531051932893,0.4533845592744657,0.4745136763108522,0.4925952315702933,0.49407702047654983,0.5138211382113821,1.0,0.9745
AI Picks by Srini underdog - March 10 2026.csv,450,2148,Jalen Green,FGA,UNDER,53.20%,DO NOT BET,D,❌ MISS,53.13,0.5575657680779745,0.4529376269245472,0.4736390243902439,0.4584602067315036,0.49407702047654983,0.48343495934959346,1.0,0.9862
AI Picks by Srini underdog - March 12 2026.csv,356,2149,Andrew Nembhard,3PA,OVER,50.8%,DO NOT BET,B,❌ MISS,53.82,0.5491399788008261,0.45273609325208364,0.5765635645183267,0.5557229965156795,0.49407702047654983,0.5093126385809312,0.5,0.984
AI Picks by Srini underdog - March 10 2026.csv,422,2150,Cade Cunningham,PR,OVER,52.00%,DO NOT BET,D,❌ MISS,53.81,0.549204281940742,0.45270143769364224,0.4622014406672564,0.4584602067315036,0.49407702047654983,0.45889526542324244,1.0,0.9954
AI Picks by Srini underdog - March 10 2026.csv,488,2151,Giannis Antetokounmpo,PTS,OVER,54.90%,DO NOT BET,D,❌ MISS,52.2,0.5680438544731645,0.4526382913384568,0.4830232333943893,0.4584602067315036,0.49407702047654983,0.5149974052932018,1.0,0.9795
AI Picks by Srini underdog - March 13 2026.csv,365,2152,Kawhi Leonard,FTM,OVER,51.3%,DO NOT BET,B,✅ HIT,52.14,0.5684042774414572,0.45241385067152673,0.5145057766367137,0.5557229965156795,0.49407702047654983,0.633921200750469,0.75,0.9843
AI Picks by Srini underdog - March 11 2026.csv,303,2153,Aaron Gordon,AST,OVER,52.80%,DO NOT BET,C,❌ MISS,52.88,0.5594752441569474,0.4522674713912118,0.4745136763108522,0.4925952315702933,0.49407702047654983,0.4694183864915572,1.0,0.9942
AI Picks by Srini underdog - March 15 2026.csv,239,2154,Cade Cunningham,PA,UNDER,53.4%,DO NOT BET,D,❌ MISS,54.35,0.5421522211830071,0.4522460385679969,0.4054911368785819,0.4584602067315036,0.49407702047654983,0.45889526542324244,1.0,0.986
AI Picks by Srini underdog - March 11 2026.csv,294,2155,Immanuel Quickley,PRA,OVER,53.60%,DO NOT BET,D,✅ HIT,53.13,0.5564559384225352,0.4522162376485116,0.4730352303523035,0.4584602067315036,0.49407702047654983,0.4679442508710801,1.0,0.9702
AI Picks by Srini underdog - March 15 2026.csv,320,2156,Julius Randle,REB,OVER,51.0%,DO NOT BET,B,✅ HIT,51.42,0.5765016386973733,0.45217254833202913,0.5620746167935988,0.5557229965156795,0.49407702047654983,0.6265071329958583,0.75,0.9912
AI Picks by Srini underdog - March 14 2026.csv,264,2157,Payton Pritchard,PA,OVER,54.3%,DO NOT BET,D,❌ MISS,55.04,0.53385692929165,0.45212932819629764,0.4054911368785819,0.4584602067315036,0.49407702047654983,0.351892346509672,1.0,0.9729
AI Picks by Srini underdog - March 14 2026.csv,310,2158,Brandon Miller,PR,OVER,53.9%,DO NOT BET,D,❌ MISS,53.16,0.555780300592105,0.45200643085689207,0.4622014406672564,0.4584602067315036,0.49407702047654983,0.47460545193687226,1.0,0.9663
AI Picks by Srini underdog - March 10 2026.csv,494,2159,Russell Westbrook,FGA,UNDER,52.80%,DO NOT BET,D,✅ HIT,52.04,0.5689275566958607,0.4519894561930219,0.4736390243902439,0.4584602067315036,0.49407702047654983,0.6045528455284552,1.0,0.9984
AI Picks by Srini underdog - March 15 2026.csv,325,2160,Brandon Ingram,3PM,UNDER,51.3%,DO NOT BET,S,❌ MISS,51.31,0.5769540515546441,0.4516256380960013,0.5747041267881033,0.5869918699186992,0.49407702047654983,0.5593495934959349,0.75,0.9886
AI Picks by Srini underdog - March 9 2026.csv,56,2161,OG Anunoby,AST,OVER,52.90%,DO NOT BET,C,✅ HIT,53.3,0.5533081616053526,0.4514698769069169,0.4745136763108522,0.4925952315702933,0.49407702047654983,0.4040975609756097,1.0,0.9947
AI Picks by Srini underdog - March 10 2026.csv,480,2162,Tobias Harris,PTS,OVER,53.60%,DO NOT BET,D,❌ MISS,52.38,0.5640514310170149,0.4514193628809202,0.4830232333943893,0.4584602067315036,0.49407702047654983,0.5170731707317073,1.0,0.9839
AI Picks by Srini underdog - March 14 2026.csv,263,2163,DeMar DeRozan,PA,UNDER,51.8%,DO NOT BET,D,❌ MISS,55.06,0.5324636639965302,0.4513766109532433,0.4054911368785819,0.4584602067315036,0.49407702047654983,0.415509693558474,1.0,0.9878
AI Picks by Srini underdog - March 15 2026.csv,337,2164,Naz Reid,3PA,OVER,51.3%,DO NOT BET,B,❌ MISS,50.3,0.5883909100646841,0.4513378835894697,0.5765635645183267,0.5557229965156795,0.49407702047654983,0.5301219512195121,1.0,0.9934
AI Picks by Srini underdog - March 10 2026.csv,457,2165,Jrue Holiday,PTS,UNDER,52.60%,DO NOT BET,D,✅ HIT,53.0,0.5566160651633566,0.45132643623801827,0.4830232333943893,0.4584602067315036,0.49407702047654983,0.4712195121951219,1.0,0.9949
AI Picks by Srini underdog - March 15 2026.csv,340,2166,Scoot Henderson,3PM,UNDER,51.7%,DO NOT BET,S,❌ MISS,49.99,0.5919064092782212,0.45125292749728085,0.5747041267881033,0.5869918699186992,0.49407702047654983,0.5170731707317073,1.0,0.995
AI Picks by Srini underdog - March 12 2026.csv,388,2167,Jalen Green,AST,OVER,52.3%,DO NOT BET,C,✅ HIT,52.78,0.5590519014427511,0.45122777263311714,0.4745136763108522,0.4925952315702933,0.49407702047654983,0.48343495934959346,1.0,0.9917
AI Picks by Srini underdog - March 13 2026.csv,341,2168,Jaylen Wells,PTS,OVER,52.1%,DO NOT BET,D,NO GAME,53.04,0.5559736261389663,0.4512146612697114,0.4830232333943893,0.4584602067315036,0.49407702047654983,0.4881951219512195,1.0,0.9821
AI Picks by Srini underdog - March 13 2026.csv,339,2169,Cade Cunningham,PR,OVER,53.9%,DO NOT BET,D,❌ MISS,53.09,0.5552942819407419,0.4511553505377992,0.4622014406672564,0.4584602067315036,0.49407702047654983,0.45889526542324244,1.0,0.988
AI Picks by Srini underdog - March 10 2026.csv,491,2170,Bam Adebayo,3PM,UNDER,50.50%,DO NOT BET,S,❌ MISS,52.09,0.5669325881400099,0.45107498962865245,0.5747041267881033,0.5869918699186992,0.49407702047654983,0.48343495934959346,0.75,0.9944
AI Picks by Srini underdog - March 13 2026.csv,333,2171,James Harden,FGA,OVER,54.0%,DO NOT BET,D,❌ MISS,53.42,0.5512692677084254,0.45106202706655485,0.4736390243902439,0.4584602067315036,0.49407702047654983,0.39101995565410197,1.0,0.9907
AI Picks by Srini underdog - March 13 2026.csv,318,2172,Jalen Brunson,PA,UNDER,56.8%,DO NOT BET,D,❌ MISS,53.95,0.5449508247219836,0.45100702689286326,0.4054911368785819,0.4584602067315036,0.49407702047654983,0.3700813008130081,1.0,0.9884
AI Picks by Srini underdog - March 15 2026.csv,334,2173,Andrew Nembhard,3PA,UNDER,50.6%,DO NOT BET,B,NO GAME,50.62,0.5840599788008259,0.4509692614483366,0.5765635645183267,0.5557229965156795,0.49407702047654983,0.5093126385809312,1.0,0.996
AI Picks by Srini underdog - March 14 2026.csv,285,2174,Darius Garland,PRA,OVER,50.4%,DO NOT BET,D,✅ HIT,54.02,0.5440668256495259,0.4509675956914727,0.4730352303523035,0.4584602067315036,0.49407702047654983,0.6147531231409875,0.75,0.9964
AI Picks by Srini underdog - March 13 2026.csv,350,2175,Dejounte Murray,PRA,OVER,52.2%,DO NOT BET,D,✅ HIT,52.55,0.5609818385386792,0.45072382195957605,0.4730352303523035,0.4584602067315036,0.49407702047654983,0.5502032520325203,1.0,0.9914
AI Picks by Srini underdog - March 11 2026.csv,292,2176,Darius Garland,PA,UNDER,52.00%,DO NOT BET,D,❌ MISS,53.2,0.5532830069547815,0.4506890003901787,0.4054911368785819,0.4584602067315036,0.49407702047654983,0.6147531231409875,1.0,0.9921
AI Picks by Srini underdog - March 14 2026.csv,353,2177,Jaylen Brown,3PA,OVER,52.3%,DO NOT BET,B,✅ HIT,51.44,0.5739457109606523,0.45066410050193384,0.5765635645183267,0.5557229965156795,0.49407702047654983,0.3511199601791936,1.0,0.9945
AI Picks by Srini underdog - March 15 2026.csv,331,2178,VJ Edgecombe,PR,UNDER,57.8%,DO NOT BET,D,❌ MISS,50.83,0.5808645114959786,0.45049771228730673,0.4622014406672564,0.4584602067315036,0.49407702047654983,0.5840975609756097,1.0,0.9838
AI Picks by Srini underdog - March 13 2026.csv,374,2179,Donte DiVincenzo,PTS,OVER,54.4%,DO NOT BET,D,❌ MISS,51.69,0.5706987751904568,0.4504649072359745,0.4830232333943893,0.4584602067315036,0.49407702047654983,0.5612466124661246,1.0,0.9741
AI Picks by Srini underdog - March 15 2026.csv,272,2180,DeMar DeRozan,AST,OVER,51.1%,DO NOT BET,C,✅ HIT,53.58,0.5484093748636389,0.45042633830763096,0.4745136763108522,0.4925952315702933,0.49407702047654983,0.415509693558474,1.0,0.9963
AI Picks by Srini underdog - March 11 2026.csv,282,2181,LaMelo Ball,REB,UNDER,50.00%,DO NOT BET,B,❌ MISS,53.46,0.5495956814953483,0.45028000642560156,0.5620746167935988,0.5557229965156795,0.49407702047654983,0.5640975609756097,0.5,0.9959
AI Picks by Srini underdog - March 10 2026.csv,482,2182,Josh Giddey,3PA,UNDER,52.20%,DO NOT BET,B,❌ MISS,52.34,0.5626234710402939,0.45018537849850476,0.5765635645183267,0.5557229965156795,0.49407702047654983,0.42409756097560974,0.75,0.9789
AI Picks by Srini underdog - March 15 2026.csv,198,2183,Brandon Ingram,PA,OVER,53.5%,DO NOT BET,D,✅ HIT,56.27,0.5163626539902764,0.4501617189749701,0.4054911368785819,0.4584602067315036,0.49407702047654983,0.5593495934959349,0.5,0.9625
AI Picks by Srini underdog - March 11 2026.csv,313,2184,Miles Bridges,AST,UNDER,53.00%,DO NOT BET,C,❌ MISS,52.59,0.559550827110579,0.4500994749288578,0.4745136763108522,0.4925952315702933,0.49407702047654983,0.6501742160278745,0.75,0.9706
AI Picks by Srini underdog - March 15 2026.csv,313,2185,Chet Holmgren,REB,OVER,50.6%,DO NOT BET,B,✅ HIT,51.88,0.567872222515304,0.4500802473854727,0.5620746167935988,0.5557229965156795,0.49407702047654983,0.5516629711751663,0.75,0.9955
AI Picks by Srini underdog - March 10 2026.csv,545,2186,Reed Sheppard,3PA,UNDER,53.80%,DO NOT BET,B,✅ HIT,49.4,0.5970255984115677,0.45006969707014016,0.5765635645183267,0.5557229965156795,0.49407702047654983,0.5334688346883468,1.0,0.9894
AI Picks by Srini underdog - March 13 2026.csv,330,2187,James Harden,PA,OVER,57.3%,DO NOT BET,D,❌ MISS,53.47,0.548909690206093,0.4499105646869723,0.4054911368785819,0.4584602067315036,0.49407702047654983,0.39101995565410197,1.0,0.9917
AI Picks by Srini underdog - March 11 2026.csv,276,2188,Brandon Ingram,PTS,OVER,52.40%,DO NOT BET,D,✅ HIT,53.69,0.5462990732934379,0.44989562088025403,0.4830232333943893,0.4584602067315036,0.49407702047654983,0.5593495934959349,0.75,0.9759
AI Picks by Srini underdog - March 14 2026.csv,294,2189,Jaylen Brown,AST,UNDER,52.2%,DO NOT BET,C,✅ HIT,53.74,0.545710401525711,0.4498952472281652,0.4745136763108522,0.4925952315702933,0.49407702047654983,0.3511199601791936,1.0,0.9963
AI Picks by Srini underdog - March 10 2026.csv,439,2190,Collin Sexton,PA,UNDER,54.10%,DO NOT BET,D,NO GAME,53.32,0.5506200117138536,0.449875484676216,0.4054911368785819,0.4584602067315036,0.49407702047654983,0.5170731707317073,1.0,0.9914
AI Picks by Srini underdog - March 14 2026.csv,288,2191,Stephon Castle,PA,UNDER,51.6%,DO NOT BET,D,❌ MISS,53.96,0.5430860538424567,0.44987137842055747,0.4054911368785819,0.4584602067315036,0.49407702047654983,0.5273835920177383,1.0,0.9901
AI Picks by Srini underdog - March 15 2026.csv,307,2192,Russell Westbrook,PA,UNDER,55.2%,DO NOT BET,D,NO GAME,52.25,0.5630629791935284,0.4497829854036268,0.4054911368785819,0.4584602067315036,0.49407702047654983,0.6045528455284552,1.0,0.9905
AI Picks by Srini underdog - March 10 2026.csv,464,2193,Jaden McDaniels,PRA,OVER,51.80%,DO NOT BET,D,❌ MISS,52.73,0.5573612005040379,0.44974655402602,0.4730352303523035,0.4584602067315036,0.49407702047654983,0.5306468716861081,1.0,0.9853
AI Picks by Srini underdog - March 14 2026.csv,352,2194,Darius Garland,PR,UNDER,54.1%,DO NOT BET,D,❌ MISS,51.48,0.5720100677125164,0.44971174278819237,0.4622014406672564,0.4584602067315036,0.49407702047654983,0.6147531231409875,1.0,0.997
AI Picks by Srini underdog - March 10 2026.csv,462,2195,Giannis Antetokounmpo,PA,OVER,55.90%,DO NOT BET,D,❌ MISS,52.79,0.556202435170003,0.44945207215521754,0.4054911368785819,0.4584602067315036,0.49407702047654983,0.5149974052932018,1.0,0.9848
AI Picks by Srini underdog - March 15 2026.csv,284,2196,Evan Mobley,PRA,UNDER,52.3%,DO NOT BET,D,❌ MISS,53.16,0.5518287084573783,0.4494378959693197,0.4730352303523035,0.4584602067315036,0.49407702047654983,0.45512195121951216,1.0,0.9917
AI Picks by Srini underdog - March 12 2026.csv,408,2197,Jalen Johnson,PRA,UNDER,52.5%,DO NOT BET,D,✅ HIT,51.7,0.5689291215982445,0.44939108500042324,0.4730352303523035,0.4584602067315036,0.49407702047654983,0.6164260826281732,1.0,0.9975
AI Picks by Srini underdog - March 10 2026.csv,477,2198,Collin Sexton,PR,UNDER,53.60%,DO NOT BET,D,NO GAME,52.43,0.5603370724715885,0.4493872928233266,0.4622014406672564,0.4584602067315036,0.49407702047654983,0.5170731707317073,1.0,0.9929
AI Picks by Srini underdog - March 11 2026.csv,322,2199,Josh Hart,PRA,UNDER,51.20%,DO NOT BET,D,NO GAME,52.29,0.5619235052053458,0.44934813770885496,0.4730352303523035,0.4584602067315036,0.49407702047654983,0.591869918699187,1.0,0.9949
AI Picks by Srini underdog - March 11 2026.csv,274,2200,Donovan Mitchell,PA,OVER,52.60%,DO NOT BET,D,❌ MISS,53.75,0.5447348084618211,0.44933756433602345,0.4054911368785819,0.4584602067315036,0.49407702047654983,0.5138211382113821,1.0,0.9822
AI Picks by Srini underdog - March 12 2026.csv,419,2201,Nikola Jokić,3PM,OVER,50.5%,DO NOT BET,S,✅ HIT,50.82,0.5791660885916812,0.44931728480012667,0.5747041267881033,0.5869918699186992,0.49407702047654983,0.4297199638663053,1.0,0.9965
AI Picks by Srini underdog - March 12 2026.csv,432,2202,Desmond Bane,RA,UNDER,54.6%,DO NOT BET,C,✅ HIT,49.82,0.5905513596433315,0.44907245104502846,0.5152613240418118,0.4925952315702933,0.49407702047654983,0.6368342458934793,1.0,0.9955
AI Picks by Srini underdog - March 15 2026.csv,248,2203,Cooper Flagg,PA,UNDER,53.6%,DO NOT BET,D,❌ MISS,54.2,0.5389943831960299,0.4490466548856611,0.4054911368785819,0.4584602067315036,0.49407702047654983,0.4270168855534709,1.0,0.973
AI Picks by Srini underdog - March 14 2026.csv,341,2204,Kawhi Leonard,PR,OVER,51.3%,DO NOT BET,D,✅ HIT,52.02,0.5642918754734646,0.448823358199691,0.4622014406672564,0.4584602067315036,0.49407702047654983,0.633921200750469,1.0,0.9947
AI Picks by Srini underdog - March 11 2026.csv,310,2205,Brandon Miller,FGA,UNDER,52.80%,DO NOT BET,D,✅ HIT,52.75,0.5554478173367025,0.4486557601660254,0.4736390243902439,0.4584602067315036,0.49407702047654983,0.47460545193687226,1.0,0.9887
AI Picks by Srini underdog - March 14 2026.csv,342,2206,Jaime Jaquez Jr.,PTS,OVER,52.2%,DO NOT BET,D,✅ HIT,51.86,0.5656486784037746,0.4484820385142052,0.4830232333943893,0.4584602067315036,0.49407702047654983,0.5787456445993031,1.0,0.9877
AI Picks by Srini underdog - March 13 2026.csv,379,2207,Immanuel Quickley,FTM,OVER,51.7%,DO NOT BET,B,❌ MISS,51.41,0.5709265824535183,0.44847230917413666,0.5145057766367137,0.5557229965156795,0.49407702047654983,0.4679442508710801,1.0,0.9895
AI Picks by Srini underdog - March 11 2026.csv,327,2208,Paolo Banchero,PRA,UNDER,52.30%,DO NOT BET,D,❌ MISS,52.13,0.5624165730136836,0.4484453901940872,0.4730352303523035,0.4584602067315036,0.49407702047654983,0.5575505967825636,1.0,0.9986
AI Picks by Srini underdog - March 11 2026.csv,298,2209,Nikola Jokić,PRA,OVER,53.10%,DO NOT BET,D,❌ MISS,53.02,0.5517985097220577,0.44834793039994747,0.4730352303523035,0.4584602067315036,0.49407702047654983,0.4297199638663053,1.0,0.9875
AI Picks by Srini underdog - March 11 2026.csv,332,2210,Rudy Gobert,PTS,OVER,51.20%,DO NOT BET,D,❌ MISS,52.03,0.5631551094061245,0.4481609128553066,0.4830232333943893,0.4584602067315036,0.49407702047654983,0.586159954622802,1.0,0.991
AI Picks by Srini underdog - March 10 2026.csv,537,2211,Deni Avdija,3PM,UNDER,51.80%,DO NOT BET,S,❌ MISS,49.96,0.5872585135854346,0.4480024374988094,0.5747041267881033,0.5869918699186992,0.49407702047654983,0.4724442138038401,1.0,0.9845
AI Picks by Srini underdog - March 11 2026.csv,289,2212,Brandon Ingram,PA,OVER,51.90%,DO NOT BET,D,✅ HIT,53.32,0.5476876539902763,0.4479694521558908,0.4054911368785819,0.4584602067315036,0.49407702047654983,0.5593495934959349,1.0,0.9978
AI Picks by Srini underdog - March 15 2026.csv,304,2213,OG Anunoby,PTS,OVER,55.4%,DO NOT BET,D,❌ MISS,52.32,0.5593538700414052,0.44790723265045373,0.4830232333943893,0.4584602067315036,0.49407702047654983,0.4040975609756097,1.0,0.9935
AI Picks by Srini underdog - March 11 2026.csv,308,2214,Donovan Mitchell,PR,OVER,51.60%,DO NOT BET,D,❌ MISS,52.78,0.553391869219556,0.4475487516880403,0.4622014406672564,0.4584602067315036,0.49407702047654983,0.5138211382113821,1.0,0.9965
AI Picks by Srini underdog - March 15 2026.csv,321,2215,Jalen Brunson,REB,UNDER,51.3%,DO NOT BET,B,✅ HIT,51.41,0.5694190554790881,0.447492416640757,0.5620746167935988,0.5557229965156795,0.49407702047654983,0.3700813008130081,1.0,0.992
AI Picks by Srini underdog - March 10 2026.csv,472,2216,Amen Thompson,TOV,OVER,51.40%,DO NOT BET,A,✅ HIT,52.57,0.5556854966808793,0.4474341049507795,0.59583830803343,0.6088002636783125,0.49407702047654983,0.4609756097560975,0.5,0.9663
AI Picks by Srini underdog - March 10 2026.csv,543,2217,Cade Cunningham,TOV,OVER,51.10%,DO NOT BET,A,❌ MISS,49.55,0.5908424622475937,0.44719744755435775,0.59583830803343,0.6088002636783125,0.49407702047654983,0.45889526542324244,1.0,0.994
AI Picks by Srini underdog - March 13 2026.csv,283,2218,Julius Randle,PRA,UNDER,50.3%,DO NOT BET,D,✅ HIT,54.98,0.526737226635013,0.44704280587316336,0.4730352303523035,0.4584602067315036,0.49407702047654983,0.6265071329958583,0.5,0.9831
AI Picks by Srini underdog - March 12 2026.csv,350,2219,Bam Adebayo,PA,OVER,50.9%,DO NOT BET,D,❌ MISS,54.14,0.5364911905756422,0.4469608640860888,0.4054911368785819,0.4584602067315036,0.49407702047654983,0.48343495934959346,1.0,0.9937
AI Picks by Srini underdog - March 11 2026.csv,325,2220,Donovan Mitchell,PTS,UNDER,52.20%,DO NOT BET,D,✅ HIT,52.19,0.5593162277649826,0.4468888813787517,0.4830232333943893,0.4584602067315036,0.49407702047654983,0.5138211382113821,1.0,0.9909
AI Picks by Srini underdog - March 11 2026.csv,354,2221,Julius Randle,PR,OVER,54.30%,DO NOT BET,D,❌ MISS,51.01,0.5731004686980036,0.4468272312575837,0.4622014406672564,0.4584602067315036,0.49407702047654983,0.6265071329958583,1.0,0.9817
AI Picks by Srini underdog - March 10 2026.csv,506,2222,Immanuel Quickley,3PA,OVER,52.00%,DO NOT BET,B,❌ MISS,51.57,0.5663231400298409,0.4467033131889337,0.5765635645183267,0.5557229965156795,0.49407702047654983,0.4679442508710801,0.75,0.9788
AI Picks by Srini underdog - March 10 2026.csv,390,2223,Devin Booker,PA,UNDER,53.80%,DO NOT BET,D,❌ MISS,54.68,0.5296945239089755,0.4466714711196378,0.4054911368785819,0.4584602067315036,0.49407702047654983,0.31676829268292683,1.0,0.9939
AI Picks by Srini underdog - March 10 2026.csv,510,2224,Brandon Ingram,PTS,OVER,53.40%,DO NOT BET,D,❌ MISS,51.45,0.5676190732934379,0.44662823861763123,0.4830232333943893,0.4584602067315036,0.49407702047654983,0.5593495934959349,1.0,0.9843
AI Picks by Srini underdog - March 10 2026.csv,468,2225,Jaylen Brown,PR,OVER,56.70%,DO NOT BET,D,❌ MISS,52.6,0.5537067514163372,0.44637727832698737,0.4622014406672564,0.4584602067315036,0.49407702047654983,0.3511199601791936,1.0,0.9814
AI Picks by Srini underdog - March 9 2026.csv,39,2226,Jalen Brunson,PTS,UNDER,52.30%,DO NOT BET,D,❌ MISS,56.36,0.5094472440251452,0.44635477589211514,0.4830232333943893,0.4584602067315036,0.49407702047654983,0.3700813008130081,0.5,0.9742
AI Picks by Srini underdog - March 13 2026.csv,373,2227,Evan Mobley,AST,OVER,54.3%,DO NOT BET,C,❌ MISS,51.79,0.5631506006297428,0.44632311976537753,0.4745136763108522,0.4925952315702933,0.49407702047654983,0.45512195121951216,1.0,0.9943
AI Picks by Srini underdog - March 15 2026.csv,237,2228,Giannis Antetokounmpo,RA,OVER,51.2%,DO NOT BET,C,✅ HIT,54.52,0.5307726755833038,0.4461490281177638,0.5152613240418118,0.4925952315702933,0.49407702047654983,0.5149974052932018,0.5,0.9748
AI Picks by Srini underdog - March 15 2026.csv,336,2229,Julius Randle,RA,OVER,51.4%,DO NOT BET,C,✅ HIT,50.41,0.5787986483535694,0.4459438920704989,0.5152613240418118,0.4925952315702933,0.49407702047654983,0.6265071329958583,1.0,0.9987
AI Picks by Srini underdog - March 13 2026.csv,368,2230,Jrue Holiday,AST,OVER,52.7%,DO NOT BET,C,✅ HIT,52.06,0.5593903567273038,0.4459431814122333,0.4745136763108522,0.4925952315702933,0.49407702047654983,0.4712195121951219,1.0,0.9957
AI Picks by Srini underdog - March 15 2026.csv,341,2231,Quentin Grimes,FGA,UNDER,57.1%,DO NOT BET,D,❌ MISS,49.96,0.5839403105446759,0.4458456055223163,0.4736390243902439,0.4584602067315036,0.49407702047654983,0.6213803840166061,1.0,0.9726
AI Picks by Srini underdog - March 12 2026.csv,410,2232,Kevin Porter Jr.,FTM,OVER,52.7%,DO NOT BET,B,❌ MISS,51.66,0.5639323741685783,0.44583738877359336,0.5145057766367137,0.5557229965156795,0.49407702047654983,0.3668021680216802,1.0,0.9839
AI Picks by Srini underdog - March 10 2026.csv,481,2233,Naz Reid,3PM,UNDER,51.10%,DO NOT BET,S,✅ HIT,52.37,0.5554912873270017,0.4457788168830249,0.5747041267881033,0.5869918699186992,0.49407702047654983,0.5301219512195121,0.5,0.9814
AI Picks by Srini underdog - March 13 2026.csv,371,2234,Donovan Mitchell,STL,UNDER,51.0%,DO NOT BET,A,❌ MISS,51.85,0.5613801241361596,0.44563102564086865,0.6067636810821889,0.6088002636783125,0.49407702047654983,0.5138211382113821,0.5,0.958
AI Picks by Srini underdog - March 15 2026.csv,302,2235,Scoot Henderson,PRA,UNDER,51.4%,DO NOT BET,D,✅ HIT,52.41,0.5547288304085979,0.4455890302836093,0.4730352303523035,0.4584602067315036,0.49407702047654983,0.5170731707317073,1.0,0.987
AI Picks by Srini underdog - March 14 2026.csv,292,2236,Payton Pritchard,3PA,UNDER,52.3%,DO NOT BET,B,✅ HIT,53.84,0.5378379495937001,0.44554267946622517,0.5765635645183267,0.5557229965156795,0.49407702047654983,0.351892346509672,0.5,0.9708
AI Picks by Srini underdog - March 13 2026.csv,273,2237,Brandin Podziemski,PTS,OVER,50.9%,DO NOT BET,D,✅ HIT,55.29,0.5205934140498888,0.4454193582738206,0.4830232333943893,0.4584602067315036,0.49407702047654983,0.5261930010604453,0.5,0.9801
AI Picks by Srini underdog - March 13 2026.csv,360,2238,Alperen Sengun,PTS,OVER,53.0%,DO NOT BET,D,NO GAME,52.21,0.5567545019704518,0.4453766648110802,0.4830232333943893,0.4584602067315036,0.49407702047654983,0.4607538802660754,1.0,0.9914
AI Picks by Srini underdog - March 10 2026.csv,486,2239,Luka Dončić,RA,OVER,51.70%,DO NOT BET,C,✅ HIT,52.28,0.5559034697631768,0.44535866207205843,0.5152613240418118,0.4925952315702933,0.49407702047654983,0.3885553470919324,1.0,0.9963
AI Picks by Srini underdog - March 15 2026.csv,308,2240,Deni Avdija,TOV,OVER,51.6%,DO NOT BET,A,✅ HIT,52.24,0.5563573570856535,0.4453478784341214,0.59583830803343,0.6088002636783125,0.49407702047654983,0.4724442138038401,0.5,0.9432
AI Picks by Srini underdog - March 14 2026.csv,340,2241,Russell Westbrook,PA,UNDER,54.0%,DO NOT BET,D,✅ HIT,52.05,0.5585379791935283,0.44531268341589253,0.4054911368785819,0.4584602067315036,0.49407702047654983,0.6045528455284552,1.0,0.9816
AI Picks by Srini underdog - March 15 2026.csv,233,2242,Anthony Edwards,PR,UNDER,51.4%,DO NOT BET,D,✅ HIT,54.68,0.5275913888056609,0.44530443330248326,0.4622014406672564,0.4584602067315036,0.49407702047654983,0.6243163340724316,0.5,0.9731
AI Picks by Srini underdog - March 13 2026.csv,270,2243,Jalen Green,PA,OVER,51.2%,DO NOT BET,D,✅ HIT,55.35,0.5196361905756421,0.4452558786118806,0.4054911368785819,0.4584602067315036,0.49407702047654983,0.48343495934959346,0.75,0.9862
AI Picks by Srini underdog - March 10 2026.csv,511,2244,Brandon Miller,RA,OVER,52.30%,DO NOT BET,C,✅ HIT,51.39,0.5661934802476709,0.4452428875415624,0.5152613240418118,0.4925952315702933,0.49407702047654983,0.47460545193687226,1.0,0.9892
AI Picks by Srini underdog - March 11 2026.csv,329,2245,Zion Williamson,TOV,UNDER,50.50%,DO NOT BET,A,✅ HIT,52.1,0.5572896430223426,0.44488352790155544,0.59583830803343,0.6088002636783125,0.49407702047654983,0.5073170731707317,0.5,0.9669
AI Picks by Srini underdog - March 10 2026.csv,469,2246,DeMar DeRozan,PTS,OVER,52.90%,DO NOT BET,D,❌ MISS,52.59,0.5514200832996917,0.4448144914517811,0.4830232333943893,0.4584602067315036,0.49407702047654983,0.415509693558474,1.0,0.982
AI Picks by Srini underdog - March 11 2026.csv,290,2247,Jalen Brunson,FTM,UNDER,51.90%,DO NOT BET,B,❌ MISS,53.24,0.543770287447711,0.44481154310812976,0.5145057766367137,0.5557229965156795,0.49407702047654983,0.3700813008130081,0.75,0.9785
AI Picks by Srini underdog - March 10 2026.csv,490,2248,Bam Adebayo,FGA,UNDER,53.20%,DO NOT BET,D,❌ MISS,52.1,0.5571257680779745,0.4447770091877162,0.4736390243902439,0.4584602067315036,0.49407702047654983,0.48343495934959346,1.0,0.9774
AI Picks by Srini underdog - March 14 2026.csv,346,2249,LeBron James,PRA,OVER,55.1%,DO NOT BET,D,❌ MISS,51.66,0.5622828412487062,0.44476519237567647,0.4730352303523035,0.4584602067315036,0.49407702047654983,0.4779132791327913,1.0,0.9648
AI Picks by Srini underdog - March 12 2026.csv,401,2250,Giannis Antetokounmpo,FTM,OVER,52.0%,DO NOT BET,B,✅ HIT,51.94,0.5586868978957304,0.4445685019790701,0.5145057766367137,0.5557229965156795,0.49407702047654983,0.5149974052932018,0.75,0.9802
AI Picks by Srini underdog - March 14 2026.csv,344,2251,Dyson Daniels,PRA,OVER,53.8%,DO NOT BET,D,❌ MISS,51.73,0.5611409035793296,0.44455810108628857,0.4730352303523035,0.4584602067315036,0.49407702047654983,0.5102439024390244,1.0,0.9657
AI Picks by Srini underdog - March 12 2026.csv,404,2252,LeBron James,PRA,OVER,54.1%,DO NOT BET,D,✅ HIT,51.8,0.5602478412487063,0.44451277876709044,0.4730352303523035,0.4584602067315036,0.49407702047654983,0.4779132791327913,1.0,0.9921
AI Picks by Srini underdog - March 10 2026.csv,421,2253,Cade Cunningham,PA,OVER,51.30%,DO NOT BET,D,✅ HIT,53.91,0.5353372211830071,0.4444523741949816,0.4054911368785819,0.4584602067315036,0.49407702047654983,0.45889526542324244,1.0,0.9925
AI Picks by Srini underdog - March 15 2026.csv,316,2254,Cade Cunningham,RA,OVER,51.2%,DO NOT BET,C,❌ MISS,51.73,0.5609674615963078,0.44444536379732447,0.5152613240418118,0.4925952315702933,0.49407702047654983,0.45889526542324244,1.0,0.9909
AI Picks by Srini underdog - March 13 2026.csv,389,2255,Trey Murphy III,PR,OVER,53.6%,DO NOT BET,D,❌ MISS,50.87,0.5710420437771839,0.44441891866763694,0.4622014406672564,0.4584602067315036,0.49407702047654983,0.6236728837876614,1.0,0.9938
AI Picks by Srini underdog - March 10 2026.csv,512,2256,Brandin Podziemski,PA,UNDER,58.20%,DO NOT BET,D,✅ HIT,51.36,0.5652619947467273,0.444408064167789,0.4054911368785819,0.4584602067315036,0.49407702047654983,0.5261930010604453,1.0,0.9872
AI Picks by Srini underdog - March 12 2026.csv,409,2257,Deandre Ayton,PTS,OVER,52.7%,DO NOT BET,D,✅ HIT,51.69,0.5613464310170151,0.4443858835232374,0.4830232333943893,0.4584602067315036,0.49407702047654983,0.5170731707317073,1.0,0.991
AI Picks by Srini underdog - March 13 2026.csv,352,2258,Alperen Sengun,FTM,UNDER,51.5%,DO NOT BET,B,NO GAME,52.49,0.5518925453930179,0.444357065818576,0.5145057766367137,0.5557229965156795,0.49407702047654983,0.4607538802660754,0.75,0.9868
AI Picks by Srini underdog - March 10 2026.csv,479,2259,RJ Barrett,PTS,UNDER,52.50%,DO NOT BET,D,❌ MISS,52.39,0.5529191614841502,0.4442598402839449,0.4830232333943893,0.4584602067315036,0.49407702047654983,0.4441504754030591,1.0,0.9819
AI Picks by Srini underdog - March 10 2026.csv,525,2260,Deni Avdija,FTM,OVER,52.10%,DO NOT BET,B,❌ MISS,50.72,0.5725565787467942,0.444256577407083,0.5145057766367137,0.5557229965156795,0.49407702047654983,0.4724442138038401,1.0,0.9859
AI Picks by Srini underdog - March 10 2026.csv,524,2261,LaMelo Ball,3PA,UNDER,50.50%,DO NOT BET,B,✅ HIT,50.79,0.5715684710402938,0.44414947559356477,0.5765635645183267,0.5557229965156795,0.49407702047654983,0.5640975609756097,0.75,0.9934
AI Picks by Srini underdog - March 11 2026.csv,341,2262,Jalen Suggs,STL,UNDER,50.20%,DO NOT BET,A,❌ MISS,51.74,0.5603027508443416,0.4440897544079332,0.6067636810821889,0.6088002636783125,0.49407702047654983,0.5149974052932018,0.5,0.9885
AI Picks by Srini underdog - March 12 2026.csv,447,2263,Jayson Tatum,TOV,UNDER,52.9%,DO NOT BET,A,NO GAME,48.03,0.6039298191741043,0.4440834344498098,0.59583830803343,0.6088002636783125,0.49407702047654983,0.5334688346883468,1.0,0.9842
AI Picks by Srini underdog - March 12 2026.csv,424,2264,Austin Reaves,PRA,OVER,55.6%,DO NOT BET,D,✅ HIT,50.66,0.5729865730136836,0.44407735808424087,0.4730352303523035,0.4584602067315036,0.49407702047654983,0.5575505967825636,1.0,0.9856
AI Picks by Srini underdog - March 10 2026.csv,453,2265,Jaylen Brown,FGA,UNDER,53.10%,DO NOT BET,D,✅ HIT,53.12,0.5439692681609346,0.4440234493790845,0.4736390243902439,0.4584602067315036,0.49407702047654983,0.3511199601791936,1.0,0.9857
AI Picks by Srini underdog - March 14 2026.csv,321,2266,Luka Dončić,PR,OVER,53.4%,DO NOT BET,D,✅ HIT,52.9,0.546550290107611,0.44401915645791656,0.4622014406672564,0.4584602067315036,0.49407702047654983,0.3885553470919324,1.0,0.9878
AI Picks by Srini underdog - March 12 2026.csv,332,2267,Jamal Murray,AST,UNDER,52.2%,DO NOT BET,C,❌ MISS,54.55,0.5268135681094177,0.44380496605789793,0.4745136763108522,0.4925952315702933,0.49407702047654983,0.5251016260162601,0.5,0.9704
AI Picks by Srini underdog - March 15 2026.csv,332,2268,Russell Westbrook,PRA,UNDER,53.9%,DO NOT BET,D,NO GAME,50.69,0.5720167978882728,0.44367636205088395,0.4730352303523035,0.4584602067315036,0.49407702047654983,0.6045528455284552,1.0,0.9878
AI Picks by Srini underdog - March 10 2026.csv,495,2269,Giannis Antetokounmpo,AST,UNDER,50.50%,DO NOT BET,C,✅ HIT,52.02,0.5563631460371119,0.4436696840660618,0.4745136763108522,0.4925952315702933,0.49407702047654983,0.5149974052932018,1.0,0.9972
AI Picks by Srini underdog - March 15 2026.csv,322,2270,Rudy Gobert,PRA,OVER,52.0%,DO NOT BET,D,❌ MISS,51.39,0.5634575087977073,0.44346450609908605,0.4730352303523035,0.4584602067315036,0.49407702047654983,0.586159954622802,1.0,0.9826
AI Picks by Srini underdog - March 14 2026.csv,298,2271,Paolo Banchero,RA,OVER,52.0%,DO NOT BET,C,✅ HIT,53.58,0.53767299473224,0.4434476912222216,0.5152613240418118,0.4925952315702933,0.49407702047654983,0.5575505967825636,0.5,0.9733
AI Picks by Srini underdog - March 12 2026.csv,346,2272,Victor Wembanyama,PA,OVER,53.3%,DO NOT BET,D,NO GAME,54.18,0.5303088328520649,0.4432481419633103,0.4054911368785819,0.4584602067315036,0.49407702047654983,0.3382113821138211,1.0,0.9973
AI Picks by Srini underdog - March 10 2026.csv,374,2273,Scottie Barnes,PTS,UNDER,50.10%,DO NOT BET,D,❌ MISS,55.11,0.5192092640376529,0.44314351397690654,0.4830232333943893,0.4584602067315036,0.49407702047654983,0.5424015009380863,0.5,0.9744
AI Picks by Srini underdog - March 10 2026.csv,514,2274,Giannis Antetokounmpo,REB,OVER,50.80%,DO NOT BET,B,❌ MISS,51.22,0.5647906659271076,0.4430313640436222,0.5620746167935988,0.5557229965156795,0.49407702047654983,0.5149974052932018,0.75,0.9936
AI Picks by Srini underdog - March 13 2026.csv,395,2275,Donte DiVincenzo,RA,OVER,52.1%,DO NOT BET,C,❌ MISS,50.39,0.5743275963005962,0.44288480303729294,0.5152613240418118,0.4925952315702933,0.49407702047654983,0.5612466124661246,1.0,0.9922
AI Picks by Srini underdog - March 14 2026.csv,383,2276,Jamal Murray,3PM,OVER,52.3%,DO NOT BET,S,❌ MISS,48.68,0.5943092548066766,0.44279948657111795,0.5747041267881033,0.5869918699186992,0.49407702047654983,0.5251016260162601,1.0,0.9862
AI Picks by Srini underdog - March 12 2026.csv,423,2277,Jamal Murray,RA,OVER,52.0%,DO NOT BET,C,❌ MISS,50.69,0.5705530976556096,0.4427249568996529,0.5152613240418118,0.4925952315702933,0.49407702047654983,0.5251016260162601,1.0,0.9958
AI Picks by Srini underdog - March 10 2026.csv,501,2278,Jalen Green,AST,UNDER,51.80%,DO NOT BET,C,❌ MISS,51.78,0.5574619014427511,0.4425490126944462,0.4745136763108522,0.4925952315702933,0.49407702047654983,0.48343495934959346,1.0,0.9939
AI Picks by Srini underdog - March 12 2026.csv,407,2279,Jalen Green,PA,UNDER,57.1%,DO NOT BET,D,❌ MISS,51.72,0.5576611905756422,0.4422198350345052,0.4054911368785819,0.4584602067315036,0.49407702047654983,0.48343495934959346,1.0,0.9955
AI Picks by Srini underdog - March 15 2026.csv,315,2280,Scoot Henderson,PTS,UNDER,51.2%,DO NOT BET,D,✅ HIT,51.81,0.556586431017015,0.4422093147158779,0.4830232333943893,0.4584602067315036,0.49407702047654983,0.5170731707317073,1.0,0.9978
AI Picks by Srini underdog - March 11 2026.csv,363,2281,Scottie Barnes,RA,OVER,52.60%,DO NOT BET,C,❌ MISS,50.35,0.5737280851477922,0.4421893103904235,0.5152613240418118,0.4925952315702933,0.49407702047654983,0.5424015009380863,1.0,0.9839
AI Picks by Srini underdog - March 15 2026.csv,328,2282,Jalen Duren,PTS,UNDER,50.6%,DO NOT BET,D,❌ MISS,51.24,0.5628422978594673,0.44191782999842943,0.4830232333943893,0.4584602067315036,0.49407702047654983,0.6001318391562294,1.0,0.9976
AI Picks by Srini underdog - March 14 2026.csv,358,2283,Paolo Banchero,TOV,OVER,50.4%,DO NOT BET,A,✅ HIT,51.21,0.5631829953835259,0.44190992559090736,0.59583830803343,0.6088002636783125,0.49407702047654983,0.5575505967825636,0.5,0.9911
AI Picks by Srini underdog - March 12 2026.csv,417,2284,Cooper Flagg,RA,UNDER,53.6%,DO NOT BET,C,❌ MISS,50.97,0.5657746236093306,0.44175962155239945,0.5152613240418118,0.4925952315702933,0.49407702047654983,0.4270168855534709,1.0,0.9876
AI Picks by Srini underdog - March 13 2026.csv,382,2285,Naz Reid,AST,OVER,52.1%,DO NOT BET,C,✅ HIT,51.19,0.5630106006297428,0.441644963802175,0.4745136763108522,0.4925952315702933,0.49407702047654983,0.5301219512195121,1.0,0.9911
AI Picks by Srini underdog - March 13 2026.csv,377,2286,Donovan Mitchell,FGA,UNDER,52.6%,DO NOT BET,D,✅ HIT,51.54,0.5588543859641534,0.44161926524807665,0.4736390243902439,0.4584602067315036,0.49407702047654983,0.5138211382113821,1.0,0.992
AI Picks by Srini underdog - March 14 2026.csv,367,2287,Payton Pritchard,3PM,OVER,50.6%,DO NOT BET,S,❌ MISS,50.43,0.5717733268560178,0.44153033829586386,0.5747041267881033,0.5869918699186992,0.49407702047654983,0.351892346509672,1.0,0.9975
AI Picks by Srini underdog - March 15 2026.csv,343,2288,Julius Randle,PTS,OVER,54.2%,DO NOT BET,D,✅ HIT,49.91,0.5776298272434301,0.44136152837957293,0.4830232333943893,0.4584602067315036,0.49407702047654983,0.6265071329958583,1.0,0.9958
AI Picks by Srini underdog - March 12 2026.csv,391,2289,Kevin Porter Jr.,AST,OVER,51.6%,DO NOT BET,C,❌ MISS,52.68,0.5449586223099597,0.4413026152029356,0.4745136763108522,0.4925952315702933,0.49407702047654983,0.3668021680216802,1.0,0.9907
AI Picks by Srini underdog - March 15 2026.csv,342,2290,Immanuel Quickley,REB,OVER,50.7%,DO NOT BET,B,❌ MISS,49.92,0.5773403504848954,0.4412498210859121,0.5620746167935988,0.5557229965156795,0.49407702047654983,0.4679442508710801,1.0,0.9955
AI Picks by Srini underdog - March 11 2026.csv,286,2291,Kevin Durant,PRA,OVER,54.60%,DO NOT BET,D,❌ MISS,53.41,0.5359459583329383,0.44102542337310147,0.4730352303523035,0.4584602067315036,0.49407702047654983,0.41234444997511194,0.75,0.9532
AI Picks by Srini underdog - March 14 2026.csv,334,2292,Jalen Johnson,AST,UNDER,50.3%,DO NOT BET,C,❌ MISS,52.35,0.548171013770609,0.44086773387259626,0.4745136763108522,0.4925952315702933,0.49407702047654983,0.6164260826281732,0.75,0.9941
AI Picks by Srini underdog - March 10 2026.csv,403,2293,Jayson Tatum,PRA,UNDER,52.60%,DO NOT BET,D,❌ MISS,54.35,0.5245283968042618,0.4407905527218124,0.4730352303523035,0.4584602067315036,0.49407702047654983,0.5334688346883468,0.5,0.9686
AI Picks by Srini underdog - March 11 2026.csv,319,2294,Paolo Banchero,PA,UNDER,51.70%,DO NOT BET,D,❌ MISS,52.45,0.5467927543189393,0.440736391222878,0.4054911368785819,0.4584602067315036,0.49407702047654983,0.5575505967825636,1.0,0.9971
AI Picks by Srini underdog - March 11 2026.csv,321,2295,Immanuel Quickley,3PM,OVER,50.90%,DO NOT BET,S,✅ HIT,52.31,0.5479235172921586,0.44040105076405667,0.5747041267881033,0.5869918699186992,0.49407702047654983,0.4679442508710801,0.5,0.968
AI Picks by Srini underdog - March 15 2026.csv,305,2296,Brandon Ingram,PTS,UNDER,52.9%,DO NOT BET,D,❌ MISS,52.32,0.5477740732934377,0.44038036476427483,0.4830232333943893,0.4584602067315036,0.49407702047654983,0.5593495934959349,0.75,0.9714
AI Picks by Srini underdog - March 10 2026.csv,508,2297,Michael Porter Jr.,FTM,OVER,51.30%,DO NOT BET,B,✅ HIT,51.48,0.5576466695615322,0.4403755339900526,0.5145057766367137,0.5557229965156795,0.49407702047654983,0.5281951219512195,0.75,0.9806
AI Picks by Srini underdog - March 14 2026.csv,324,2298,Bam Adebayo,REB,UNDER,50.3%,DO NOT BET,B,✅ HIT,52.78,0.5422294213327467,0.44029316056161427,0.5620746167935988,0.5557229965156795,0.49407702047654983,0.48343495934959346,0.5,0.9895
AI Picks by Srini underdog - March 11 2026.csv,297,2299,Brandon Ingram,RA,UNDER,52.50%,DO NOT BET,C,❌ MISS,53.06,0.5388378944035771,0.44022934084048193,0.5152613240418118,0.4925952315702933,0.49407702047654983,0.5593495934959349,0.5,0.959
AI Picks by Srini underdog - March 12 2026.csv,358,2300,Chet Holmgren,RA,UNDER,50.3%,DO NOT BET,C,✅ HIT,53.63,0.5319992321715001,0.44014200855467434,0.5152613240418118,0.4925952315702933,0.49407702047654983,0.5516629711751663,0.5,0.9872
AI Picks by Srini underdog - March 14 2026.csv,252,2301,Aaron Gordon,PR,UNDER,51.2%,DO NOT BET,D,❌ MISS,55.42,0.5108865940475735,0.440103809064343,0.4622014406672564,0.4584602067315036,0.49407702047654983,0.4694183864915572,0.5,0.9624
AI Picks by Srini underdog - March 11 2026.csv,339,2302,Alperen Sengun,AST,OVER,51.10%,DO NOT BET,C,❌ MISS,51.83,0.5529137935343992,0.43997500555095104,0.4745136763108522,0.4925952315702933,0.49407702047654983,0.4607538802660754,1.0,0.9959
AI Picks by Srini underdog - March 15 2026.csv,290,2303,Andrew Nembhard,PTS,UNDER,51.7%,DO NOT BET,D,NO GAME,52.97,0.5393953778019374,0.4399036316549357,0.4830232333943893,0.4584602067315036,0.49407702047654983,0.5093126385809312,0.75,0.9855
AI Picks by Srini underdog - March 11 2026.csv,226,2304,Zion Williamson,PA,OVER,54.30%,DO NOT BET,D,❌ MISS,55.26,0.5124044019577559,0.43986714261577414,0.4054911368785819,0.4584602067315036,0.49407702047654983,0.5073170731707317,0.5,0.933
AI Picks by Srini underdog - March 13 2026.csv,367,2305,Cooper Flagg,FGA,UNDER,52.4%,DO NOT BET,D,✅ HIT,52.09,0.5496089606983623,0.4398146317915815,0.4736390243902439,0.4584602067315036,0.49407702047654983,0.4270168855534709,1.0,0.9943
AI Picks by Srini underdog - March 15 2026.csv,270,2306,Jaden McDaniels,PTS,OVER,54.4%,DO NOT BET,D,❌ MISS,53.62,0.5315488011124551,0.4397727757669082,0.4830232333943893,0.4584602067315036,0.49407702047654983,0.5306468716861081,0.5,0.9523
AI Picks by Srini underdog - March 11 2026.csv,344,2307,Jamal Murray,PA,OVER,55.40%,DO NOT BET,D,✅ HIT,51.57,0.5555428572423088,0.43969612937703784,0.4054911368785819,0.4584602067315036,0.49407702047654983,0.5251016260162601,1.0,0.9854
AI Picks by Srini underdog - March 11 2026.csv,345,2308,Brandon Ingram,3PM,UNDER,50.30%,DO NOT BET,S,❌ MISS,51.54,0.5558690515546441,0.4396787978818956,0.5747041267881033,0.5869918699186992,0.49407702047654983,0.5593495934959349,0.5,0.9849
AI Picks by Srini underdog - March 14 2026.csv,297,2309,Kevin Porter Jr.,PA,UNDER,53.0%,DO NOT BET,D,❌ MISS,53.65,0.5310329114428508,0.43966680527982566,0.4054911368785819,0.4584602067315036,0.49407702047654983,0.3668021680216802,1.0,0.975
AI Picks by Srini underdog - March 14 2026.csv,366,2310,Myles Turner,PRA,OVER,53.4%,DO NOT BET,D,✅ HIT,50.47,0.5681431134832468,0.43947651000110943,0.4730352303523035,0.4584602067315036,0.49407702047654983,0.5819660014781965,1.0,0.9895
AI Picks by Srini underdog - March 12 2026.csv,414,2311,Deandre Ayton,PRA,OVER,52.5%,DO NOT BET,D,✅ HIT,51.3,0.5583238304085978,0.43943954175168454,0.4730352303523035,0.4584602067315036,0.49407702047654983,0.5170731707317073,1.0,0.9841
AI Picks by Srini underdog - March 13 2026.csv,406,2312,RJ Barrett,3PM,OVER,51.0%,DO NOT BET,S,❌ MISS,49.25,0.5823741397453566,0.43939945994630236,0.5747041267881033,0.5869918699186992,0.49407702047654983,0.4441504754030591,1.0,0.9978
AI Picks by Srini underdog - March 15 2026.csv,310,2313,Deni Avdija,3PM,OVER,51.0%,DO NOT BET,S,✅ HIT,52.08,0.5490585135854347,0.43938038856879175,0.5747041267881033,0.5869918699186992,0.49407702047654983,0.4724442138038401,0.5,0.9749
AI Picks by Srini underdog - March 11 2026.csv,240,2314,Anthony Edwards,PA,UNDER,52.20%,DO NOT BET,D,✅ HIT,54.62,0.5190643280479259,0.43930312821363526,0.4054911368785819,0.4584602067315036,0.49407702047654983,0.6243163340724316,0.5,0.975
AI Picks by Srini underdog - March 13 2026.csv,376,2315,James Harden,PR,OVER,55.4%,DO NOT BET,D,❌ MISS,51.6,0.5541617509638279,0.43902776809418537,0.4622014406672564,0.4584602067315036,0.49407702047654983,0.39101995565410197,1.0,0.9991
AI Picks by Srini underdog - March 10 2026.csv,507,2316,Jrue Holiday,FGA,UNDER,52.90%,DO NOT BET,D,✅ HIT,51.51,0.5550992233625274,0.4389490517588596,0.4736390243902439,0.4584602067315036,0.49407702047654983,0.4712195121951219,1.0,0.9817
AI Picks by Srini underdog - March 12 2026.csv,353,2317,Bam Adebayo,PR,UNDER,55.4%,DO NOT BET,D,✅ HIT,54.05,0.524858251333377,0.438711380184136,0.4622014406672564,0.4584602067315036,0.49407702047654983,0.48343495934959346,0.5,0.9282
AI Picks by Srini underdog - March 11 2026.csv,347,2318,LaMelo Ball,3PA,UNDER,51.40%,DO NOT BET,B,❌ MISS,51.41,0.5556884710402938,0.4385675367555407,0.5765635645183267,0.5557229965156795,0.49407702047654983,0.5640975609756097,0.5,0.9646
AI Picks by Srini underdog - March 15 2026.csv,244,2319,Brandon Ingram,PRA,OVER,51.1%,DO NOT BET,D,✅ HIT,54.26,0.5221514726850206,0.43855747864982525,0.4730352303523035,0.4584602067315036,0.49407702047654983,0.5593495934959349,0.5,0.9713
AI Picks by Srini underdog - March 11 2026.csv,361,2320,Naz Reid,PRA,OVER,54.10%,DO NOT BET,D,✅ HIT,50.57,0.5655337084573783,0.43854492272816203,0.4730352303523035,0.4584602067315036,0.49407702047654983,0.5301219512195121,1.0,0.9934
AI Picks by Srini underdog - March 10 2026.csv,483,2321,Scottie Barnes,AST,OVER,51.60%,DO NOT BET,C,❌ MISS,52.33,0.5447685556016002,0.4385032308639671,0.4745136763108522,0.4925952315702933,0.49407702047654983,0.5424015009380863,0.75,0.9857
AI Picks by Srini underdog - March 10 2026.csv,470,2322,DeMar DeRozan,PA,OVER,54.50%,DO NOT BET,D,❌ MISS,52.58,0.5416436639965302,0.4383833663053393,0.4054911368785819,0.4584602067315036,0.49407702047654983,0.415509693558474,1.0,0.9878
AI Picks by Srini underdog - March 15 2026.csv,335,2323,Ausar Thompson,AST,OVER,53.3%,DO NOT BET,C,✅ HIT,50.53,0.5656607225809623,0.43832167151094487,0.4745136763108522,0.4925952315702933,0.49407702047654983,0.5170731707317073,1.0,0.9886
AI Picks by Srini underdog - March 15 2026.csv,257,2324,Brandon Ingram,PR,OVER,52.4%,DO NOT BET,D,✅ HIT,54.06,0.5241247147480113,0.43831103400303506,0.4622014406672564,0.4584602067315036,0.49407702047654983,0.5593495934959349,0.5,0.9657
AI Picks by Srini underdog - March 15 2026.csv,317,2325,Shai Gilgeous-Alexander,TOV,UNDER,51.4%,DO NOT BET,A,✅ HIT,51.61,0.5526073516231129,0.43809386112210735,0.59583830803343,0.6088002636783125,0.49407702047654983,0.42644415917843387,0.5,0.9738
AI Picks by Srini underdog - March 13 2026.csv,386,2326,Naz Reid,PTS,OVER,51.5%,DO NOT BET,D,❌ MISS,51.1,0.5584613090657955,0.43799985089112886,0.4830232333943893,0.4584602067315036,0.49407702047654983,0.5301219512195121,1.0,0.9888
AI Picks by Srini underdog - March 13 2026.csv,345,2327,Julius Randle,RA,UNDER,50.4%,DO NOT BET,C,✅ HIT,52.65,0.5400436483535693,0.43787852433312174,0.5152613240418118,0.4925952315702933,0.49407702047654983,0.6265071329958583,0.5,0.9916
AI Picks by Srini underdog - March 10 2026.csv,484,2328,Devin Booker,PTS,UNDER,53.40%,DO NOT BET,D,❌ MISS,52.32,0.543440943212137,0.43756383021142936,0.4830232333943893,0.4584602067315036,0.49407702047654983,0.31676829268292683,1.0,0.9859
AI Picks by Srini underdog - March 10 2026.csv,409,2329,Draymond Green,PTS,OVER,50.20%,DO NOT BET,D,✅ HIT,54.14,0.5219585041877467,0.43751461793395674,0.4830232333943893,0.4584602067315036,0.49407702047654983,0.5602439024390244,0.5,0.9869
AI Picks by Srini underdog - March 13 2026.csv,400,2330,Anthony Edwards,REB,OVER,50.0%,DO NOT BET,B,✅ HIT,49.78,0.5730075588050304,0.43736317010258596,0.5620746167935988,0.5557229965156795,0.49407702047654983,0.6243163340724316,0.75,0.9937
AI Picks by Srini underdog - March 14 2026.csv,355,2331,Bennedict Mathurin,PTS,UNDER,51.7%,DO NOT BET,D,❌ MISS,51.27,0.5554782873855786,0.4373605809885619,0.4830232333943893,0.4584602067315036,0.49407702047654983,0.4934417344173441,1.0,0.9889
AI Picks by Srini underdog - March 10 2026.csv,530,2332,Onyeka Okongwu,PR,OVER,50.10%,DO NOT BET,D,✅ HIT,50.34,0.5662115498235049,0.43722710983025004,0.4622014406672564,0.4584602067315036,0.49407702047654983,0.691567944250871,1.0,0.9994
AI Picks by Srini underdog - March 9 2026.csv,66,2333,Kawhi Leonard,AST,OVER,51.30%,DO NOT BET,C,✅ HIT,51.45,0.5530555255828385,0.43716193260574165,0.4745136763108522,0.4925952315702933,0.49407702047654983,0.633921200750469,0.75,0.9888
AI Picks by Srini underdog - March 12 2026.csv,376,2334,Shai Gilgeous-Alexander,AST,UNDER,51.7%,DO NOT BET,C,❌ MISS,53.12,0.533322821425635,0.4371032590011398,0.4745136763108522,0.4925952315702933,0.49407702047654983,0.42644415917843387,0.75,0.9819
AI Picks by Srini underdog - March 15 2026.csv,329,2335,Jrue Holiday,AST,OVER,51.6%,DO NOT BET,C,❌ MISS,51.22,0.5556353567273038,0.43708041306374973,0.4745136763108522,0.4925952315702933,0.49407702047654983,0.4712195121951219,1.0,0.9954
AI Picks by Srini underdog - March 15 2026.csv,330,2336,Donovan Mitchell,PTS,UNDER,51.4%,DO NOT BET,D,✅ HIT,51.13,0.5565962277649825,0.4370169058437606,0.4830232333943893,0.4584602067315036,0.49407702047654983,0.5138211382113821,1.0,0.9909
AI Picks by Srini underdog - March 10 2026.csv,499,2337,Jrue Holiday,PR,OVER,51.20%,DO NOT BET,D,❌ MISS,51.9,0.5475217066179299,0.4370053172509529,0.4622014406672564,0.4584602067315036,0.49407702047654983,0.4712195121951219,1.0,0.9915
AI Picks by Srini underdog - March 15 2026.csv,346,2338,VJ Edgecombe,PTS,UNDER,55.4%,DO NOT BET,D,✅ HIT,49.46,0.5758738700414052,0.43677978922585486,0.4830232333943893,0.4584602067315036,0.49407702047654983,0.5840975609756097,1.0,0.9639
AI Picks by Srini underdog - March 11 2026.csv,343,2339,Aaron Gordon,3PM,UNDER,51.50%,DO NOT BET,S,✅ HIT,51.61,0.5505209308542063,0.436737687622318,0.5747041267881033,0.5869918699186992,0.49407702047654983,0.4694183864915572,0.5,0.9762
AI Picks by Srini underdog - March 13 2026.csv,343,2340,Bennedict Mathurin,FTM,UNDER,51.7%,DO NOT BET,B,❌ MISS,52.71,0.5374963308081446,0.436681483524916,0.5145057766367137,0.5557229965156795,0.49407702047654983,0.4934417344173441,0.5,0.9699
AI Picks by Srini underdog - March 12 2026.csv,412,2341,Josh Giddey,AST,OVER,52.1%,DO NOT BET,C,✅ HIT,51.43,0.5522931616053527,0.4365134908216024,0.4745136763108522,0.4925952315702933,0.49407702047654983,0.42409756097560974,1.0,0.9888
AI Picks by Srini underdog - March 15 2026.csv,294,2342,Jalen Brunson,PA,UNDER,54.1%,DO NOT BET,D,❌ MISS,52.86,0.5354308247219837,0.43648569355971195,0.4054911368785819,0.4584602067315036,0.49407702047654983,0.3700813008130081,1.0,0.9816
AI Picks by Srini underdog - March 10 2026.csv,521,2343,Bam Adebayo,PA,UNDER,57.70%,DO NOT BET,D,❌ MISS,50.86,0.5587361905756423,0.43634366148724824,0.4054911368785819,0.4584602067315036,0.49407702047654983,0.48343495934959346,1.0,0.9762
AI Picks by Srini underdog - March 10 2026.csv,541,2344,Anthony Edwards,AST,OVER,51.80%,DO NOT BET,C,✅ HIT,49.76,0.5716150389150348,0.43630512697531537,0.4745136763108522,0.4925952315702933,0.49407702047654983,0.6243163340724316,1.0,0.9952
AI Picks by Srini underdog - March 10 2026.csv,425,2345,Russell Westbrook,PRA,OVER,50.50%,DO NOT BET,D,✅ HIT,53.72,0.5249567978882727,0.43625249966505675,0.4730352303523035,0.4584602067315036,0.49407702047654983,0.6045528455284552,0.5,0.9778
AI Picks by Srini underdog - March 11 2026.csv,362,2346,Naz Reid,PTS,OVER,52.80%,DO NOT BET,D,✅ HIT,50.46,0.5632863090657955,0.43624313453037944,0.4830232333943893,0.4584602067315036,0.49407702047654983,0.5301219512195121,1.0,0.9969
AI Picks by Srini underdog - March 11 2026.csv,368,2347,Ace Bailey,PR,UNDER,55.10%,DO NOT BET,D,❌ MISS,49.84,0.5705343198583481,0.4362142803835627,0.4622014406672564,0.4584602067315036,0.49407702047654983,0.5787456445993031,1.0,0.9715
AI Picks by Srini underdog - March 13 2026.csv,375,2348,Josh Giddey,PR,OVER,53.2%,DO NOT BET,D,✅ HIT,51.61,0.5496895114959788,0.4361972650394701,0.4622014406672564,0.4584602067315036,0.49407702047654983,0.42409756097560974,1.0,0.9931
AI Picks by Srini underdog - March 15 2026.csv,349,2349,Mikal Bridges,PRA,OVER,56.8%,DO NOT BET,D,❌ MISS,48.46,0.5866650324991902,0.4361487848847442,0.4730352303523035,0.4584602067315036,0.49407702047654983,0.6477351916376306,1.0,0.9972
AI Picks by Srini underdog - March 9 2026.csv,64,2350,Karl-Anthony Towns,PA,OVER,53.20%,DO NOT BET,D,✅ HIT,51.96,0.5454313645215677,0.43610531048463774,0.4054911368785819,0.4584602067315036,0.49407702047654983,0.49313669880884853,1.0,0.9967
AI Picks by Srini underdog - March 14 2026.csv,360,2351,Stephon Castle,PRA,OVER,51.3%,DO NOT BET,D,✅ HIT,51.04,0.5559148725372011,0.43588595155122223,0.4730352303523035,0.4584602067315036,0.49407702047654983,0.5273835920177383,1.0,0.9969
AI Picks by Srini underdog - March 10 2026.csv,515,2352,LeBron James,FTM,OVER,51.50%,DO NOT BET,B,NO GAME,51.21,0.5534884852796894,0.43560849402341373,0.5145057766367137,0.5557229965156795,0.49407702047654983,0.4779132791327913,0.75,0.9844
AI Picks by Srini underdog - March 14 2026.csv,371,2353,Jalen Suggs,STL,OVER,51.6%,DO NOT BET,A,❌ MISS,50.25,0.5644327508443415,0.4353828170993135,0.6067636810821889,0.6088002636783125,0.49407702047654983,0.5149974052932018,0.5,0.9759
AI Picks by Srini underdog - March 15 2026.csv,324,2354,Donovan Mitchell,3PM,OVER,50.5%,DO NOT BET,S,✅ HIT,51.33,0.5515812060261889,0.43528619370127886,0.5747041267881033,0.5869918699186992,0.49407702047654983,0.5138211382113821,0.5,0.9766
AI Picks by Srini underdog - March 10 2026.csv,393,2355,Russell Westbrook,PA,OVER,50.80%,DO NOT BET,D,✅ HIT,54.61,0.5124879791935284,0.43495204885889016,0.4054911368785819,0.4584602067315036,0.49407702047654983,0.6045528455284552,0.5,0.9782
AI Picks by Srini underdog - March 10 2026.csv,420,2356,Brandon Ingram,PRA,UNDER,50.40%,DO NOT BET,D,✅ HIT,53.91,0.5206964726850207,0.43493588767129054,0.4730352303523035,0.4584602067315036,0.49407702047654983,0.5593495934959349,0.5,0.9898
AI Picks by Srini underdog - March 13 2026.csv,390,2357,Cade Cunningham,REB,UNDER,50.2%,DO NOT BET,B,❌ MISS,50.8,0.5571854519401116,0.43487696577783297,0.5620746167935988,0.5557229965156795,0.49407702047654983,0.45889526542324244,0.75,0.9945
AI Picks by Srini underdog - March 11 2026.csv,372,2358,Ace Bailey,PRA,UNDER,55.10%,DO NOT BET,D,❌ MISS,49.51,0.5722610777953575,0.4348137372628574,0.4730352303523035,0.4584602067315036,0.49407702047654983,0.5787456445993031,1.0,0.9627
AI Picks by Srini underdog - March 14 2026.csv,348,2359,CJ McCollum,3PM,UNDER,51.3%,DO NOT BET,S,❌ MISS,51.59,0.547656233787442,0.43472272933014783,0.5747041267881033,0.5869918699186992,0.49407702047654983,0.4440214158239143,0.5,0.9833
AI Picks by Srini underdog - March 12 2026.csv,413,2360,Jamal Murray,PA,OVER,53.9%,DO NOT BET,D,✅ HIT,51.34,0.5504778572423089,0.4346454695911436,0.4054911368785819,0.4584602067315036,0.49407702047654983,0.5251016260162601,1.0,0.9861
AI Picks by Srini underdog - March 10 2026.csv,529,2361,Julius Randle,PA,OVER,54.30%,DO NOT BET,D,❌ MISS,50.36,0.5619784079402687,0.4346284728049199,0.4054911368785819,0.4584602067315036,0.49407702047654983,0.6265071329958583,1.0,0.9861
AI Picks by Srini underdog - March 13 2026.csv,336,2362,Alperen Sengun,RA,OVER,51.9%,DO NOT BET,C,NO GAME,53.25,0.5278983230805911,0.4345712188688885,0.5152613240418118,0.4925952315702933,0.49407702047654983,0.4607538802660754,0.5,0.9782
AI Picks by Srini underdog - March 11 2026.csv,333,2363,Alperen Sengun,RA,UNDER,51.00%,DO NOT BET,C,✅ HIT,51.97,0.5429033230805911,0.4345385361473897,0.5152613240418118,0.4925952315702933,0.49407702047654983,0.4607538802660754,0.75,0.9895
AI Picks by Srini underdog - March 14 2026.csv,271,2364,DeMar DeRozan,PTS,UNDER,51.4%,DO NOT BET,D,❌ MISS,54.73,0.5104300832996916,0.43453184772053677,0.4830232333943893,0.4584602067315036,0.49407702047654983,0.415509693558474,0.5,0.9642
AI Picks by Srini underdog - March 11 2026.csv,300,2365,Desmond Bane,PTS,OVER,50.60%,DO NOT BET,D,✅ HIT,53.0,0.5305025385331922,0.43435264392841144,0.4830232333943893,0.4584602067315036,0.49407702047654983,0.6368342458934793,0.5,0.9774
AI Picks by Srini underdog - March 14 2026.csv,338,2366,Victor Wembanyama,PR,UNDER,53.3%,DO NOT BET,D,❌ MISS,52.13,0.5406808936097998,0.4343171985815627,0.4622014406672564,0.4584602067315036,0.49407702047654983,0.3382113821138211,1.0,0.9779
AI Picks by Srini underdog - March 12 2026.csv,434,2367,Desmond Bane,PTS,UNDER,51.5%,DO NOT BET,D,✅ HIT,49.69,0.5693325385331922,0.43428633353141066,0.4830232333943893,0.4584602067315036,0.49407702047654983,0.6368342458934793,1.0,0.9928
AI Picks by Srini underdog - March 12 2026.csv,362,2368,Jaylen Brown,FTM,UNDER,52.0%,DO NOT BET,B,❌ MISS,53.52,0.5238291533843296,0.43399047874975966,0.5145057766367137,0.5557229965156795,0.49407702047654983,0.3511199601791936,0.5,0.9608
AI Picks by Srini underdog - March 10 2026.csv,542,2369,Jayson Tatum,RA,OVER,51.20%,DO NOT BET,C,❌ MISS,49.71,0.5685498185228183,0.4339304707234411,0.5152613240418118,0.4925952315702933,0.49407702047654983,0.5334688346883468,1.0,0.9934
AI Picks by Srini underdog - March 12 2026.csv,406,2370,Devin Booker,AST,OVER,52.8%,DO NOT BET,C,❌ MISS,51.75,0.5442802347760843,0.4337515715629527,0.4745136763108522,0.4925952315702933,0.49407702047654983,0.31676829268292683,1.0,0.9956
AI Picks by Srini underdog - March 13 2026.csv,385,2371,Jaylen Wells,3PA,OVER,52.4%,DO NOT BET,B,NO GAME,51.13,0.5511482271378549,0.4334757054361276,0.5765635645183267,0.5557229965156795,0.49407702047654983,0.4881951219512195,0.5,0.9576
AI Picks by Srini underdog - March 11 2026.csv,296,2372,Donovan Mitchell,RA,UNDER,50.20%,DO NOT BET,C,❌ MISS,53.06,0.5284000488751217,0.4334447412469859,0.5152613240418118,0.4925952315702933,0.49407702047654983,0.5138211382113821,0.5,0.9977
AI Picks by Srini underdog - March 10 2026.csv,532,2373,Brandon Ingram,PR,OVER,53.10%,DO NOT BET,D,❌ MISS,50.16,0.5624547147480113,0.43340902024221845,0.4622014406672564,0.4584602067315036,0.49407702047654983,0.5593495934959349,1.0,0.9847
AI Picks by Srini underdog - March 13 2026.csv,401,2374,Julius Randle,PR,OVER,52.6%,DO NOT BET,D,❌ MISS,49.71,0.5677354686980035,0.4334011433373115,0.4622014406672564,0.4584602067315036,0.49407702047654983,0.6265071329958583,1.0,0.99
AI Picks by Srini underdog - March 9 2026.csv,58,2375,Kawhi Leonard,PRA,UNDER,50.40%,DO NOT BET,D,❌ MISS,53.18,0.526458633410474,0.4331002523876054,0.4730352303523035,0.4584602067315036,0.49407702047654983,0.633921200750469,0.5,0.9559
AI Picks by Srini underdog - March 12 2026.csv,418,2376,Victor Wembanyama,RA,OVER,52.9%,DO NOT BET,C,NO GAME,50.82,0.5541840732653658,0.43307897483802166,0.5152613240418118,0.4925952315702933,0.49407702047654983,0.3382113821138211,1.0,0.981
AI Picks by Srini underdog - March 15 2026.csv,314,2377,Karl-Anthony Towns,PA,OVER,52.1%,DO NOT BET,D,❌ MISS,51.88,0.5417113645215677,0.4330756896895441,0.4054911368785819,0.4584602067315036,0.49407702047654983,0.49313669880884853,1.0,0.9971
AI Picks by Srini underdog - March 9 2026.csv,63,2378,Jalen Brunson,FGA,OVER,51.20%,DO NOT BET,D,✅ HIT,51.99,0.5398254022243161,0.43269079278958433,0.4736390243902439,0.4584602067315036,0.49407702047654983,0.3700813008130081,1.0,0.9941
AI Picks by Srini underdog - March 10 2026.csv,497,2379,Collin Sexton,PTS,OVER,51.60%,DO NOT BET,D,NO GAME,51.99,0.539806431017015,0.43267846150483863,0.4830232333943893,0.4584602067315036,0.49407702047654983,0.5170731707317073,0.75,0.985
AI Picks by Srini underdog - March 11 2026.csv,358,2380,Naz Reid,3PM,OVER,51.00%,DO NOT BET,S,❌ MISS,50.67,0.5552312873270019,0.4326128749872845,0.5747041267881033,0.5869918699186992,0.49407702047654983,0.5301219512195121,0.5,0.983
AI Picks by Srini underdog - March 10 2026.csv,438,2381,RJ Barrett,RA,OVER,50.80%,DO NOT BET,C,❌ MISS,53.39,0.5229579825942895,0.4324303339442063,0.5152613240418118,0.4925952315702933,0.49407702047654983,0.4441504754030591,0.5,0.9874
AI Picks by Srini underdog - March 13 2026.csv,396,2382,Brandon Ingram,3PM,OVER,51.1%,DO NOT BET,S,✅ HIT,50.38,0.5582090515546442,0.4323312963530374,0.5747041267881033,0.5869918699186992,0.49407702047654983,0.5593495934959349,0.5,0.9773
AI Picks by Srini underdog - March 13 2026.csv,403,2383,Julius Randle,TOV,OVER,50.1%,DO NOT BET,A,✅ HIT,49.43,0.5693086490048553,0.4322830377539373,0.59583830803343,0.6088002636783125,0.49407702047654983,0.6265071329958583,0.5,0.9961
AI Picks by Srini underdog - March 13 2026.csv,347,2384,Jalen Brunson,REB,UNDER,50.7%,DO NOT BET,B,❌ MISS,52.61,0.5318940554790882,0.43227547856716214,0.5620746167935988,0.5557229965156795,0.49407702047654983,0.3700813008130081,0.5,0.9823
AI Picks by Srini underdog - March 15 2026.csv,273,2385,Karl-Anthony Towns,AST,UNDER,51.1%,DO NOT BET,C,✅ HIT,53.57,0.5204220753886765,0.4321581410495186,0.4745136763108522,0.4925952315702933,0.49407702047654983,0.49313669880884853,0.5,0.9813
AI Picks by Srini underdog - March 11 2026.csv,306,2386,Darius Garland,PRA,UNDER,51.10%,DO NOT BET,D,❌ MISS,52.86,0.5284368256495259,0.4319395941626144,0.4730352303523035,0.4584602067315036,0.49407702047654983,0.6147531231409875,0.5,0.9862
AI Picks by Srini underdog - March 11 2026.csv,340,2387,Paolo Banchero,PTS,OVER,50.40%,DO NOT BET,D,✅ HIT,51.83,0.5401991736221007,0.43171050260795696,0.4830232333943893,0.4584602067315036,0.49407702047654983,0.5575505967825636,0.75,0.9935
AI Picks by Srini underdog - March 10 2026.csv,408,2388,Devin Booker,RA,UNDER,51.30%,DO NOT BET,C,❌ MISS,54.2,0.5118747643222763,0.43141890261772126,0.5152613240418118,0.4925952315702933,0.49407702047654983,0.31676829268292683,0.5,0.9865
AI Picks by Srini underdog - March 12 2026.csv,416,2389,Paolo Banchero,REB,OVER,50.3%,DO NOT BET,B,✅ HIT,50.97,0.5496459850760437,0.4312760065057629,0.5620746167935988,0.5557229965156795,0.49407702047654983,0.5575505967825636,0.5,0.9896
AI Picks by Srini underdog - March 9 2026.csv,65,2390,Kawhi Leonard,PA,OVER,53.60%,DO NOT BET,D,✅ HIT,51.65,0.5416348147157297,0.43126752252985506,0.4054911368785819,0.4584602067315036,0.49407702047654983,0.633921200750469,0.75,0.962
AI Picks by Srini underdog - March 15 2026.csv,261,2391,Anthony Edwards,PA,UNDER,50.2%,DO NOT BET,D,✅ HIT,54.02,0.512844328047926,0.4306729722504328,0.4054911368785819,0.4584602067315036,0.49407702047654983,0.6243163340724316,0.5,0.9866
AI Picks by Srini underdog - March 9 2026.csv,62,2392,Jalen Brunson,3PA,OVER,50.00%,DO NOT BET,B,✅ HIT,52.32,0.5325718450240337,0.4304989163891622,0.5765635645183267,0.5557229965156795,0.49407702047654983,0.3700813008130081,0.5,0.9855
AI Picks by Srini underdog - March 12 2026.csv,365,2393,Stephon Castle,PR,UNDER,52.8%,DO NOT BET,D,❌ MISS,53.29,0.5211331146001915,0.4304796437541756,0.4622014406672564,0.4584602067315036,0.49407702047654983,0.5273835920177383,0.5,0.9426
AI Picks by Srini underdog - March 15 2026.csv,339,2394,Donte DiVincenzo,PTS,OVER,50.8%,DO NOT BET,D,✅ HIT,50.01,0.5596137751904569,0.4304156205390074,0.4830232333943893,0.4584602067315036,0.49407702047654983,0.5612466124661246,1.0,0.9972
AI Picks by Srini underdog - March 11 2026.csv,375,2395,Desmond Bane,PRA,UNDER,51.70%,DO NOT BET,D,❌ MISS,49.32,0.567614937924775,0.4303411469586313,0.4730352303523035,0.4584602067315036,0.49407702047654983,0.6368342458934793,1.0,0.9848
AI Picks by Srini underdog - March 10 2026.csv,546,2396,Naz Reid,3PA,OVER,50.20%,DO NOT BET,B,✅ HIT,49.35,0.5671909100646841,0.43029488664773236,0.5765635645183267,0.5557229965156795,0.49407702047654983,0.5301219512195121,0.75,0.9942
AI Picks by Srini underdog - March 12 2026.csv,389,2397,Jalen Duren,PTS,OVER,50.5%,DO NOT BET,D,❌ MISS,52.76,0.5269972978594673,0.43023937510520915,0.4830232333943893,0.4584602067315036,0.49407702047654983,0.6001318391562294,0.5,0.9875
AI Picks by Srini underdog - March 15 2026.csv,301,2398,Donte DiVincenzo,AST,UNDER,52.2%,DO NOT BET,C,✅ HIT,52.47,0.5301530667544041,0.4300734995047036,0.4745136763108522,0.4925952315702933,0.49407702047654983,0.5612466124661246,0.5,0.9649
AI Picks by Srini underdog - March 11 2026.csv,328,2399,Nikola Jokić,PA,OVER,51.80%,DO NOT BET,D,❌ MISS,52.13,0.5340796910273133,0.4300264169029465,0.4054911368785819,0.4584602067315036,0.49407702047654983,0.4297199638663053,1.0,0.9917
AI Picks by Srini underdog - March 11 2026.csv,304,2400,Russell Westbrook,PR,OVER,51.20%,DO NOT BET,D,✅ HIT,52.88,0.5251650399512632,0.4299658386575171,0.4622014406672564,0.4584602067315036,0.49407702047654983,0.6045528455284552,0.5,0.9777
AI Picks by Srini underdog - March 12 2026.csv,372,2401,Cade Cunningham,PA,OVER,52.6%,DO NOT BET,D,❌ MISS,53.18,0.5212422211830071,0.42970958443975193,0.4054911368785819,0.4584602067315036,0.49407702047654983,0.45889526542324244,0.75,0.9722
AI Picks by Srini underdog - March 12 2026.csv,380,2402,Jalen Duren,PRA,OVER,50.0%,DO NOT BET,D,❌ MISS,53.02,0.52278469725105,0.42948895229379247,0.4730352303523035,0.4584602067315036,0.49407702047654983,0.6001318391562294,0.5,0.9772
AI Picks by Srini underdog - March 15 2026.csv,323,2403,VJ Edgecombe,RA,UNDER,52.5%,DO NOT BET,C,❌ MISS,51.36,0.5419276911515445,0.42924076683092016,0.5152613240418118,0.4925952315702933,0.49407702047654983,0.5840975609756097,0.5,0.9713
AI Picks by Srini underdog - March 10 2026.csv,527,2404,Luka Dončić,REB,OVER,50.20%,DO NOT BET,B,✅ HIT,50.66,0.5501164601069806,0.4292117846948839,0.5620746167935988,0.5557229965156795,0.49407702047654983,0.3885553470919324,0.75,0.9938
AI Picks by Srini underdog - March 11 2026.csv,365,2405,James Harden,PR,OVER,56.20%,DO NOT BET,D,✅ HIT,50.2,0.555526750963828,0.42921165418004614,0.4622014406672564,0.4584602067315036,0.49407702047654983,0.39101995565410197,1.0,0.972
AI Picks by Srini underdog - March 10 2026.csv,531,2406,Jrue Holiday,TOV,OVER,50.60%,DO NOT BET,A,❌ MISS,50.3,0.5543048869247817,0.42918196854853313,0.59583830803343,0.6088002636783125,0.49407702047654983,0.4712195121951219,0.5,0.9726
AI Picks by Srini underdog - March 11 2026.csv,370,2407,Jamal Murray,PTS,OVER,52.30%,DO NOT BET,D,✅ HIT,49.74,0.5608692765454704,0.42916747623632506,0.4830232333943893,0.4584602067315036,0.49407702047654983,0.5251016260162601,1.0,0.9926
AI Picks by Srini underdog - March 10 2026.csv,536,2408,Deni Avdija,PTS,OVER,53.00%,DO NOT BET,D,✅ HIT,50.04,0.5570735353242283,0.428993822424119,0.4830232333943893,0.4584602067315036,0.49407702047654983,0.4724442138038401,1.0,0.9744
AI Picks by Srini underdog - March 13 2026.csv,358,2409,Donte DiVincenzo,AST,OVER,52.3%,DO NOT BET,C,❌ MISS,52.26,0.5309530667544041,0.42898799491758266,0.4745136763108522,0.4925952315702933,0.49407702047654983,0.5612466124661246,0.5,0.9741
AI Picks by Srini underdog - March 11 2026.csv,311,2410,Josh Hart,PTS,UNDER,50.50%,DO NOT BET,D,NO GAME,52.63,0.526196105813763,0.4287247164834742,0.4830232333943893,0.4584602067315036,0.49407702047654983,0.591869918699187,0.5,0.988
AI Picks by Srini underdog - March 10 2026.csv,485,2411,Kevin Durant,PA,UNDER,51.00%,DO NOT BET,D,❌ MISS,52.31,0.5297771396381941,0.42860590528897974,0.4054911368785819,0.4584602067315036,0.49407702047654983,0.41234444997511194,1.0,0.9948
AI Picks by Srini underdog - March 13 2026.csv,381,2412,Devin Booker,AST,OVER,51.9%,DO NOT BET,C,❌ MISS,51.35,0.5410252347760843,0.4285777175874843,0.4745136763108522,0.4925952315702933,0.49407702047654983,0.31676829268292683,1.0,0.9917
AI Picks by Srini underdog - March 10 2026.csv,553,2413,Brandin Podziemski,PRA,UNDER,57.30%,DO NOT BET,D,✅ HIT,48.44,0.5751658134414717,0.4285213872984537,0.4730352303523035,0.4584602067315036,0.49407702047654983,0.5261930010604453,1.0,0.9763
AI Picks by Srini underdog - March 10 2026.csv,496,2414,Michael Porter Jr.,RA,OVER,51.60%,DO NOT BET,C,❌ MISS,52.0,0.5332024472491056,0.4284623246550842,0.5152613240418118,0.4925952315702933,0.49407702047654983,0.5281951219512195,0.5,0.9698
AI Picks by Srini underdog - March 12 2026.csv,428,2415,Jalen Duren,REB,UNDER,50.1%,DO NOT BET,B,✅ HIT,50.27,0.5535291093134102,0.42844835530298153,0.5620746167935988,0.5557229965156795,0.49407702047654983,0.6001318391562294,0.5,0.9957
AI Picks by Srini underdog - March 14 2026.csv,301,2416,Desmond Bane,PA,OVER,50.4%,DO NOT BET,D,❌ MISS,53.54,0.5150061192300308,0.4284084117482388,0.4054911368785819,0.4584602067315036,0.49407702047654983,0.6368342458934793,0.5,0.9912
AI Picks by Srini underdog - March 15 2026.csv,345,2417,VJ Edgecombe,PA,UNDER,55.3%,DO NOT BET,D,✅ HIT,49.64,0.5607424507382438,0.4283205134677607,0.4054911368785819,0.4584602067315036,0.49407702047654983,0.5840975609756097,1.0,0.9782
AI Picks by Srini underdog - March 12 2026.csv,379,2418,Nikola Jokić,AST,OVER,53.5%,DO NOT BET,C,✅ HIT,53.02,0.5206304018944222,0.4280886603119844,0.4745136763108522,0.4925952315702933,0.49407702047654983,0.4297199638663053,0.5,0.9491
AI Picks by Srini underdog - March 12 2026.csv,429,2419,Jamal Murray,3PM,OVER,50.5%,DO NOT BET,S,❌ MISS,50.24,0.5530742548066766,0.4279233420754446,0.5747041267881033,0.5869918699186992,0.49407702047654983,0.5251016260162601,0.5,0.9839
AI Picks by Srini underdog - March 12 2026.csv,437,2420,Chet Holmgren,PR,OVER,52.6%,DO NOT BET,D,❌ MISS,49.57,0.5607160525159344,0.4277681864275526,0.4622014406672564,0.4584602067315036,0.49407702047654983,0.5516629711751663,1.0,0.9993
AI Picks by Srini underdog - March 12 2026.csv,399,2421,Jalen Duren,PR,UNDER,52.9%,DO NOT BET,D,✅ HIT,52.16,0.5301279393140406,0.42768713608747927,0.4622014406672564,0.4584602067315036,0.49407702047654983,0.6001318391562294,0.5,0.9702
AI Picks by Srini underdog - March 11 2026.csv,371,2422,Scottie Barnes,PRA,OVER,51.90%,DO NOT BET,D,❌ MISS,49.67,0.5592466634292358,0.4275776095150656,0.4730352303523035,0.4584602067315036,0.49407702047654983,0.5424015009380863,1.0,0.9927
AI Picks by Srini underdog - March 12 2026.csv,439,2423,Chet Holmgren,PRA,OVER,52.3%,DO NOT BET,D,❌ MISS,49.52,0.5609378104529438,0.4275300660896752,0.4730352303523035,0.4584602067315036,0.49407702047654983,0.5516629711751663,1.0,0.9808
AI Picks by Srini underdog - March 13 2026.csv,397,2424,Naz Reid,3PM,OVER,50.4%,DO NOT BET,S,❌ MISS,50.12,0.5536112873270018,0.4273549820210154,0.5747041267881033,0.5869918699186992,0.49407702047654983,0.5301219512195121,0.5,0.9914
AI Picks by Srini underdog - March 11 2026.csv,336,2425,James Harden,REB,UNDER,50.10%,DO NOT BET,B,❌ MISS,51.9,0.5326129209631976,0.4273146065753769,0.5620746167935988,0.5557229965156795,0.49407702047654983,0.39101995565410197,0.5,0.9956
AI Picks by Srini underdog - March 13 2026.csv,402,2426,Jerami Grant,PR,UNDER,50.8%,DO NOT BET,D,✅ HIT,49.61,0.5591399993008568,0.427049562235299,0.4622014406672564,0.4584602067315036,0.49407702047654983,0.6001524390243902,1.0,0.9932
AI Picks by Srini underdog - March 13 2026.csv,354,2427,Jalen Duren,PTS,OVER,50.1%,DO NOT BET,D,✅ HIT,52.47,0.5253672978594671,0.4269627497229946,0.4830232333943893,0.4584602067315036,0.49407702047654983,0.6001318391562294,0.5,0.9821
AI Picks by Srini underdog - March 12 2026.csv,374,2428,Cade Cunningham,PRA,UNDER,52.6%,DO NOT BET,D,✅ HIT,53.15,0.5172810398777514,0.4269054587931756,0.4730352303523035,0.4584602067315036,0.49407702047654983,0.45889526542324244,0.5,0.9728
AI Picks by Srini underdog - March 11 2026.csv,283,2429,RJ Barrett,FGA,UNDER,51.80%,DO NOT BET,D,✅ HIT,53.46,0.5134523196833211,0.42678682124778383,0.4736390243902439,0.4584602067315036,0.49407702047654983,0.4441504754030591,0.5,0.9777
AI Picks by Srini underdog - March 13 2026.csv,361,2430,Rudy Gobert,PRA,UNDER,52.1%,DO NOT BET,D,❌ MISS,52.21,0.5280625087977073,0.42672686924879627,0.4730352303523035,0.4584602067315036,0.49407702047654983,0.586159954622802,0.5,0.9679
AI Picks by Srini underdog - March 11 2026.csv,369,2431,Kevin Durant,RA,OVER,51.20%,DO NOT BET,C,❌ MISS,49.79,0.5565023800514947,0.4267112565121744,0.5152613240418118,0.4925952315702933,0.49407702047654983,0.41234444997511194,1.0,0.9947
AI Picks by Srini underdog - March 14 2026.csv,347,2432,De'Aaron Fox,AST,UNDER,50.5%,DO NOT BET,C,✅ HIT,51.65,0.5345385681094177,0.4266549622357522,0.4745136763108522,0.4925952315702933,0.49407702047654983,0.6501016260162601,0.5,0.9905
AI Picks by Srini underdog - March 12 2026.csv,415,2433,LeBron James,REB,UNDER,50.4%,DO NOT BET,B,❌ MISS,51.01,0.5420522533110663,0.4266458912560745,0.5620746167935988,0.5557229965156795,0.49407702047654983,0.4779132791327913,0.5,0.9902
AI Picks by Srini underdog - March 10 2026.csv,474,2434,Jayson Tatum,PR,UNDER,53.10%,DO NOT BET,D,❌ MISS,52.56,0.5237216388672524,0.4265811447725354,0.4622014406672564,0.4584602067315036,0.49407702047654983,0.5334688346883468,0.5,0.9618
AI Picks by Srini underdog - March 10 2026.csv,411,2435,Brandon Miller,PA,UNDER,52.70%,DO NOT BET,D,❌ MISS,54.1,0.5055732398343701,0.42655838570671506,0.4054911368785819,0.4584602067315036,0.49407702047654983,0.47460545193687226,0.5,0.9706
AI Picks by Srini underdog - March 15 2026.csv,327,2436,Jalen Brunson,PR,UNDER,51.7%,DO NOT BET,D,❌ MISS,51.24,0.5391578854797185,0.4265229619515927,0.4622014406672564,0.4584602067315036,0.49407702047654983,0.3700813008130081,1.0,0.9925
AI Picks by Srini underdog - March 13 2026.csv,366,2437,Evan Mobley,PRA,UNDER,50.7%,DO NOT BET,D,❌ MISS,52.09,0.5289437084573783,0.42638221783494185,0.4730352303523035,0.4584602067315036,0.49407702047654983,0.45512195121951216,0.75,0.9928
AI Picks by Srini underdog - March 10 2026.csv,463,2438,Jayson Tatum,PTS,OVER,50.80%,DO NOT BET,D,✅ HIT,52.78,0.520790997412679,0.42635818501357026,0.4830232333943893,0.4584602067315036,0.49407702047654983,0.5334688346883468,0.5,0.9763
AI Picks by Srini underdog - March 11 2026.csv,301,2439,Kawhi Leonard,PA,UNDER,51.90%,DO NOT BET,D,❌ MISS,52.98,0.5184048147157297,0.4263362182482874,0.4054911368785819,0.4584602067315036,0.49407702047654983,0.633921200750469,0.5,0.963
AI Picks by Srini underdog - March 15 2026.csv,291,2440,Donovan Mitchell,PRA,OVER,51.2%,DO NOT BET,D,✅ HIT,52.96,0.5186336271565654,0.42633204113605716,0.4730352303523035,0.4584602067315036,0.49407702047654983,0.5138211382113821,0.5,0.9852
AI Picks by Srini underdog - March 15 2026.csv,338,2441,Brandon Ingram,RA,UNDER,50.8%,DO NOT BET,C,✅ HIT,50.1,0.5522378944035771,0.4263093714220159,0.5152613240418118,0.4925952315702933,0.49407702047654983,0.5593495934959349,0.75,0.9926
AI Picks by Srini underdog - March 12 2026.csv,411,2442,Nikola Jokić,FGA,UNDER,53.5%,DO NOT BET,D,✅ HIT,51.6,0.5345142685296458,0.426256904511967,0.4736390243902439,0.4584602067315036,0.49407702047654983,0.4297199638663053,0.75,0.9621999999999999
AI Picks by Srini underdog - March 13 2026.csv,363,2443,Anthony Edwards,PRA,UNDER,50.6%,DO NOT BET,D,❌ MISS,52.16,0.5278581467426704,0.4262117709160887,0.4730352303523035,0.4584602067315036,0.49407702047654983,0.6243163340724316,0.5,0.9895
AI Picks by Srini underdog - March 14 2026.csv,332,2444,Bam Adebayo,RA,UNDER,50.2%,DO NOT BET,C,✅ HIT,52.37,0.5253614309889428,0.42619441026328664,0.5152613240418118,0.4925952315702933,0.49407702047654983,0.48343495934959346,0.5,0.9977
AI Picks by Srini underdog - March 10 2026.csv,446,2445,Victor Wembanyama,RA,UNDER,51.80%,DO NOT BET,C,❌ MISS,53.2,0.5153040732653656,0.4260026934920584,0.5152613240418118,0.4925952315702933,0.49407702047654983,0.3382113821138211,0.5,0.9782
AI Picks by Srini underdog - March 10 2026.csv,547,2446,Donte DiVincenzo,PTS,OVER,51.20%,DO NOT BET,D,❌ MISS,49.34,0.5606137751904567,0.42594329638009787,0.4830232333943893,0.4584602067315036,0.49407702047654983,0.5612466124661246,1.0,0.99
AI Picks by Srini underdog - March 15 2026.csv,287,2447,Andrew Nembhard,PR,UNDER,51.7%,DO NOT BET,D,NO GAME,53.05,0.5168710192565109,0.42587441939550214,0.4622014406672564,0.4584602067315036,0.49407702047654983,0.5093126385809312,0.5,0.9683
AI Picks by Srini underdog - March 12 2026.csv,435,2448,Cade Cunningham,REB,UNDER,50.3%,DO NOT BET,B,✅ HIT,49.58,0.5575654519401116,0.42579674865265454,0.5620746167935988,0.5557229965156795,0.49407702047654983,0.45889526542324244,0.75,0.9953
AI Picks by Srini underdog - March 12 2026.csv,431,2449,Aaron Gordon,PTS,OVER,51.9%,DO NOT BET,D,NO GAME,49.88,0.5539859525930001,0.4257636520586333,0.4830232333943893,0.4584602067315036,0.49407702047654983,0.4694183864915572,1.0,0.9935
AI Picks by Srini underdog - March 13 2026.csv,388,2450,Naz Reid,PRA,OVER,52.3%,DO NOT BET,D,❌ MISS,50.96,0.5411837084573784,0.4256990741042438,0.4730352303523035,0.4584602067315036,0.49407702047654983,0.5301219512195121,0.75,0.9788
AI Picks by Srini underdog - March 13 2026.csv,384,2451,Anthony Edwards,RA,UNDER,50.1%,DO NOT BET,C,❌ MISS,51.16,0.5387945684612268,0.4256751850944794,0.5152613240418118,0.4925952315702933,0.49407702047654983,0.6243163340724316,0.5,0.9914
AI Picks by Srini underdog - March 15 2026.csv,297,2452,Andrew Nembhard,PRA,UNDER,51.9%,DO NOT BET,D,NO GAME,52.74,0.5200327771935204,0.42555953147357034,0.4730352303523035,0.4584602067315036,0.49407702047654983,0.5093126385809312,0.5,0.9746
AI Picks by Srini underdog - March 13 2026.csv,392,2453,James Harden,PRA,OVER,52.8%,DO NOT BET,D,❌ MISS,50.47,0.5465785089008374,0.42545951702254337,0.4730352303523035,0.4584602067315036,0.49407702047654983,0.39101995565410197,1.0,0.9809
AI Picks by Srini underdog - March 11 2026.csv,366,2454,DeMar DeRozan,AST,UNDER,51.90%,DO NOT BET,C,❌ MISS,50.13,0.5505343748636391,0.4254314415192164,0.4745136763108522,0.4925952315702933,0.49407702047654983,0.415509693558474,1.0,0.9844
AI Picks by Srini underdog - March 11 2026.csv,299,2455,Karl-Anthony Towns,PRA,UNDER,51.50%,DO NOT BET,D,✅ HIT,53.01,0.516500183216312,0.42532756557182605,0.4730352303523035,0.4584602067315036,0.49407702047654983,0.49313669880884853,0.5,0.9635
AI Picks by Srini underdog - March 15 2026.csv,289,2456,Ausar Thompson,PRA,UNDER,50.6%,DO NOT BET,D,✅ HIT,52.98,0.5167988304085979,0.42529232844865167,0.4730352303523035,0.4584602067315036,0.49407702047654983,0.5170731707317073,0.5,0.9828
AI Picks by Srini underdog - March 15 2026.csv,274,2457,Cooper Flagg,AST,UNDER,50.2%,DO NOT BET,C,❌ MISS,53.56,0.5099650940631387,0.4252846505885324,0.4745136763108522,0.4925952315702933,0.49407702047654983,0.4270168855534709,0.5,0.9656
AI Picks by Srini underdog - March 9 2026.csv,68,2458,Mikal Bridges,AST,OVER,51.20%,DO NOT BET,C,✅ HIT,51.3,0.5360069246715546,0.4249335530226065,0.4745136763108522,0.4925952315702933,0.49407702047654983,0.6477351916376306,0.5,0.977
AI Picks by Srini underdog - March 14 2026.csv,370,2459,Desmond Bane,FTM,OVER,50.1%,DO NOT BET,B,✅ HIT,50.34,0.5472305819557582,0.42488948071621474,0.5145057766367137,0.5557229965156795,0.49407702047654983,0.6368342458934793,0.5,0.9866
AI Picks by Srini underdog - March 10 2026.csv,526,2460,Cade Cunningham,3PA,UNDER,50.40%,DO NOT BET,B,✅ HIT,50.67,0.5426932414850572,0.42446314519002043,0.5765635645183267,0.5557229965156795,0.49407702047654983,0.45889526542324244,0.5,0.9831
AI Picks by Srini underdog - March 11 2026.csv,377,2461,LaMelo Ball,PTS,UNDER,51.60%,DO NOT BET,D,❌ MISS,49.02,0.5620788700414052,0.42444912485283964,0.4830232333943893,0.4584602067315036,0.49407702047654983,0.5640975609756097,1.0,0.9864
AI Picks by Srini underdog - March 11 2026.csv,367,2462,LaMelo Ball,PA,UNDER,52.70%,DO NOT BET,D,❌ MISS,50.03,0.5499724507382439,0.42430166484384235,0.4054911368785819,0.4584602067315036,0.49407702047654983,0.5640975609756097,1.0,0.9796
AI Picks by Srini underdog - March 11 2026.csv,364,2463,Kevin Durant,FTM,OVER,51.40%,DO NOT BET,B,❌ MISS,50.29,0.5468816023639214,0.4242803809845872,0.5145057766367137,0.5557229965156795,0.49407702047654983,0.41234444997511194,0.75,0.9902
AI Picks by Srini underdog - March 11 2026.csv,279,2464,Kevin Durant,PTS,UNDER,50.40%,DO NOT BET,D,✅ HIT,53.55,0.5079285589413556,0.4238844501599866,0.4830232333943893,0.4584602067315036,0.49407702047654983,0.41234444997511194,0.5,0.9885
AI Picks by Srini underdog - March 12 2026.csv,397,2465,Aaron Gordon,PRA,OVER,54.6%,DO NOT BET,D,NO GAME,52.32,0.5222883519845829,0.4238146459135192,0.4730352303523035,0.4584602067315036,0.49407702047654983,0.4694183864915572,0.5,0.9159
AI Picks by Srini underdog - March 10 2026.csv,554,2466,Julius Randle,PR,OVER,52.70%,DO NOT BET,D,❌ MISS,48.39,0.5684954686980035,0.42380340021826585,0.4622014406672564,0.4584602067315036,0.49407702047654983,0.6265071329958583,1.0,0.9984
AI Picks by Srini underdog - March 12 2026.csv,430,2467,Cooper Flagg,TOV,UNDER,50.0%,DO NOT BET,A,✅ HIT,50.05,0.5489446242606166,0.4237864828321581,0.59583830803343,0.6088002636783125,0.49407702047654983,0.4270168855534709,0.5,0.9946
AI Picks by Srini underdog - March 10 2026.csv,513,2468,LaMelo Ball,RA,OVER,50.50%,DO NOT BET,C,❌ MISS,51.36,0.5331276911515446,0.4235207668309202,0.5152613240418118,0.4925952315702933,0.49407702047654983,0.5640975609756097,0.5,0.9713
AI Picks by Srini underdog - March 15 2026.csv,299,2469,Kyle Kuzma,PRA,OVER,50.9%,DO NOT BET,D,❌ MISS,52.58,0.5184853134927836,0.423330438477904,0.4730352303523035,0.4584602067315036,0.49407702047654983,0.5227380015735641,0.5,0.9848
AI Picks by Srini underdog - March 15 2026.csv,347,2470,Shai Gilgeous-Alexander,REB,OVER,50.6%,DO NOT BET,B,❌ MISS,49.43,0.5552803413156308,0.4231646377559413,0.5620746167935988,0.5557229965156795,0.49407702047654983,0.42644415917843387,0.75,0.9941
AI Picks by Srini underdog - March 11 2026.csv,263,2471,Kevin Durant,PA,OVER,53.70%,DO NOT BET,D,❌ MISS,54.05,0.500922139638194,0.42315290758226703,0.4054911368785819,0.4584602067315036,0.49407702047654983,0.41234444997511194,0.5,0.9341
AI Picks by Srini underdog - March 11 2026.csv,309,2472,Immanuel Quickley,PR,OVER,52.70%,DO NOT BET,D,✅ HIT,52.78,0.5158091804855257,0.42312000401092065,0.4622014406672564,0.4584602067315036,0.49407702047654983,0.4679442508710801,0.5,0.9618
AI Picks by Srini underdog - March 12 2026.csv,426,2473,Kevin Porter Jr.,PTS,OVER,51.8%,DO NOT BET,D,❌ MISS,50.44,0.5432793307460123,0.4230856934237469,0.4830232333943893,0.4584602067315036,0.49407702047654983,0.3668021680216802,1.0,0.9914
AI Picks by Srini underdog - March 11 2026.csv,324,2474,Rudy Gobert,PRA,UNDER,50.10%,DO NOT BET,D,✅ HIT,52.2,0.5224875087977073,0.4230266666494096,0.4730352303523035,0.4584602067315036,0.49407702047654983,0.586159954622802,0.5,0.9924
AI Picks by Srini underdog - March 11 2026.csv,356,2475,Keyonte George,3PA,OVER,50.50%,DO NOT BET,B,❌ MISS,50.94,0.5371049238504741,0.4228949589109826,0.5765635645183267,0.5557229965156795,0.49407702047654983,0.4002120890774125,0.5,0.9819
AI Picks by Srini underdog - March 12 2026.csv,444,2476,Desmond Bane,PRA,UNDER,51.1%,DO NOT BET,D,✅ HIT,48.49,0.565914937924775,0.42289058120953443,0.4730352303523035,0.4584602067315036,0.49407702047654983,0.6368342458934793,1.0,0.9916
AI Picks by Srini underdog - March 14 2026.csv,357,2477,Desmond Bane,AST,UNDER,50.6%,DO NOT BET,C,✅ HIT,51.23,0.5335568300971396,0.42280582335352973,0.4745136763108522,0.4925952315702933,0.49407702047654983,0.6368342458934793,0.5,0.9906
AI Picks by Srini underdog - March 12 2026.csv,441,2478,Dyson Daniels,AST,OVER,51.2%,DO NOT BET,C,NO GAME,49.12,0.558227795751694,0.42271045255839446,0.4745136763108522,0.4925952315702933,0.49407702047654983,0.5102439024390244,1.0,0.9964
AI Picks by Srini underdog - March 10 2026.csv,520,2479,Cooper Flagg,REB,UNDER,50.30%,DO NOT BET,B,❌ MISS,50.96,0.5365726139531344,0.4227018626764852,0.5620746167935988,0.5557229965156795,0.49407702047654983,0.4270168855534709,0.5,0.9892
AI Picks by Srini underdog - March 10 2026.csv,534,2480,Scottie Barnes,PA,OVER,52.10%,DO NOT BET,D,✅ HIT,50.15,0.5460928447344914,0.4226973521340438,0.4054911368785819,0.4584602067315036,0.49407702047654983,0.5424015009380863,1.0,0.9862
AI Picks by Srini underdog - March 14 2026.csv,377,2481,DeMar DeRozan,PRA,OVER,52.6%,DO NOT BET,D,✅ HIT,49.91,0.5486024826912745,0.4224937544206718,0.4730352303523035,0.4584602067315036,0.49407702047654983,0.415509693558474,1.0,0.986
AI Picks by Srini underdog - March 12 2026.csv,421,2482,Jalen Duren,RA,UNDER,50.8%,DO NOT BET,C,✅ HIT,50.76,0.5385861189696065,0.42248158894945786,0.5152613240418118,0.4925952315702933,0.49407702047654983,0.6001318391562294,0.5,0.988
AI Picks by Srini underdog - March 15 2026.csv,283,2483,Jrue Holiday,PR,OVER,50.5%,DO NOT BET,D,❌ MISS,53.2,0.5098167066179299,0.42243590517122515,0.4622014406672564,0.4584602067315036,0.49407702047654983,0.4712195121951219,0.5,0.985
AI Picks by Srini underdog - March 10 2026.csv,467,2484,Immanuel Quickley,AST,UNDER,50.60%,DO NOT BET,C,❌ MISS,52.62,0.5166178305948996,0.4224223849918263,0.4745136763108522,0.4925952315702933,0.49407702047654983,0.4679442508710801,0.5,0.9896
AI Picks by Srini underdog - March 11 2026.csv,374,2485,Desmond Bane,PA,UNDER,52.00%,DO NOT BET,D,❌ MISS,49.33,0.5552661192300308,0.4223908674064342,0.4054911368785819,0.4584602067315036,0.49407702047654983,0.6368342458934793,1.0,0.9876
AI Picks by Srini underdog - March 15 2026.csv,333,2486,Shai Gilgeous-Alexander,RA,OVER,50.8%,DO NOT BET,C,✅ HIT,50.68,0.5388873509718269,0.4220657689558075,0.5152613240418118,0.4925952315702933,0.49407702047654983,0.42644415917843387,0.75,0.9914
AI Picks by Srini underdog - March 10 2026.csv,460,2487,Cade Cunningham,PTS,OVER,50.40%,DO NOT BET,D,❌ MISS,52.91,0.5125236404861685,0.4219782868033656,0.4830232333943893,0.4584602067315036,0.49407702047654983,0.45889526542324244,0.5,0.9873
AI Picks by Srini underdog - March 12 2026.csv,394,2488,Giannis Antetokounmpo,FGA,UNDER,50.6%,DO NOT BET,D,❌ MISS,52.51,0.5170020126723354,0.4218311247489057,0.4736390243902439,0.4584602067315036,0.49407702047654983,0.5149974052932018,0.5,0.9886
AI Picks by Srini underdog - March 10 2026.csv,539,2489,Amen Thompson,PRA,OVER,50.90%,DO NOT BET,D,✅ HIT,49.88,0.5477940743110369,0.4217389311753572,0.4730352303523035,0.4584602067315036,0.49407702047654983,0.4609756097560975,1.0,0.9945
AI Picks by Srini underdog - March 15 2026.csv,311,2490,Andrew Nembhard,PA,OVER,51.1%,DO NOT BET,D,NO GAME,52.07,0.521978958498776,0.42170222516307687,0.4054911368785819,0.4584602067315036,0.49407702047654983,0.5093126385809312,0.75,0.9881
AI Picks by Srini underdog - March 14 2026.csv,379,2491,Aaron Gordon,PRA,OVER,52.8%,DO NOT BET,D,✅ HIT,49.28,0.5547083519845829,0.4216460556999596,0.4730352303523035,0.4584602067315036,0.49407702047654983,0.4694183864915572,1.0,0.9867
AI Picks by Srini underdog - March 14 2026.csv,378,2492,Myles Turner,PTS,OVER,52.0%,DO NOT BET,D,❌ MISS,49.9,0.5474157140916639,0.4216459022315382,0.4830232333943893,0.4584602067315036,0.49407702047654983,0.5819660014781965,0.75,0.9802
AI Picks by Srini underdog - March 10 2026.csv,552,2493,RJ Barrett,3PM,OVER,50.20%,DO NOT BET,S,✅ HIT,48.63,0.5621291397453565,0.4215001487843263,0.5747041267881033,0.5869918699186992,0.49407702047654983,0.4441504754030591,0.75,0.9973
AI Picks by Srini underdog - March 10 2026.csv,551,2494,Giannis Antetokounmpo,FGA,OVER,53.00%,DO NOT BET,D,✅ HIT,48.81,0.5595220126723354,0.4211816629758234,0.4736390243902439,0.4584602067315036,0.49407702047654983,0.5149974052932018,1.0,0.9758
AI Picks by Srini underdog - March 12 2026.csv,386,2495,Payton Pritchard,RA,OVER,50.0%,DO NOT BET,C,❌ MISS,52.87,0.5115371697049508,0.4210312703980273,0.5152613240418118,0.4925952315702933,0.49407702047654983,0.351892346509672,0.5,0.9979
AI Picks by Srini underdog - March 10 2026.csv,500,2496,Brandon Miller,AST,UNDER,52.80%,DO NOT BET,C,❌ MISS,51.83,0.5236639507014789,0.42096260770955274,0.4745136763108522,0.4925952315702933,0.49407702047654983,0.47460545193687226,0.5,0.9676
AI Picks by Srini underdog - March 14 2026.csv,349,2497,Russell Westbrook,PRA,UNDER,51.0%,DO NOT BET,D,❌ MISS,51.54,0.5268217978882727,0.4207980829987542,0.4730352303523035,0.4584602067315036,0.49407702047654983,0.6045528455284552,0.5,0.9811
AI Picks by Srini underdog - March 14 2026.csv,368,2498,Dyson Daniels,AST,OVER,51.1%,DO NOT BET,C,❌ MISS,50.42,0.539962795751694,0.4207770404786667,0.4745136763108522,0.4925952315702933,0.49407702047654983,0.5102439024390244,0.75,0.9879
AI Picks by Srini underdog - March 11 2026.csv,317,2499,Zion Williamson,PR,OVER,51.20%,DO NOT BET,D,❌ MISS,52.5,0.5153364627154909,0.4206720646775702,0.4622014406672564,0.4584602067315036,0.49407702047654983,0.5073170731707317,0.5,0.9756
AI Picks by Srini underdog - March 12 2026.csv,443,2500,Jalen Suggs,STL,OVER,50.5%,DO NOT BET,A,✅ HIT,48.57,0.5610827508443416,0.4203612804023463,0.6067636810821889,0.6088002636783125,0.49407702047654983,0.5149974052932018,0.5,0.9837
AI Picks by Srini underdog - March 15 2026.csv,350,2501,Julius Randle,PRA,OVER,51.4%,DO NOT BET,D,✅ HIT,48.14,0.5659722266350129,0.4202519778926542,0.4730352303523035,0.4584602067315036,0.49407702047654983,0.6265071329958583,1.0,0.993
AI Picks by Srini underdog - March 12 2026.csv,370,2502,Cooper Flagg,FGA,OVER,50.0%,DO NOT BET,D,❌ MISS,53.19,0.5065489606983624,0.42023541772411954,0.4736390243902439,0.4584602067315036,0.49407702047654983,0.4270168855534709,0.5,0.9963
AI Picks by Srini underdog - March 9 2026.csv,60,2503,Karl-Anthony Towns,PR,UNDER,50.70%,DO NOT BET,D,❌ MISS,52.64,0.5126984252793025,0.4200276767354616,0.4622014406672564,0.4584602067315036,0.49407702047654983,0.49313669880884853,0.5,0.9852
AI Picks by Srini underdog - March 15 2026.csv,309,2504,Immanuel Quickley,AST,OVER,51.3%,DO NOT BET,C,✅ HIT,52.16,0.5175578305948996,0.4195165654200376,0.4745136763108522,0.4925952315702933,0.49407702047654983,0.4679442508710801,0.5,0.9608
AI Picks by Srini underdog - March 11 2026.csv,331,2505,Brandon Miller,AST,UNDER,51.10%,DO NOT BET,C,❌ MISS,52.03,0.5186639507014789,0.419241659697287,0.4745136763108522,0.4925952315702933,0.49407702047654983,0.47460545193687226,0.5,0.9832
AI Picks by Srini underdog - March 12 2026.csv,425,2506,Cooper Flagg,REB,OVER,50.0%,DO NOT BET,B,❌ MISS,50.55,0.5358876139531344,0.4191220561016301,0.5620746167935988,0.5557229965156795,0.49407702047654983,0.4270168855534709,0.5,0.9959
AI Picks by Srini underdog - March 11 2026.csv,373,2507,Evan Mobley,PTS,OVER,50.70%,DO NOT BET,D,✅ HIT,49.47,0.5485663090657955,0.4191063271910952,0.4830232333943893,0.4584602067315036,0.49407702047654983,0.45512195121951216,1.0,0.9953
AI Picks by Srini underdog - March 13 2026.csv,407,2508,Ivica Zubac,AST,OVER,51.4%,DO NOT BET,C,❌ MISS,48.46,0.5601490649477193,0.4189134059762881,0.4745136763108522,0.4925952315702933,0.49407702047654983,0.5261065943992773,1.0,0.9895
AI Picks by Srini underdog - March 11 2026.csv,295,2509,Karl-Anthony Towns,PA,OVER,52.10%,DO NOT BET,D,✅ HIT,53.09,0.5056663645215677,0.41889720421533594,0.4054911368785819,0.4584602067315036,0.49407702047654983,0.49313669880884853,0.5,0.9762
AI Picks by Srini underdog - March 14 2026.csv,345,2510,LaMelo Ball,PTS,UNDER,50.1%,DO NOT BET,D,✅ HIT,51.7,0.5217788700414053,0.41874342148847776,0.4830232333943893,0.4584602067315036,0.49407702047654983,0.5640975609756097,0.5,0.9824
AI Picks by Srini underdog - March 12 2026.csv,361,2511,Luka Dončić,PR,UNDER,50.5%,DO NOT BET,D,❌ MISS,53.52,0.500360290107611,0.41873571761989253,0.4622014406672564,0.4584602067315036,0.49407702047654983,0.3885553470919324,0.5,0.9612
AI Picks by Srini underdog - March 12 2026.csv,446,2512,Austin Reaves,PR,OVER,52.4%,DO NOT BET,D,✅ HIT,48.36,0.5603098150766741,0.4182533675662416,0.4622014406672564,0.4584602067315036,0.49407702047654983,0.5575505967825636,1.0,0.993
AI Picks by Srini underdog - March 10 2026.csv,493,2513,Cade Cunningham,AST,UNDER,51.00%,DO NOT BET,C,❌ MISS,52.06,0.5167729320501159,0.4182418553720612,0.4745136763108522,0.4925952315702933,0.49407702047654983,0.45889526542324244,0.5,0.9836
AI Picks by Srini underdog - March 10 2026.csv,550,2514,Russell Westbrook,REB,OVER,50.00%,DO NOT BET,B,✅ HIT,48.94,0.5532562099506327,0.4181027749987438,0.5620746167935988,0.5557229965156795,0.49407702047654983,0.6045528455284552,0.5,0.9882
AI Picks by Srini underdog - March 13 2026.csv,357,2515,Jrue Holiday,PTS,OVER,50.3%,DO NOT BET,D,✅ HIT,52.34,0.5131560651633564,0.4180315646784954,0.4830232333943893,0.4584602067315036,0.49407702047654983,0.4712195121951219,0.5,0.9821
AI Picks by Srini underdog - March 10 2026.csv,504,2516,CJ McCollum,RA,UNDER,50.10%,DO NOT BET,C,❌ MISS,51.67,0.520580076636375,0.41773484797704796,0.5152613240418118,0.4925952315702933,0.49407702047654983,0.4440214158239143,0.5,0.9877
AI Picks by Srini underdog - March 13 2026.csv,398,2517,Scottie Barnes,FTM,OVER,50.2%,DO NOT BET,B,❌ MISS,50.1,0.5383873074602189,0.4173064899088331,0.5145057766367137,0.5557229965156795,0.49407702047654983,0.5424015009380863,0.5,0.9918
AI Picks by Srini underdog - March 10 2026.csv,492,2518,Jrue Holiday,PRA,OVER,51.40%,DO NOT BET,D,❌ MISS,52.08,0.5150034645549393,0.4172446066989698,0.4730352303523035,0.4584602067315036,0.49407702047654983,0.4712195121951219,0.5,0.9842
AI Picks by Srini underdog - March 9 2026.csv,69,2519,Jalen Brunson,AST,OVER,51.70%,DO NOT BET,C,✅ HIT,50.92,0.5276415355890924,0.4165908513423111,0.4745136763108522,0.4925952315702933,0.49407702047654983,0.3700813008130081,0.75,0.981
AI Picks by Srini underdog - March 10 2026.csv,454,2520,Cooper Flagg,PR,OVER,50.50%,DO NOT BET,D,❌ MISS,53.11,0.5017714439537648,0.41651841104503745,0.4622014406672564,0.4584602067315036,0.49407702047654983,0.4270168855534709,0.5,0.9125
AI Picks by Srini underdog - March 14 2026.csv,356,2521,Kevin Porter Jr.,AST,UNDER,50.4%,DO NOT BET,C,❌ MISS,51.25,0.5235536223099597,0.4164566434906362,0.4745136763108522,0.4925952315702933,0.49407702047654983,0.3668021680216802,0.75,0.9942
AI Picks by Srini underdog - March 13 2026.csv,338,2522,Bennedict Mathurin,PA,OVER,50.7%,DO NOT BET,D,✅ HIT,53.14,0.5012768680824172,0.4164262945268216,0.4054911368785819,0.4584602067315036,0.49407702047654983,0.4934417344173441,0.5,0.983
AI Picks by Srini underdog - March 10 2026.csv,528,2523,Amen Thompson,PTS,OVER,50.30%,DO NOT BET,D,✅ HIT,50.65,0.530366674919454,0.4162979717236049,0.4830232333943893,0.4584602067315036,0.49407702047654983,0.4609756097560975,0.75,0.9968
AI Picks by Srini underdog - March 10 2026.csv,489,2524,Immanuel Quickley,PTS,UNDER,50.10%,DO NOT BET,D,✅ HIT,52.14,0.5125535390309524,0.41611087070469854,0.4830232333943893,0.4584602067315036,0.49407702047654983,0.4679442508710801,0.5,0.9902
AI Picks by Srini underdog - March 13 2026.csv,399,2525,RJ Barrett,REB,OVER,50.1%,DO NOT BET,B,✅ HIT,49.98,0.5379059729380932,0.4160761912768109,0.5620746167935988,0.5557229965156795,0.49407702047654983,0.4441504754030591,0.5,0.9952
AI Picks by Srini underdog - March 15 2026.csv,319,2526,Rudy Gobert,PR,UNDER,50.1%,DO NOT BET,D,✅ HIT,51.44,0.520560750860698,0.41596387643696353,0.4622014406672564,0.4584602067315036,0.49407702047654983,0.586159954622802,0.5,0.9972
AI Picks by Srini underdog - March 15 2026.csv,344,2527,Cade Cunningham,3PA,OVER,50.0%,DO NOT BET,B,✅ HIT,49.7,0.5406182414850571,0.4156984930495096,0.5765635645183267,0.5557229965156795,0.49407702047654983,0.45889526542324244,0.5,0.9688
AI Picks by Srini underdog - March 11 2026.csv,383,2528,Julius Randle,PRA,OVER,50.70%,DO NOT BET,D,❌ MISS,47.66,0.5636772266350129,0.4150905031220921,0.4730352303523035,0.4584602067315036,0.49407702047654983,0.6265071329958583,1.0,0.9947
AI Picks by Srini underdog - March 10 2026.csv,519,2529,Jalen Johnson,PR,OVER,50.80%,DO NOT BET,D,✅ HIT,50.99,0.5242623636612349,0.4149295577849107,0.4622014406672564,0.4584602067315036,0.49407702047654983,0.6164260826281732,0.5,0.9631
AI Picks by Srini underdog - March 10 2026.csv,535,2530,Victor Wembanyama,3PM,UNDER,50.70%,DO NOT BET,S,❌ MISS,50.09,0.5346752304164327,0.4148171872309855,0.5747041267881033,0.5869918699186992,0.49407702047654983,0.3382113821138211,0.5,0.9761
AI Picks by Srini underdog - March 9 2026.csv,71,2531,Jalen Brunson,PR,OVER,51.90%,DO NOT BET,D,✅ HIT,49.66,0.5394328854797186,0.41462220124849264,0.4622014406672564,0.4584602067315036,0.49407702047654983,0.3700813008130081,1.0,0.9844
AI Picks by Srini underdog - March 10 2026.csv,544,2532,Devin Booker,AST,OVER,52.10%,DO NOT BET,C,✅ HIT,49.46,0.5417602347760844,0.4146059263033963,0.4745136763108522,0.4925952315702933,0.49407702047654983,0.31676829268292683,1.0,0.9928
AI Picks by Srini underdog - March 14 2026.csv,351,2533,Kyle Kuzma,PRA,UNDER,50.2%,DO NOT BET,D,✅ HIT,51.5,0.5166653134927836,0.41389055774413946,0.4730352303523035,0.4584602067315036,0.49407702047654983,0.5227380015735641,0.5,0.996
AI Picks by Srini underdog - March 10 2026.csv,458,2534,Immanuel Quickley,PA,UNDER,50.60%,DO NOT BET,D,✅ HIT,52.99,0.4984221197277908,0.41342391910551385,0.4054911368785819,0.4584602067315036,0.49407702047654983,0.4679442508710801,0.5,0.9837
AI Picks by Srini underdog - March 14 2026.csv,362,2535,Russell Westbrook,PR,OVER,50.3%,DO NOT BET,D,✅ HIT,50.98,0.5219550399512632,0.41335334477404234,0.4622014406672564,0.4584602067315036,0.49407702047654983,0.6045528455284552,0.5,0.9747
AI Picks by Srini underdog - March 10 2026.csv,498,2536,Kevin Durant,PRA,OVER,52.00%,DO NOT BET,D,✅ HIT,51.91,0.5108209583329384,0.41322628346509516,0.4730352303523035,0.4584602067315036,0.49407702047654983,0.41234444997511194,0.5,0.9775
AI Picks by Srini underdog - March 11 2026.csv,314,2537,Jalen Brunson,PRA,OVER,50.90%,DO NOT BET,D,✅ HIT,52.53,0.503149643416728,0.4129799899315344,0.4730352303523035,0.4584602067315036,0.49407702047654983,0.3700813008130081,0.5,0.9834
AI Picks by Srini underdog - March 13 2026.csv,370,2538,Cade Cunningham,PRA,OVER,50.2%,DO NOT BET,D,❌ MISS,51.95,0.5097660398777514,0.4128463968667705,0.4730352303523035,0.4584602067315036,0.49407702047654983,0.45889526542324244,0.5,0.9857
AI Picks by Srini underdog - March 11 2026.csv,376,2539,James Harden,PA,OVER,55.40%,DO NOT BET,D,✅ HIT,49.2,0.541989690206093,0.4127673047488475,0.4054911368785819,0.4584602067315036,0.49407702047654983,0.39101995565410197,1.0,0.9825
AI Picks by Srini underdog - March 11 2026.csv,355,2540,Paolo Banchero,FGA,OVER,50.30%,DO NOT BET,D,✅ HIT,50.98,0.5203673318212716,0.4123213344895478,0.4736390243902439,0.4584602067315036,0.49407702047654983,0.5575505967825636,0.5,0.9912
AI Picks by Srini underdog - March 12 2026.csv,396,2541,Victor Wembanyama,PTS,OVER,51.5%,DO NOT BET,D,NO GAME,52.4,0.5036102521552264,0.4122855018195311,0.4830232333943893,0.4584602067315036,0.49407702047654983,0.3382113821138211,0.5,0.9756
AI Picks by Srini underdog - March 10 2026.csv,522,2542,Jaden McDaniels,PTS,OVER,51.20%,DO NOT BET,D,❌ MISS,50.83,0.5217388011124551,0.41206600053801634,0.4830232333943893,0.4584602067315036,0.49407702047654983,0.5306468716861081,0.5,0.9737
AI Picks by Srini underdog - March 15 2026.csv,326,2543,Donovan Mitchell,PR,UNDER,51.2%,DO NOT BET,D,✅ HIT,51.28,0.516326869219556,0.4119886117800339,0.4622014406672564,0.4584602067315036,0.49407702047654983,0.5138211382113821,0.5,0.9824
AI Picks by Srini underdog - March 10 2026.csv,523,2544,Cooper Flagg,RA,UNDER,51.20%,DO NOT BET,C,❌ MISS,50.79,0.5219496236093306,0.41189722476343865,0.5152613240418118,0.4925952315702933,0.49407702047654983,0.4270168855534709,0.5,0.9742999999999999
AI Picks by Srini underdog - March 11 2026.csv,351,2545,Karl-Anthony Towns,PTS,UNDER,50.30%,DO NOT BET,D,❌ MISS,51.3,0.5159427838247291,0.41189186147216983,0.4830232333943893,0.4584602067315036,0.49407702047654983,0.49313669880884853,0.5,0.994
AI Picks by Srini underdog - March 14 2026.csv,365,2546,Victor Wembanyama,PA,UNDER,51.7%,DO NOT BET,D,❌ MISS,50.54,0.5245338328520649,0.41166564578654824,0.4054911368785819,0.4584602067315036,0.49407702047654983,0.3382113821138211,1.0,0.9906
AI Picks by Srini underdog - March 13 2026.csv,383,2547,Deni Avdija,FGA,OVER,52.0%,DO NOT BET,D,❌ MISS,51.18,0.5167616935233992,0.41150672158366486,0.4736390243902439,0.4584602067315036,0.49407702047654983,0.4724442138038401,0.5,0.9737
AI Picks by Srini underdog - March 10 2026.csv,558,2548,Julius Randle,PTS,OVER,51.30%,DO NOT BET,D,❌ MISS,46.81,0.5677448272434302,0.4112359725696932,0.4830232333943893,0.4584602067315036,0.49407702047654983,0.6265071329958583,1.0,0.9953
AI Picks by Srini underdog - March 11 2026.csv,353,2549,Jamal Murray,FGA,UNDER,50.10%,DO NOT BET,D,❌ MISS,51.16,0.5158974347446412,0.4107920481786988,0.4736390243902439,0.4584602067315036,0.49407702047654983,0.5251016260162601,0.5,0.9803
AI Picks by Srini underdog - March 15 2026.csv,352,2550,Naz Reid,PRA,OVER,52.9%,DO NOT BET,D,❌ MISS,47.24,0.5615787084573785,0.410515457132388,0.4730352303523035,0.4584602067315036,0.49407702047654983,0.5301219512195121,1.0,0.9959
AI Picks by Srini underdog - March 13 2026.csv,387,2551,Alperen Sengun,AST,OVER,50.9%,DO NOT BET,C,NO GAME,51.03,0.5166737935343992,0.4103027976000143,0.4745136763108522,0.4925952315702933,0.49407702047654983,0.4607538802660754,0.5,0.9847
AI Picks by Srini underdog - March 12 2026.csv,422,2552,Jamal Murray,PR,OVER,52.0%,DO NOT BET,D,✅ HIT,50.74,0.5197249180000437,0.4100689031204686,0.4622014406672564,0.4584602067315036,0.49407702047654983,0.5251016260162601,0.5,0.9734
AI Picks by Srini underdog - March 14 2026.csv,372,2553,Bennedict Mathurin,RA,OVER,50.1%,DO NOT BET,C,❌ MISS,50.23,0.525662108495718,0.41002899437393475,0.5152613240418118,0.4925952315702933,0.49407702047654983,0.4934417344173441,0.5,0.9905
AI Picks by Srini underdog - March 14 2026.csv,369,2554,LaMelo Ball,PRA,OVER,51.7%,DO NOT BET,D,❌ MISS,50.35,0.5242362694329882,0.4100196301758009,0.4730352303523035,0.4584602067315036,0.49407702047654983,0.5640975609756097,0.5,0.9627
AI Picks by Srini underdog - March 11 2026.csv,381,2555,DeMar DeRozan,PRA,OVER,53.50%,DO NOT BET,D,✅ HIT,48.07,0.5510524826912745,0.41001897613351734,0.4730352303523035,0.4584602067315036,0.49407702047654983,0.415509693558474,1.0,0.9738
AI Picks by Srini underdog - March 14 2026.csv,354,2556,Bennedict Mathurin,PR,UNDER,50.7%,DO NOT BET,D,❌ MISS,51.35,0.5124339288401522,0.4099933687291284,0.4622014406672564,0.4584602067315036,0.49407702047654983,0.4934417344173441,0.5,0.9793
AI Picks by Srini underdog - March 10 2026.csv,540,2557,CJ McCollum,FTM,OVER,51.20%,DO NOT BET,B,❌ MISS,49.77,0.5307092989488017,0.4097928485966506,0.5145057766367137,0.5557229965156795,0.49407702047654983,0.4440214158239143,0.5,0.967
AI Picks by Srini underdog - March 15 2026.csv,351,2558,Karl-Anthony Towns,TOV,UNDER,50.5%,DO NOT BET,A,❌ MISS,47.57,0.5565466055861543,0.40976752604585376,0.59583830803343,0.6088002636783125,0.49407702047654983,0.49313669880884853,0.5,0.9804
AI Picks by Srini underdog - March 14 2026.csv,359,2559,Bam Adebayo,PR,UNDER,51.6%,DO NOT BET,D,✅ HIT,51.13,0.5146632513333771,0.409760471163217,0.4622014406672564,0.4584602067315036,0.49407702047654983,0.48343495934959346,0.5,0.9827
AI Picks by Srini underdog - March 11 2026.csv,379,2560,Scottie Barnes,AST,OVER,51.10%,DO NOT BET,C,❌ MISS,48.67,0.5431985556016002,0.40950107948843156,0.4745136763108522,0.4925952315702933,0.49407702047654983,0.5424015009380863,0.75,0.9883
AI Picks by Srini underdog - March 9 2026.csv,72,2561,Josh Hart,AST,OVER,51.60%,DO NOT BET,C,❌ MISS,49.62,0.5314853973777104,0.40915052358464055,0.4745136763108522,0.4925952315702933,0.49407702047654983,0.591869918699187,0.5,0.9711
AI Picks by Srini underdog - March 10 2026.csv,517,2562,RJ Barrett,PA,UNDER,50.70%,DO NOT BET,D,❌ MISS,51.05,0.5143377421809887,0.4089372694190708,0.4054911368785819,0.4584602067315036,0.49407702047654983,0.4441504754030591,0.75,0.9928
AI Picks by Srini underdog - March 11 2026.csv,357,2563,Zion Williamson,PTS,OVER,50.80%,DO NOT BET,D,❌ MISS,50.82,0.5167308212609175,0.4087343610351303,0.4830232333943893,0.4584602067315036,0.49407702047654983,0.5073170731707317,0.5,0.9474
AI Picks by Srini underdog - March 10 2026.csv,518,2564,Jaylen Wells,PRA,UNDER,50.50%,DO NOT BET,D,✅ HIT,50.99,0.5141010255305491,0.4083246879999649,0.4730352303523035,0.4584602067315036,0.49407702047654983,0.4881951219512195,0.5,0.9934
AI Picks by Srini underdog - March 14 2026.csv,380,2565,Darius Garland,RA,OVER,50.2%,DO NOT BET,C,✅ HIT,48.95,0.5380832473680823,0.4083168019194728,0.5152613240418118,0.4925952315702933,0.49407702047654983,0.6147531231409875,0.5,0.9895
AI Picks by Srini underdog - March 10 2026.csv,533,2566,Cade Cunningham,RA,UNDER,50.50%,DO NOT BET,C,❌ MISS,50.15,0.5235624615963078,0.4080526030942244,0.5152613240418118,0.4925952315702933,0.49407702047654983,0.45889526542324244,0.5,0.9904
AI Picks by Srini underdog - March 13 2026.csv,409,2567,Brandin Podziemski,PA,UNDER,52.3%,DO NOT BET,D,❌ MISS,48.27,0.5454369947467274,0.40789796095729586,0.4054911368785819,0.4584602067315036,0.49407702047654983,0.5261930010604453,1.0,0.9919
AI Picks by Srini underdog - March 14 2026.csv,337,2568,Bennedict Mathurin,PA,OVER,50.1%,DO NOT BET,D,✅ HIT,52.18,0.4991518680824173,0.4077055949856976,0.4054911368785819,0.4584602067315036,0.49407702047654983,0.4934417344173441,0.5,0.9813
AI Picks by Srini underdog - March 12 2026.csv,420,2569,Luka Dončić,RA,OVER,50.3%,DO NOT BET,C,✅ HIT,50.81,0.5149384697631768,0.4074928799622121,0.5152613240418118,0.4925952315702933,0.49407702047654983,0.3885553470919324,0.5,0.9722
AI Picks by Srini underdog - March 11 2026.csv,350,2570,Jalen Brunson,PA,UNDER,51.10%,DO NOT BET,D,❌ MISS,51.34,0.5081008247219836,0.4071003984529321,0.4054911368785819,0.4584602067315036,0.49407702047654983,0.3700813008130081,0.75,0.989
AI Picks by Srini underdog - March 11 2026.csv,382,2571,Evan Mobley,PRA,OVER,50.90%,DO NOT BET,D,✅ HIT,47.96,0.5474087084573783,0.40680954428823096,0.4730352303523035,0.4584602067315036,0.49407702047654983,0.45512195121951216,1.0,0.9985
AI Picks by Srini underdog - March 12 2026.csv,448,2572,Austin Reaves,PA,OVER,52.2%,DO NOT BET,D,✅ HIT,47.86,0.5482127543189391,0.4065676481043784,0.4054911368785819,0.4584602067315036,0.49407702047654983,0.5575505967825636,1.0,0.9915
AI Picks by Srini underdog - March 11 2026.csv,338,2573,Jalen Brunson,PR,UNDER,50.90%,DO NOT BET,D,❌ MISS,51.84,0.5012928854797185,0.4064978679147953,0.4622014406672564,0.4584602067315036,0.49407702047654983,0.3700813008130081,0.5,0.9896
AI Picks by Srini underdog - March 9 2026.csv,70,2574,Kawhi Leonard,PR,OVER,50.50%,DO NOT BET,D,✅ HIT,49.72,0.5253468754734647,0.4059250103407479,0.4622014406672564,0.4584602067315036,0.49407702047654983,0.633921200750469,0.5,0.9702
AI Picks by Srini underdog - March 11 2026.csv,384,2575,Julius Randle,PA,OVER,50.80%,DO NOT BET,D,❌ MISS,47.54,0.5506534079402686,0.4057075897778679,0.4054911368785819,0.4584602067315036,0.49407702047654983,0.6265071329958583,1.0,0.9976
AI Picks by Srini underdog - March 15 2026.csv,353,2576,Donovan Mitchell,TOV,UNDER,50.3%,DO NOT BET,A,✅ HIT,46.93,0.5575800495264077,0.40554629824626903,0.59583830803343,0.6088002636783125,0.49407702047654983,0.5138211382113821,0.5,0.9733
AI Picks by Srini underdog - March 10 2026.csv,538,2577,Brandin Podziemski,AST,UNDER,50.10%,DO NOT BET,C,❌ MISS,49.93,0.5208227056138363,0.4045898045191103,0.4745136763108522,0.4925952315702933,0.49407702047654983,0.5261930010604453,0.5,0.9912
AI Picks by Srini underdog - March 11 2026.csv,346,2578,Jalen Brunson,PTS,OVER,50.10%,DO NOT BET,D,✅ HIT,51.52,0.5019722440251451,0.40449296778894783,0.4830232333943893,0.4584602067315036,0.49407702047654983,0.3700813008130081,0.5,0.9742999999999999
AI Picks by Srini underdog - March 13 2026.csv,410,2579,Julius Randle,PTS,OVER,50.4%,DO NOT BET,D,❌ MISS,47.66,0.5471698272434301,0.4043606935175634,0.4830232333943893,0.4584602067315036,0.49407702047654983,0.6265071329958583,0.75,0.995
AI Picks by Srini underdog - March 14 2026.csv,381,2580,LaMelo Ball,RA,OVER,50.0%,DO NOT BET,C,❌ MISS,48.92,0.5322676911515446,0.4043073325805632,0.5152613240418118,0.4925952315702933,0.49407702047654983,0.5640975609756097,0.5,0.9881
AI Picks by Srini underdog - March 15 2026.csv,348,2581,Ivica Zubac,RA,OVER,50.5%,DO NOT BET,C,❌ MISS,49.08,0.5295635944939113,0.40377291134328885,0.5152613240418118,0.4925952315702933,0.49407702047654983,0.5261065943992773,0.5,0.976
AI Picks by Srini underdog - March 14 2026.csv,382,2582,Darius Garland,PA,UNDER,51.0%,DO NOT BET,D,❌ MISS,48.83,0.5322580069547815,0.40361296445818673,0.4054911368785819,0.4584602067315036,0.49407702047654983,0.6147531231409875,0.75,0.9896
AI Picks by Srini underdog - March 13 2026.csv,393,2583,Cooper Flagg,AST,OVER,50.9%,DO NOT BET,C,✅ HIT,50.45,0.5124150940631388,0.4031003921792659,0.4745136763108522,0.4925952315702933,0.49407702047654983,0.4270168855534709,0.5,0.967
AI Picks by Srini underdog - March 14 2026.csv,343,2584,CJ McCollum,PA,UNDER,50.9%,DO NOT BET,D,❌ MISS,51.76,0.4965298362230743,0.40279026510288285,0.4054911368785819,0.4584602067315036,0.49407702047654983,0.4440214158239143,0.5,0.9733
AI Picks by Srini underdog - March 12 2026.csv,433,2585,Jamal Murray,PRA,OVER,51.2%,DO NOT BET,D,✅ HIT,49.78,0.5195066759370531,0.4025875962384007,0.4730352303523035,0.4584602067315036,0.49407702047654983,0.5251016260162601,0.5,0.9801
AI Picks by Srini underdog - March 14 2026.csv,364,2586,LaMelo Ball,PA,OVER,50.6%,DO NOT BET,D,❌ MISS,50.77,0.5066624507382438,0.4018076571984588,0.4054911368785819,0.4584602067315036,0.49407702047654983,0.5640975609756097,0.5,0.9562
AI Picks by Srini underdog - March 10 2026.csv,548,2587,Draymond Green,PRA,UNDER,52.40%,DO NOT BET,D,❌ MISS,49.07,0.5265009035793295,0.401705709649424,0.4730352303523035,0.4584602067315036,0.49407702047654983,0.5602439024390244,0.5,0.9681
AI Picks by Srini underdog - March 11 2026.csv,360,2588,James Harden,AST,UNDER,50.10%,DO NOT BET,C,❌ MISS,50.58,0.5071554010732018,0.40067547552783406,0.4745136763108522,0.4925952315702933,0.49407702047654983,0.39101995565410197,0.5,0.9882
AI Picks by Srini underdog - March 13 2026.csv,408,2589,Brandin Podziemski,RA,UNDER,51.1%,DO NOT BET,C,❌ MISS,48.44,0.5322472351600281,0.40062431141551536,0.5152613240418118,0.4925952315702933,0.49407702047654983,0.5261930010604453,0.5,0.9887
AI Picks by Srini underdog - March 14 2026.csv,375,2590,Bam Adebayo,PTS,UNDER,50.7%,DO NOT BET,D,✅ HIT,50.03,0.5131926098788037,0.40039476828520626,0.4830232333943893,0.4584602067315036,0.49407702047654983,0.48343495934959346,0.5,0.9312
AI Picks by Srini underdog - March 10 2026.csv,556,2591,Kristaps Porziņģis,PRA,OVER,50.30%,DO NOT BET,D,✅ HIT,48.14,0.5345152750615059,0.39980495936987465,0.4730352303523035,0.4584602067315036,0.49407702047654983,0.7001876172607879,0.5,0.9913
AI Picks by Srini underdog - March 10 2026.csv,549,2592,Immanuel Quickley,RA,OVER,50.10%,DO NOT BET,C,✅ HIT,49.04,0.5232673601410915,0.39937454861640914,0.5152613240418118,0.4925952315702933,0.49407702047654983,0.4679442508710801,0.5,0.9936
AI Picks by Srini underdog - March 13 2026.csv,349,2593,Devin Booker,PA,UNDER,50.0%,DO NOT BET,D,✅ HIT,52.55,0.4816895239089755,0.39918381745026865,0.4054911368785819,0.4584602067315036,0.49407702047654983,0.31676829268292683,0.5,0.9922
AI Picks by Srini underdog - March 12 2026.csv,440,2594,Stephon Castle,PTS,UNDER,50.1%,DO NOT BET,D,❌ MISS,49.44,0.5172724731456181,0.3985359760448198,0.4830232333943893,0.4584602067315036,0.49407702047654983,0.5273835920177383,0.5,0.9657
AI Picks by Srini underdog - March 14 2026.csv,373,2595,Luka Dončić,PTS,OVER,51.7%,DO NOT BET,D,❌ MISS,50.17,0.5080646486530375,0.39813192987987217,0.4830232333943893,0.4584602067315036,0.49407702047654983,0.3885553470919324,0.5,0.9504
AI Picks by Srini underdog - March 12 2026.csv,436,2596,Bam Adebayo,PTS,UNDER,50.8%,DO NOT BET,D,✅ HIT,49.58,0.5139626098788036,0.3974549013128043,0.4830232333943893,0.4584602067315036,0.49407702047654983,0.48343495934959346,0.5,0.9398
AI Picks by Srini underdog - March 13 2026.csv,380,2597,Josh Giddey,PA,UNDER,50.0%,DO NOT BET,D,❌ MISS,51.37,0.4922874507382438,0.39705106316166133,0.4054911368785819,0.4584602067315036,0.49407702047654983,0.42409756097560974,0.5,0.9895
AI Picks by Srini underdog - March 13 2026.csv,405,2598,Bennedict Mathurin,PTS,UNDER,50.1%,DO NOT BET,D,❌ MISS,49.27,0.5148682873855787,0.39567356111122015,0.4830232333943893,0.4584602067315036,0.49407702047654983,0.4934417344173441,0.5,0.9855
AI Picks by Srini underdog - March 11 2026.csv,359,2599,Brandon Miller,PA,UNDER,50.80%,DO NOT BET,D,❌ MISS,50.59,0.49862323983437007,0.3952060233219801,0.4054911368785819,0.4584602067315036,0.49407702047654983,0.47460545193687226,0.5,0.9608
AI Picks by Srini underdog - March 14 2026.csv,376,2600,LeBron James,PA,OVER,52.1%,DO NOT BET,D,❌ MISS,49.96,0.5037340225539619,0.3937115183283522,0.4054911368785819,0.4584602067315036,0.49407702047654983,0.4779132791327913,0.5,0.968
AI Picks by Srini underdog - March 12 2026.csv,442,2601,Bam Adebayo,PRA,UNDER,50.7%,DO NOT BET,D,✅ HIT,49.07,0.5139600092703864,0.393554128348611,0.4730352303523035,0.4584602067315036,0.49407702047654983,0.48343495934959346,0.5,0.9865
AI Picks by Srini underdog - March 11 2026.csv,380,2602,Scottie Barnes,PR,OVER,50.50%,DO NOT BET,D,❌ MISS,48.51,0.5173649054922262,0.3914859653271511,0.4622014406672564,0.4584602067315036,0.49407702047654983,0.5424015009380863,0.5,0.9936
AI Picks by Srini underdog - March 12 2026.csv,438,2603,Giannis Antetokounmpo,PA,OVER,50.2%,DO NOT BET,D,✅ HIT,49.53,0.5005324351700031,0.3883430247551505,0.4054911368785819,0.4584602067315036,0.49407702047654983,0.5149974052932018,0.5,0.959
AI Picks by Srini underdog - March 12 2026.csv,445,2604,Jaylen Brown,RA,UNDER,50.6%,DO NOT BET,C,❌ MISS,48.46,0.5120849310719029,0.3876717189570074,0.5152613240418118,0.4925952315702933,0.49407702047654983,0.3511199601791936,0.5,0.9696
AI Picks by Srini underdog - March 11 2026.csv,378,2605,Kevin Durant,PR,OVER,51.20%,DO NOT BET,D,❌ MISS,48.75,0.5061842003959289,0.3860533693998389,0.4622014406672564,0.4584602067315036,0.49407702047654983,0.41234444997511194,0.5,0.9825
AI Picks by Srini underdog - March 15 2026.csv,354,2606,Julius Randle,PR,OVER,50.9%,DO NOT BET,D,✅ HIT,46.89,0.5266954686980034,0.38516551031025936,0.4622014406672564,0.4584602067315036,0.49407702047654983,0.6265071329958583,0.5,0.9848
AI Picks by Srini underdog - March 13 2026.csv,404,2607,Devin Booker,PRA,OVER,50.0%,DO NOT BET,D,❌ MISS,49.37,0.4954583426037198,0.38382162299687894,0.4730352303523035,0.4584602067315036,0.49407702047654983,0.31676829268292683,0.5,0.9974
AI Picks by Srini underdog - March 10 2026.csv,555,2608,Cooper Flagg,PRA,UNDER,50.00%,DO NOT BET,D,✅ HIT,48.33,0.5058732018907742,0.38264021119724656,0.4730352303523035,0.4584602067315036,0.49407702047654983,0.4270168855534709,0.5,0.9852
AI Picks by Srini underdog - March 10 2026.csv,559,2609,De'Aaron Fox,PTS,OVER,50.60%,DO NOT BET,D,✅ HIT,46.05,0.5323592765454703,0.3824249670626293,0.4830232333943893,0.4584602067315036,0.49407702047654983,0.6501016260162601,0.5,0.988
AI Picks by Srini underdog - March 14 2026.csv,384,2610,Aaron Gordon,PTS,OVER,50.1%,DO NOT BET,D,✅ HIT,47.61,0.512725952593,0.38158991199785025,0.4830232333943893,0.4584602067315036,0.49407702047654983,0.4694183864915572,0.5,0.9907
AI Picks by Srini underdog - March 11 2026.csv,386,2611,Karl-Anthony Towns,AST,OVER,50.50%,DO NOT BET,C,✅ HIT,47.0,0.5187270753886765,0.3808270332524507,0.4745136763108522,0.4925952315702933,0.49407702047654983,0.49313669880884853,0.5,0.9882
AI Picks by Srini underdog - March 11 2026.csv,385,2612,James Harden,PRA,OVER,52.30%,DO NOT BET,D,✅ HIT,47.15,0.5092535089008374,0.37581600402615595,0.4730352303523035,0.4584602067315036,0.49407702047654983,0.39101995565410197,0.5,0.9684
AI Picks by Srini underdog - March 10 2026.csv,557,2613,Jaylen Brown,PTS,OVER,50.10%,DO NOT BET,D,❌ MISS,47.38,0.4997161099617636,0.3713751045016523,0.4830232333943893,0.4584602067315036,0.49407702047654983,0.3511199601791936,0.5,0.9671
AI Picks by Srini underdog - March 15 2026.csv,355,2614,Quentin Grimes,PRA,UNDER,54.2%,DO NOT BET,D,❌ MISS,44.09,0.5378745517370878,0.3710251864573857,0.4730352303523035,0.4584602067315036,0.49407702047654983,0.6213803840166061,0.5,0.9509
AI Picks by Srini underdog - March 13 2026.csv,411,2615,James Harden,PTS,OVER,50.2%,DO NOT BET,D,❌ MISS,46.41,0.5053461095092545,0.3676187020670105,0.4830232333943893,0.4584602067315036,0.49407702047654983,0.39101995565410197,0.5,0.9931
AI Picks by Srini underdog - March 15 2026.csv,357,2616,Quentin Grimes,PTS,UNDER,52.7%,DO NOT BET,D,❌ MISS,43.49,0.5354521523455049,0.36486347088965426,0.4830232333943893,0.4584602067315036,0.49407702047654983,0.6213803840166061,0.5,0.9645
AI Picks by Srini underdog - March 15 2026.csv,356,2617,Quentin Grimes,PR,UNDER,52.2%,DO NOT BET,D,❌ MISS,43.68,0.5293077938000783,0.3623222372234744,0.4622014406672564,0.4584602067315036,0.49407702047654983,0.6213803840166061,0.5,0.9589
AI Picks by Srini underdog - March 10 2026.csv,560,2618,Austin Reaves,PA,OVER,50.10%,DO NOT BET,D,✅ HIT,45.21,0.5055827543189393,0.3585982092669006,0.4054911368785819,0.4584602067315036,0.49407702047654983,0.5575505967825636,0.5,0.9817
AI Picks by Srini underdog - March 14 2026.csv,385,2619,Jayson Tatum,PA,UNDER,50.4%,DO NOT BET,D,✅ HIT,42.79,0.5022995781095174,0.3379626156791927,0.4054911368785819,0.4584602067315036,0.49407702047654983,0.5334688346883468,0.5,0.9438
AI Picks by Srini underdog - March 10 2026.csv,561,2620,Jayson Tatum,PA,UNDER,51.00%,DO NOT BET,D,❌ MISS,41.29,0.5039195781095175,0.3275477257711864,0.4054911368785819,0.4584602067315036,0.49407702047654983,0.5334688346883468,0.5,0.9354
