Rank,Player,Stat,Line,Pick,Platform,Goblin/Demon,Multiplier,Confidence,Tier,Recommendation,Rank Score,Result,Actual value,FULL_ALL Pick,FULL_ALL Confidence,FULL_ALL Rank score,FULL_ALL Result,FULL_TIGHT Pick,FULL_TIGHT Confidence,FULL_TIGHT Rank score,FULL_TIGHT Result,REDUCED_ALL Pick,REDUCED_ALL Confidence,REDUCED_ALL Rank score,REDUCED_ALL Result,REDUCED_TIGHT Pick,REDUCED_TIGHT Confidence,REDUCED_TIGHT Rank score,REDUCED_TIGHT Result,z_line,z_recent,z_matchup,line_diff,momentum,last10,last5,probability_std,Agreement ratio,FanDuel line,FanDuel line_delta,FanDuel over_hit_prob,FanDuel under_hit_prob,FanDuel edge,DraftKings line,DraftKings line_delta,DraftKings over_hit_prob,DraftKings under_hit_prob,DraftKings edge,BetRivers line,BetRivers line_delta,BetRivers over_hit_prob,BetRivers under_hit_prob,BetRivers edge,BetOnline line,BetOnline line_delta,BetOnline over_hit_prob,BetOnline under_hit_prob,BetOnline edge,Bovada line,Bovada line_delta,Bovada over_hit_prob,Bovada under_hit_prob,Bovada edge,BetMGM line,BetMGM line_delta,BetMGM over_hit_prob,BetMGM under_hit_prob,BetMGM edge
1,Kristaps Porziņģis,3PM,2.5,UNDER,Underdog,,0.78x,80.5%,S,STRONG BET,74.49,✅ HIT,0.0,UNDER,80.6%,73.89,✅ HIT,UNDER,80.5%,73.82,✅ HIT,UNDER,80.6%,75.26,✅ HIT,UNDER,80.3%,74.99,✅ HIT,-1.59,-1.84,-1.86,-0.9,0.12,1.8,2.0,0.001,100.0%,1.5,-1.0,52.1%,47.9%,0.212,1.5,-1.0,55.1%,44.9%,0.2314,1.5,-1.0,49.7%,50.3%,0.1962,1.5,-1.0,53.5%,46.5%,0.2214,2.5,0.0,34.6%,65.4%,0.0984,1.5,-1.0,54.3%,45.7%,0.2264
2,Ace Bailey,STL,1.5,UNDER,Underdog,,0.75x,75.3%,A,STRONG BET,67.03,❌ MISS,2.0,UNDER,73.8%,65.2,❌ MISS,UNDER,73.7%,65.09,❌ MISS,UNDER,77.0%,69.04,❌ MISS,UNDER,76.8%,68.82,❌ MISS,-0.55,-0.6,1.5,-0.7,0.06,1.4,1.6,0.0157,100.0%,1.5,0.0,33.7%,66.3%,0.0581,,,,,,,,,,,,,,,,,,,,,,,,,
3,Quentin Grimes,PRA,24.5,OVER,Underdog,,0.88x,70.0%,D,STRONG BET,66.18,❌ MISS,24.0,OVER,68.9%,64.89,❌ MISS,OVER,68.6%,64.54,❌ MISS,OVER,71.2%,67.53,❌ MISS,OVER,71.4%,67.78,❌ MISS,0.38,-0.91,2.05,-8.3,11.78,1.4,1.6,0.013,100.0%,24.5,0.0,51.1%,48.9%,0.1233,24.5,0.0,51.9%,48.1%,0.1181,25.5,1.0,47.6%,52.4%,0.1459,25.5,1.0,45.5%,54.5%,0.1595,26.5,2.0,43.0%,57.0%,0.1758,25.5,1.0,45.7%,54.3%,0.158
4,Ace Bailey,3PM,3.5,UNDER,Underdog,,0.84x,77.0%,S,STRONG BET,66.15,✅ HIT,1.0,UNDER,74.8%,63.51,✅ HIT,UNDER,74.8%,63.49,✅ HIT,UNDER,79.3%,68.92,✅ HIT,UNDER,79.1%,68.67,✅ HIT,-0.82,0.79,1.5,1.5,-3.06,0.8,0.4,0.0221,100.0%,3.5,0.0,45.7%,54.3%,0.1477,3.5,0.0,46.4%,53.6%,0.1521,3.5,0.0,44.1%,55.9%,0.1368,3.5,0.0,46.3%,53.7%,0.1513,3.5,0.0,45.9%,54.1%,0.1488,3.5,0.0,48.0%,52.0%,0.1623
5,Quentin Grimes,PTS,16.5,OVER,Underdog,,,70.1%,D,STRONG BET,65.51,❌ MISS,13.0,OVER,72.0%,67.72,❌ MISS,OVER,70.9%,66.48,❌ MISS,OVER,69.3%,64.62,❌ MISS,OVER,68.2%,63.24,❌ MISS,0.4,-1.23,2.97,-8.1,10.71,1.4,1.6,0.0146,100.0%,16.5,0.0,51.9%,48.1%,0.1184,16.5,0.0,51.6%,48.4%,0.1203,16.5,0.0,54.5%,45.5%,0.1012,16.5,0.0,51.6%,48.4%,0.1202,20.5,4.0,36.3%,63.7%,0.2197,16.5,0.0,52.0%,48.0%,0.1176
6,Quentin Grimes,PA,20.5,OVER,Underdog,,,69.7%,D,STRONG BET,65.18,❌ MISS,18.0,OVER,70.3%,65.77,❌ MISS,OVER,70.7%,66.25,❌ MISS,OVER,68.7%,64.05,❌ MISS,OVER,69.2%,64.63,❌ MISS,0.41,-0.99,2.81,-7.7,10.88,1.2,1.6,0.0083,100.0%,20.5,0.0,51.1%,48.9%,0.1214,20.5,0.0,51.6%,48.4%,0.1179,,,,,,,,,,,21.5,1.0,46.7%,53.3%,0.1499,21.5,1.0,48.7%,51.3%,0.137
7,Victor Wembanyama,STL,1.5,UNDER,Underdog,,0.75x,74.1%,A,STRONG BET,64.74,❌ MISS,3.0,UNDER,74.1%,64.76,❌ MISS,UNDER,74.0%,64.64,❌ MISS,UNDER,74.2%,64.86,❌ MISS,UNDER,74.1%,64.69,❌ MISS,-0.44,-0.46,-0.0,-0.5,0.02,1.4,1.6,0.0007,100.0%,1.5,0.0,31.8%,68.2%,0.0384,1.5,0.0,34.6%,65.4%,0.0568,,,,,,,,,,,,,,,,,,,,
8,Paul George,AST,5.0,UNDER,PrizePicks,,,83.4%,C,STRONG BET,63.69,✅ HIT,4.0,UNDER,84.4%,64.86,✅ HIT,UNDER,82.5%,62.61,✅ HIT,UNDER,84.3%,64.71,✅ HIT,UNDER,82.5%,62.57,✅ HIT,-1.11,-0.69,-1.67,-0.8,-0.5,1.8,2.0,0.0092,100.0%,4.5,-0.5,55.1%,44.9%,0.2504,4.5,-0.5,55.7%,44.3%,0.2546,4.5,-0.5,55.3%,44.7%,0.2516,4.5,-0.5,55.2%,44.8%,0.2512,5.5,0.5,39.4%,60.6%,0.1483,5.5,0.5,42.0%,58.0%,0.1651
9,Austin Reaves,STL,1.5,UNDER,Underdog,,0.71x,73.2%,A,STRONG BET,63.44,❌ MISS,2.0,UNDER,75.3%,65.87,❌ MISS,UNDER,75.1%,65.73,❌ MISS,UNDER,71.3%,61.12,❌ MISS,UNDER,71.2%,61.02,❌ MISS,-0.26,-0.19,-0.1,-0.3,-0.11,1.4,1.2,0.0198,100.0%,1.5,0.0,33.7%,66.3%,0.0447,1.5,0.0,34.0%,66.0%,0.0468,,,,,,,,,,,,,,,,,,,,
10,Victor Wembanyama,RA,16.5,UNDER,Underdog,,0.86x,76.0%,C,STRONG BET,63.32,❌ MISS,18.0,UNDER,78.1%,65.75,❌ MISS,UNDER,75.4%,62.61,❌ MISS,UNDER,76.7%,64.08,❌ MISS,UNDER,73.9%,60.85,❌ MISS,-0.89,-0.79,-1.2,-2.1,-0.26,1.4,1.6,0.0154,100.0%,15.5,-1.0,49.4%,50.6%,0.165,15.5,-1.0,48.8%,51.2%,0.1616,,,,,,,,,,,16.5,0.0,44.6%,55.4%,0.134,15.5,-1.0,50.0%,50.0%,0.1694
11,Quentin Grimes,PR,20.5,OVER,Underdog,,,68.2%,D,STRONG BET,63.14,❌ MISS,19.0,OVER,68.5%,63.33,❌ MISS,OVER,67.9%,62.6,❌ MISS,OVER,68.2%,63.23,❌ MISS,OVER,68.3%,63.37,❌ MISS,0.37,-1.11,2.12,-8.7,11.62,1.6,1.6,0.0022,100.0%,20.5,0.0,51.9%,48.1%,0.1064,20.5,0.0,52.3%,47.7%,0.1039,,,,,,,,,,,21.5,1.0,45.8%,54.2%,0.146,21.5,1.0,47.8%,52.2%,0.1331
12,Collin Sexton,AST,1.5,OVER,PrizePicks,Goblin,,80.3%,C,STRONG BET,62.59,✅ HIT,4.0,OVER,81.6%,63.98,✅ HIT,OVER,79.1%,61.01,✅ HIT,OVER,81.5%,64.21,✅ HIT,OVER,78.9%,61.15,✅ HIT,-1.36,-1.4,-1.56,-1.9,0.05,1.6,2.0,0.0127,100.0%,,,,,,,,,,,,,,,,2.5,1.0,58.9%,41.1%,0.1392,,,,,,,,,,
13,Paul George,PA,23.5,UNDER,PrizePicks,,,77.6%,D,STRONG BET,62.52,❌ MISS,32.0,UNDER,79.6%,64.85,❌ MISS,UNDER,79.4%,64.7,❌ MISS,UNDER,75.9%,60.43,❌ MISS,UNDER,75.6%,60.1,❌ MISS,-0.42,-0.37,-1.61,-3.3,-0.53,1.6,1.6,0.0188,100.0%,23.5,0.0,48.1%,51.9%,0.1674,23.5,0.0,49.2%,50.8%,0.1743,,,,,,,,,,,23.5,0.0,48.9%,51.1%,0.1726,22.5,-1.0,48.5%,51.5%,0.1699
14,VJ Edgecombe,PR,25.5,OVER,Underdog and PrizePicks,,,68.6%,D,STRONG BET,62.28,✅ HIT,28.0,OVER,66.9%,60.32,✅ HIT,OVER,66.3%,59.65,✅ HIT,OVER,70.5%,64.51,✅ HIT,OVER,70.6%,64.64,✅ HIT,0.33,-0.62,0.92,-7.1,10.88,1.2,1.6,0.0196,100.0%,25.5,0.0,50.5%,49.5%,0.1173,25.5,0.0,50.8%,49.2%,0.1155,,,,,,,,,,,26.5,1.0,47.1%,52.9%,0.1398,26.5,1.0,50.1%,49.9%,0.12
15,Paul George,RA,10.0,UNDER,PrizePicks,,,75.1%,C,STRONG BET,62.05,❌ MISS,10.0,UNDER,76.2%,63.33,❌ MISS,UNDER,73.6%,60.24,❌ MISS,UNDER,76.6%,63.97,❌ MISS,UNDER,73.9%,60.66,❌ MISS,-0.98,-1.03,-0.42,-1.2,0.05,1.8,2.0,0.0134,100.0%,9.5,-0.5,53.1%,46.9%,0.1836,10.5,0.5,47.2%,52.8%,0.1447,,,,,,,,,,,10.5,0.5,46.9%,53.1%,0.1431,10.5,0.5,46.2%,53.8%,0.1384
16,Collin Sexton,REB,1.5,OVER,PrizePicks,Goblin,,74.6%,B,STRONG BET,61.22,❌ MISS,1.0,OVER,74.9%,61.19,❌ MISS,OVER,74.7%,61.08,❌ MISS,OVER,74.6%,61.46,❌ MISS,OVER,74.3%,61.13,❌ MISS,-0.6,-1.68,-0.73,-1.5,0.96,1.4,2.0,0.0024,100.0%,,,,,,,,,,,,,,,,2.5,1.0,51.7%,48.3%,0.1491,,,,,,,,,,
17,Jalen Williams,AST,2.5,OVER,PrizePicks,Goblin,,79.1%,C,STRONG BET,60.88,✅ HIT,3.0,OVER,79.9%,61.69,✅ HIT,OVER,77.4%,58.76,✅ HIT,OVER,80.8%,63.05,✅ HIT,OVER,78.2%,60.03,✅ HIT,-0.97,-0.82,-1.5,-2.5,-0.44,1.8,1.6,0.0133,100.0%,3.5,1.0,58.8%,41.2%,0.1316,,,,,,,,,,,,,,,,,,,,,,,,,
18,LeBron James,3PM,1.5,UNDER,Underdog,,0.72x,72.4%,S,STRONG BET,60.79,✅ HIT,0.0,UNDER,70.7%,58.72,✅ HIT,UNDER,70.7%,58.75,✅ HIT,UNDER,74.2%,62.92,✅ HIT,UNDER,74.0%,62.76,✅ HIT,-0.22,-0.94,-1.5,-0.7,0.53,1.6,1.6,0.0171,100.0%,1.5,0.0,37.3%,62.7%,0.0631,1.5,0.0,39.1%,60.9%,0.0746,1.5,0.0,37.8%,62.2%,0.0664,1.5,0.0,37.3%,62.7%,0.0631,1.5,0.0,39.1%,60.9%,0.0746,1.5,0.0,36.7%,63.3%,0.0593
19,Ace Bailey,REB,6.0,UNDER,PrizePicks,,,78.3%,B,STRONG BET,60.74,✅ HIT,5.0,UNDER,80.1%,62.78,✅ HIT,UNDER,78.5%,60.99,✅ HIT,UNDER,78.1%,60.55,✅ HIT,UNDER,76.6%,58.72,✅ HIT,-0.63,-0.33,-1.5,-1.0,-0.9,1.6,1.2,0.0123,100.0%,6.5,0.5,41.6%,58.4%,0.1295,5.5,-0.5,53.4%,46.6%,0.2066,5.5,-0.5,54.0%,46.0%,0.2102,6.5,0.5,43.4%,56.6%,0.1413,7.5,1.5,1.0%,99.0%,-0.1343,6.5,0.5,45.4%,54.6%,0.1541
20,Jayson Tatum,3PM,3.5,UNDER,Underdog,,0.80x,72.5%,S,STRONG BET,60.69,✅ HIT,3.0,UNDER,74.1%,62.61,✅ HIT,UNDER,74.0%,62.59,✅ HIT,UNDER,70.9%,58.83,✅ HIT,UNDER,70.8%,58.73,✅ HIT,-0.62,-0.75,-0.25,-0.9,0.15,1.2,1.6,0.0159,100.0%,3.5,0.0,40.2%,59.8%,0.0823,,,,,,,,,,,,,,,,,,,,,,,,,
21,Paul George,PA,22.5,UNDER,Underdog,,,74.6%,D,STRONG BET,60.27,❌ MISS,32.0,UNDER,77.0%,63.23,❌ MISS,UNDER,76.8%,63.05,❌ MISS,UNDER,72.4%,57.61,❌ MISS,UNDER,72.1%,57.23,❌ MISS,-0.31,-0.25,-1.39,-2.3,-0.53,1.6,1.6,0.023,100.0%,23.5,1.0,47.1%,52.9%,0.1407,23.5,1.0,48.1%,51.9%,0.1477,,,,,,,,,,,23.5,1.0,47.9%,52.1%,0.1459,22.5,0.0,48.0%,52.0%,0.1467
22,Darius Garland,REB,1.5,OVER,PrizePicks,Goblin,,74.5%,B,STRONG BET,60.22,✅ HIT,4.0,OVER,75.0%,60.39,✅ HIT,OVER,74.8%,60.25,✅ HIT,OVER,74.3%,60.3,✅ HIT,OVER,74.0%,59.96,✅ HIT,-1.19,-0.94,-0.71,-0.7,-0.19,1.4,1.6,0.0039,100.0%,,,,,,2.5,1.0,50.2%,49.8%,0.1578,2.5,1.0,55.1%,44.9%,0.1263,2.5,1.0,51.6%,48.4%,0.1492,2.5,1.0,50.3%,49.7%,0.1576,2.5,1.0,54.6%,45.4%,0.1297
23,Joel Embiid,PTS,22.5,OVER,Underdog and PrizePicks,,,75.0%,D,STRONG BET,59.91,✅ HIT,35.0,OVER,76.1%,61.31,✅ HIT,OVER,75.0%,60.01,✅ HIT,OVER,74.9%,59.9,✅ HIT,OVER,73.7%,58.42,✅ HIT,-0.97,-1.53,-0.7,-6.5,2.39,2.0,2.0,0.0085,100.0%,22.5,0.0,50.5%,49.5%,0.1587,22.5,0.0,50.3%,49.7%,0.1604,22.5,0.0,50.3%,49.7%,0.1604,22.5,0.0,50.5%,49.5%,0.1587,26.5,4.0,38.7%,61.3%,0.2354,23.5,1.0,49.6%,50.4%,0.1645
24,Victor Wembanyama,BLK,3.5,UNDER,Underdog,,0.86x,71.7%,S,STRONG BET,59.72,❌ MISS,7.0,UNDER,71.2%,59.08,❌ MISS,UNDER,71.4%,59.28,❌ MISS,UNDER,72.1%,60.16,❌ MISS,UNDER,72.3%,60.36,❌ MISS,-0.25,-0.16,0.26,-0.3,-0.16,0.6,0.8,0.0046,100.0%,3.5,0.0,44.4%,55.6%,0.1052,3.5,0.0,47.6%,52.4%,0.1257,,,,,,,,,,,,,,,,3.5,0.0,46.1%,53.9%,0.1159
25,Brandin Podziemski,REB,6.0,UNDER,PrizePicks,,,76.1%,B,STRONG BET,59.41,❌ MISS,6.0,UNDER,76.4%,60.13,❌ MISS,UNDER,74.9%,58.31,❌ MISS,UNDER,77.3%,60.49,❌ MISS,UNDER,75.8%,58.72,❌ MISS,-0.24,-0.25,-4.5,-0.8,0.04,1.4,1.6,0.0088,100.0%,5.5,-0.5,54.1%,45.9%,0.1964,5.5,-0.5,55.9%,44.1%,0.2081,5.5,-0.5,53.3%,46.7%,0.1913,5.5,-0.5,51.7%,48.3%,0.1808,7.5,1.5,6.0%,94.0%,-0.1165,5.5,-0.5,55.6%,44.4%,0.2058
26,Victor Wembanyama,RA,16.0,UNDER,PrizePicks,,,73.6%,C,STRONG BET,59.36,❌ MISS,18.0,UNDER,75.4%,61.62,❌ MISS,UNDER,72.9%,58.6,❌ MISS,UNDER,74.4%,60.16,❌ MISS,UNDER,71.7%,57.07,❌ MISS,-0.7,-0.6,-1.03,-1.6,-0.26,1.4,1.6,0.014,100.0%,15.5,-0.5,51.4%,48.6%,0.1625,15.5,-0.5,50.9%,49.1%,0.159,,,,,,,,,,,16.5,0.5,44.4%,55.6%,0.1172,15.5,-0.5,52.1%,47.9%,0.1669
27,Chet Holmgren,3PM,1.5,UNDER,Underdog,,0.81x,69.4%,S,BET,59.1,✅ HIT,1.0,UNDER,70.0%,59.83,✅ HIT,UNDER,70.0%,59.87,✅ HIT,UNDER,68.8%,58.38,✅ HIT,UNDER,68.7%,58.33,✅ HIT,-0.22,-0.6,0.25,-0.7,0.44,1.6,1.6,0.0062,100.0%,1.5,0.0,39.6%,60.4%,0.0586,,,,,,,,,,,,,,,,,,,,,,,,,
28,Scottie Barnes,STL,1.5,UNDER,Underdog,,0.82x,71.0%,A,STRONG BET,59.08,❌ MISS,2.0,UNDER,68.6%,56.15,❌ MISS,UNDER,68.6%,56.15,❌ MISS,UNDER,73.5%,62.08,❌ MISS,UNDER,73.4%,61.93,❌ MISS,-0.25,-0.2,-1.0,-0.1,-0.02,1.4,1.2,0.0244,100.0%,1.5,0.0,44.8%,55.2%,0.103,1.5,0.0,43.4%,56.6%,0.0938,,,,,,,,,,,,,,,,,,,,
29,Victor Wembanyama,REB,12.5,UNDER,Underdog,,,74.4%,B,STRONG BET,58.28,❌ MISS,15.0,UNDER,75.1%,59.22,❌ MISS,UNDER,73.6%,57.41,❌ MISS,UNDER,75.2%,59.12,❌ MISS,UNDER,73.7%,57.36,❌ MISS,-0.48,-0.47,-0.96,-1.3,-0.04,1.4,1.2,0.0077,100.0%,12.5,0.0,48.9%,51.1%,0.1517,12.5,0.0,49.5%,50.5%,0.1552,12.5,0.0,48.4%,51.6%,0.1482,12.5,0.0,47.8%,52.2%,0.144,14.5,2.0,5.9%,94.0%,-0.1276,12.5,0.0,51.1%,48.9%,0.1657
30,Cooper Flagg,3PM,0.5,OVER,Underdog and PrizePicks,Goblin,0.74x,64.4%,S,BET WITH CAUTION,58.05,✅ HIT,1.0,OVER,65.7%,59.24,✅ HIT,OVER,65.3%,58.78,✅ HIT,OVER,63.6%,57.43,✅ HIT,OVER,63.0%,56.77,✅ HIT,-0.6,-0.12,-0.51,-0.1,-0.38,1.0,0.8,0.0113,100.0%,,,,,,1.5,1.0,41.9%,58.1%,0.1461,,,,,,1.5,1.0,41.8%,58.2%,0.1466,1.5,1.0,42.1%,57.9%,0.145,0.5,0.0,64.8%,35.2%,-0.0027
31,Pascal Siakam,PA,25.5,OVER,Underdog and PrizePicks,,,70.9%,D,STRONG BET,57.94,❌ MISS,21.0,OVER,71.9%,59.24,❌ MISS,OVER,72.3%,59.71,❌ MISS,OVER,69.3%,56.11,❌ MISS,OVER,69.8%,56.69,❌ MISS,-0.39,-0.51,0.17,-3.1,0.74,1.4,1.6,0.013,100.0%,25.5,0.0,50.0%,50.0%,0.1355,25.5,0.0,50.4%,49.6%,0.1329,,,,,,,,,,,26.5,1.0,45.5%,54.5%,0.1647,25.5,0.0,52.4%,47.6%,0.1198
32,Stephon Castle,STL,1.5,UNDER,Underdog,,0.76x,69.2%,A,BET,57.88,✅ HIT,0.0,UNDER,65.1%,52.89,✅ HIT,UNDER,65.1%,52.97,✅ HIT,UNDER,73.4%,62.9,✅ HIT,UNDER,73.3%,62.75,✅ HIT,-0.38,-0.94,-0.58,-0.7,0.42,1.6,1.6,0.0412,100.0%,1.5,0.0,31.8%,68.2%,0.0066,1.5,0.0,34.4%,65.6%,0.0234,,,,,,,,,,,,,,,,,,,,
33,Joel Embiid,3PM,0.5,OVER,PrizePicks,Goblin,,70.8%,S,STRONG BET,57.69,✅ HIT,3.0,OVER,71.5%,57.98,✅ HIT,OVER,71.1%,57.51,✅ HIT,OVER,70.7%,57.99,✅ HIT,OVER,70.0%,57.27,✅ HIT,-0.66,-1.11,-0.46,-1.3,0.53,2.0,2.0,0.0057,100.0%,1.5,1.0,51.6%,48.4%,0.1249,1.5,1.0,52.9%,47.1%,0.1169,1.5,1.0,52.6%,47.4%,0.1183,1.5,1.0,50.9%,49.1%,0.1294,1.5,1.0,52.9%,47.1%,0.1165,1.5,1.0,50.3%,49.7%,0.1337
34,Brandin Podziemski,PA,20.5,UNDER,Underdog and PrizePicks,,0.89x,73.4%,D,STRONG BET,57.58,❌ MISS,27.0,UNDER,73.3%,57.42,❌ MISS,UNDER,73.2%,57.19,❌ MISS,UNDER,73.8%,58.04,❌ MISS,UNDER,73.5%,57.67,❌ MISS,-0.58,-0.75,-1.82,-4.9,1.11,1.2,1.6,0.0022,100.0%,20.5,0.0,48.9%,51.1%,0.1453,19.5,-1.0,51.9%,48.1%,0.1646,,,,,,,,,,,20.5,0.0,46.9%,53.0%,0.1324,19.5,-1.0,53.2%,46.8%,0.1731
35,Scottie Barnes,BLK,1.5,UNDER,Underdog,,0.79x,70.3%,S,STRONG BET,57.35,✅ HIT,1.0,UNDER,69.7%,56.56,✅ HIT,UNDER,69.9%,56.81,✅ HIT,UNDER,70.8%,57.89,✅ HIT,UNDER,71.0%,58.14,✅ HIT,0.02,-0.26,-3.0,-0.3,0.32,1.4,1.2,0.0056,100.0%,1.5,0.0,37.7%,62.3%,0.0521,1.5,0.0,37.1%,62.9%,0.048,,,,,,,,,,,,,,,,1.5,0.0,41.1%,58.9%,0.0742
36,Victor Wembanyama,3PM,2.5,UNDER,Underdog,,0.84x,69.7%,S,BET,56.71,✅ HIT,1.0,UNDER,72.0%,59.57,✅ HIT,UNDER,72.0%,59.58,✅ HIT,UNDER,67.3%,53.86,✅ HIT,UNDER,67.2%,53.84,✅ HIT,-1.13,-1.84,0.58,-0.9,0.35,1.2,2.0,0.0238,100.0%,2.5,0.0,44.8%,55.2%,0.0941,2.5,0.0,43.8%,56.2%,0.0876,2.5,0.0,46.0%,54.0%,0.1016,2.5,0.0,41.2%,58.8%,0.0707,2.5,0.0,43.7%,56.3%,0.0869,2.5,0.0,43.4%,56.6%,0.0849
37,Josh Giddey,STL,1.5,UNDER,Underdog,,0.73x,69.3%,A,BET,56.7,✅ HIT,0.0,UNDER,67.6%,54.67,✅ HIT,UNDER,67.6%,54.69,✅ HIT,UNDER,71.0%,58.77,✅ HIT,UNDER,70.9%,58.67,✅ HIT,-0.56,0.4,-1.73,0.3,-0.72,1.0,0.8,0.0168,100.0%,1.5,0.0,31.8%,68.2%,0.0071,1.5,0.0,33.8%,66.2%,0.0202,,,,,,,,,,,,,,,,,,,,
38,Andrew Nembhard,REB,1.5,OVER,PrizePicks,Goblin,,72.0%,B,STRONG BET,56.6,✅ HIT,2.0,OVER,72.6%,56.78,✅ HIT,OVER,72.5%,56.79,✅ HIT,OVER,71.6%,56.49,✅ HIT,OVER,71.4%,56.31,✅ HIT,-0.52,-0.58,-0.38,-1.5,0.15,1.2,1.2,0.0054,100.0%,,,,,,2.5,1.0,54.3%,45.7%,0.1153,2.5,1.0,53.0%,47.0%,0.1239,2.5,1.0,54.7%,45.3%,0.1127,2.5,1.0,54.6%,45.4%,0.1135,2.5,1.0,56.7%,43.3%,0.0999
39,Joel Embiid,PA,26.0,OVER,PrizePicks,,,73.0%,D,STRONG BET,56.42,✅ HIT,42.0,OVER,72.7%,56.16,✅ HIT,OVER,73.0%,56.63,✅ HIT,OVER,72.9%,56.18,✅ HIT,OVER,73.4%,56.74,✅ HIT,-0.87,-1.42,-0.49,-7.4,2.85,2.0,2.0,0.0026,100.0%,26.5,0.5,51.7%,48.3%,0.1384,26.5,0.5,50.6%,49.4%,0.1453,,,,,,,,,,,27.5,1.5,49.1%,50.9%,0.1555,26.5,0.5,51.7%,48.3%,0.1384
40,Andrew Nembhard,3PM,0.5,OVER,PrizePicks,Goblin,,73.8%,S,STRONG BET,56.34,✅ HIT,2.0,OVER,74.2%,56.51,✅ HIT,OVER,73.7%,56.02,✅ HIT,OVER,73.9%,56.8,✅ HIT,OVER,73.2%,56.04,✅ HIT,-1.71,-1.12,-0.27,-0.9,-0.47,1.6,1.6,0.0034,100.0%,1.5,1.0,56.1%,43.9%,0.1146,1.5,1.0,57.9%,42.1%,0.1028,1.5,1.0,56.9%,43.1%,0.1097,1.5,1.0,58.1%,41.9%,0.1019,1.5,1.0,57.9%,42.1%,0.1028,1.5,1.0,63.3%,36.6%,0.0676
41,Kristaps Porziņģis,AST,1.5,OVER,PrizePicks,Goblin,,70.3%,C,STRONG BET,56.31,✅ HIT,2.0,OVER,71.8%,57.57,✅ HIT,OVER,69.6%,55.11,✅ HIT,OVER,71.1%,57.57,✅ HIT,OVER,68.8%,46.99,✅ HIT,-0.68,-0.63,-0.48,-1.1,-0.08,1.4,1.6,0.0119,100.0%,,,,,,2.5,1.0,50.3%,49.7%,0.1299,,,,,,2.5,1.0,51.2%,48.8%,0.1241,2.5,1.0,49.5%,50.5%,0.135,2.5,1.0,53.6%,46.4%,0.1083
42,Joel Embiid,PA,26.5,OVER,Underdog,,,71.5%,D,STRONG BET,56.06,✅ HIT,42.0,OVER,71.2%,55.75,✅ HIT,OVER,71.6%,56.22,✅ HIT,OVER,71.4%,55.85,✅ HIT,OVER,71.9%,56.41,✅ HIT,-0.78,-1.33,-0.43,-6.9,2.85,2.0,2.0,0.0024,100.0%,26.5,0.0,51.1%,48.9%,0.1328,26.5,0.0,50.0%,50.0%,0.1398,,,,,,,,,,,27.5,1.0,47.9%,52.1%,0.1537,26.5,0.0,51.1%,48.9%,0.1328
43,Brandon Ingram,3PM,0.5,OVER,PrizePicks,Goblin,,74.7%,S,STRONG BET,55.43,✅ HIT,2.0,OVER,75.0%,55.65,✅ HIT,OVER,74.6%,55.17,✅ HIT,OVER,74.9%,55.81,✅ HIT,OVER,74.3%,55.07,✅ HIT,-0.66,-0.88,-1.5,-1.7,0.42,1.4,1.6,0.003,100.0%,1.5,1.0,62.1%,37.9%,0.0817,1.5,1.0,62.9%,37.1%,0.0766,1.5,1.0,62.9%,37.1%,0.0767,1.5,1.0,63.3%,36.7%,0.0739,1.5,1.0,63.2%,36.8%,0.0747,1.5,1.0,66.2%,33.8%,0.0551
44,Victor Wembanyama,AST,3.5,UNDER,Underdog,,0.85x,67.3%,C,STRONG BET,55.11,✅ HIT,3.0,UNDER,68.9%,57.02,✅ HIT,UNDER,67.7%,55.64,✅ HIT,UNDER,66.7%,54.41,✅ HIT,UNDER,65.8%,53.37,✅ HIT,-0.3,-0.17,-0.23,-0.3,-0.22,1.4,1.2,0.0114,100.0%,3.5,0.0,43.3%,56.7%,0.0688,3.5,0.0,43.6%,56.4%,0.0705,3.5,0.0,44.8%,55.2%,0.0785,3.5,0.0,43.1%,56.9%,0.0674,3.5,0.0,43.7%,56.3%,0.0715,3.5,0.0,45.2%,54.8%,0.0811
45,Draymond Green,PA,14.5,OVER,PrizePicks,,,64.5%,D,DO NOT BET,54.94,❌ MISS,10.0,OVER,64.4%,54.77,❌ MISS,OVER,64.8%,55.26,❌ MISS,OVER,64.2%,54.57,❌ MISS,OVER,64.7%,55.16,❌ MISS,0.14,0.11,0.31,0.5,0.12,1.4,1.2,0.0024,100.0%,14.5,0.0,51.9%,48.1%,0.0824,14.5,0.0,50.1%,49.9%,0.0937,,,,,,,,,,,15.5,1.0,38.5%,61.5%,0.1692,14.5,0.0,49.2%,50.8%,0.0998
46,LeBron James,STL,1.5,UNDER,Underdog,,0.70x,68.0%,A,BET,54.79,✅ HIT,1.0,UNDER,66.2%,52.71,✅ HIT,UNDER,66.3%,52.77,✅ HIT,UNDER,69.7%,56.88,✅ HIT,UNDER,69.7%,56.8,✅ HIT,-0.31,-0.26,-1.5,-0.3,-0.06,0.8,1.2,0.0171,100.0%,1.5,0.0,37.7%,62.3%,0.0368,1.5,0.0,35.7%,64.3%,0.0238,,,,,,,,,,,,,,,,,,,,
47,Kristaps Porziņģis,BLK,0.5,OVER,PrizePicks,Goblin,,69.7%,S,BET,54.73,❌ MISS,0.0,OVER,70.5%,55.93,❌ MISS,OVER,69.4%,54.62,❌ MISS,OVER,69.9%,54.83,❌ MISS,OVER,68.8%,53.55,❌ MISS,-0.92,-1.08,-0.93,-1.1,0.16,1.6,1.6,0.0064,100.0%,1.5,1.0,49.9%,50.1%,0.1287,1.5,1.0,51.4%,48.6%,0.1187,,,,,,,,,,,,,,,,1.5,1.0,53.6%,46.4%,0.1047
48,Deni Avdija,REB,7.5,UNDER,Underdog,,0.84x,64.2%,B,DO NOT BET,54.38,✅ HIT,4.0,UNDER,64.8%,55.06,✅ HIT,UNDER,63.4%,53.41,✅ HIT,UNDER,65.0%,55.33,✅ HIT,UNDER,63.6%,53.75,✅ HIT,-0.27,-0.14,0.28,-0.3,-0.27,1.6,1.2,0.0068,100.0%,6.5,-1.0,66.0%,34.0%,0.1961,6.5,-1.0,65.6%,34.4%,0.1937,7.5,0.0,43.3%,56.7%,0.0486,6.5,-1.0,64.3%,35.7%,0.1851,8.5,1.0,18.2%,81.8%,-0.1143,7.5,0.0,46.5%,53.5%,0.0697
49,VJ Edgecombe,STL,0.5,OVER,PrizePicks,Goblin,,70.3%,A,STRONG BET,54.3,✅ HIT,1.0,OVER,70.9%,55.56,✅ HIT,OVER,70.2%,54.85,✅ HIT,OVER,70.4%,53.73,✅ HIT,OVER,69.8%,53.06,✅ HIT,-1.24,-0.4,-1.0,-0.3,-0.63,1.4,1.2,0.004,100.0%,1.5,1.0,54.6%,45.4%,0.1021,1.5,1.0,53.1%,46.9%,0.1116,,,,,,,,,,,,,,,,,,,,
50,Kevin Durant,PA,31.5,UNDER,Underdog,,,65.1%,D,STRONG BET,54.25,❌ MISS,38.0,UNDER,65.8%,55.15,❌ MISS,UNDER,65.6%,54.85,❌ MISS,UNDER,64.8%,53.72,❌ MISS,UNDER,64.4%,53.26,❌ MISS,-0.13,-0.22,0.46,-1.9,0.77,1.6,1.6,0.006,100.0%,31.5,0.0,48.5%,51.5%,0.0889,30.5,-1.0,54.0%,46.0%,0.1247,,,,,,,,,,,31.5,0.0,46.9%,53.0%,0.0787,30.5,-1.0,53.6%,46.4%,0.1221
51,Brandin Podziemski,PRA,26.5,UNDER,Underdog and PrizePicks,,0.89x,72.3%,D,STRONG BET,54.23,❌ MISS,33.0,UNDER,71.9%,53.81,❌ MISS,UNDER,71.3%,53.11,❌ MISS,UNDER,73.0%,55.18,❌ MISS,UNDER,72.7%,54.82,❌ MISS,-0.47,-0.58,-2.26,-5.7,1.14,1.2,1.6,0.0068,100.0%,26.5,0.0,48.9%,51.1%,0.1377,25.5,-1.0,53.3%,46.7%,0.1662,26.5,0.0,47.0%,53.0%,0.1254,26.5,0.0,48.1%,51.9%,0.1326,27.5,1.0,42.2%,57.8%,0.094,26.5,0.0,48.0%,52.0%,0.1317
52,Paul George,3PM,1.5,OVER,PrizePicks,Goblin,,67.7%,S,BET,54.16,✅ HIT,6.0,OVER,68.9%,55.29,✅ HIT,OVER,68.5%,54.81,✅ HIT,OVER,67.0%,45.53,✅ HIT,OVER,66.4%,44.81,✅ HIT,-0.3,-0.41,-0.17,-1.3,0.36,1.2,1.2,0.0102,100.0%,2.5,1.0,47.2%,52.8%,0.133,2.5,1.0,50.7%,49.2%,0.1101,2.5,1.0,48.4%,51.6%,0.1257,2.5,1.0,49.9%,50.1%,0.1156,2.5,1.0,50.7%,49.3%,0.1104,2.5,1.0,53.8%,46.2%,0.0904
53,Scoot Henderson,RA,7.5,UNDER,Underdog,,0.85x,63.2%,C,DO NOT BET,53.92,✅ HIT,7.0,UNDER,63.6%,54.41,✅ HIT,UNDER,62.0%,52.43,✅ HIT,UNDER,64.5%,55.47,✅ HIT,UNDER,62.7%,53.38,✅ HIT,-0.66,-1.19,3.0,-1.5,0.67,1.4,1.6,0.0092,100.0%,7.5,0.0,44.4%,55.6%,0.0497,6.5,-1.0,57.2%,42.8%,0.1328,,,,,,,,,,,7.5,0.0,43.7%,56.3%,0.045,,,,,
54,Joel Embiid,3PM,1.5,UNDER,Underdog,,0.75x,65.2%,S,BET,53.8,❌ MISS,3.0,UNDER,65.1%,53.65,❌ MISS,UNDER,65.2%,53.75,❌ MISS,UNDER,65.3%,53.88,❌ MISS,UNDER,65.3%,53.91,❌ MISS,-0.19,0.26,-0.46,0.3,-0.53,1.2,1.2,0.0009,100.0%,1.5,0.0,37.2%,62.8%,0.0155,1.5,0.0,38.4%,61.6%,0.0235,1.5,0.0,38.2%,61.8%,0.0221,1.5,0.0,36.4%,63.5%,0.0109,1.5,0.0,38.4%,61.6%,0.0238,1.5,0.0,35.8%,64.2%,0.0067
55,Jalen Williams,AST,3.5,OVER,Underdog,,0.88x,69.2%,C,STRONG BET,53.76,❌ MISS,3.0,OVER,70.1%,54.81,❌ MISS,OVER,68.0%,52.25,❌ MISS,OVER,70.5%,55.34,❌ MISS,OVER,68.3%,52.65,❌ MISS,-0.64,-0.49,-1.5,-1.5,-0.44,1.4,1.2,0.0111,100.0%,3.5,0.0,52.8%,47.2%,0.1068,,,,,,,,,,,,,,,,,,,,,,,,,
56,Kawhi Leonard,PA,30.5,OVER,Underdog and PrizePicks,,,64.6%,D,DO NOT BET,53.64,❌ MISS,29.0,OVER,62.4%,50.98,❌ MISS,OVER,62.8%,51.47,❌ MISS,OVER,66.4%,55.77,❌ MISS,OVER,66.9%,56.35,❌ MISS,-0.35,-0.26,1.5,-1.1,-0.38,1.6,1.6,0.0205,100.0%,30.5,0.0,50.0%,50.0%,0.0952,31.5,1.0,44.3%,55.7%,0.1321,,,,,,,,,,,31.5,1.0,43.9%,56.1%,0.1347,30.5,0.0,50.0%,50.0%,0.0952
57,Joel Embiid,BLK,0.5,OVER,PrizePicks,Goblin,,66.5%,S,BET,53.48,✅ HIT,1.0,OVER,67.2%,54.37,✅ HIT,OVER,66.1%,53.03,✅ HIT,OVER,66.9%,53.94,✅ HIT,OVER,65.8%,52.62,✅ HIT,-0.75,-0.4,-1.1,-0.3,-0.26,1.4,1.2,0.0058,100.0%,,,,,,,,,,,,,,,,,,,,,,,,,,0.5,0.0,64.4%,35.6%,0.014
58,Paul George,PR,22.5,UNDER,PrizePicks,,,67.3%,D,STRONG BET,53.32,❌ MISS,34.0,UNDER,68.3%,54.47,❌ MISS,UNDER,67.8%,53.83,❌ MISS,UNDER,66.7%,52.57,❌ MISS,UNDER,66.6%,52.42,❌ MISS,-0.17,-0.23,-0.6,-1.9,0.51,1.4,1.6,0.0073,100.0%,22.5,0.0,51.9%,48.1%,0.125,23.5,1.0,47.2%,52.8%,0.0947,,,,,,,,,,,23.5,1.0,47.2%,52.8%,0.0947,22.5,0.0,48.0%,52.0%,0.0998
59,Jerami Grant,3PM,1.5,OVER,PrizePicks,Goblin,,67.5%,S,BET,53.14,✅ HIT,4.0,OVER,66.9%,51.77,✅ HIT,OVER,66.5%,51.31,✅ HIT,OVER,68.7%,55.09,✅ HIT,OVER,68.0%,54.36,✅ HIT,-0.42,-0.64,-0.25,-1.3,0.44,1.6,1.6,0.0085,100.0%,2.5,1.0,52.2%,47.8%,0.0995,2.5,1.0,54.0%,46.0%,0.0877,2.5,1.0,53.4%,46.6%,0.0921,2.5,1.0,52.8%,47.2%,0.0959,2.5,1.0,54.0%,46.0%,0.0877,2.5,1.0,53.7%,46.3%,0.0896
60,Kyle Kuzma,3PM,1.5,UNDER,Underdog,,0.82x,66.4%,S,BET,53.11,NO GAME,,UNDER,68.3%,55.41,NO GAME,UNDER,68.4%,55.47,NO GAME,UNDER,64.5%,50.76,NO GAME,UNDER,64.5%,50.81,NO GAME,-0.23,-0.26,-1.5,-0.3,0.03,1.2,1.2,0.0194,100.0%,1.5,0.0,39.3%,60.7%,0.0371,1.5,0.0,41.1%,58.9%,0.0488,1.5,0.0,40.0%,60.1%,0.0414,1.5,0.0,39.3%,60.7%,0.0375,1.5,0.0,43.7%,56.3%,0.0659,1.5,0.0,39.6%,60.4%,0.0391
61,Kyle Kuzma,3PM,0.5,OVER,PrizePicks,Goblin,,68.9%,S,BET,53.05,NO GAME,,OVER,68.0%,51.28,NO GAME,OVER,67.6%,50.82,NO GAME,OVER,70.4%,55.43,NO GAME,OVER,69.8%,54.69,NO GAME,-0.63,-0.6,-1.5,-0.7,-0.03,1.4,1.2,0.012,100.0%,1.5,1.0,51.8%,48.2%,0.1115,1.5,1.0,53.6%,46.4%,0.0998,1.5,1.0,52.4%,47.5%,0.1072,1.5,1.0,51.8%,48.2%,0.1111,1.5,1.0,56.2%,43.8%,0.0827,1.5,1.0,52.1%,47.9%,0.1095
62,Jalen Williams,REB,2.5,OVER,PrizePicks,Goblin,,72.0%,B,STRONG BET,53.03,✅ HIT,3.0,OVER,72.8%,54.01,✅ HIT,OVER,72.7%,54.01,✅ HIT,OVER,71.4%,52.12,✅ HIT,OVER,71.2%,52.0,✅ HIT,-2.85,-1.74,-1.5,-1.3,-0.83,1.6,2.0,0.0072,100.0%,3.5,1.0,53.0%,47.0%,0.1235,,,,,,,,,,,,,,,,,,,,,,,,,
63,Chet Holmgren,REB,7.5,OVER,PrizePicks,Goblin,,67.8%,B,STRONG BET,52.99,❌ MISS,5.0,OVER,68.6%,53.86,❌ MISS,OVER,68.6%,53.96,❌ MISS,OVER,67.1%,52.09,❌ MISS,OVER,67.0%,52.06,❌ MISS,-0.44,-0.27,-0.75,-0.9,-0.58,1.8,1.6,0.0076,100.0%,8.5,1.0,53.2%,46.8%,0.0951,,,,,,,,,,,,,,,,,,,,,,,,,
64,P.J. Washington,STL,0.5,OVER,PrizePicks,Goblin,,65.9%,A,BET,52.98,❌ MISS,0.0,OVER,65.8%,52.84,❌ MISS,OVER,65.2%,52.08,❌ MISS,OVER,66.7%,53.87,❌ MISS,OVER,66.1%,53.13,❌ MISS,-0.3,-0.84,-1.51,-1.5,0.96,1.4,1.6,0.0053,100.0%,,,,,,0.5,0.0,65.9%,34.1%,0.0005,,,,,,,,,,,,,,,,,,,,
65,Stephon Castle,AST,8.5,UNDER,Underdog,,0.89x,70.1%,C,STRONG BET,52.9,❌ MISS,9.0,UNDER,69.9%,52.49,❌ MISS,UNDER,68.6%,51.27,❌ MISS,UNDER,71.5%,54.55,❌ MISS,UNDER,70.3%,53.29,❌ MISS,-0.69,0.34,-2.86,0.7,-2.1,1.0,0.8,0.0103,100.0%,7.5,-1.0,40.3%,59.7%,0.0672,7.5,-1.0,41.2%,58.8%,0.073,7.5,-1.0,40.4%,59.6%,0.0681,8.5,0.0,43.7%,56.3%,0.0896,9.5,1.0,33.6%,66.4%,0.0237,8.5,0.0,44.3%,55.7%,0.0934
66,Kawhi Leonard,PRA,36.5,OVER,Underdog,,0.88x,64.6%,D,DO NOT BET,52.85,❌ MISS,35.0,OVER,61.6%,49.24,❌ MISS,OVER,61.5%,49.06,❌ MISS,OVER,67.7%,56.41,❌ MISS,OVER,67.9%,56.69,❌ MISS,-0.63,-0.11,1.5,-0.3,-1.45,1.2,0.8,0.0313,100.0%,36.5,0.0,50.5%,49.5%,0.0917,37.5,1.0,47.9%,52.1%,0.1088,37.5,1.0,43.5%,56.5%,0.1373,37.5,1.0,47.0%,53.0%,0.1149,39.5,3.0,36.9%,63.1%,0.1804,37.5,1.0,47.0%,53.0%,0.1149
67,Derrick White,BLK,1.5,UNDER,Underdog,,0.68x,78.2%,S,STRONG BET,52.66,✅ HIT,0.0,UNDER,78.9%,53.04,✅ HIT,UNDER,78.9%,53.02,✅ HIT,UNDER,77.6%,52.29,✅ HIT,UNDER,77.6%,52.3,✅ HIT,-0.26,-1.75,3.0,-0.7,0.6,1.8,2.0,0.0067,100.0%,,,,,,,,,,,,,,,,,,,,,,,,,,,,,,
68,Jalen Williams,PA,17.0,OVER,PrizePicks,,,69.9%,D,STRONG BET,52.61,❌ MISS,10.0,OVER,70.4%,53.23,❌ MISS,OVER,70.8%,53.71,❌ MISS,OVER,69.0%,51.46,❌ MISS,OVER,69.5%,52.04,❌ MISS,-0.79,-0.61,1.5,-4.6,-1.36,1.6,1.2,0.0073,100.0%,16.5,-0.5,51.6%,48.4%,0.1188,,,,,,,,,,,,,,,,,,,,,,,,,
69,Scoot Henderson,PR,17.5,UNDER,PrizePicks,,,66.9%,D,STRONG BET,52.59,❌ MISS,26.0,UNDER,65.7%,51.12,❌ MISS,UNDER,65.2%,50.54,❌ MISS,UNDER,68.4%,54.42,❌ MISS,UNDER,68.3%,54.27,❌ MISS,-0.68,-1.4,-1.25,-2.5,1.29,1.4,2.0,0.0146,100.0%,17.5,0.0,47.2%,52.8%,0.0915,16.5,-1.0,54.2%,45.8%,0.1372,,,,,,,,,,,17.5,0.0,48.0%,52.0%,0.0967,,,,,
70,Scoot Henderson,REB,2.5,OVER,Underdog and PrizePicks,Goblin,0.80x,63.7%,B,DO NOT BET,52.57,✅ HIT,3.0,OVER,63.0%,51.81,✅ HIT,OVER,63.3%,52.16,✅ HIT,OVER,64.2%,53.11,✅ HIT,OVER,64.3%,53.2,✅ HIT,-0.39,-0.12,-1.0,-0.1,-0.21,1.4,1.6,0.0054,100.0%,,,,,,2.5,0.0,55.4%,44.6%,0.054,,,,,,2.5,0.0,54.9%,45.1%,0.0575,3.5,1.0,40.4%,59.6%,0.1515,,,,,
71,Pascal Siakam,PR,27.5,OVER,PrizePicks,,,66.7%,D,STRONG BET,52.39,✅ HIT,28.0,OVER,68.2%,54.03,✅ HIT,OVER,67.6%,53.32,✅ HIT,OVER,65.5%,51.03,✅ HIT,OVER,65.6%,51.18,✅ HIT,-0.35,-0.33,0.09,-2.9,-0.2,1.4,1.6,0.0117,100.0%,27.5,0.0,50.0%,50.0%,0.1088,27.5,0.0,51.5%,48.5%,0.0993,,,,,,,,,,,28.5,1.0,47.4%,52.5%,0.1254,28.5,1.0,48.6%,51.3%,0.1176
72,Josh Giddey,STL,0.5,OVER,PrizePicks,Goblin,,67.9%,A,BET,52.01,❌ MISS,0.0,OVER,69.7%,54.66,❌ MISS,OVER,69.0%,53.99,❌ MISS,OVER,66.7%,49.97,❌ MISS,OVER,66.1%,49.4,❌ MISS,-0.78,-1.74,-0.58,-1.3,0.72,1.8,2.0,0.015,100.0%,1.5,1.0,53.8%,46.2%,0.0914,1.5,1.0,55.9%,44.1%,0.0782,,,,,,,,,,,,,,,,,,,,
73,Josh Giddey,3PM,2.5,UNDER,Underdog,,0.80x,65.6%,S,BET,51.82,❌ MISS,3.0,UNDER,68.1%,54.83,❌ MISS,UNDER,68.2%,54.89,❌ MISS,UNDER,63.0%,48.74,❌ MISS,UNDER,63.1%,48.83,❌ MISS,-0.45,-0.26,-0.9,-0.3,-0.22,0.8,1.2,0.0253,100.0%,2.5,0.0,38.9%,61.1%,0.0296,2.5,0.0,41.1%,58.9%,0.0436,2.5,0.0,40.4%,59.6%,0.0392,2.5,0.0,40.5%,59.5%,0.0398,2.5,0.0,40.9%,59.1%,0.0422,2.5,0.0,40.6%,59.4%,0.0402
74,Kawhi Leonard,3PM,1.5,OVER,PrizePicks,Goblin,,67.8%,S,BET,51.71,✅ HIT,2.0,OVER,67.5%,50.36,✅ HIT,OVER,67.1%,49.91,✅ HIT,OVER,68.5%,53.63,✅ HIT,OVER,67.9%,52.93,✅ HIT,-1.0,-1.46,1.5,-1.7,0.54,1.6,2.0,0.0053,100.0%,2.5,1.0,60.2%,39.9%,0.0495,2.5,1.0,58.3%,41.7%,0.0614,2.5,1.0,59.3%,40.7%,0.0548,2.5,1.0,58.7%,41.3%,0.0588,2.5,1.0,57.9%,42.1%,0.0639,2.5,1.0,58.8%,41.2%,0.0582
75,Luka Dončić,3PM,4.5,UNDER,Underdog,,0.88x,64.8%,S,BET WITH CAUTION,51.7,✅ HIT,4.0,UNDER,59.3%,45.17,✅ HIT,UNDER,59.5%,45.35,✅ HIT,UNDER,70.3%,58.2,✅ HIT,UNDER,70.2%,58.11,✅ HIT,-0.22,0.29,0.7,0.7,-1.23,1.0,1.2,0.054,100.0%,4.5,0.0,44.8%,55.2%,0.0627,4.5,0.0,46.9%,53.1%,0.0764,4.5,0.0,47.0%,53.0%,0.0771,4.5,0.0,46.6%,53.4%,0.074,5.5,1.0,34.9%,65.0%,-0.0015,4.5,0.0,48.9%,51.1%,0.0894
76,Bennedict Mathurin,3PM,0.5,OVER,PrizePicks,Goblin,,68.1%,S,BET,51.68,✅ HIT,1.0,OVER,68.2%,51.74,✅ HIT,OVER,67.8%,51.28,✅ HIT,OVER,68.6%,52.19,✅ HIT,OVER,68.0%,51.5,✅ HIT,-1.19,-0.56,-0.75,-0.5,-0.57,0.8,1.2,0.003,100.0%,1.5,1.0,51.7%,48.3%,0.107,1.5,1.0,50.5%,49.5%,0.1144,1.5,1.0,52.6%,47.4%,0.1009,1.5,1.0,51.7%,48.3%,0.1066,1.5,1.0,50.7%,49.3%,0.1132,1.5,1.0,57.4%,42.6%,0.0697
77,Pascal Siakam,AST,2.5,OVER,PrizePicks,Goblin,,72.2%,C,STRONG BET,51.63,❌ MISS,1.0,OVER,73.4%,52.94,❌ MISS,OVER,71.1%,50.19,❌ MISS,OVER,73.3%,53.12,❌ MISS,OVER,71.0%,50.28,❌ MISS,-0.75,-0.28,-0.46,-0.5,-0.84,1.4,1.2,0.0117,100.0%,3.5,1.0,46.8%,53.2%,0.1651,3.5,1.0,45.6%,54.4%,0.1726,3.5,1.0,45.3%,54.7%,0.1745,3.5,1.0,47.1%,52.9%,0.1632,3.5,1.0,45.1%,54.9%,0.1758,3.5,1.0,49.4%,50.6%,0.1479
78,Stephon Castle,3PM,0.5,OVER,PrizePicks,Goblin,,73.9%,S,STRONG BET,51.58,❌ MISS,0.0,OVER,74.5%,59.72,❌ MISS,OVER,74.0%,59.23,❌ MISS,OVER,73.8%,51.88,❌ MISS,OVER,73.2%,51.09,❌ MISS,-0.54,-1.11,-2.89,-1.3,0.67,1.6,2.0,0.0047,100.0%,1.5,1.0,50.1%,49.9%,0.1544,1.5,1.0,49.4%,50.6%,0.1591,1.5,1.0,49.6%,50.4%,0.1577,1.5,1.0,49.3%,50.7%,0.1597,1.5,1.0,49.9%,50.1%,0.1557,1.5,1.0,50.4%,49.6%,0.1526
79,Luka Dončić,REB,8.5,UNDER,Underdog,,0.94x,66.5%,B,STRONG BET,51.57,✅ HIT,6.0,UNDER,67.3%,52.46,✅ HIT,UNDER,65.8%,50.73,✅ HIT,UNDER,67.2%,52.38,✅ HIT,UNDER,65.8%,50.72,✅ HIT,-0.48,-1.28,-0.66,-1.7,1.07,1.0,1.6,0.0071,100.0%,8.5,0.0,46.3%,53.7%,0.0832,8.5,0.0,47.3%,52.7%,0.0901,8.5,0.0,46.5%,53.5%,0.0848,8.5,0.0,46.3%,53.7%,0.0833,9.5,1.0,37.3%,62.7%,0.0251,8.5,0.0,45.2%,54.8%,0.0761
80,Payton Pritchard,3PM,1.5,OVER,PrizePicks,Goblin,,71.1%,S,STRONG BET,51.55,✅ HIT,4.0,OVER,70.8%,50.81,✅ HIT,OVER,70.4%,50.32,✅ HIT,OVER,72.0%,52.92,✅ HIT,OVER,71.3%,52.13,✅ HIT,-0.66,-0.68,0.13,-1.1,0.03,1.6,1.6,0.006,100.0%,2.5,1.0,46.7%,53.3%,0.1586,,,,,,,,,,,,,,,,,,,,,,,,,
81,Brandin Podziemski,PR,21.5,UNDER,Underdog and PrizePicks,,,69.3%,D,STRONG BET,51.54,❌ MISS,28.0,UNDER,69.9%,52.16,❌ MISS,UNDER,69.3%,51.47,❌ MISS,UNDER,69.2%,51.33,❌ MISS,UNDER,69.0%,51.19,❌ MISS,-0.4,-0.52,-2.95,-4.3,0.98,1.0,1.6,0.0032,100.0%,21.5,0.0,48.9%,51.1%,0.1187,20.5,-1.0,52.0%,48.0%,0.1389,,,,,,,,,,,21.5,0.0,48.0%,52.0%,0.1127,21.5,0.0,49.2%,50.8%,0.1205
82,Pascal Siakam,3PM,0.5,OVER,PrizePicks,Goblin,,68.1%,S,BET,51.36,✅ HIT,1.0,OVER,68.0%,51.04,✅ HIT,OVER,67.6%,50.55,✅ HIT,OVER,68.8%,52.31,✅ HIT,OVER,68.1%,51.56,✅ HIT,-1.52,-0.12,4.5,-0.1,-1.12,1.4,0.8,0.0041,100.0%,1.5,1.0,43.7%,56.3%,0.1591,1.5,1.0,43.9%,56.1%,0.1574,1.5,1.0,44.3%,55.7%,0.1548,1.5,1.0,46.6%,53.4%,0.1402,1.5,1.0,44.0%,56.0%,0.1568,1.5,1.0,46.1%,53.9%,0.1432
83,Quentin Grimes,PTS,17.5,OVER,PrizePicks,,,64.6%,D,DO NOT BET,51.18,❌ MISS,13.0,OVER,66.7%,53.57,❌ MISS,OVER,65.7%,52.45,❌ MISS,OVER,63.5%,49.95,❌ MISS,OVER,62.5%,48.74,❌ MISS,0.55,-1.08,3.29,-7.1,10.71,1.2,1.6,0.0167,100.0%,16.5,-1.0,52.0%,48.0%,0.0822,16.5,-1.0,51.7%,48.3%,0.084,16.5,-1.0,54.6%,45.4%,0.0649,16.5,-1.0,51.7%,48.3%,0.084,20.5,3.0,34.2%,65.8%,0.1973,16.5,-1.0,52.1%,47.9%,0.0813
84,Darius Garland,AST,7.5,UNDER,Underdog,,0.83x,62.9%,C,DO NOT BET,51.16,✅ HIT,6.0,UNDER,63.3%,51.78,✅ HIT,UNDER,62.6%,51.16,✅ HIT,UNDER,63.1%,51.06,✅ HIT,UNDER,62.5%,50.64,✅ HIT,-0.28,0.24,-0.19,0.5,-1.08,1.4,1.2,0.0033,100.0%,6.5,-1.0,44.8%,55.2%,0.0501,6.5,-1.0,45.7%,54.3%,0.0559,6.5,-1.0,44.4%,55.6%,0.0476,6.5,-1.0,45.6%,54.4%,0.055,7.5,0.0,41.7%,58.3%,0.03,7.5,0.0,43.4%,56.6%,0.0411
85,Josh Giddey,REB,7.5,OVER,Underdog,,0.84x,61.3%,B,DO NOT BET,51.0,✅ HIT,9.0,OVER,61.7%,51.54,✅ HIT,OVER,62.0%,51.92,✅ HIT,OVER,60.5%,50.14,✅ HIT,OVER,60.8%,50.39,✅ HIT,-0.16,-0.06,-1.06,-0.3,-0.51,1.4,0.8,0.0063,100.0%,8.5,1.0,43.3%,56.7%,0.1165,7.5,0.0,55.0%,45.0%,0.0405,8.5,1.0,44.6%,55.4%,0.108,8.5,1.0,43.5%,56.5%,0.1154,9.5,2.0,32.0%,68.0%,0.1898,8.5,1.0,45.0%,55.0%,0.1055
86,Payton Pritchard,REB,2.5,OVER,PrizePicks,Goblin,,66.6%,B,STRONG BET,50.89,❌ MISS,2.0,OVER,66.2%,50.05,❌ MISS,OVER,66.3%,50.31,❌ MISS,OVER,66.9%,51.6,❌ MISS,OVER,66.8%,51.6,❌ MISS,-0.7,-0.23,0.27,-0.5,-1.03,1.4,1.2,0.0029,100.0%,3.5,1.0,54.7%,45.3%,0.0774,,,,,,,,,,,,,,,,,,,,,,,,,
87,Victor Wembanyama,PA,30.5,UNDER,Underdog,,,67.9%,D,STRONG BET,50.83,✅ HIT,22.0,UNDER,72.3%,56.07,✅ HIT,UNDER,72.1%,55.84,✅ HIT,UNDER,63.8%,45.95,✅ HIT,UNDER,63.4%,45.47,✅ HIT,-0.64,-0.7,-0.67,-3.5,0.28,1.2,1.6,0.0428,100.0%,30.5,0.0,49.5%,50.5%,0.113,30.5,0.0,49.7%,50.3%,0.1148,,,,,,,,,,,31.5,1.0,46.3%,53.7%,0.0922,29.5,-1.0,49.4%,50.6%,0.1125
88,Immanuel Quickley,3PM,1.5,OVER,PrizePicks,Goblin,,66.9%,S,BET,50.82,NO GAME,,OVER,67.3%,50.38,NO GAME,OVER,66.9%,49.91,NO GAME,OVER,67.0%,51.85,NO GAME,OVER,66.4%,51.13,NO GAME,-1.23,-0.56,-0.25,-0.5,-0.6,1.4,1.2,0.0032,100.0%,2.5,1.0,51.6%,48.4%,0.099,2.5,1.0,53.8%,46.2%,0.0854,2.5,1.0,52.3%,47.7%,0.0948,2.5,1.0,53.5%,46.5%,0.087,2.5,1.0,54.1%,45.9%,0.0827,2.5,1.0,55.2%,44.8%,0.0759
89,Pascal Siakam,RA,8.5,OVER,Underdog and PrizePicks,,0.86x,66.5%,C,BET WITH CAUTION,50.79,✅ HIT,9.0,OVER,67.2%,51.48,✅ HIT,OVER,65.6%,49.81,✅ HIT,OVER,67.5%,52.01,✅ HIT,OVER,65.5%,49.86,✅ HIT,-1.12,0.41,-0.13,0.7,-2.62,1.0,0.4,0.0092,100.0%,8.5,0.0,53.7%,46.3%,0.0828,8.5,0.0,52.3%,47.7%,0.0923,,,,,,,,,,,9.5,1.0,53.7%,46.3%,0.0832,9.5,1.0,55.4%,44.6%,0.072
90,Shai Gilgeous-Alexander,PR,34.5,UNDER,Underdog,,,60.9%,D,DO NOT BET,50.77,❌ MISS,35.0,UNDER,60.8%,50.68,❌ MISS,UNDER,60.5%,50.3,❌ MISS,UNDER,61.2%,51.13,❌ MISS,UNDER,61.1%,50.98,❌ MISS,0.15,-0.24,2.49,-2.3,3.73,1.2,1.2,0.0028,100.0%,33.5,-1.0,47.4%,52.6%,0.0541,,,,,,,,,,,,,,,,,,,,,,,,,
91,Brandin Podziemski,PTS,15.5,UNDER,Underdog and PrizePicks,,0.89x,68.6%,D,STRONG BET,50.75,❌ MISS,22.0,UNDER,67.6%,49.41,❌ MISS,UNDER,67.4%,49.14,❌ MISS,UNDER,69.8%,52.36,❌ MISS,UNDER,69.5%,52.09,❌ MISS,-0.5,-0.69,-2.46,-3.5,0.94,1.2,1.6,0.0108,100.0%,15.5,0.0,48.5%,51.5%,0.1112,14.5,-1.0,51.2%,48.8%,0.1285,14.5,-1.0,54.0%,46.0%,0.1467,14.5,-1.0,53.5%,46.5%,0.1437,18.5,3.0,25.3%,74.7%,-0.0396,14.5,-1.0,48.4%,51.6%,0.1104
92,Pascal Siakam,STL,0.5,OVER,PrizePicks,Goblin,,67.5%,A,BET,50.66,✅ HIT,1.0,OVER,69.3%,53.98,✅ HIT,OVER,68.7%,53.31,✅ HIT,OVER,66.4%,47.97,✅ HIT,OVER,65.8%,47.41,✅ HIT,-0.78,-1.12,-1.86,-0.9,0.28,1.4,1.6,0.0148,100.0%,1.5,1.0,53.4%,46.6%,0.0919,,,,,,,,,,,,,,,,,,,,,,,,,
93,Victor Wembanyama,PR,39.5,UNDER,Underdog and PrizePicks,,,69.2%,D,STRONG BET,50.54,✅ HIT,34.0,UNDER,71.2%,52.9,✅ HIT,UNDER,70.6%,52.17,✅ HIT,UNDER,67.6%,48.62,✅ HIT,UNDER,67.5%,48.48,✅ HIT,-0.53,-0.59,-1.64,-4.5,0.46,1.0,1.2,0.0168,100.0%,39.5,0.0,50.0%,50.0%,0.1247,39.5,0.0,50.5%,49.5%,0.1282,,,,,,,,,,,40.5,1.0,47.2%,52.8%,0.1068,39.5,0.0,48.5%,51.5%,0.1151
94,Scottie Barnes,AST,5.5,UNDER,Underdog,,0.87x,62.9%,C,DO NOT BET,50.45,❌ MISS,12.0,UNDER,65.0%,53.03,❌ MISS,UNDER,64.2%,52.02,❌ MISS,UNDER,61.4%,48.62,❌ MISS,UNDER,60.9%,48.13,❌ MISS,-0.03,0.63,-0.0,1.5,-1.57,1.2,0.4,0.0176,100.0%,5.5,0.0,47.2%,52.8%,0.0655,5.5,0.0,43.6%,56.4%,0.0419,5.5,0.0,42.3%,57.7%,0.0333,5.5,0.0,45.4%,54.6%,0.0536,5.5,0.0,43.7%,56.3%,0.0428,5.5,0.0,45.5%,54.5%,0.0543
95,Scoot Henderson,PRA,21.5,UNDER,Underdog and PrizePicks,,,67.0%,D,STRONG BET,50.36,❌ MISS,30.0,UNDER,65.1%,48.04,❌ MISS,UNDER,64.6%,47.47,❌ MISS,UNDER,69.3%,53.17,❌ MISS,UNDER,69.0%,52.78,❌ MISS,-0.73,-1.67,-2.0,-3.1,1.74,1.6,2.0,0.0219,100.0%,21.5,0.0,48.1%,51.9%,0.0984,21.5,0.0,47.6%,52.4%,0.095,,,,,,21.5,0.0,47.8%,52.2%,0.0959,22.5,1.0,43.5%,56.5%,0.068,21.5,0.0,48.5%,51.5%,0.1009
96,Collin Sexton,AST,2.5,OVER,Underdog,,0.88x,65.8%,C,STRONG BET,50.32,✅ HIT,4.0,OVER,66.1%,50.76,✅ HIT,OVER,64.2%,48.5,✅ HIT,OVER,67.4%,52.23,✅ HIT,OVER,65.3%,49.78,✅ HIT,-0.63,-0.66,-1.22,-0.9,0.05,0.8,1.2,0.0114,100.0%,,,,,,,,,,,,,,,,2.5,0.0,53.7%,46.3%,0.0784,,,,,,,,,,
97,Luka Dončić,PTS,29.5,OVER,PrizePicks,Goblin,,68.1%,D,STRONG BET,50.09,✅ HIT,43.0,OVER,72.1%,54.61,✅ HIT,OVER,71.1%,53.4,✅ HIT,OVER,65.2%,46.78,✅ HIT,OVER,64.1%,45.56,✅ HIT,-0.38,-1.04,-1.25,-10.7,6.78,2.0,2.0,0.0351,100.0%,34.5,5.0,54.5%,45.5%,0.0887,34.5,5.0,57.2%,42.8%,0.0714,33.5,4.0,58.0%,42.0%,0.0657,34.5,5.0,56.2%,43.8%,0.0774,39.5,10.0,35.7%,64.3%,0.2106,34.5,5.0,57.0%,43.0%,0.0722
98,Kawhi Leonard,AST,2.5,OVER,PrizePicks,Goblin,,69.9%,C,STRONG BET,49.83,❌ MISS,2.0,OVER,72.0%,51.96,❌ MISS,OVER,69.7%,49.83,❌ MISS,OVER,70.0%,49.81,❌ MISS,OVER,67.8%,47.72,❌ MISS,-0.66,0.06,-1.5,0.1,-1.24,1.2,1.2,0.0147,100.0%,3.5,1.0,62.1%,37.9%,0.0506,3.5,1.0,64.1%,35.9%,0.0378,3.5,1.0,63.8%,36.2%,0.0396,3.5,1.0,63.9%,36.0%,0.0386,3.5,1.0,63.6%,36.4%,0.0411,3.5,1.0,65.7%,34.3%,0.0275
99,Nikola Jokić,STL,1.5,UNDER,Underdog,,0.85x,62.1%,A,BET WITH CAUTION,49.77,✅ HIT,1.0,UNDER,64.8%,53.05,✅ HIT,UNDER,64.9%,53.15,✅ HIT,UNDER,59.2%,46.37,✅ HIT,UNDER,59.4%,46.55,✅ HIT,-0.08,-0.94,0.89,-0.7,0.64,1.0,1.6,0.0277,100.0%,1.5,0.0,43.0%,57.0%,0.0329,1.5,0.0,43.7%,56.3%,0.0373,,,,,,,,,,,,,,,,,,,,
100,Jalen Williams,PRA,20.5,OVER,Underdog,,0.88x,70.1%,D,STRONG BET,49.76,❌ MISS,13.0,OVER,70.9%,50.73,❌ MISS,OVER,70.6%,50.34,❌ MISS,OVER,69.3%,48.85,❌ MISS,OVER,69.5%,49.12,❌ MISS,-0.93,-0.64,-1.5,-4.9,-2.19,1.8,1.6,0.0066,100.0%,20.5,0.0,50.0%,50.0%,0.1305,,,,,,,,,,,,,,,,,,,,,,,,,
101,Victor Wembanyama,PRA,43.5,UNDER,Underdog and PrizePicks,,,69.3%,D,STRONG BET,49.66,✅ HIT,37.0,UNDER,69.8%,50.24,✅ HIT,UNDER,69.3%,49.58,✅ HIT,UNDER,69.2%,49.6,✅ HIT,UNDER,68.9%,49.22,✅ HIT,-0.74,-0.78,-1.49,-5.3,0.24,1.0,1.2,0.0035,100.0%,42.5,-1.0,50.5%,49.5%,0.1288,43.5,0.0,48.4%,51.6%,0.115,44.5,1.0,45.5%,54.5%,0.0964,42.5,-1.0,48.1%,51.9%,0.1132,44.5,1.0,45.4%,54.6%,0.0958,42.5,-1.0,48.6%,51.3%,0.1167
102,Chet Holmgren,3PM,0.5,OVER,PrizePicks,Goblin,,65.8%,S,BET,49.65,✅ HIT,1.0,OVER,66.0%,49.04,✅ HIT,OVER,65.6%,48.6,✅ HIT,OVER,66.2%,50.8,✅ HIT,OVER,65.6%,50.14,✅ HIT,-0.64,-0.26,-0.75,-0.3,-0.44,1.2,0.8,0.0027,100.0%,1.5,1.0,53.6%,46.4%,0.0793,,,,,,,,,,,,,,,,,,,,,,,,,
103,Stephon Castle,STL,0.5,OVER,PrizePicks,Goblin,,66.6%,A,BET,49.63,❌ MISS,0.0,OVER,69.4%,53.73,❌ MISS,OVER,68.8%,53.04,❌ MISS,OVER,64.4%,46.15,❌ MISS,OVER,63.8%,45.6,❌ MISS,-0.96,-0.4,-1.73,-0.3,-0.42,1.0,1.2,0.0251,100.0%,1.5,1.0,51.0%,49.0%,0.1014,1.5,1.0,53.6%,46.4%,0.0845,,,,,,,,,,,,,,,,,,,,
104,Austin Reaves,3PM,2.5,UNDER,Underdog,,0.82x,62.4%,S,BET WITH CAUTION,49.57,✅ HIT,2.0,UNDER,61.6%,48.6,✅ HIT,UNDER,61.7%,48.76,✅ HIT,UNDER,63.1%,50.41,✅ HIT,UNDER,63.2%,50.5,✅ HIT,-0.19,-1.37,-0.27,-1.1,0.95,1.2,2.0,0.0074,100.0%,2.5,0.0,37.7%,62.3%,0.0007,2.5,0.0,39.2%,60.8%,0.0104,2.5,0.0,39.6%,60.4%,0.013,2.5,0.0,39.3%,60.7%,0.0114,2.5,0.0,39.1%,60.9%,0.0098,2.5,0.0,43.4%,56.6%,0.0379
105,Isaiah Hartenstein,AST,2.5,OVER,PrizePicks,Goblin,,64.1%,C,DO NOT BET,49.25,❌ MISS,2.0,OVER,65.4%,50.48,❌ MISS,OVER,63.6%,48.57,❌ MISS,OVER,64.6%,49.97,❌ MISS,OVER,62.8%,47.98,❌ MISS,-0.43,-1.03,0.0,-3.1,1.8,1.6,1.6,0.0101,100.0%,3.5,1.0,51.3%,48.7%,0.0833,,,,,,,,,,,,,,,,,,,,,,,,,
106,VJ Edgecombe,3PM,2.5,UNDER,Underdog,,0.79x,62.2%,S,BET WITH CAUTION,49.22,❌ MISS,4.0,UNDER,61.8%,48.74,❌ MISS,UNDER,61.9%,48.89,❌ MISS,UNDER,62.5%,49.57,❌ MISS,UNDER,62.6%,49.67,❌ MISS,-0.19,-0.04,-0.75,-0.1,-0.38,1.4,1.2,0.0034,100.0%,2.5,0.0,38.9%,61.1%,0.0072,2.5,0.0,39.9%,60.1%,0.0135,2.5,0.0,41.1%,58.9%,0.0213,2.5,0.0,39.3%,60.7%,0.0099,2.5,0.0,39.9%,60.1%,0.0135,2.5,0.0,40.6%,59.4%,0.0179
107,Deni Avdija,PR,32.5,UNDER,Underdog,,,62.8%,D,DO NOT BET,49.22,✅ HIT,22.0,UNDER,62.4%,48.77,✅ HIT,UNDER,62.0%,48.31,✅ HIT,UNDER,63.4%,49.97,✅ HIT,UNDER,63.3%,49.83,✅ HIT,-0.21,-0.29,0.02,-2.1,0.58,1.6,1.2,0.0057,100.0%,32.5,0.0,48.5%,51.5%,0.0735,32.5,0.0,48.3%,51.7%,0.0718,,,,,,,,,,,32.5,0.0,45.9%,54.1%,0.0565,31.5,-1.0,51.5%,48.5%,0.0931
108,Nikola Jokić,RA,22.5,OVER,Underdog,,0.88x,63.4%,C,DO NOT BET,49.08,✅ HIT,40.0,OVER,65.5%,51.35,✅ HIT,OVER,64.0%,49.66,✅ HIT,OVER,62.8%,48.56,✅ HIT,OVER,61.3%,46.75,✅ HIT,-0.14,-0.36,-0.85,-2.1,1.25,1.4,1.2,0.0155,100.0%,22.5,0.0,50.5%,49.5%,0.0835,23.5,1.0,48.9%,51.1%,0.0939,,,,,,,,,,,23.5,1.0,49.2%,50.8%,0.0922,23.5,1.0,51.2%,48.8%,0.0792
109,Myles Turner,BLK,0.5,OVER,PrizePicks,Goblin,,70.0%,S,STRONG BET,48.94,NO GAME,,OVER,69.9%,48.51,NO GAME,OVER,68.8%,47.19,NO GAME,OVER,71.3%,50.69,NO GAME,OVER,70.2%,49.36,NO GAME,-1.36,-0.4,-0.87,-0.3,-0.72,1.4,1.2,0.009,100.0%,1.5,1.0,41.9%,58.1%,0.1831,1.5,1.0,44.0%,56.0%,0.1695,,,,,,,,,,,,,,,,1.5,1.0,45.7%,54.3%,0.1581
110,Jerami Grant,REB,2.5,OVER,PrizePicks,Goblin,,63.7%,B,DO NOT BET,48.91,❌ MISS,2.0,OVER,64.0%,49.27,❌ MISS,OVER,64.2%,49.59,❌ MISS,OVER,63.2%,48.32,❌ MISS,OVER,63.3%,48.48,❌ MISS,-0.97,-0.88,0.12,-0.9,-0.09,1.2,1.6,0.0043,100.0%,3.5,1.0,56.9%,43.1%,0.0444,3.5,1.0,56.9%,43.1%,0.0444,3.5,1.0,57.0%,43.0%,0.0435,3.5,1.0,56.7%,43.3%,0.0454,4.5,2.0,33.5%,66.5%,0.1962,4.5,2.0,39.9%,60.2%,0.155
111,Victor Wembanyama,PA,30.0,UNDER,PrizePicks,,,65.6%,D,STRONG BET,48.72,✅ HIT,22.0,UNDER,70.1%,54.02,✅ HIT,UNDER,69.8%,53.76,✅ HIT,UNDER,61.4%,43.81,✅ HIT,UNDER,61.0%,43.31,✅ HIT,-0.54,-0.6,-0.61,-3.0,0.28,1.2,1.6,0.0439,100.0%,30.5,0.5,49.8%,50.2%,0.0996,30.5,0.5,50.0%,50.0%,0.1014,,,,,,,,,,,31.5,1.5,45.8%,54.2%,0.0741,29.5,-0.5,50.8%,49.2%,0.1065
112,Shai Gilgeous-Alexander,PR,34.0,UNDER,PrizePicks,,,58.5%,D,DO NOT BET,48.68,❌ MISS,35.0,UNDER,58.3%,48.38,❌ MISS,UNDER,58.1%,48.11,❌ MISS,UNDER,58.8%,49.2,❌ MISS,UNDER,58.7%,49.04,❌ MISS,0.2,-0.18,2.68,-1.8,3.73,1.2,1.2,0.003,100.0%,33.5,-0.5,47.5%,52.5%,0.0391,,,,,,,,,,,,,,,,,,,,,,,,,
113,Kristaps Porziņģis,RA,8.5,UNDER,Underdog,,0.85x,62.1%,C,DO NOT BET,48.59,✅ HIT,7.0,UNDER,64.2%,51.12,✅ HIT,UNDER,62.5%,49.09,✅ HIT,UNDER,61.6%,47.91,✅ HIT,UNDER,60.2%,46.24,✅ HIT,-0.33,-0.37,0.23,-1.1,0.12,1.4,1.2,0.0148,100.0%,,,,,,8.5,0.0,44.6%,55.4%,0.0437,,,,,,,,,,,8.5,0.0,44.6%,55.4%,0.0437,8.5,0.0,45.2%,54.8%,0.0476
114,Pascal Siakam,PRA,30.5,OVER,Underdog,,0.88x,71.3%,D,STRONG BET,48.54,❌ MISS,29.0,OVER,71.8%,49.13,❌ MISS,OVER,71.4%,48.72,❌ MISS,OVER,70.8%,48.03,❌ MISS,OVER,71.0%,48.28,❌ MISS,-0.54,-0.4,0.08,-2.9,-1.04,1.4,1.6,0.0038,100.0%,31.5,1.0,48.3%,51.7%,0.1491,31.5,1.0,48.5%,51.5%,0.1482,31.5,1.0,48.9%,51.1%,0.1456,31.5,1.0,49.7%,50.3%,0.1403,32.5,2.0,43.7%,56.3%,0.1791,31.5,1.0,52.2%,47.8%,0.1239
115,Victor Wembanyama,3PM,1.5,OVER,PrizePicks,Goblin,,65.0%,S,BET WITH CAUTION,48.48,❌ MISS,1.0,OVER,63.5%,45.86,❌ MISS,OVER,63.1%,45.42,❌ MISS,OVER,66.9%,43.39,❌ MISS,OVER,66.2%,42.66,❌ MISS,-0.91,-0.2,-2.89,-0.1,-0.35,1.6,1.2,0.0163,100.0%,2.5,1.0,51.4%,48.6%,0.0883,2.5,1.0,50.4%,49.6%,0.0948,2.5,1.0,52.5%,47.5%,0.0808,2.5,1.0,47.8%,52.2%,0.1117,2.5,1.0,50.2%,49.8%,0.0956,2.5,1.0,50.0%,50.0%,0.0975
116,Jrue Holiday,3PM,1.5,OVER,PrizePicks,Goblin,,68.1%,S,BET,48.46,✅ HIT,4.0,OVER,68.8%,48.97,✅ HIT,OVER,68.3%,48.5,✅ HIT,OVER,68.0%,48.55,✅ HIT,OVER,67.3%,47.83,✅ HIT,-0.76,-0.26,-3.45,-0.3,-0.59,1.0,0.8,0.0052,100.0%,2.5,1.0,54.8%,45.2%,0.0861,2.5,1.0,55.5%,44.5%,0.0818,2.5,1.0,56.4%,43.6%,0.076,2.5,1.0,54.7%,45.3%,0.0868,2.5,1.0,55.0%,45.0%,0.0851,2.5,1.0,55.6%,44.4%,0.0811
117,Payton Pritchard,PTS,13.5,OVER,Underdog,,0.89x,63.4%,D,DO NOT BET,48.22,✅ HIT,14.0,OVER,59.7%,43.79,✅ HIT,OVER,59.0%,42.89,✅ HIT,OVER,68.1%,53.78,✅ HIT,OVER,66.9%,52.42,✅ HIT,-0.51,-0.11,0.81,-0.7,-2.44,1.4,1.2,0.0409,100.0%,13.5,0.0,53.7%,46.3%,0.0631,,,,,,,,,,,,,,,,,,,,,,,,,
118,Scoot Henderson,PA,18.5,UNDER,PrizePicks,,,63.8%,D,DO NOT BET,48.14,❌ MISS,27.0,UNDER,61.3%,45.18,❌ MISS,UNDER,61.0%,44.83,❌ MISS,UNDER,66.6%,51.51,❌ MISS,UNDER,66.2%,51.06,❌ MISS,-0.47,-1.09,-1.12,-2.7,1.53,1.4,1.6,0.0262,100.0%,18.5,0.0,47.2%,52.8%,0.0714,18.5,0.0,47.5%,52.5%,0.0731,,,,,,,,,,,18.5,0.0,48.9%,51.1%,0.0826,,,,,
119,Bennedict Mathurin,3PM,1.5,UNDER,Underdog,,0.73x,59.8%,S,DO NOT BET,48.08,✅ HIT,1.0,UNDER,59.8%,48.05,✅ HIT,UNDER,60.0%,48.23,✅ HIT,UNDER,59.7%,47.94,✅ HIT,UNDER,59.9%,48.11,✅ HIT,0.08,-0.56,0.25,-0.5,0.57,1.6,1.2,0.0009,100.0%,1.5,0.0,37.7%,62.3%,-0.0161,1.5,0.0,36.5%,63.5%,-0.0236,1.5,0.0,38.6%,61.4%,-0.0101,1.5,0.0,37.8%,62.3%,-0.0157,1.5,0.0,36.7%,63.3%,-0.0224,1.5,0.0,43.4%,56.6%,0.0212
120,Paul George,STL,1.5,UNDER,Underdog,,0.82x,61.9%,A,BET WITH CAUTION,47.88,❌ MISS,4.0,UNDER,65.1%,51.74,❌ MISS,UNDER,65.1%,51.81,❌ MISS,UNDER,58.5%,43.89,❌ MISS,UNDER,58.7%,44.09,❌ MISS,-0.05,1.75,-1.15,0.7,-0.72,0.4,0.0,0.0324,100.0%,1.5,0.0,43.3%,56.7%,0.0335,1.5,0.0,45.5%,54.5%,0.0476,,,,,,,,,,,,,,,,,,,,
121,Luka Dončić,PRA,51.5,UNDER,Underdog,,,62.5%,D,DO NOT BET,47.84,❌ MISS,56.0,UNDER,60.8%,45.75,❌ MISS,UNDER,60.4%,45.29,❌ MISS,UNDER,64.7%,50.37,❌ MISS,UNDER,64.4%,49.97,❌ MISS,-0.19,0.17,0.43,1.7,-3.57,0.8,1.2,0.0201,100.0%,50.5,-1.0,50.2%,49.8%,0.0832,51.5,0.0,51.5%,48.5%,0.0911,49.5,-2.0,51.9%,48.1%,0.094,51.5,0.0,49.5%,50.5%,0.0781,53.5,2.0,45.2%,54.8%,0.0506,51.5,0.0,48.0%,52.0%,0.0686
122,Stephon Castle,AST,8.0,UNDER,PrizePicks,,,64.7%,C,DO NOT BET,47.81,❌ MISS,9.0,UNDER,64.4%,47.52,❌ MISS,UNDER,63.6%,46.54,❌ MISS,UNDER,65.7%,49.07,❌ MISS,UNDER,64.9%,48.1,❌ MISS,-0.44,0.59,-2.45,1.2,-2.1,1.0,0.8,0.0076,100.0%,7.5,-0.5,51.8%,48.2%,0.1072,7.5,-0.5,52.7%,47.3%,0.113,7.5,-0.5,52.0%,48.0%,0.1082,8.5,0.5,46.4%,53.6%,0.072,9.5,1.5,37.7%,62.3%,0.0152,8.5,0.5,47.0%,53.0%,0.0757
123,Ace Bailey,SB,2.5,UNDER,Underdog,,0.77x,74.2%,A,STRONG BET,47.81,❌ MISS,4.0,UNDER,68.2%,44.5,❌ MISS,UNDER,68.0%,44.37,❌ MISS,UNDER,80.7%,51.37,❌ MISS,UNDER,80.0%,51.0,❌ MISS,-0.7,0.2,1.5,0.3,-1.32,1.4,1.2,0.0614,100.0%,,,,,,,,,,,,,,,,,,,,,,,,,,,,,,
124,LeBron James,STL,0.5,OVER,PrizePicks,Goblin,,65.4%,A,BET,47.79,✅ HIT,1.0,OVER,65.9%,49.27,✅ HIT,OVER,65.3%,48.63,✅ HIT,OVER,65.5%,46.92,✅ HIT,OVER,64.9%,46.36,✅ HIT,-0.55,-0.6,-1.5,-0.7,0.06,1.4,1.2,0.0035,100.0%,1.5,1.0,57.2%,42.8%,0.0533,1.5,1.0,55.2%,44.8%,0.0662,,,,,,,,,,,,,,,,,,,,
125,Shai Gilgeous-Alexander,FTM,8.5,UNDER,Underdog,,0.87x,76.7%,B,STRONG BET,47.73,❌ MISS,10.0,UNDER,77.4%,48.09,❌ MISS,UNDER,75.8%,47.25,❌ MISS,UNDER,77.7%,48.26,❌ MISS,UNDER,76.0%,47.34,❌ MISS,-0.26,-1.67,-0.1,-3.5,2.95,1.6,1.6,0.0081,100.0%,,,,,,,,,,,,,,,,,,,,,,,,,,,,,,
126,Evan Mobley,PA,21.5,OVER,PrizePicks,,,61.2%,D,DO NOT BET,47.55,❌ MISS,12.0,OVER,63.3%,50.12,❌ MISS,OVER,63.7%,50.6,❌ MISS,OVER,58.6%,44.44,❌ MISS,OVER,59.1%,45.04,❌ MISS,-0.12,-1.1,-0.09,-3.7,3.31,1.6,1.6,0.0237,100.0%,21.5,0.0,49.5%,50.5%,0.0761,21.5,0.0,51.7%,48.3%,0.0614,,,,,,,,,,,22.5,1.0,46.3%,53.7%,0.0965,21.5,0.0,48.9%,51.1%,0.0796
127,Shai Gilgeous-Alexander,PA,36.5,UNDER,Underdog and PrizePicks,,,58.1%,D,DO NOT BET,47.5,❌ MISS,41.0,UNDER,56.9%,45.91,❌ MISS,UNDER,56.5%,45.51,❌ MISS,UNDER,59.8%,49.55,❌ MISS,UNDER,59.4%,49.03,❌ MISS,0.18,-0.25,1.76,-2.1,3.67,1.2,1.2,0.0147,100.0%,35.5,-1.0,49.3%,50.7%,0.0482,,,,,,,,,,,,,,,,,,,,,,,,,
128,Luka Dončić,PA,42.5,UNDER,Underdog and PrizePicks,,,60.9%,D,DO NOT BET,47.47,❌ MISS,50.0,UNDER,56.4%,42.08,❌ MISS,UNDER,56.0%,41.68,❌ MISS,UNDER,65.7%,53.3,❌ MISS,UNDER,65.3%,52.83,❌ MISS,-0.08,0.42,0.76,3.9,-4.63,1.0,1.2,0.0465,100.0%,42.5,0.0,48.5%,51.5%,0.0611,43.5,1.0,47.9%,52.1%,0.0567,,,,,,,,,,,43.5,1.0,48.3%,51.7%,0.0593,42.5,0.0,50.0%,50.0%,0.0706
129,Scoot Henderson,RA,7.0,UNDER,PrizePicks,,,59.7%,C,DO NOT BET,47.45,❌ MISS,7.0,UNDER,59.9%,47.59,❌ MISS,UNDER,58.7%,46.12,❌ MISS,UNDER,60.8%,48.82,❌ MISS,UNDER,59.5%,47.28,❌ MISS,-0.26,-0.79,3.0,-1.0,0.67,1.4,1.6,0.0077,100.0%,7.5,0.5,42.0%,58.0%,0.0116,6.5,-0.5,57.1%,42.9%,0.1094,,,,,,,,,,,7.5,0.5,41.3%,58.7%,0.0069,,,,,
130,Shai Gilgeous-Alexander,PRA,40.5,UNDER,Underdog and PrizePicks,,,56.0%,D,DO NOT BET,47.44,❌ MISS,43.0,UNDER,56.2%,47.7,❌ MISS,UNDER,55.9%,47.35,❌ MISS,UNDER,56.0%,47.55,❌ MISS,UNDER,55.7%,47.16,❌ MISS,0.24,-0.27,3.25,-2.3,4.32,1.2,1.2,0.0017,100.0%,40.5,0.0,48.1%,51.9%,0.0265,,,,,,,,,,,,,,,,,,,,,,,,,
131,Nikola Jokić,STL,0.5,OVER,PrizePicks,Goblin,,68.4%,A,BET,47.41,✅ HIT,1.0,OVER,67.1%,45.21,✅ HIT,OVER,66.5%,44.59,✅ HIT,OVER,70.4%,50.26,✅ HIT,OVER,69.8%,49.6,✅ HIT,-1.25,-0.4,-1.79,-0.3,-0.64,1.4,1.2,0.0167,100.0%,1.5,1.0,62.8%,37.2%,0.0365,1.5,1.0,63.5%,36.5%,0.0321,,,,,,,,,,,,,,,,,,,,
132,Kawhi Leonard,PR,33.5,OVER,Underdog and PrizePicks,,,61.0%,D,DO NOT BET,47.4,❌ MISS,33.0,OVER,58.3%,44.16,❌ MISS,OVER,58.0%,43.78,❌ MISS,OVER,63.8%,50.76,❌ MISS,OVER,63.9%,50.91,❌ MISS,-0.51,-0.42,1.5,-0.9,-0.21,1.2,0.8,0.0287,100.0%,33.5,0.0,48.5%,51.5%,0.0808,33.5,0.0,51.6%,48.4%,0.0609,,,,,,,,,,,34.5,1.0,44.4%,55.6%,0.1077,33.5,0.0,50.0%,50.0%,0.0713
133,Jayson Tatum,RA,12.5,UNDER,Underdog and PrizePicks,,,60.4%,C,DO NOT BET,47.37,❌ MISS,19.0,UNDER,60.7%,47.75,❌ MISS,UNDER,59.4%,46.15,❌ MISS,UNDER,61.4%,48.63,❌ MISS,UNDER,60.1%,46.98,❌ MISS,-0.09,0.17,0.2,0.7,-1.07,1.2,1.2,0.0077,100.0%,12.5,0.0,48.1%,51.9%,0.0553,,,,,,,,,,,,,,,,,,,,,,,,,
134,Jaden McDaniels,STL,1.5,UNDER,Underdog,,0.72x,72.9%,A,STRONG BET,47.37,❌ MISS,2.0,UNDER,73.9%,47.96,❌ MISS,UNDER,73.8%,47.9,❌ MISS,UNDER,71.9%,46.84,❌ MISS,UNDER,71.8%,46.79,❌ MISS,-0.2,0.15,0.23,0.3,-0.69,1.4,1.2,0.0102,100.0%,,,,,,,,,,,,,,,,,,,,,,,,,,,,,,
135,Austin Reaves,AST,4.5,OVER,PrizePicks,Goblin,,68.3%,C,STRONG BET,47.34,✅ HIT,8.0,OVER,69.5%,48.74,✅ HIT,OVER,67.4%,46.27,✅ HIT,OVER,69.3%,48.46,✅ HIT,OVER,67.1%,45.91,✅ HIT,-0.74,-0.66,-0.93,-0.9,-0.1,1.8,1.6,0.0108,100.0%,5.5,1.0,49.6%,50.4%,0.1218,5.5,1.0,49.2%,50.8%,0.1244,5.5,1.0,50.6%,49.4%,0.1151,5.5,1.0,48.3%,51.7%,0.1301,6.5,2.0,32.7%,67.3%,0.2315,5.5,1.0,48.8%,51.2%,0.127
136,Deni Avdija,REB,7.0,UNDER,PrizePicks,,,59.8%,B,DO NOT BET,47.33,✅ HIT,4.0,UNDER,60.4%,40.1,✅ HIT,UNDER,59.2%,38.58,✅ HIT,UNDER,60.4%,48.02,✅ HIT,UNDER,59.3%,46.6,✅ HIT,-0.03,0.09,0.37,0.2,-0.27,1.6,1.2,0.0061,100.0%,6.5,-0.5,57.7%,42.3%,0.1137,6.5,-0.5,57.3%,42.7%,0.1112,7.5,0.5,43.4%,56.6%,0.0211,6.5,-0.5,56.0%,44.0%,0.1027,8.5,1.5,38.1%,61.9%,-0.0132,7.5,0.5,46.7%,53.3%,0.0423
137,Scottie Barnes,STL,0.5,OVER,PrizePicks,Goblin,,68.0%,A,BET,47.26,✅ HIT,2.0,OVER,68.2%,48.51,✅ HIT,OVER,67.5%,47.85,✅ HIT,OVER,68.3%,46.64,✅ HIT,OVER,67.7%,46.05,✅ HIT,-1.79,-1.84,0.0,-0.9,0.02,1.8,2.0,0.0033,100.0%,1.5,1.0,65.8%,34.2%,0.0138,1.5,1.0,64.4%,35.6%,0.023,,,,,,,,,,,,,,,,,,,,
138,Josh Giddey,AST,10.5,UNDER,Underdog and PrizePicks,,,62.6%,C,DO NOT BET,47.16,❌ MISS,12.0,UNDER,62.6%,47.17,❌ MISS,UNDER,62.0%,46.37,❌ MISS,UNDER,63.2%,47.91,❌ MISS,UNDER,62.6%,47.19,❌ MISS,-0.27,0.21,-0.59,1.1,-2.5,1.0,0.8,0.0044,100.0%,10.5,0.0,48.8%,51.2%,0.074,10.5,0.0,51.3%,48.7%,0.0905,10.5,0.0,48.4%,51.6%,0.0713,10.5,0.0,49.5%,50.5%,0.0784,12.5,2.0,38.2%,61.8%,0.0053,9.5,-1.0,57.6%,42.4%,0.1315
139,Norman Powell,PA,22.5,OVER,Underdog and PrizePicks,,,62.0%,D,DO NOT BET,47.13,❌ MISS,21.0,OVER,59.4%,44.1,❌ MISS,OVER,59.8%,44.58,❌ MISS,OVER,64.1%,49.62,❌ MISS,OVER,64.6%,50.22,❌ MISS,-0.34,0.53,-0.66,3.7,-6.07,1.2,1.2,0.0241,100.0%,,,,,,22.5,0.0,52.4%,47.6%,0.0623,,,,,,,,,,,23.5,1.0,48.9%,51.1%,0.0851,,,,,
140,Collin Sexton,3PM,1.5,OVER,Underdog and PrizePicks,Goblin,0.83x,59.4%,S,DO NOT BET,47.02,❌ MISS,1.0,OVER,58.7%,46.09,❌ MISS,OVER,58.3%,45.67,❌ MISS,OVER,60.5%,48.48,❌ MISS,OVER,60.0%,47.85,❌ MISS,-0.02,-0.52,-0.46,-1.3,1.26,1.6,1.2,0.009,100.0%,1.5,0.0,55.6%,44.4%,0.0246,1.5,0.0,55.7%,44.3%,0.0239,1.5,0.0,56.2%,43.8%,0.0202,1.5,0.0,54.9%,45.1%,0.029,2.5,1.0,39.4%,60.6%,0.1298,1.5,0.0,55.7%,44.3%,0.0237
141,Austin Reaves,FTM,6.5,UNDER,Underdog,,0.78x,71.9%,B,STRONG BET,47.0,❌ MISS,9.0,UNDER,74.2%,48.22,❌ MISS,UNDER,72.9%,47.52,❌ MISS,UNDER,70.9%,46.42,❌ MISS,UNDER,69.8%,45.83,❌ MISS,-0.19,-0.66,0.53,-0.9,0.64,1.6,1.6,0.0169,100.0%,,,,,,,,,,,,,,,,,,,,,,,,,,,,,,
142,Kawhi Leonard,REB,6.5,UNDER,Underdog,,0.80x,61.3%,B,DO NOT BET,46.96,✅ HIT,6.0,UNDER,62.6%,48.55,✅ HIT,UNDER,61.3%,46.95,✅ HIT,UNDER,61.3%,46.89,✅ HIT,UNDER,60.1%,45.44,✅ HIT,-0.13,-0.76,-1.5,-1.3,1.07,1.2,1.6,0.0089,100.0%,5.5,-1.0,57.9%,42.1%,0.1251,6.5,0.0,45.6%,54.4%,0.0452,6.5,0.0,43.9%,56.1%,0.0341,6.5,0.0,45.6%,54.4%,0.0454,7.5,1.0,36.8%,63.2%,-0.0123,6.5,0.0,45.5%,54.5%,0.0443
143,Payton Pritchard,AST,5.5,UNDER,Underdog,,0.82x,62.0%,C,DO NOT BET,46.95,✅ HIT,1.0,UNDER,64.3%,49.72,✅ HIT,UNDER,63.5%,48.78,✅ HIT,UNDER,60.2%,44.83,✅ HIT,UNDER,59.9%,44.44,✅ HIT,-0.13,-0.55,-1.86,-0.9,0.69,1.0,1.2,0.0195,100.0%,5.5,0.0,42.2%,57.8%,0.0273,,,,,,,,,,,,,,,,,,,,,,,,,
144,Quentin Grimes,FGA,12.5,OVER,PrizePicks,,,66.8%,D,DO NOT BET,46.93,❌ MISS,10.0,OVER,69.7%,48.57,❌ MISS,OVER,66.0%,46.49,❌ MISS,OVER,67.1%,47.12,❌ MISS,OVER,64.2%,45.54,❌ MISS,0.55,-1.42,0.88,-5.7,7.91,1.6,1.6,0.02,100.0%,,,,,,,,,,,,,,,,,,,,,,,,,,,,,,
145,Reed Sheppard,3PM,3.5,UNDER,Underdog,,0.83x,77.2%,S,STRONG BET,46.9,✅ HIT,2.0,UNDER,78.6%,47.68,✅ HIT,UNDER,78.5%,47.65,✅ HIT,UNDER,75.9%,46.19,✅ HIT,UNDER,75.7%,46.1,✅ HIT,-0.61,-0.23,-1.37,-0.3,-0.51,1.4,1.2,0.0138,100.0%,,,,,,,,,,,,,,,,,,,,,,,,,,,,,,
146,Julius Randle,3PA,4.5,UNDER,Underdog,,0.81x,73.0%,B,STRONG BET,46.85,✅ HIT,4.0,UNDER,74.2%,47.52,✅ HIT,UNDER,73.0%,46.86,✅ HIT,UNDER,72.8%,46.72,✅ HIT,UNDER,72.0%,46.27,✅ HIT,-0.08,-1.06,-0.17,-1.5,1.39,1.6,1.6,0.0082,100.0%,,,,,,,,,,,,,,,,,,,,,,,,,,,,,,
147,James Harden,STL,1.5,UNDER,Underdog,,0.72x,74.6%,A,STRONG BET,46.79,✅ HIT,0.0,UNDER,75.0%,47.03,✅ HIT,UNDER,74.9%,46.97,✅ HIT,UNDER,74.3%,46.61,✅ HIT,UNDER,74.1%,46.54,✅ HIT,-0.72,-0.2,-0.71,-0.1,-0.25,1.6,1.2,0.0039,100.0%,,,,,,,,,,,,,,,,,,,,,,,,,,,,,,
148,Kristaps Porziņģis,3PM,1.5,OVER,PrizePicks,Goblin,,58.5%,S,DO NOT BET,46.78,❌ MISS,0.0,OVER,59.6%,47.92,❌ MISS,OVER,59.2%,47.49,❌ MISS,OVER,57.9%,46.15,❌ MISS,OVER,57.4%,45.55,❌ MISS,-0.45,-0.2,0.27,-0.1,-0.12,1.2,1.2,0.0088,100.0%,1.5,0.0,57.2%,42.8%,0.0084,1.5,0.0,60.2%,39.8%,-0.011,1.5,0.0,54.8%,45.2%,0.0242,1.5,0.0,58.7%,41.3%,-0.0009,2.5,1.0,34.9%,65.1%,0.1537,1.5,0.0,59.4%,40.6%,-0.0059
149,Isaiah Hartenstein,REB,7.5,OVER,Underdog,,0.85x,62.5%,B,DO NOT BET,46.72,❌ MISS,5.0,OVER,64.4%,48.99,❌ MISS,OVER,64.6%,49.25,❌ MISS,OVER,60.4%,44.16,❌ MISS,OVER,60.6%,44.45,❌ MISS,-0.4,-0.71,-0.12,-3.7,1.62,1.2,1.2,0.0201,100.0%,7.5,0.0,53.2%,46.8%,0.0606,,,,,,,,,,,,,,,,,,,,,,,,,
150,Kawhi Leonard,PTS,26.5,OVER,Underdog,,0.88x,65.7%,D,STRONG BET,46.7,✅ HIT,27.0,OVER,63.3%,44.04,✅ HIT,OVER,62.5%,43.0,✅ HIT,OVER,69.1%,50.59,✅ HIT,OVER,68.0%,49.19,✅ HIT,-0.6,-0.88,1.5,-2.7,0.86,1.8,1.6,0.0287,100.0%,27.5,1.0,45.3%,54.7%,0.1327,27.5,1.0,48.5%,51.5%,0.1119,27.5,1.0,44.2%,55.8%,0.1396,27.5,1.0,48.1%,51.9%,0.1145,32.5,6.0,18.8%,81.2%,0.3051,27.5,1.0,46.1%,53.9%,0.1275
151,Scottie Barnes,3PM,0.5,OVER,Underdog and PrizePicks,Goblin,0.76x,65.1%,S,BET,46.62,✅ HIT,1.0,OVER,65.8%,46.78,✅ HIT,OVER,65.4%,46.31,✅ HIT,OVER,65.0%,47.04,✅ HIT,OVER,64.4%,46.34,✅ HIT,-0.78,-0.2,-0.25,-0.1,-0.28,1.4,1.2,0.0051,100.0%,1.5,1.0,36.9%,63.1%,0.1835,,,,,,1.5,1.0,37.0%,63.0%,0.1826,1.5,1.0,38.0%,62.0%,0.1765,,,,,,1.5,1.0,39.3%,60.7%,0.1678
152,Scottie Barnes,BLK,0.5,OVER,PrizePicks,Goblin,,65.2%,S,BET,46.53,✅ HIT,1.0,OVER,66.2%,48.06,✅ HIT,OVER,65.1%,46.84,✅ HIT,OVER,65.2%,46.19,✅ HIT,OVER,64.1%,45.01,✅ HIT,-0.88,-0.6,-3.0,-0.7,-0.32,1.4,1.2,0.0072,100.0%,1.5,1.0,52.1%,47.9%,0.0851,1.5,1.0,51.5%,48.5%,0.0891,,,,,,,,,,,,,,,,1.5,1.0,55.5%,44.5%,0.0629
153,Paul George,3PM,2.5,UNDER,Underdog,,0.79x,58.8%,S,DO NOT BET,46.48,❌ MISS,6.0,UNDER,57.2%,44.49,❌ MISS,UNDER,57.4%,44.71,❌ MISS,UNDER,60.3%,48.27,❌ MISS,UNDER,60.5%,48.43,❌ MISS,-0.02,0.09,-0.51,0.3,-0.36,1.6,1.6,0.0156,100.0%,2.5,0.0,38.9%,61.1%,-0.0145,2.5,0.0,42.4%,57.6%,0.0083,2.5,0.0,40.1%,60.0%,-0.0072,2.5,0.0,41.6%,58.4%,0.0028,2.5,0.0,42.4%,57.6%,0.0081,2.5,0.0,45.5%,54.5%,0.028
154,Jalen Williams,PTS,13.0,OVER,PrizePicks,,,63.8%,D,DO NOT BET,46.44,❌ MISS,7.0,OVER,65.8%,48.88,❌ MISS,OVER,64.9%,47.78,❌ MISS,OVER,62.8%,45.13,❌ MISS,OVER,61.8%,43.94,❌ MISS,-0.53,-0.42,1.5,-3.6,-0.92,1.6,1.2,0.016,100.0%,12.5,-0.5,53.2%,46.8%,0.0687,,,,,,,,,,,,,,,,,,,,,,,,,
155,RJ Barrett,TOV,2.5,UNDER,Underdog,,0.84x,72.7%,A,STRONG BET,46.35,✅ HIT,1.0,UNDER,72.0%,45.96,✅ HIT,UNDER,71.6%,45.73,✅ HIT,UNDER,73.9%,47.0,✅ HIT,UNDER,73.3%,46.69,✅ HIT,-0.68,-0.26,1.0,-0.3,-0.5,1.4,0.8,0.0094,100.0%,,,,,,,,,,,,,,,,,,,,,,,,,,,,,,
156,Alex Caruso,AST,0.5,OVER,PrizePicks,Goblin,,77.1%,C,STRONG BET,46.33,✅ HIT,2.0,OVER,77.9%,46.79,✅ HIT,OVER,75.5%,45.44,✅ HIT,OVER,78.8%,47.25,✅ HIT,OVER,76.2%,45.86,✅ HIT,-0.97,-0.97,-1.5,-1.5,0.0,2.0,2.0,0.0131,100.0%,,,,,,,,,,,,,,,,,,,,,,,,,,,,,,
157,VJ Edgecombe,STL,1.5,UNDER,Underdog,,0.78x,59.0%,A,DO NOT BET,46.2,✅ HIT,1.0,UNDER,57.0%,43.8,✅ HIT,UNDER,57.3%,44.08,✅ HIT,UNDER,60.9%,48.4,✅ HIT,UNDER,61.0%,48.53,✅ HIT,-0.09,-0.94,-0.0,-0.7,0.63,1.2,1.6,0.0189,100.0%,1.5,0.0,37.2%,62.8%,-0.0248,1.5,0.0,35.7%,64.3%,-0.0343,,,,,,,,,,,,,,,,,,,,
158,Alperen Sengun,PA,24.5,OVER,Underdog,,,61.9%,D,DO NOT BET,46.2,✅ HIT,33.0,OVER,63.0%,47.48,✅ HIT,OVER,63.4%,47.97,✅ HIT,OVER,60.4%,44.36,✅ HIT,OVER,60.9%,44.96,✅ HIT,-0.19,-0.33,-0.74,-3.5,1.44,1.0,1.2,0.0128,100.0%,24.5,0.0,51.9%,48.1%,0.0653,24.5,0.0,50.8%,49.2%,0.0723,,,,,,,,,,,25.5,1.0,46.6%,53.4%,0.0993,24.5,0.0,52.0%,48.0%,0.0645
159,Chet Holmgren,PTS,14.5,OVER,Underdog and PrizePicks,,,62.9%,D,DO NOT BET,46.15,❌ MISS,10.0,OVER,64.6%,48.27,❌ MISS,OVER,63.7%,47.22,❌ MISS,OVER,62.0%,45.14,❌ MISS,OVER,61.1%,43.97,❌ MISS,-0.78,-0.83,-0.44,-2.9,0.16,1.4,1.6,0.0141,100.0%,14.5,0.0,51.5%,48.5%,0.0741,,,,,,,,,,,,,,,,,,,,,,,,,
160,Luka Dončić,3PM,3.5,OVER,PrizePicks,Goblin,,62.8%,S,BET WITH CAUTION,46.13,✅ HIT,4.0,OVER,66.5%,50.87,✅ HIT,OVER,66.1%,50.41,✅ HIT,OVER,59.6%,41.9,✅ HIT,OVER,59.1%,41.35,✅ HIT,-0.19,-0.71,-1.3,-1.7,1.23,1.6,1.2,0.0349,100.0%,4.5,1.0,55.0%,45.0%,0.0507,4.5,1.0,57.1%,42.9%,0.037,4.5,1.0,57.2%,42.8%,0.0363,4.5,1.0,56.8%,43.2%,0.0394,5.5,2.0,37.7%,62.3%,0.1632,4.5,1.0,59.1%,40.9%,0.024
161,RJ Barrett,FTA,5.5,UNDER,PrizePicks,,,76.4%,C,STRONG BET,45.78,✅ HIT,5.0,UNDER,79.3%,47.4,✅ HIT,UNDER,77.5%,46.38,✅ HIT,UNDER,75.3%,45.18,✅ HIT,UNDER,73.4%,44.14,✅ HIT,-0.49,-0.68,-2.25,-1.1,0.3,1.6,1.6,0.0223,100.0%,,,,,,,,,,,,,,,,,,,,,,,,,,,,,,
162,Dyson Daniels,3PM,0.5,UNDER,Underdog,,0.75x,70.1%,S,STRONG BET,45.76,✅ HIT,0.0,UNDER,74.0%,47.87,✅ HIT,UNDER,74.0%,47.86,✅ HIT,UNDER,66.3%,43.64,✅ HIT,UNDER,66.3%,43.65,✅ HIT,-0.27,0.31,0.19,0.3,-0.56,1.4,1.2,0.0384,100.0%,,,,,,,,,,,,,,,,,,,,,,,,,,,,,,
163,Amen Thompson,3PM,0.5,UNDER,Underdog,,0.65x,72.1%,S,STRONG BET,45.76,✅ HIT,0.0,UNDER,72.7%,46.09,✅ HIT,UNDER,72.7%,46.09,✅ HIT,UNDER,71.6%,45.45,✅ HIT,UNDER,71.5%,45.4,✅ HIT,-0.38,-0.75,-0.58,-0.3,0.15,1.4,1.6,0.0061,100.0%,,,,,,,,,,,,,,,,,,,,,,,,,,,,,,
164,Chet Holmgren,AST,0.5,OVER,PrizePicks,Goblin,,73.8%,C,STRONG BET,45.49,❌ MISS,0.0,OVER,75.2%,46.3,❌ MISS,OVER,72.9%,44.99,❌ MISS,OVER,74.7%,46.0,❌ MISS,OVER,72.3%,44.67,❌ MISS,-0.89,-0.81,-0.25,-1.1,-0.11,1.6,1.6,0.0124,100.0%,,,,,,,,,,,,,,,,,,,,,,,,,,,,,,
165,Jayson Tatum,STL,1.5,UNDER,Underdog,,0.70x,72.4%,A,STRONG BET,45.45,❌ MISS,3.0,UNDER,72.8%,45.68,❌ MISS,UNDER,72.7%,45.64,❌ MISS,UNDER,72.1%,45.27,❌ MISS,UNDER,72.0%,45.22,❌ MISS,-0.5,-0.4,-0.25,-0.3,-0.07,1.0,1.2,0.0038,100.0%,,,,,,,,,,,,,,,,,,,,,,,,,,,,,,
166,VJ Edgecombe,PA,24.5,OVER,Underdog and PrizePicks,,,69.8%,D,STRONG BET,45.36,✅ HIT,28.0,OVER,66.6%,41.59,✅ HIT,OVER,67.1%,42.08,✅ HIT,OVER,72.5%,48.6,✅ HIT,OVER,72.9%,49.15,✅ HIT,0.35,-0.4,3.0,-5.1,9.57,1.0,1.2,0.0293,100.0%,24.5,0.0,50.0%,50.0%,0.1285,24.5,0.0,48.8%,51.2%,0.1363,,,,,,,,,,,24.5,0.0,48.9%,51.1%,0.1355,25.5,1.0,48.6%,51.4%,0.1376
167,Payton Pritchard,PRA,22.5,OVER,Underdog and PrizePicks,,,64.2%,D,DO NOT BET,45.33,❌ MISS,17.0,OVER,61.5%,42.08,❌ MISS,OVER,61.4%,42.03,❌ MISS,OVER,66.7%,48.46,❌ MISS,OVER,67.0%,48.77,❌ MISS,-0.47,0.1,1.02,0.7,-4.16,1.2,1.2,0.0269,100.0%,23.5,1.0,58.7%,41.3%,0.0356,,,,,,,,,,,,,,,,,,,,,,,,,
168,Alperen Sengun,STL,1.5,UNDER,Underdog,,0.70x,71.8%,A,STRONG BET,45.33,✅ HIT,0.0,UNDER,70.4%,44.55,✅ HIT,UNDER,70.3%,44.53,✅ HIT,UNDER,73.3%,46.14,✅ HIT,UNDER,73.2%,46.08,✅ HIT,-0.29,-0.56,-0.71,-0.5,0.24,1.6,1.2,0.0143,100.0%,,,,,,,,,,,,,,,,,,,,,,,,,,,,,,
169,Shai Gilgeous-Alexander,PTS,29.5,UNDER,Underdog and PrizePicks,,1.03x,54.0%,D,DO NOT BET,45.25,❌ MISS,33.0,UNDER,54.2%,45.05,❌ MISS,UNDER,54.4%,45.4,❌ MISS,UNDER,53.6%,45.01,❌ MISS,UNDER,54.0%,45.52,❌ MISS,0.21,-0.12,4.13,-1.1,3.08,1.0,1.2,0.0029,100.0%,28.5,-1.0,48.8%,51.2%,0.0183,,,,,,,,,,,,,,,,,,,,,,,,,
170,Scottie Barnes,RA,12.5,UNDER,Underdog,,0.82x,57.0%,C,DO NOT BET,45.23,❌ MISS,20.0,UNDER,57.4%,45.6,❌ MISS,UNDER,56.4%,44.43,❌ MISS,UNDER,57.6%,45.99,❌ MISS,UNDER,56.6%,44.89,❌ MISS,0.22,0.58,-0.0,1.9,-1.17,1.4,0.8,0.0049,100.0%,12.5,0.0,48.1%,51.9%,0.0333,11.5,-1.0,52.5%,47.5%,0.0618,,,,,,,,,,,12.5,0.0,45.9%,54.1%,0.0189,12.5,0.0,50.0%,50.0%,0.0454
171,Jrue Holiday,AST,6.0,UNDER,PrizePicks,,,59.9%,C,DO NOT BET,45.22,❌ MISS,8.0,UNDER,62.0%,47.71,❌ MISS,UNDER,61.4%,47.05,❌ MISS,UNDER,58.1%,43.11,❌ MISS,UNDER,58.0%,43.0,❌ MISS,0.07,0.12,-1.06,0.4,-0.17,1.2,1.2,0.0184,100.0%,6.5,0.5,38.9%,61.1%,-0.0076,5.5,-0.5,56.8%,43.2%,0.1084,6.5,0.5,40.8%,59.2%,0.0047,5.5,-0.5,57.3%,42.7%,0.1117,6.5,0.5,37.9%,62.1%,-0.0146,5.5,-0.5,57.5%,42.5%,0.1128
172,Stephon Castle,3PM,1.5,UNDER,Underdog,,0.73x,57.5%,S,DO NOT BET,45.22,✅ HIT,0.0,UNDER,58.2%,46.03,✅ HIT,UNDER,58.3%,46.24,✅ HIT,UNDER,56.6%,44.17,✅ HIT,UNDER,56.8%,44.43,✅ HIT,-0.31,0.26,0.58,0.3,-0.67,1.2,1.2,0.0077,100.0%,1.5,0.0,37.7%,62.3%,-0.0314,1.5,0.0,37.0%,63.0%,-0.0361,1.5,0.0,37.2%,62.8%,-0.0347,1.5,0.0,36.9%,63.1%,-0.0367,1.5,0.0,37.5%,62.5%,-0.0326,1.5,0.0,38.0%,62.0%,-0.0295
173,Quentin Grimes,RA,8.5,UNDER,Underdog,,0.86x,58.3%,C,DO NOT BET,45.21,❌ MISS,11.0,UNDER,59.0%,45.91,❌ MISS,UNDER,57.8%,44.44,❌ MISS,UNDER,58.8%,45.95,❌ MISS,UNDER,57.7%,44.54,❌ MISS,-0.38,-0.08,-0.72,-0.3,-1.08,1.2,0.8,0.0056,100.0%,7.5,-1.0,56.6%,43.4%,0.0972,7.5,-1.0,58.6%,41.4%,0.11,,,,,,,,,,,8.5,0.0,42.4%,57.6%,0.0047,8.5,0.0,45.5%,54.5%,0.0247
174,VJ Edgecombe,TOV,2.5,UNDER,Underdog,,0.77x,75.9%,A,STRONG BET,45.21,✅ HIT,1.0,UNDER,76.6%,45.59,✅ HIT,UNDER,76.1%,45.3,✅ HIT,UNDER,75.8%,45.15,✅ HIT,UNDER,75.2%,44.82,✅ HIT,-1.06,-2.37,-1.0,-1.5,0.83,1.6,2.0,0.005,100.0%,,,,,,,,,,,,,,,,,,,,,,,,,,,,,,
175,Austin Reaves,PR,29.5,UNDER,Underdog,,0.88x,60.0%,D,DO NOT BET,45.21,✅ HIT,26.0,UNDER,54.8%,38.92,✅ HIT,UNDER,54.7%,38.76,✅ HIT,UNDER,65.4%,51.65,✅ HIT,UNDER,65.3%,51.5,✅ HIT,-0.21,-1.05,0.24,-6.1,4.88,1.2,1.6,0.053,100.0%,28.5,-1.0,52.2%,47.8%,0.0797,29.5,0.0,48.5%,51.5%,0.0557,,,,,,,,,,,29.5,0.0,48.9%,51.1%,0.0583,28.5,-1.0,50.4%,49.6%,0.0676
176,Stephon Castle,RA,13.5,UNDER,Underdog and PrizePicks,,0.85x,61.9%,C,DO NOT BET,45.2,✅ HIT,12.0,UNDER,61.2%,44.32,✅ HIT,UNDER,59.8%,42.66,✅ HIT,UNDER,64.2%,47.92,✅ HIT,UNDER,62.5%,45.9,✅ HIT,-0.45,0.77,-2.2,2.3,-3.63,0.8,0.8,0.0162,100.0%,13.5,0.0,46.3%,53.7%,0.0531,13.5,0.0,48.7%,51.3%,0.0686,,,,,,,,,,,13.5,0.0,48.9%,51.1%,0.0703,13.5,0.0,48.0%,52.0%,0.0643
177,Victor Wembanyama,STL,0.5,OVER,PrizePicks,Goblin,,63.1%,A,BET WITH CAUTION,45.04,✅ HIT,3.0,OVER,63.3%,45.74,✅ HIT,OVER,62.7%,45.19,✅ HIT,OVER,63.4%,44.88,✅ HIT,OVER,62.8%,44.37,✅ HIT,-0.47,-0.46,-2.0,-0.5,-0.02,1.4,1.2,0.003,100.0%,1.5,1.0,54.2%,45.8%,0.0576,1.5,1.0,57.0%,43.0%,0.0391,,,,,,,,,,,,,,,,,,,,
178,Jrue Holiday,REB,4.5,UNDER,Underdog and PrizePicks,,0.88x,59.4%,B,DO NOT BET,44.99,❌ MISS,5.0,UNDER,60.4%,46.23,❌ MISS,UNDER,59.2%,44.73,❌ MISS,UNDER,59.6%,45.19,❌ MISS,UNDER,58.5%,43.82,❌ MISS,-0.0,0.11,-0.5,0.3,-0.3,1.2,1.2,0.007,100.0%,4.5,0.0,47.2%,52.8%,0.0431,4.5,0.0,48.8%,51.2%,0.0535,4.5,0.0,47.6%,52.4%,0.0456,4.5,0.0,48.1%,51.9%,0.0492,5.5,1.0,34.0%,66.0%,-0.0428,4.5,0.0,49.3%,50.7%,0.057
179,Joel Embiid,FGM,7.5,OVER,PrizePicks,,,73.2%,C,STRONG BET,44.97,✅ HIT,12.0,OVER,73.5%,45.17,✅ HIT,OVER,72.5%,44.61,✅ HIT,OVER,73.9%,45.36,✅ HIT,OVER,72.8%,44.76,✅ HIT,-0.77,-1.19,-0.77,-2.3,0.8,2.0,2.0,0.0055,100.0%,,,,,,,,,,,,,,,,,,,,,,,,,,,,,,
180,Ace Bailey,FGM,9.5,UNDER,PrizePicks,,,76.2%,C,STRONG BET,44.95,✅ HIT,7.0,UNDER,78.1%,46.03,✅ HIT,UNDER,77.8%,45.87,✅ HIT,UNDER,74.4%,44.01,✅ HIT,UNDER,74.3%,43.91,✅ HIT,-1.19,-0.42,1.5,-1.5,-2.75,1.4,1.2,0.0181,100.0%,,,,,,,,,,,,,,,,,,,,,,,,,,,,,,
181,Jamal Murray,RA,11.5,UNDER,Underdog,,0.86x,57.5%,C,DO NOT BET,44.93,✅ HIT,10.0,UNDER,57.9%,45.33,✅ HIT,UNDER,56.8%,44.08,✅ HIT,UNDER,58.2%,45.75,✅ HIT,UNDER,57.2%,44.54,✅ HIT,-0.01,-0.02,0.14,-0.1,0.04,1.4,1.6,0.0055,100.0%,11.5,0.0,44.8%,55.2%,0.0153,11.5,0.0,46.3%,53.7%,0.0247,,,,,,,,,,,11.5,0.0,45.9%,54.1%,0.0223,11.5,0.0,46.5%,53.5%,0.0263
182,Myles Turner,3PA,5.5,UNDER,Underdog,,1.03x,68.4%,B,STRONG BET,44.9,NO GAME,,UNDER,68.1%,44.75,NO GAME,UNDER,67.3%,44.3,NO GAME,UNDER,69.4%,45.44,NO GAME,UNDER,68.8%,45.09,NO GAME,-0.06,-1.06,0.37,-1.5,1.41,1.6,1.6,0.0077,100.0%,,,,,,,,,,,,,,,,,,,,,,,,,,,,,,
183,CJ McCollum,REB,1.5,OVER,PrizePicks,Goblin,,79.2%,B,STRONG BET,44.87,❌ MISS,1.0,OVER,79.3%,44.96,❌ MISS,OVER,79.0%,44.76,❌ MISS,OVER,79.5%,45.02,❌ MISS,OVER,78.9%,44.73,❌ MISS,-1.42,-0.53,-3.21,-0.7,-1.19,1.8,1.6,0.0023,100.0%,,,,,,,,,,,,,,,,,,,,,,,,,,,,,,
184,Shai Gilgeous-Alexander,REB,4.5,UNDER,Underdog,,0.82x,58.0%,B,DO NOT BET,44.84,✅ HIT,2.0,UNDER,58.6%,45.57,✅ HIT,UNDER,57.4%,44.14,✅ HIT,UNDER,58.5%,45.49,✅ HIT,UNDER,57.4%,44.18,✅ HIT,-0.05,-0.71,0.81,-0.7,0.65,1.0,1.2,0.0057,100.0%,4.5,0.0,43.7%,56.3%,0.0108,,,,,,,,,,,,,,,,,,,,,,,,,
185,Deni Avdija,PR,31.5,UNDER,PrizePicks,,,59.2%,D,DO NOT BET,44.76,✅ HIT,22.0,UNDER,58.8%,44.19,✅ HIT,UNDER,58.5%,43.88,✅ HIT,UNDER,59.9%,45.57,✅ HIT,UNDER,59.8%,45.41,✅ HIT,-0.07,-0.15,0.16,-1.1,0.58,1.6,1.2,0.006,100.0%,32.5,1.0,47.7%,52.3%,0.0451,32.5,1.0,47.4%,52.6%,0.0433,,,,,,,,,,,32.5,1.0,45.1%,54.9%,0.028,31.5,0.0,50.0%,50.0%,0.06
186,Paul George,STL,0.5,OVER,PrizePicks,Goblin,,68.8%,A,BET,44.75,✅ HIT,4.0,OVER,67.8%,43.58,✅ HIT,OVER,67.2%,42.94,✅ HIT,OVER,70.4%,46.55,✅ HIT,OVER,69.7%,45.91,✅ HIT,-2.45,-4.25,0.0,-1.7,0.72,1.8,2.0,0.0131,100.0%,1.5,1.0,64.6%,35.4%,0.0271,1.5,1.0,66.8%,33.2%,0.013,,,,,,,,,,,,,,,,,,,,
187,Andrew Nembhard,AST,7.5,UNDER,Underdog and PrizePicks,,0.88x,59.4%,C,DO NOT BET,44.7,❌ MISS,19.0,UNDER,58.5%,43.64,❌ MISS,UNDER,58.2%,43.29,❌ MISS,UNDER,60.6%,46.16,❌ MISS,UNDER,60.2%,45.72,❌ MISS,-0.03,0.08,-0.9,0.3,-0.43,1.2,1.2,0.0102,100.0%,7.5,0.0,48.1%,51.9%,0.0489,7.5,0.0,49.7%,50.3%,0.0593,7.5,0.0,50.0%,50.0%,0.0611,7.5,0.0,47.5%,52.5%,0.0446,8.5,1.0,41.0%,59.0%,0.0023,7.5,0.0,48.0%,52.0%,0.0481
188,Paul George,REB,5.0,UNDER,PrizePicks,,,58.4%,B,DO NOT BET,44.65,❌ MISS,6.0,UNDER,58.6%,44.8,❌ MISS,UNDER,57.4%,43.38,❌ MISS,UNDER,59.4%,45.88,❌ MISS,UNDER,58.3%,44.54,❌ MISS,0.1,-0.27,0.06,-0.4,0.55,1.4,1.2,0.0074,100.0%,4.5,-0.5,51.5%,48.5%,0.0647,4.5,-0.5,53.8%,46.2%,0.0794,5.5,0.5,44.1%,55.9%,0.0162,4.5,-0.5,52.9%,47.1%,0.0736,5.5,0.5,43.9%,56.1%,0.0148,5.5,0.5,46.0%,54.0%,0.0289
189,Jalen Duren,TOV,2.5,UNDER,Underdog,,0.77x,73.6%,A,STRONG BET,44.61,❌ MISS,4.0,UNDER,76.4%,46.14,❌ MISS,UNDER,75.8%,45.85,❌ MISS,UNDER,71.3%,43.36,❌ MISS,UNDER,70.8%,43.1,❌ MISS,-0.99,-1.12,-0.89,-0.9,0.1,1.6,1.6,0.0253,100.0%,,,,,,,,,,,,,,,,,,,,,,,,,,,,,,
190,Kristaps Porziņģis,AST,2.5,UNDER,Underdog,,0.78x,57.0%,C,DO NOT BET,44.58,✅ HIT,2.0,UNDER,57.8%,45.49,✅ HIT,UNDER,57.6%,45.25,✅ HIT,UNDER,56.3%,43.78,✅ HIT,UNDER,56.4%,43.83,✅ HIT,0.1,0.06,0.22,0.1,0.08,1.4,1.2,0.0066,100.0%,,,,,,2.5,0.0,43.2%,56.8%,0.0012,,,,,,2.5,0.0,44.1%,55.9%,0.0071,2.5,0.0,42.4%,57.6%,-0.0039,2.5,0.0,46.5%,53.5%,0.0229
191,Donovan Mitchell,PA,34.5,UNDER,Underdog and PrizePicks,,,59.1%,D,DO NOT BET,44.57,✅ HIT,32.0,UNDER,59.9%,45.62,✅ HIT,UNDER,59.6%,45.25,✅ HIT,UNDER,58.6%,43.97,✅ HIT,UNDER,58.1%,43.44,✅ HIT,-0.06,-0.17,-0.69,-1.3,0.83,1.4,1.2,0.0075,100.0%,34.5,0.0,50.0%,50.0%,0.0588,34.5,0.0,48.8%,51.2%,0.051,,,,,,,,,,,34.5,0.0,48.9%,51.1%,0.0519,34.5,0.0,49.2%,50.8%,0.0537
192,Luka Dončić,RA,16.5,UNDER,Underdog,,,59.2%,C,DO NOT BET,44.56,✅ HIT,13.0,UNDER,57.4%,42.49,✅ HIT,UNDER,56.4%,41.25,✅ HIT,UNDER,62.2%,48.15,✅ HIT,UNDER,60.7%,46.36,✅ HIT,-0.09,-1.07,0.03,-3.5,3.22,1.2,1.6,0.0235,100.0%,16.5,0.0,47.2%,52.8%,0.0415,16.5,0.0,49.7%,50.3%,0.0579,,,,,,,,,,,17.5,1.0,45.4%,54.6%,0.03,16.5,0.0,48.0%,52.0%,0.0467
193,Kyle Kuzma,3PA,4.5,UNDER,Underdog,,0.80x,73.1%,B,STRONG BET,44.54,NO GAME,,UNDER,72.5%,44.24,NO GAME,UNDER,71.4%,43.63,NO GAME,UNDER,74.6%,45.39,NO GAME,UNDER,73.7%,44.89,NO GAME,-0.47,0.05,-1.5,0.1,-1.11,1.2,1.2,0.0121,100.0%,,,,,,,,,,,,,,,,,,,,,,,,,,,,,,
194,Kyle Kuzma,REB,4.0,UNDER,PrizePicks,,,56.1%,B,DO NOT BET,44.51,NO GAME,,UNDER,56.2%,44.68,NO GAME,UNDER,55.1%,43.42,NO GAME,UNDER,57.0%,45.56,NO GAME,UNDER,55.9%,44.39,NO GAME,0.31,-0.7,1.5,-1.2,1.74,1.8,1.6,0.0067,100.0%,3.5,-0.5,52.9%,47.1%,0.0584,3.5,-0.5,51.9%,48.1%,0.0519,3.5,-0.5,53.3%,46.7%,0.0611,3.5,-0.5,51.0%,49.0%,0.0461,4.5,0.5,38.5%,61.5%,-0.0356,3.5,-0.5,48.6%,51.4%,0.0303
195,Kristaps Porziņģis,3PA,5.5,UNDER,Underdog,,0.94x,68.8%,B,STRONG BET,44.48,✅ HIT,2.0,UNDER,68.5%,44.3,✅ HIT,UNDER,67.6%,43.84,✅ HIT,UNDER,69.8%,45.07,✅ HIT,UNDER,69.2%,44.7,✅ HIT,-0.41,-0.1,0.27,-0.1,-0.32,1.2,1.2,0.0083,100.0%,,,,,,,,,,,,,,,,,,,,,,,,,,,,,,
196,Jayson Tatum,REB,9.0,UNDER,PrizePicks,,,60.4%,B,DO NOT BET,44.44,❌ MISS,12.0,UNDER,61.6%,45.79,❌ MISS,UNDER,60.3%,44.25,❌ MISS,UNDER,60.6%,44.55,❌ MISS,UNDER,59.4%,43.15,❌ MISS,-0.05,0.52,-0.0,1.2,-1.32,1.2,0.8,0.0078,100.0%,9.5,0.5,42.9%,57.1%,0.0216,,,,,,,,,,,,,,,,,,,,,,,,,
197,Ace Bailey,STL,0.5,OVER,PrizePicks,Goblin,,60.8%,A,BET WITH CAUTION,44.41,✅ HIT,2.0,OVER,63.1%,47.81,✅ HIT,OVER,62.5%,39.18,✅ HIT,OVER,59.1%,41.54,✅ HIT,OVER,58.6%,41.09,✅ HIT,-0.31,-0.26,-1.5,-0.3,-0.06,1.4,0.8,0.02,100.0%,1.5,1.0,51.7%,48.3%,0.0595,,,,,,,,,,,,,,,,,,,,,,,,,
198,Jaden McDaniels,3PA,4.5,UNDER,Underdog,,0.86x,70.7%,B,STRONG BET,44.4,✅ HIT,4.0,UNDER,73.4%,45.86,✅ HIT,UNDER,72.2%,45.23,✅ HIT,UNDER,68.9%,43.41,✅ HIT,UNDER,68.3%,43.08,✅ HIT,-0.43,-0.2,-0.14,-0.5,-0.6,1.4,1.2,0.0214,100.0%,,,,,,,,,,,,,,,,,,,,,,,,,,,,,,
199,Deni Avdija,PA,31.5,UNDER,Underdog,,,59.4%,D,DO NOT BET,44.39,✅ HIT,25.0,UNDER,55.0%,39.08,✅ HIT,UNDER,54.6%,38.67,✅ HIT,UNDER,64.2%,50.13,✅ HIT,UNDER,63.8%,49.66,✅ HIT,-0.11,-0.3,-0.85,-2.1,1.34,1.4,1.2,0.0461,100.0%,31.5,0.0,50.0%,50.0%,0.0613,31.5,0.0,49.2%,50.8%,0.0561,,,,,,,,,,,31.5,0.0,46.9%,53.0%,0.0415,30.5,-1.0,51.9%,48.1%,0.0739
200,Jaden McDaniels,FGA,13.5,UNDER,PrizePicks,,,73.7%,D,STRONG BET,44.37,❌ MISS,17.0,UNDER,75.1%,45.12,❌ MISS,UNDER,71.8%,43.32,❌ MISS,UNDER,75.3%,45.23,❌ MISS,UNDER,72.7%,43.81,❌ MISS,-0.53,-0.34,-0.26,-1.7,-0.99,1.6,1.2,0.015,100.0%,,,,,,,,,,,,,,,,,,,,,,,,,,,,,,
201,Immanuel Quickley,PR,20.5,UNDER,PrizePicks,,,58.4%,D,DO NOT BET,44.36,NO GAME,,UNDER,59.5%,45.66,NO GAME,UNDER,59.2%,45.33,NO GAME,UNDER,57.5%,43.3,NO GAME,UNDER,57.3%,43.14,NO GAME,0.09,-1.18,-0.23,-5.9,6.37,1.4,1.6,0.0099,100.0%,19.5,-1.0,50.4%,49.6%,0.0572,20.5,0.0,49.7%,50.3%,0.0528,,,,,,,,,,,21.5,1.0,42.9%,57.1%,0.0085,20.5,0.0,47.6%,52.4%,0.0388
202,Alperen Sengun,3PM,0.5,UNDER,Underdog,,0.73x,68.5%,S,BET,44.35,✅ HIT,0.0,UNDER,70.1%,45.23,✅ HIT,UNDER,70.2%,45.24,✅ HIT,UNDER,66.9%,43.48,✅ HIT,UNDER,66.9%,43.47,✅ HIT,-0.0,-0.2,-0.58,-0.1,0.1,1.4,1.2,0.016,100.0%,,,,,,,,,,,,,,,,,,,,,,,,,,,,,,
203,Klay Thompson,AST,0.5,OVER,PrizePicks,Goblin,,74.3%,C,STRONG BET,44.3,❌ MISS,0.0,OVER,75.4%,44.9,❌ MISS,OVER,73.0%,43.59,❌ MISS,OVER,75.7%,45.04,❌ MISS,OVER,73.2%,43.69,❌ MISS,-2.14,-1.75,-0.71,-0.7,-0.15,2.0,2.0,0.0122,100.0%,,,,,,,,,,,,,,,,,,,,,,,,,,,,,,
204,Myles Turner,BLK,1.5,UNDER,Underdog,,0.72x,56.2%,S,BET WITH CAUTION,44.29,NO GAME,,UNDER,56.3%,44.42,NO GAME,UNDER,56.9%,45.16,NO GAME,UNDER,55.4%,43.41,NO GAME,UNDER,56.1%,44.19,NO GAME,0.02,-0.94,0.52,-0.7,0.72,1.6,1.6,0.0052,100.0%,1.5,0.0,31.8%,68.2%,-0.0783,1.5,0.0,33.9%,66.1%,-0.0646,,,,,,,,,,,,,,,,1.5,0.0,35.6%,64.4%,-0.0532
205,Scoot Henderson,3PM,1.5,OVER,Underdog and PrizePicks,,0.82x,55.7%,S,DO NOT BET,44.29,✅ HIT,3.0,OVER,56.0%,44.67,✅ HIT,OVER,55.7%,44.28,✅ HIT,OVER,55.8%,44.37,✅ HIT,OVER,55.3%,43.83,✅ HIT,-0.26,0.1,3.0,0.1,-0.36,1.2,0.8,0.0025,100.0%,1.5,0.0,53.2%,46.8%,0.0163,1.5,0.0,53.5%,46.5%,0.0146,1.5,0.0,52.8%,47.2%,0.0187,1.5,0.0,53.4%,46.6%,0.0147,1.5,0.0,54.1%,45.9%,0.0105,1.5,0.0,56.6%,43.4%,-0.0057
206,Amen Thompson,PA,21.5,OVER,Underdog and PrizePicks,,,58.4%,D,DO NOT BET,44.26,❌ MISS,21.0,OVER,60.0%,46.09,❌ MISS,OVER,60.4%,46.57,❌ MISS,OVER,56.5%,41.89,❌ MISS,OVER,57.0%,42.49,❌ MISS,-0.42,-0.8,0.42,-3.3,1.58,1.6,1.6,0.0174,100.0%,21.5,0.0,52.8%,47.2%,0.0366,21.5,0.0,50.1%,49.9%,0.0539,,,,,,,,,,,22.5,1.0,42.2%,57.8%,0.1053,21.5,0.0,52.4%,47.6%,0.0391
207,Kawhi Leonard,TOV,2.5,UNDER,Underdog,,0.84x,65.6%,A,BET,44.25,❌ MISS,3.0,UNDER,69.4%,46.35,❌ MISS,UNDER,69.1%,46.16,❌ MISS,UNDER,62.0%,42.29,❌ MISS,UNDER,61.9%,42.21,❌ MISS,-0.49,0.12,1.5,0.1,-0.49,1.6,1.2,0.0364,100.0%,,,,,,,,,,,,,,,,,,,,,,,,,,,,,,
208,Jalen Williams,PR,17.0,OVER,PrizePicks,,,61.6%,D,DO NOT BET,44.25,❌ MISS,10.0,OVER,60.3%,42.58,❌ MISS,OVER,59.9%,42.16,❌ MISS,OVER,63.0%,46.06,❌ MISS,OVER,63.1%,46.21,❌ MISS,-0.62,-0.41,1.5,-3.4,-1.75,1.6,1.2,0.0149,100.0%,16.5,-0.5,50.3%,49.7%,0.0732,,,,,,,,,,,,,,,,,,,,,,,,,
209,Cooper Flagg,PTS,22.5,UNDER,Underdog and PrizePicks,,,60.7%,D,DO NOT BET,44.24,❌ MISS,26.0,UNDER,57.2%,40.07,❌ MISS,UNDER,57.4%,40.23,❌ MISS,UNDER,64.0%,48.35,❌ MISS,UNDER,64.0%,48.32,❌ MISS,-0.39,0.09,-0.1,0.5,-2.72,1.4,1.2,0.0336,100.0%,21.5,-1.0,41.4%,58.6%,0.0135,22.5,0.0,49.9%,50.1%,0.0684,22.5,0.0,48.1%,51.9%,0.057,22.5,0.0,49.2%,50.8%,0.0641,26.5,4.0,44.0%,56.0%,0.0305,22.5,0.0,48.0%,52.0%,0.0562
210,Jalen Duren,REB,11.5,UNDER,Underdog,,0.86x,72.1%,B,STRONG BET,44.24,❌ MISS,14.0,UNDER,72.0%,44.18,❌ MISS,UNDER,70.5%,43.34,❌ MISS,UNDER,73.8%,45.13,❌ MISS,UNDER,72.2%,44.3,❌ MISS,-0.48,-0.75,-1.73,-1.5,0.54,1.6,2.0,0.0115,100.0%,,,,,,,,,,,,,,,,,,,,,,,,,,,,,,
211,Bam Adebayo,STL,1.5,UNDER,Underdog,,0.72x,68.9%,A,BET,44.19,❌ MISS,2.0,UNDER,68.6%,44.0,❌ MISS,UNDER,68.6%,44.0,❌ MISS,UNDER,69.3%,44.4,❌ MISS,UNDER,69.2%,44.37,❌ MISS,-0.29,0.26,-0.71,0.3,-0.64,1.2,1.2,0.0035,100.0%,,,,,,,,,,,,,,,,,,,,,,,,,,,,,,
212,Ace Bailey,3PA,10.5,UNDER,Underdog and PrizePicks,,,74.6%,B,STRONG BET,44.08,✅ HIT,6.0,UNDER,75.5%,44.57,✅ HIT,UNDER,74.2%,43.88,✅ HIT,UNDER,74.8%,44.19,✅ HIT,UNDER,73.9%,43.68,✅ HIT,-0.92,0.09,1.5,0.5,-5.65,1.4,1.2,0.0061,100.0%,,,,,,,,,,,,,,,,,,,,,,,,,,,,,,
213,Alex Caruso,REB,1.5,OVER,PrizePicks,Goblin,,72.2%,B,STRONG BET,44.05,✅ HIT,4.0,OVER,72.9%,44.42,✅ HIT,OVER,72.8%,44.34,✅ HIT,OVER,71.8%,43.78,✅ HIT,OVER,71.5%,43.64,✅ HIT,-0.49,-0.59,-1.5,-1.5,0.27,1.6,1.6,0.0062,100.0%,,,,,,,,,,,,,,,,,,,,,,,,,,,,,,
214,Myles Turner,PTS,11.5,UNDER,Underdog and PrizePicks,,,58.3%,D,DO NOT BET,43.98,NO GAME,,UNDER,57.2%,42.54,NO GAME,UNDER,57.3%,42.7,NO GAME,UNDER,59.3%,45.24,NO GAME,UNDER,59.4%,45.44,NO GAME,0.12,-1.22,0.25,-3.9,4.29,1.6,1.6,0.0106,100.0%,11.5,0.0,49.5%,50.5%,0.0504,11.5,0.0,49.6%,50.4%,0.0513,11.5,0.0,49.1%,50.9%,0.0477,11.5,0.0,49.7%,50.3%,0.0521,13.5,2.0,32.9%,67.2%,-0.0576,11.5,0.0,51.1%,48.9%,0.0608
215,Tyler Herro,3PM,1.5,OVER,PrizePicks,Goblin,,71.2%,S,STRONG BET,43.92,✅ HIT,4.0,OVER,72.7%,44.77,✅ HIT,OVER,72.3%,44.53,✅ HIT,OVER,70.2%,43.37,✅ HIT,OVER,69.5%,43.02,✅ HIT,-1.0,-0.71,-0.58,-0.7,-0.28,1.6,1.6,0.0135,100.0%,,,,,,,,,,,,,,,,,,,,,,,,,,,,,,
216,VJ Edgecombe,AST,3.5,OVER,PrizePicks,Goblin,,64.4%,C,DO NOT BET,43.87,✅ HIT,6.0,OVER,64.5%,43.98,✅ HIT,OVER,62.7%,41.89,✅ HIT,OVER,66.1%,45.99,✅ HIT,OVER,64.1%,43.64,✅ HIT,-0.17,-0.58,0.0,-1.7,1.2,1.2,1.6,0.012,100.0%,4.5,1.0,47.0%,53.0%,0.1126,4.5,1.0,44.7%,55.3%,0.1278,4.5,1.0,50.1%,49.9%,0.0928,4.5,1.0,46.8%,53.2%,0.1142,4.5,1.0,44.5%,55.5%,0.1293,4.5,1.0,49.8%,50.2%,0.0945
217,Isaiah Hartenstein,PRA,17.5,OVER,PrizePicks,,,65.5%,D,STRONG BET,43.81,❌ MISS,13.0,OVER,65.6%,43.88,❌ MISS,OVER,65.4%,43.61,❌ MISS,OVER,65.5%,43.73,❌ MISS,OVER,65.7%,44.03,❌ MISS,-0.5,-0.28,-3.0,-3.1,-2.45,1.2,0.8,0.0013,100.0%,17.5,0.0,50.0%,50.0%,0.101,,,,,,,,,,,,,,,,,,,,,,,,,
218,Reed Sheppard,SB,2.5,UNDER,Underdog,,0.87x,70.1%,A,STRONG BET,43.76,✅ HIT,2.0,UNDER,68.6%,42.94,✅ HIT,UNDER,68.4%,42.81,✅ HIT,UNDER,71.9%,44.76,✅ HIT,UNDER,71.5%,44.51,✅ HIT,-0.46,0.94,-0.96,0.7,-1.05,0.8,0.4,0.0161,100.0%,,,,,,,,,,,,,,,,,,,,,,,,,,,,,,
219,Reed Sheppard,TOV,2.5,UNDER,Underdog and PrizePicks,,,73.1%,A,STRONG BET,43.75,✅ HIT,2.0,UNDER,74.3%,44.41,✅ HIT,UNDER,73.9%,44.15,✅ HIT,UNDER,72.4%,43.36,✅ HIT,UNDER,71.9%,43.08,✅ HIT,-0.66,-0.07,-1.15,-0.1,-0.79,0.6,0.8,0.0099,100.0%,,,,,,,,,,,,,,,,,,,,,,,,,,,,,,
220,Kawhi Leonard,3PM,2.5,UNDER,Underdog,,0.89x,58.2%,S,DO NOT BET,43.74,✅ HIT,2.0,UNDER,60.5%,46.47,✅ HIT,UNDER,60.6%,46.64,✅ HIT,UNDER,55.7%,40.78,✅ HIT,UNDER,56.0%,41.05,✅ HIT,0.14,0.6,-1.5,0.7,-0.54,1.0,0.8,0.0235,100.0%,2.5,0.0,46.8%,53.2%,0.0325,2.5,0.0,45.0%,55.0%,0.0206,2.5,0.0,46.0%,54.0%,0.0272,2.5,0.0,45.4%,54.6%,0.0232,2.5,0.0,44.6%,55.4%,0.0181,2.5,0.0,45.5%,54.5%,0.0238
221,Austin Reaves,3PM,1.5,OVER,PrizePicks,Goblin,,63.6%,S,BET WITH CAUTION,43.72,✅ HIT,2.0,OVER,65.1%,45.18,✅ HIT,OVER,64.8%,44.79,✅ HIT,OVER,62.5%,42.7,✅ HIT,OVER,61.9%,42.2,✅ HIT,-1.06,0.12,-0.27,0.1,-0.95,1.4,1.2,0.0139,100.0%,2.5,1.0,61.7%,38.3%,0.0121,2.5,1.0,63.2%,36.8%,0.0024,2.5,1.0,63.6%,36.4%,-0.0002,2.5,1.0,63.4%,36.6%,0.0014,2.5,1.0,63.1%,36.9%,0.0031,2.5,1.0,67.5%,32.6%,-0.0251
222,Darius Garland,REB,2.5,UNDER,Underdog,,0.87x,58.2%,B,DO NOT BET,43.7,❌ MISS,4.0,UNDER,59.0%,44.66,❌ MISS,UNDER,57.8%,43.21,❌ MISS,UNDER,58.5%,44.12,❌ MISS,UNDER,57.4%,42.81,❌ MISS,-0.15,-0.4,-0.71,-0.3,0.19,1.2,1.2,0.0061,100.0%,,,,,,2.5,0.0,43.7%,56.3%,0.0121,2.5,0.0,48.5%,51.5%,0.0436,2.5,0.0,45.0%,55.0%,0.0206,2.5,0.0,43.7%,56.3%,0.0123,2.5,0.0,48.0%,52.0%,0.0401
223,Reed Sheppard,3PA,8.5,UNDER,Underdog,,1.04x,73.5%,B,STRONG BET,43.7,❌ MISS,10.0,UNDER,77.0%,45.6,❌ MISS,UNDER,75.6%,44.86,❌ MISS,UNDER,71.1%,42.37,❌ MISS,UNDER,70.4%,41.96,❌ MISS,-0.56,0.04,-2.16,0.1,-1.67,1.2,1.6,0.0284,100.0%,,,,,,,,,,,,,,,,,,,,,,,,,,,,,,
224,Julius Randle,3PM,0.5,OVER,PrizePicks,Goblin,,71.4%,S,STRONG BET,43.65,❌ MISS,0.0,OVER,73.2%,44.61,❌ MISS,OVER,72.8%,44.37,❌ MISS,OVER,70.2%,42.99,❌ MISS,OVER,69.6%,42.63,❌ MISS,-0.86,-0.88,-0.67,-0.9,0.02,1.2,1.6,0.0155,100.0%,,,,,,,,,,,,,,,,,,,,,,,,,,,,,,
225,CJ McCollum,REB,3.5,UNDER,Underdog,,0.81x,64.6%,B,DO NOT BET,43.65,✅ HIT,1.0,UNDER,66.1%,44.48,✅ HIT,UNDER,64.7%,43.7,✅ HIT,UNDER,64.5%,43.56,✅ HIT,UNDER,63.2%,42.84,✅ HIT,-0.08,-0.98,1.38,-1.3,1.19,1.4,1.6,0.0106,100.0%,,,,,,,,,,,,,,,,,,,,,,,,,,,,,,
226,Chet Holmgren,SB,2.5,UNDER,Underdog,,0.83x,69.7%,A,BET,43.61,✅ HIT,0.0,UNDER,72.0%,44.9,✅ HIT,UNDER,71.6%,44.7,✅ HIT,UNDER,67.6%,42.5,✅ HIT,UNDER,67.3%,42.35,✅ HIT,-0.03,0.2,-2.0,0.3,-0.35,1.2,1.2,0.0216,100.0%,,,,,,,,,,,,,,,,,,,,,,,,,,,,,,
227,VJ Edgecombe,FGA,17.5,OVER,Underdog and PrizePicks,,1.03x,53.6%,D,DO NOT BET,43.54,❌ MISS,9.0,OVER,52.4%,42.89,❌ MISS,OVER,51.4%,42.29,❌ MISS,OVER,56.1%,44.9,❌ MISS,OVER,54.6%,44.08,❌ MISS,0.58,-0.56,3.0,-3.5,7.11,1.0,1.6,0.0184,100.0%,,,,,,,,,,,,,,,,,,,,,,,,,,,,,,
228,Joel Embiid,AST,4.0,UNDER,PrizePicks,,,58.3%,C,DO NOT BET,43.5,❌ MISS,7.0,UNDER,58.3%,43.54,❌ MISS,UNDER,58.1%,43.31,❌ MISS,UNDER,58.5%,43.62,❌ MISS,UNDER,58.4%,43.52,❌ MISS,-0.04,0.27,-1.0,0.4,-0.46,0.8,1.2,0.0017,100.0%,3.5,-0.5,54.0%,46.0%,0.0805,3.5,-0.5,52.8%,47.2%,0.0721,3.5,-0.5,53.0%,46.9%,0.074,3.5,-0.5,52.3%,47.6%,0.0694,4.5,0.5,34.4%,65.6%,-0.0473,3.5,-0.5,51.2%,48.8%,0.062
229,Luka Dončić,AST,8.0,UNDER,PrizePicks,,,57.3%,C,DO NOT BET,43.46,✅ HIT,7.0,UNDER,60.6%,47.5,✅ HIT,UNDER,60.1%,46.94,✅ HIT,UNDER,54.1%,39.56,✅ HIT,UNDER,54.3%,39.86,✅ HIT,0.14,-0.7,0.17,-1.8,2.15,1.2,1.6,0.0308,100.0%,7.5,-0.5,54.4%,45.6%,0.0757,7.5,-0.5,55.4%,44.6%,0.0824,7.5,-0.5,54.8%,45.2%,0.0783,7.5,-0.5,54.7%,45.3%,0.078,9.5,1.5,33.4%,66.6%,-0.0604,8.5,0.5,44.1%,55.9%,0.0089
230,Jaden McDaniels,3PM,0.5,OVER,PrizePicks,Goblin,,69.8%,S,BET,43.45,✅ HIT,3.0,OVER,70.4%,43.83,✅ HIT,OVER,70.0%,43.6,✅ HIT,OVER,69.6%,43.37,✅ HIT,OVER,69.0%,43.01,✅ HIT,-0.67,-0.66,0.0,-0.9,-0.01,1.2,1.2,0.0055,100.0%,,,,,,,,,,,,,,,,,,,,,,,,,,,,,,
231,LeBron James,3PM,0.5,OVER,PrizePicks,Goblin,,64.1%,S,BET WITH CAUTION,43.45,❌ MISS,0.0,OVER,66.6%,46.24,❌ MISS,OVER,66.2%,45.77,❌ MISS,OVER,62.0%,41.2,❌ MISS,OVER,61.4%,40.56,❌ MISS,-1.11,-0.4,1.5,-0.3,-0.53,1.2,1.2,0.0238,100.0%,1.5,1.0,46.4%,53.6%,0.1149,1.5,1.0,48.2%,51.8%,0.1034,1.5,1.0,46.9%,53.1%,0.1116,1.5,1.0,46.4%,53.6%,0.1149,1.5,1.0,48.2%,51.8%,0.1034,1.5,1.0,45.8%,54.2%,0.1187
232,Chet Holmgren,BLK,1.5,UNDER,Underdog and PrizePicks,,,66.8%,S,BET,43.44,✅ HIT,0.0,UNDER,71.8%,46.15,✅ HIT,UNDER,71.9%,46.24,✅ HIT,UNDER,61.6%,40.56,✅ HIT,UNDER,62.1%,40.82,✅ HIT,0.26,0.32,-1.0,0.5,-0.1,1.0,1.2,0.0501,100.0%,,,,,,,,,,,,,,,,,,,,,,,,,,,,,,
233,Austin Reaves,RA,10.5,UNDER,Underdog,,0.85x,58.1%,C,DO NOT BET,43.43,✅ HIT,9.0,UNDER,54.8%,39.35,✅ HIT,UNDER,54.0%,38.5,✅ HIT,UNDER,62.7%,48.86,✅ HIT,UNDER,61.2%,47.03,✅ HIT,-0.14,-0.59,-0.13,-1.1,0.84,1.0,1.2,0.038,100.0%,10.5,0.0,44.8%,55.2%,0.0194,10.5,0.0,45.6%,54.4%,0.0245,,,,,,,,,,,10.5,0.0,45.9%,54.1%,0.0264,10.5,0.0,45.5%,54.5%,0.0236
234,Collin Sexton,RA,4.5,OVER,PrizePicks,,,72.6%,C,STRONG BET,43.42,✅ HIT,5.0,OVER,74.2%,44.25,✅ HIT,OVER,72.0%,43.06,✅ HIT,OVER,73.5%,43.88,✅ HIT,OVER,70.9%,42.49,✅ HIT,-0.87,-1.86,-0.98,-1.9,1.01,1.2,2.0,0.0125,100.0%,,,,,,,,,,,,,,,,,,,,,,,,,,,,,,
235,Naz Reid,PRA,21.0,UNDER,PrizePicks,,,59.8%,D,DO NOT BET,43.4,❌ MISS,28.0,UNDER,60.2%,43.63,❌ MISS,UNDER,59.8%,43.42,❌ MISS,UNDER,59.8%,43.38,❌ MISS,UNDER,59.4%,43.2,❌ MISS,0.31,-0.94,1.19,-3.6,4.79,1.8,2.0,0.0028,100.0%,,,,,,,,,,,,,,,,,,,,,,,,,,,,,,
236,Josh Giddey,PA,29.5,UNDER,Underdog and PrizePicks,,,60.2%,D,DO NOT BET,43.39,❌ MISS,35.0,UNDER,57.5%,40.18,❌ MISS,UNDER,57.1%,39.8,❌ MISS,UNDER,63.2%,47.03,❌ MISS,UNDER,62.8%,46.54,❌ MISS,-0.43,-0.61,-0.17,-4.1,1.21,1.2,1.6,0.0287,100.0%,28.5,-1.0,49.6%,50.4%,0.0633,29.5,0.0,48.4%,51.6%,0.0556,,,,,,,,,,,29.5,0.0,48.0%,52.0%,0.0531,29.5,0.0,48.9%,51.1%,0.0591
237,Onyeka Okongwu,3PM,0.5,OVER,PrizePicks,Goblin,,73.2%,S,STRONG BET,43.37,✅ HIT,3.0,OVER,73.0%,43.24,✅ HIT,OVER,72.5%,43.01,✅ HIT,OVER,74.0%,43.8,✅ HIT,OVER,73.3%,43.43,✅ HIT,-1.63,-0.56,-0.6,-0.5,-0.95,1.2,1.2,0.0053,100.0%,,,,,,,,,,,,,,,,,,,,,,,,,,,,,,
238,Nikola Jokić,BLK,0.5,OVER,PrizePicks,Goblin,,56.8%,S,BET WITH CAUTION,43.34,❌ MISS,0.0,OVER,58.1%,44.85,❌ MISS,OVER,57.1%,43.68,❌ MISS,OVER,56.5%,42.98,❌ MISS,OVER,55.6%,41.85,❌ MISS,-0.3,-0.46,0.0,-0.5,0.18,1.4,1.2,0.0091,100.0%,,,,,,,,,,,,,,,,,,,,,,,,,,0.5,0.0,62.0%,38.0%,-0.0337
239,Naz Reid,3PA,4.5,UNDER,Underdog,,,58.7%,B,DO NOT BET,43.31,❌ MISS,5.0,UNDER,59.6%,43.82,❌ MISS,UNDER,59.5%,43.73,❌ MISS,UNDER,57.8%,42.82,❌ MISS,UNDER,57.9%,42.88,❌ MISS,1.34,-1.74,1.79,-1.7,3.01,1.4,2.0,0.0085,100.0%,,,,,,,,,,,,,,,,,,,,,,,,,,,,,,
240,Jaime Jaquez Jr.,3PM,0.5,OVER,Underdog,,,55.7%,S,DO NOT BET,43.3,✅ HIT,2.0,OVER,56.6%,43.81,✅ HIT,OVER,56.3%,43.62,✅ HIT,OVER,55.2%,43.0,✅ HIT,OVER,54.7%,42.76,✅ HIT,-0.15,-0.4,6.0,-0.3,0.18,1.2,1.2,0.0079,100.0%,,,,,,,,,,,,,,,,,,,,,,,,,,,,,,
241,Julius Randle,STL,1.5,UNDER,Underdog,,0.76x,69.8%,A,BET,43.24,❌ MISS,2.0,UNDER,69.7%,43.19,❌ MISS,UNDER,69.7%,43.18,❌ MISS,UNDER,69.9%,43.31,❌ MISS,UNDER,69.9%,43.28,❌ MISS,-0.27,0.35,-1.86,0.5,-0.88,1.2,0.8,0.0011,100.0%,,,,,,,,,,,,,,,,,,,,,,,,,,,,,,
242,Brandon Ingram,REB,5.0,UNDER,PrizePicks,,,55.4%,B,DO NOT BET,43.23,❌ MISS,6.0,UNDER,54.9%,42.87,❌ MISS,UNDER,53.8%,41.65,❌ MISS,UNDER,57.0%,44.79,❌ MISS,UNDER,56.0%,43.62,❌ MISS,0.31,-0.31,1.5,-0.6,1.2,1.4,1.6,0.0118,100.0%,4.5,-0.5,50.3%,49.7%,0.037,4.5,-0.5,47.6%,52.3%,0.0199,4.5,-0.5,50.4%,49.6%,0.0379,4.5,-0.5,48.4%,51.6%,0.025,5.5,0.5,42.8%,57.2%,-0.0118,4.5,-0.5,49.2%,50.7%,0.0303
243,Brandin Podziemski,3PM,1.5,OVER,Underdog and PrizePicks,Goblin,0.76x,55.8%,S,DO NOT BET,43.21,✅ HIT,2.0,OVER,54.9%,42.05,✅ HIT,OVER,54.6%,41.69,✅ HIT,OVER,57.1%,44.83,✅ HIT,OVER,56.6%,44.29,✅ HIT,-0.35,0.4,1.33,0.3,-0.56,1.2,0.8,0.011,100.0%,1.5,0.0,59.1%,40.9%,-0.0212,1.5,0.0,60.5%,39.5%,-0.0302,1.5,0.0,56.7%,43.3%,-0.006,1.5,0.0,59.1%,40.9%,-0.0216,2.5,1.0,61.2%,38.8%,-0.0353,1.5,0.0,59.4%,40.6%,-0.0236
244,Brandin Podziemski,STL,0.5,OVER,PrizePicks,Goblin,,61.4%,A,BET WITH CAUTION,43.19,❌ MISS,0.0,OVER,60.0%,41.79,❌ MISS,OVER,59.5%,41.2,❌ MISS,OVER,63.2%,45.19,❌ MISS,OVER,62.7%,44.59,❌ MISS,-1.49,-0.75,4.5,-0.3,-0.3,1.6,1.6,0.0164,100.0%,1.5,1.0,48.5%,51.5%,0.0836,,,,,,,,,,,,,,,,,,,,,,,,,
245,Paul George,FTM,2.5,UNDER,Underdog,,0.78x,70.9%,B,STRONG BET,43.13,✅ HIT,0.0,UNDER,72.7%,44.1,✅ HIT,UNDER,71.5%,43.47,✅ HIT,UNDER,70.2%,42.75,✅ HIT,UNDER,69.2%,42.19,✅ HIT,-0.08,-1.46,-2.12,-1.7,1.61,1.4,1.6,0.0132,100.0%,,,,,,,,,,,,,,,,,,,,,,,,,,,,,,
246,Jalen Williams,RA,7.0,OVER,PrizePicks,,,67.5%,C,BET WITH CAUTION,43.12,❌ MISS,6.0,OVER,68.2%,43.96,❌ MISS,OVER,66.5%,41.95,❌ MISS,OVER,68.7%,44.55,❌ MISS,OVER,66.5%,42.04,❌ MISS,-0.82,-0.48,-1.5,-1.8,-1.27,1.2,1.2,0.0097,100.0%,7.5,0.5,45.1%,54.9%,0.1453,,,,,,,,,,,,,,,,,,,,,,,,,
247,Brandin Podziemski,FGA,11.5,UNDER,PrizePicks,,,72.3%,D,STRONG BET,43.06,✅ HIT,11.0,UNDER,72.0%,42.9,✅ HIT,UNDER,69.1%,41.29,✅ HIT,UNDER,75.4%,44.73,✅ HIT,UNDER,72.8%,43.31,✅ HIT,-0.39,-0.49,-2.24,-1.5,0.32,1.2,1.6,0.0223,100.0%,,,,,,,,,,,,,,,,,,,,,,,,,,,,,,
248,James Harden,REB,5.5,UNDER,Underdog,,0.82x,66.9%,B,STRONG BET,43.06,❌ MISS,9.0,UNDER,68.4%,43.85,❌ MISS,UNDER,66.9%,43.05,❌ MISS,UNDER,66.9%,43.05,❌ MISS,UNDER,65.5%,42.3,❌ MISS,-0.44,-0.23,-0.0,-0.3,-0.28,1.4,1.2,0.01,100.0%,,,,,,,,,,,,,,,,,,,,,,,,,,,,,,
249,Jalen Williams,PTS,13.5,OVER,Underdog,,,60.3%,D,DO NOT BET,43.05,❌ MISS,7.0,OVER,62.8%,45.97,❌ MISS,OVER,61.9%,44.97,❌ MISS,OVER,58.7%,41.14,❌ MISS,OVER,57.9%,40.1,❌ MISS,-0.47,-0.37,1.5,-3.1,-0.92,1.6,1.2,0.0207,100.0%,12.5,-1.0,52.7%,47.3%,0.0495,,,,,,,,,,,,,,,,,,,,,,,,,
250,Austin Reaves,PR,29.0,UNDER,PrizePicks,,,58.4%,D,DO NOT BET,43.05,✅ HIT,26.0,UNDER,52.5%,36.06,✅ HIT,UNDER,52.4%,36.0,✅ HIT,UNDER,64.3%,50.15,✅ HIT,UNDER,64.2%,50.0,✅ HIT,-0.12,-0.96,0.26,-5.6,4.88,1.2,1.6,0.0589,100.0%,28.5,-0.5,52.0%,48.0%,0.0673,29.5,0.5,48.0%,52.0%,0.0412,,,,,,,,,,,29.5,0.5,48.4%,51.6%,0.0438,28.5,-0.5,50.1%,49.9%,0.0552
251,Jalen Johnson,STL,0.5,OVER,PrizePicks,Goblin,,70.1%,A,STRONG BET,43.04,❌ MISS,0.0,OVER,70.3%,43.12,❌ MISS,OVER,69.6%,42.76,❌ MISS,OVER,70.6%,43.32,❌ MISS,OVER,70.0%,42.96,❌ MISS,-1.09,-0.94,-1.04,-0.7,-0.12,1.8,1.6,0.0037,100.0%,,,,,,,,,,,,,,,,,,,,,,,,,,,,,,
252,Brandon Ingram,3PM,1.5,UNDER,Underdog,,0.85x,54.6%,S,DO NOT BET,43.04,❌ MISS,2.0,UNDER,54.3%,42.71,❌ MISS,UNDER,54.5%,42.97,❌ MISS,UNDER,54.6%,43.09,❌ MISS,UNDER,54.9%,43.39,❌ MISS,0.14,0.36,1.5,0.7,-0.42,1.2,1.2,0.002,100.0%,1.5,0.0,44.8%,55.2%,-0.0039,1.5,0.0,45.6%,54.4%,0.0013,1.5,0.0,45.6%,54.4%,0.0011,1.5,0.0,46.0%,54.0%,0.0039,1.5,0.0,45.9%,54.1%,0.0032,1.5,0.0,48.9%,51.1%,0.0228
253,Evan Mobley,PTS,17.5,OVER,Underdog,,0.88x,68.1%,D,STRONG BET,43.02,❌ MISS,8.0,OVER,68.9%,43.47,❌ MISS,OVER,67.9%,42.93,❌ MISS,OVER,68.3%,43.15,❌ MISS,OVER,67.2%,42.53,❌ MISS,-0.19,-1.02,-1.18,-4.1,3.34,1.8,2.0,0.0062,100.0%,,,,,,,,,,,,,,,,,,,,,,,,,,,,,,
254,Quentin Grimes,AST,3.5,OVER,Underdog,,0.80x,55.7%,C,DO NOT BET,42.93,✅ HIT,5.0,OVER,57.3%,44.82,✅ HIT,OVER,56.1%,43.44,✅ HIT,OVER,55.3%,42.39,✅ HIT,OVER,54.2%,41.09,✅ HIT,0.03,-0.05,0.58,-0.1,0.17,0.8,1.2,0.0114,100.0%,3.5,0.0,52.8%,47.2%,0.0188,3.5,0.0,54.1%,45.9%,0.0103,3.5,0.0,54.5%,45.5%,0.0075,3.5,0.0,53.4%,46.6%,0.0147,4.5,1.0,41.9%,58.1%,0.09,3.5,0.0,51.1%,48.9%,0.0301
255,Immanuel Quickley,PA,22.5,UNDER,Underdog and PrizePicks,,0.94x,57.7%,D,DO NOT BET,42.92,NO GAME,,UNDER,60.4%,46.16,NO GAME,UNDER,60.1%,45.79,NO GAME,UNDER,55.4%,40.15,NO GAME,UNDER,54.9%,39.6,NO GAME,0.1,-1.5,-0.19,-5.9,6.3,1.2,1.6,0.0255,100.0%,21.5,-1.0,51.5%,48.5%,0.0598,22.5,0.0,52.3%,47.7%,0.0646,,,,,,,,,,,23.5,1.0,47.0%,53.0%,0.0301,22.5,0.0,47.6%,52.4%,0.0341
256,Scoot Henderson,TOV,2.5,UNDER,Underdog,,0.77x,64.6%,A,BET WITH CAUTION,42.92,✅ HIT,0.0,UNDER,65.6%,43.45,✅ HIT,UNDER,65.3%,43.33,✅ HIT,UNDER,63.8%,42.51,✅ HIT,UNDER,63.6%,42.38,✅ HIT,0.21,-0.1,-0.25,-0.1,0.31,1.2,1.2,0.0086,100.0%,,,,,,,,,,,,,,,,,,,,,,,,,,,,,,
257,Donovan Mitchell,TOV,2.5,OVER,Underdog and PrizePicks,Demon,1.07x,61.0%,A,BET WITH CAUTION,42.91,✅ HIT,3.0,OVER,61.1%,42.98,✅ HIT,OVER,60.4%,42.62,✅ HIT,OVER,61.5%,43.22,✅ HIT,OVER,60.8%,42.82,✅ HIT,-0.46,1.74,2.89,1.3,-1.64,0.6,0.0,0.004,100.0%,,,,,,,,,,,,,,,,,,,,,,,,,,,,,,
258,Aaron Gordon,PRA,25.5,UNDER,PrizePicks,,,56.5%,D,DO NOT BET,42.91,✅ HIT,25.0,UNDER,55.7%,41.99,✅ HIT,UNDER,55.5%,41.65,✅ HIT,UNDER,57.6%,44.21,✅ HIT,UNDER,57.2%,43.81,✅ HIT,-0.08,-0.24,-0.42,-1.3,0.86,1.4,1.6,0.0091,100.0%,24.5,-1.0,50.7%,49.3%,0.0471,,,,,,,,,,,,,,,,,,,,,25.5,0.0,47.6%,52.4%,0.0265
259,Joel Embiid,AST,3.5,OVER,Underdog,,0.87x,55.2%,C,DO NOT BET,42.87,✅ HIT,7.0,OVER,56.2%,43.94,✅ HIT,OVER,55.1%,42.62,✅ HIT,OVER,55.4%,43.13,✅ HIT,OVER,54.3%,41.76,✅ HIT,-0.29,-0.6,0.7,-0.9,0.46,1.6,1.2,0.0066,100.0%,3.5,0.0,56.3%,43.7%,-0.0069,3.5,0.0,55.0%,45.0%,0.0015,3.5,0.0,55.3%,44.7%,-0.0004,3.5,0.0,54.6%,45.4%,0.0041,4.5,1.0,33.0%,67.0%,0.1445,3.5,0.0,53.5%,46.5%,0.0116
260,Julius Randle,FGA,16.5,UNDER,Underdog and PrizePicks,,,67.0%,D,DO NOT BET,42.86,❌ MISS,27.0,UNDER,67.7%,43.22,❌ MISS,UNDER,65.4%,41.95,❌ MISS,UNDER,68.5%,43.65,❌ MISS,UNDER,66.6%,42.62,❌ MISS,-0.46,-0.53,0.62,-1.5,0.19,1.6,1.2,0.0117,100.0%,,,,,,,,,,,,,,,,,,,,,,,,,,,,,,
261,Pascal Siakam,TOV,1.5,OVER,PrizePicks,Goblin,,66.2%,A,BET,42.83,✅ HIT,4.0,OVER,69.4%,44.6,✅ HIT,OVER,68.5%,44.13,✅ HIT,OVER,63.8%,41.52,✅ HIT,OVER,63.0%,41.08,✅ HIT,-0.82,0.12,0.46,0.1,-0.76,1.4,1.2,0.0281,100.0%,,,,,,,,,,,,,,,,,,,,,,,,,,,,,,
262,P.J. Washington,REB,7.0,UNDER,PrizePicks,,,62.6%,B,DO NOT BET,42.79,❌ MISS,15.0,UNDER,62.4%,42.72,❌ MISS,UNDER,61.1%,41.13,❌ MISS,UNDER,64.0%,44.43,❌ MISS,UNDER,62.7%,42.88,❌ MISS,-0.02,0.07,0.32,0.2,-0.26,1.4,1.2,0.0104,100.0%,7.5,0.5,43.7%,56.3%,0.041,,,,,,6.5,-0.5,57.3%,42.7%,0.1296,,,,,,,,,,,6.5,-0.5,53.3%,46.7%,0.1033
263,Kevin Durant,PR,31.5,UNDER,Underdog and PrizePicks,,,62.4%,D,DO NOT BET,42.77,❌ MISS,33.0,UNDER,64.3%,43.8,❌ MISS,UNDER,63.9%,43.56,❌ MISS,UNDER,60.8%,41.89,❌ MISS,UNDER,60.7%,41.82,❌ MISS,-0.01,-0.13,0.86,-1.1,0.98,1.4,1.6,0.0166,100.0%,,,,,,,,,,,,,,,,,,,,,,,,,,,,,,
264,Payton Pritchard,PR,17.0,OVER,PrizePicks,,,65.8%,D,STRONG BET,42.75,❌ MISS,16.0,OVER,63.0%,39.32,❌ MISS,OVER,62.6%,38.76,❌ MISS,OVER,68.7%,46.38,❌ MISS,OVER,68.8%,46.52,❌ MISS,-0.55,-0.03,0.83,-0.2,-3.47,1.4,1.2,0.0299,100.0%,17.5,0.5,48.4%,51.6%,0.1132,,,,,,,,,,,,,,,,,,,,,,,,,
265,Darius Garland,STL,0.5,OVER,PrizePicks,Goblin,,61.0%,A,BET WITH CAUTION,42.74,✅ HIT,1.0,OVER,58.5%,39.51,✅ HIT,OVER,58.0%,39.06,✅ HIT,OVER,64.1%,46.46,✅ HIT,OVER,63.5%,45.94,✅ HIT,-0.97,-1.75,-0.89,-0.7,0.31,1.6,2.0,0.0282,100.0%,1.5,1.0,55.7%,44.3%,0.0343,,,,,,,,,,,,,,,,,,,,,,,,,
266,Isaiah Hartenstein,AST,3.5,UNDER,Underdog,,0.82x,56.8%,C,DO NOT BET,42.73,✅ HIT,2.0,UNDER,56.3%,42.14,✅ HIT,UNDER,56.2%,42.06,✅ HIT,UNDER,57.3%,43.39,✅ HIT,UNDER,57.3%,43.33,✅ HIT,0.1,0.7,-1.0,2.1,-1.8,0.6,0.8,0.0053,100.0%,3.5,0.0,43.3%,56.7%,0.0005,,,,,,,,,,,,,,,,,,,,,,,,,
267,Quentin Grimes,REB,4.5,UNDER,Underdog,,0.81x,58.2%,B,DO NOT BET,42.72,❌ MISS,6.0,UNDER,60.0%,44.69,❌ MISS,UNDER,58.8%,43.42,❌ MISS,UNDER,57.5%,41.9,❌ MISS,UNDER,56.5%,40.88,❌ MISS,-0.39,0.05,-0.46,0.1,-0.91,0.8,0.8,0.0135,100.0%,3.5,-1.0,40.9%,59.1%,-0.0056,3.5,-1.0,41.6%,58.4%,-0.001,3.5,-1.0,40.5%,59.6%,-0.0088,3.5,-1.0,40.6%,59.4%,-0.0075,4.5,0.0,41.7%,58.3%,-0.0006,3.5,-1.0,40.3%,59.7%,-0.0098
268,Bam Adebayo,STL,0.5,OVER,PrizePicks,Goblin,,67.0%,A,BET,42.71,✅ HIT,2.0,OVER,66.6%,42.52,✅ HIT,OVER,66.0%,42.17,✅ HIT,OVER,67.9%,43.25,✅ HIT,OVER,67.3%,42.9,✅ HIT,-0.56,-1.11,-0.71,-1.3,0.64,2.0,2.0,0.0074,100.0%,,,,,,,,,,,,,,,,,,,,,,,,,,,,,,
269,Ausar Thompson,AST,2.5,OVER,PrizePicks,Goblin,,62.5%,C,DO NOT BET,42.71,✅ HIT,5.0,OVER,63.0%,42.95,✅ HIT,OVER,61.3%,42.04,✅ HIT,OVER,63.8%,43.42,✅ HIT,OVER,62.0%,42.43,✅ HIT,-0.69,-0.79,2.12,-0.5,0.06,1.6,1.6,0.0095,100.0%,,,,,,,,,,,,,,,,,,,,,,,,,,,,,,
270,Shai Gilgeous-Alexander,STL,0.5,OVER,PrizePicks,Goblin,,69.6%,A,BET,42.68,✅ HIT,2.0,OVER,70.0%,42.89,✅ HIT,OVER,69.3%,42.53,✅ HIT,OVER,69.9%,42.84,✅ HIT,OVER,69.2%,42.48,✅ HIT,-0.8,-1.46,-1.38,-1.7,0.77,2.0,2.0,0.0033,100.0%,,,,,,,,,,,,,,,,,,,,,,,,,,,,,,
271,Collin Sexton,PTS,14.5,OVER,Underdog and PrizePicks,,,57.1%,D,DO NOT BET,42.67,✅ HIT,16.0,OVER,57.0%,42.46,✅ HIT,OVER,56.4%,41.69,✅ HIT,OVER,58.0%,43.76,✅ HIT,OVER,57.1%,42.76,✅ HIT,-0.02,-0.81,-0.38,-6.7,6.5,1.0,1.2,0.0056,100.0%,14.5,0.0,50.0%,50.0%,0.0463,14.5,0.0,51.2%,48.8%,0.0385,14.5,0.0,50.7%,49.3%,0.0419,14.5,0.0,50.3%,49.7%,0.0446,17.5,3.0,36.6%,63.4%,0.1332,14.5,0.0,48.0%,52.0%,0.0593
272,Tyler Herro,TOV,2.5,UNDER,Underdog,,0.77x,66.8%,A,BET,42.66,✅ HIT,2.0,UNDER,67.3%,42.98,✅ HIT,UNDER,67.0%,42.82,✅ HIT,UNDER,66.5%,42.51,✅ HIT,UNDER,66.2%,42.34,✅ HIT,-0.33,-0.07,-0.3,-0.1,-0.4,1.0,1.2,0.0046,100.0%,,,,,,,,,,,,,,,,,,,,,,,,,,,,,,
273,Josh Giddey,3PM,1.5,OVER,PrizePicks,Goblin,,63.5%,S,BET WITH CAUTION,42.66,✅ HIT,3.0,OVER,62.0%,40.34,✅ HIT,OVER,61.6%,39.9,✅ HIT,OVER,65.5%,45.55,✅ HIT,OVER,64.9%,44.83,✅ HIT,-0.41,-0.6,-0.3,-0.7,0.22,1.6,1.2,0.0169,100.0%,2.5,1.0,44.0%,56.0%,0.1265,2.5,1.0,46.2%,53.8%,0.1125,2.5,1.0,45.5%,54.5%,0.1168,2.5,1.0,45.6%,54.4%,0.1162,2.5,1.0,46.0%,54.0%,0.1138,2.5,1.0,45.7%,54.3%,0.1158
274,Naz Reid,RA,8.0,UNDER,PrizePicks,,,61.1%,C,DO NOT BET,42.6,❌ MISS,14.0,UNDER,63.0%,43.64,❌ MISS,UNDER,61.4%,42.78,❌ MISS,UNDER,60.7%,42.36,❌ MISS,UNDER,59.4%,41.64,❌ MISS,0.27,-1.13,0.66,-2.2,2.72,1.8,2.0,0.0131,100.0%,,,,,,,,,,,,,,,,,,,,,,,,,,,,,,
275,Julius Randle,3PM,1.5,UNDER,Underdog,,0.75x,63.5%,S,BET WITH CAUTION,42.59,✅ HIT,0.0,UNDER,62.6%,42.12,✅ HIT,UNDER,62.7%,42.19,✅ HIT,UNDER,64.2%,43.01,✅ HIT,UNDER,64.3%,43.03,✅ HIT,-0.12,-0.1,0.3,-0.1,-0.02,1.6,1.2,0.0078,100.0%,,,,,,,,,,,,,,,,,,,,,,,,,,,,,,
276,Dyson Daniels,SB,2.5,UNDER,Underdog,,0.88x,62.2%,A,BET WITH CAUTION,42.58,❌ MISS,3.0,UNDER,62.9%,43.0,❌ MISS,UNDER,62.9%,42.98,❌ MISS,UNDER,61.4%,42.17,❌ MISS,UNDER,61.4%,42.15,❌ MISS,-0.2,-0.12,1.15,-0.1,-0.06,1.2,1.6,0.0075,100.0%,,,,,,,,,,,,,,,,,,,,,,,,,,,,,,
277,Jrue Holiday,PR,20.5,UNDER,Underdog and PrizePicks,,,56.4%,D,DO NOT BET,42.54,✅ HIT,18.0,UNDER,54.6%,40.45,✅ HIT,UNDER,54.5%,40.3,✅ HIT,UNDER,58.3%,44.78,✅ HIT,UNDER,58.1%,44.63,✅ HIT,-0.05,-1.39,0.36,-4.1,3.94,1.4,2.0,0.0182,100.0%,20.5,0.0,48.1%,51.9%,0.0295,20.5,0.0,48.4%,51.6%,0.0312,,,,,,,,,,,20.5,0.0,48.0%,52.0%,0.0286,19.5,-1.0,50.1%,49.9%,0.0425
278,RJ Barrett,FGA,16.5,UNDER,Underdog,,0.87x,70.2%,D,STRONG BET,42.53,❌ MISS,19.0,UNDER,72.2%,43.6,❌ MISS,UNDER,69.2%,41.99,❌ MISS,UNDER,70.8%,42.86,❌ MISS,UNDER,68.7%,41.68,❌ MISS,-0.82,-0.88,0.25,-2.7,0.2,1.4,1.6,0.0137,100.0%,,,,,,,,,,,,,,,,,,,,,,,,,,,,,,
279,Nikola Jokić,AST,10.5,OVER,Underdog and PrizePicks,,,56.2%,C,DO NOT BET,42.49,✅ HIT,19.0,OVER,58.0%,44.5,✅ HIT,OVER,56.7%,43.01,✅ HIT,OVER,55.7%,41.92,✅ HIT,OVER,54.6%,40.54,✅ HIT,-0.06,-0.67,-0.49,-2.1,1.92,1.4,1.2,0.0124,100.0%,10.5,0.0,48.5%,51.5%,0.0501,10.5,0.0,50.7%,49.3%,0.0363,10.5,0.0,49.7%,50.3%,0.0424,10.5,0.0,50.5%,49.5%,0.0372,12.5,2.0,29.0%,71.0%,0.1768,10.5,0.0,51.1%,48.9%,0.0337
280,Tobias Harris,REB,6.0,UNDER,PrizePicks,,,68.2%,B,STRONG BET,42.49,✅ HIT,3.0,UNDER,67.9%,42.3,✅ HIT,UNDER,66.4%,41.5,✅ HIT,UNDER,70.0%,43.47,✅ HIT,UNDER,68.6%,42.68,✅ HIT,-1.01,0.27,-1.0,0.2,-0.96,1.4,1.2,0.0129,100.0%,,,,,,,,,,,,,,,,,,,,,,,,,,,,,,
281,Austin Reaves,STL,0.5,OVER,PrizePicks,Goblin,,60.1%,A,BET WITH CAUTION,42.49,✅ HIT,2.0,OVER,57.3%,39.29,✅ HIT,OVER,56.8%,38.83,✅ HIT,OVER,63.5%,46.18,✅ HIT,OVER,62.9%,45.65,✅ HIT,-0.37,-0.44,-0.5,-0.7,0.11,1.0,0.8,0.0308,100.0%,1.5,1.0,54.3%,45.7%,0.0381,1.5,1.0,54.6%,45.4%,0.0361,,,,,,,,,,,,,,,,,,,,
282,Jalen Williams,FGA,10.5,OVER,PrizePicks,,,68.2%,D,DO NOT BET,42.47,❌ MISS,9.0,OVER,70.1%,43.52,❌ MISS,OVER,66.3%,41.42,❌ MISS,OVER,69.8%,43.34,❌ MISS,OVER,66.6%,41.61,❌ MISS,-0.89,-0.33,1.5,-1.3,-2.24,1.8,1.6,0.0175,100.0%,,,,,,,,,,,,,,,,,,,,,,,,,,,,,,
283,Jalen Duren,REB,11.0,UNDER,PrizePicks,,,66.6%,B,STRONG BET,42.42,❌ MISS,14.0,UNDER,66.1%,42.11,❌ MISS,UNDER,64.7%,41.33,❌ MISS,UNDER,68.6%,43.51,❌ MISS,UNDER,67.2%,42.73,❌ MISS,-0.23,-0.5,-1.5,-1.0,0.54,1.6,2.0,0.0145,100.0%,,,,,,,,,,,,,,,,,,,,,,,,,,,,,,
284,Brandon Ingram,REB,4.5,OVER,Underdog,,0.84x,58.8%,B,DO NOT BET,42.41,✅ HIT,6.0,OVER,58.9%,42.56,✅ HIT,OVER,59.4%,43.17,✅ HIT,OVER,58.3%,41.72,✅ HIT,OVER,58.6%,42.2,✅ HIT,-0.56,0.05,-1.5,0.1,-1.2,1.2,1.2,0.004,100.0%,4.5,0.0,55.6%,44.4%,0.021,4.5,0.0,52.9%,47.1%,0.0381,4.5,0.0,55.7%,44.3%,0.0201,4.5,0.0,53.7%,46.3%,0.0331,5.5,1.0,59.4%,40.6%,-0.0041,4.5,0.0,54.5%,45.5%,0.0278
285,Norman Powell,AST,1.5,OVER,PrizePicks,Goblin,,73.5%,C,STRONG BET,42.4,✅ HIT,2.0,OVER,74.2%,42.78,✅ HIT,OVER,71.8%,41.49,✅ HIT,OVER,75.2%,43.35,✅ HIT,OVER,72.8%,42.0,✅ HIT,-2.21,-2.25,-0.95,-1.1,0.02,1.6,2.0,0.0129,100.0%,,,,,,,,,,,,,,,,,,,,,,,,,,,,,,
286,Onyeka Okongwu,AST,1.5,OVER,PrizePicks,Goblin,,75.4%,C,STRONG BET,42.4,✅ HIT,2.0,OVER,76.2%,42.84,✅ HIT,OVER,73.8%,41.52,✅ HIT,OVER,77.1%,43.3,✅ HIT,OVER,74.6%,41.92,✅ HIT,-1.71,-2.06,-2.04,-2.1,0.36,1.6,2.0,0.0129,100.0%,,,,,,,,,,,,,,,,,,,,,,,,,,,,,,
287,Brandon Ingram,RA,8.5,UNDER,Underdog and PrizePicks,,0.88x,57.0%,C,DO NOT BET,42.38,❌ MISS,10.0,UNDER,57.4%,42.86,❌ MISS,UNDER,56.4%,41.66,❌ MISS,UNDER,57.6%,43.06,❌ MISS,UNDER,56.6%,41.94,❌ MISS,0.25,-0.66,-1.5,-2.1,2.89,1.2,1.2,0.0049,100.0%,8.5,0.0,45.7%,54.3%,0.0178,8.5,0.0,46.8%,53.2%,0.0248,,,,,,,,,,,8.5,0.0,46.9%,53.0%,0.0257,8.5,0.0,50.8%,49.2%,0.0507
288,Norman Powell,RA,4.5,OVER,PrizePicks,Goblin,,68.6%,C,BET,42.38,✅ HIT,6.0,OVER,69.3%,42.82,✅ HIT,OVER,67.5%,41.83,✅ HIT,OVER,69.8%,43.06,✅ HIT,OVER,67.6%,41.84,✅ HIT,-0.98,-0.76,0.0,-1.3,-0.39,1.6,1.6,0.0102,100.0%,,,,,,,,,,,,,,,,,,,,,,,,,,,,,,
289,Kristaps Porziņģis,SB,2.5,UNDER,Underdog,,0.80x,64.8%,A,BET WITH CAUTION,42.38,✅ HIT,0.0,UNDER,65.0%,42.47,✅ HIT,UNDER,64.9%,42.41,✅ HIT,UNDER,64.8%,42.37,✅ HIT,UNDER,64.6%,42.27,✅ HIT,-0.3,0.35,0.1,0.5,-0.92,1.2,0.8,0.0014,100.0%,,,,,,,,,,,,,,,,,,,,,,,,,,,,,,
290,Julius Randle,STL,0.5,OVER,PrizePicks,Goblin,,65.7%,A,BET,42.37,✅ HIT,2.0,OVER,65.2%,42.11,✅ HIT,OVER,64.6%,41.77,✅ HIT,OVER,66.7%,42.96,✅ HIT,OVER,66.1%,42.63,✅ HIT,-0.44,-1.06,0.27,-1.5,0.88,1.6,1.6,0.0083,100.0%,,,,,,,,,,,,,,,,,,,,,,,,,,,,,,
291,Norman Powell,REB,2.5,OVER,PrizePicks,Goblin,,63.6%,B,DO NOT BET,42.32,✅ HIT,4.0,OVER,62.4%,41.65,✅ HIT,OVER,62.7%,41.82,✅ HIT,OVER,64.7%,42.9,✅ HIT,OVER,64.7%,42.92,✅ HIT,-0.64,-0.41,2.0,-0.7,-0.4,1.4,1.2,0.0108,100.0%,,,,,,,,,,,,,,,,,,,,,,,,,,,,,,
292,Kristaps Porziņģis,RA,8.0,UNDER,PrizePicks,,,59.0%,C,DO NOT BET,42.32,✅ HIT,7.0,UNDER,60.6%,44.23,✅ HIT,UNDER,59.2%,42.72,✅ HIT,UNDER,58.6%,41.73,✅ HIT,UNDER,57.6%,40.58,✅ HIT,-0.16,-0.2,0.29,-0.6,0.12,1.4,1.2,0.0109,100.0%,,,,,,8.5,0.5,42.5%,57.5%,0.0096,,,,,,,,,,,8.5,0.5,42.5%,57.5%,0.0096,8.5,0.5,43.1%,56.9%,0.0134
293,Jrue Holiday,3PM,2.5,UNDER,Underdog,,0.84x,54.5%,S,DO NOT BET,42.31,❌ MISS,4.0,UNDER,53.9%,41.49,❌ MISS,UNDER,54.1%,41.76,❌ MISS,UNDER,55.0%,42.85,❌ MISS,UNDER,55.2%,43.14,❌ MISS,-0.1,-0.6,1.86,-0.7,0.59,1.4,1.6,0.0058,100.0%,2.5,0.0,45.7%,54.3%,0.0019,2.5,0.0,46.4%,53.6%,0.0062,2.5,0.0,47.3%,52.7%,0.012,2.5,0.0,45.6%,54.4%,0.0012,2.5,0.0,45.9%,54.1%,0.0029,2.5,0.0,46.5%,53.5%,0.0069
294,VJ Edgecombe,PRA,30.5,OVER,Underdog and PrizePicks,,,67.9%,D,STRONG BET,42.3,✅ HIT,34.0,OVER,63.7%,37.29,✅ HIT,OVER,63.5%,37.07,✅ HIT,OVER,72.1%,47.29,✅ HIT,OVER,72.3%,47.54,✅ HIT,0.36,-0.55,1.0,-7.3,12.08,1.2,1.6,0.043,100.0%,30.5,0.0,48.5%,51.5%,0.1261,29.5,-1.0,52.8%,47.1%,0.0981,30.5,0.0,50.9%,49.1%,0.1105,30.5,0.0,50.0%,50.0%,0.1166,31.5,1.0,44.1%,55.9%,0.1552,31.5,1.0,46.9%,53.1%,0.137
295,LeBron James,REB,6.5,UNDER,Underdog,,0.87x,54.6%,B,DO NOT BET,42.3,❌ MISS,9.0,UNDER,53.6%,41.09,❌ MISS,UNDER,52.6%,39.9,❌ MISS,UNDER,56.5%,44.71,❌ MISS,UNDER,55.5%,43.51,❌ MISS,-0.16,0.4,1.5,1.5,-2.1,1.2,1.2,0.0153,100.0%,6.5,0.0,44.2%,55.8%,-0.008,6.5,0.0,44.6%,55.4%,-0.0055,5.5,-1.0,52.2%,47.8%,0.0441,6.5,0.0,44.7%,55.3%,-0.0046,7.5,1.0,34.2%,65.8%,-0.0731,5.5,-1.0,53.1%,46.9%,0.0498
296,Collin Sexton,PA,17.5,OVER,PrizePicks,,,66.5%,D,STRONG BET,42.29,✅ HIT,20.0,OVER,65.8%,41.89,✅ HIT,OVER,66.2%,42.11,✅ HIT,OVER,66.8%,42.45,✅ HIT,OVER,67.3%,42.72,✅ HIT,-0.06,-0.82,-0.58,-7.1,6.55,1.2,1.6,0.0057,100.0%,,,,,,,,,,,,,,,,,,,,,,,,,,,,,,
297,Tobias Harris,3PM,0.5,OVER,PrizePicks,Goblin,,67.1%,S,BET,42.25,✅ HIT,2.0,OVER,67.3%,42.39,✅ HIT,OVER,66.9%,42.16,✅ HIT,OVER,67.3%,42.39,✅ HIT,OVER,66.7%,42.05,✅ HIT,-0.65,-0.6,0.0,-0.7,-0.06,1.2,1.2,0.0027,100.0%,,,,,,,,,,,,,,,,,,,,,,,,,,,,,,
298,Chet Holmgren,PR,23.0,OVER,PrizePicks,,,59.8%,D,DO NOT BET,42.21,❌ MISS,15.0,OVER,58.9%,41.1,❌ MISS,OVER,58.6%,40.72,❌ MISS,OVER,60.7%,43.44,❌ MISS,OVER,60.8%,43.59,❌ MISS,-0.48,-0.42,-0.5,-2.8,-0.43,1.4,1.6,0.0099,100.0%,23.5,0.5,50.7%,49.3%,0.0591,,,,,,,,,,,,,,,,,,,,,,,,,
299,Deandre Ayton,PTS,11.5,OVER,Underdog and PrizePicks,,,56.8%,D,DO NOT BET,42.17,NO GAME,,OVER,56.5%,41.81,NO GAME,OVER,55.9%,41.08,NO GAME,OVER,57.8%,43.38,NO GAME,OVER,57.0%,42.41,NO GAME,-0.24,0.35,-0.06,1.3,-2.2,0.8,0.8,0.0071,100.0%,11.5,0.0,50.5%,49.5%,0.0408,11.5,0.0,50.4%,49.6%,0.0417,12.5,1.0,44.4%,55.6%,0.0811,11.5,0.0,50.0%,50.0%,0.0443,14.5,3.0,45.1%,54.9%,0.076,11.5,0.0,50.9%,49.1%,0.0382
300,Ausar Thompson,TOV,1.5,UNDER,PrizePicks,,,62.2%,A,BET WITH CAUTION,42.07,✅ HIT,1.0,UNDER,64.3%,43.23,✅ HIT,UNDER,64.1%,43.13,✅ HIT,UNDER,60.2%,40.98,✅ HIT,UNDER,60.1%,40.93,✅ HIT,-0.01,0.32,0.19,0.5,-0.52,1.4,1.2,0.0202,100.0%,,,,,,,,,,,,,,,,,,,,,,,,,,,,,,
301,Jamal Murray,3PA,7.5,UNDER,Underdog,,0.87x,65.0%,B,BET,42.05,❌ MISS,14.0,UNDER,63.3%,41.11,❌ MISS,UNDER,62.8%,40.86,❌ MISS,UNDER,67.2%,43.25,❌ MISS,UNDER,66.7%,42.97,❌ MISS,-0.1,-0.4,-0.58,-0.9,0.68,1.6,1.2,0.0195,100.0%,,,,,,,,,,,,,,,,,,,,,,,,,,,,,,
302,Jayson Tatum,PR,28.5,UNDER,Underdog and PrizePicks,,,54.9%,D,DO NOT BET,42.04,❌ MISS,31.0,UNDER,57.7%,45.38,❌ MISS,UNDER,57.4%,45.1,❌ MISS,UNDER,52.3%,38.92,❌ MISS,UNDER,52.2%,38.77,❌ MISS,-0.11,0.11,2.0,0.5,-1.0,1.0,1.2,0.0267,100.0%,28.5,0.0,47.6%,52.4%,0.0161,,,,,,,,,,,,,,,,,,,,,,,,,
303,Draymond Green,3PM,1.5,UNDER,Underdog and PrizePicks,,0.88x,57.5%,S,DO NOT BET,42.01,✅ HIT,1.0,UNDER,58.5%,43.25,✅ HIT,UNDER,58.7%,43.45,✅ HIT,UNDER,56.3%,40.54,✅ HIT,UNDER,56.5%,40.8,✅ HIT,0.01,-0.26,-1.86,-0.3,0.31,1.2,1.2,0.0112,100.0%,1.5,0.0,47.2%,52.8%,0.0306,1.5,0.0,47.1%,52.9%,0.0298,1.5,0.0,46.0%,54.0%,0.0227,1.5,0.0,46.6%,53.4%,0.0264,1.5,0.0,46.9%,53.0%,0.0289,1.5,0.0,47.6%,52.4%,0.033
304,P.J. Washington,PRA,24.5,UNDER,Underdog,,0.88x,59.2%,D,DO NOT BET,41.94,❌ MISS,35.0,UNDER,57.0%,39.08,❌ MISS,UNDER,56.6%,38.72,❌ MISS,UNDER,61.8%,45.18,❌ MISS,UNDER,61.5%,44.78,❌ MISS,-0.22,0.33,-0.3,2.3,-3.8,1.2,0.4,0.0244,100.0%,,,,,,,,,,,,,,,,23.5,-1.0,46.6%,53.4%,0.038,,,,,,23.5,-1.0,46.9%,53.1%,0.0396
305,Brandon Ingram,PRA,29.5,UNDER,Underdog and PrizePicks,,,56.2%,D,DO NOT BET,41.93,✅ HIT,28.0,UNDER,55.1%,40.69,✅ HIT,UNDER,54.8%,40.35,✅ HIT,UNDER,57.6%,43.53,✅ HIT,UNDER,57.2%,43.13,✅ HIT,0.12,-0.04,-1.5,-0.5,1.88,1.2,1.2,0.0124,100.0%,29.5,0.0,48.9%,51.1%,0.0332,29.5,0.0,49.1%,50.9%,0.0341,30.5,1.0,47.2%,52.8%,0.0217,29.5,0.0,49.2%,50.8%,0.0349,30.5,1.0,48.4%,51.6%,0.0296,29.5,0.0,51.5%,48.5%,0.0498
306,Nikola Jokić,FTA,7.5,UNDER,PrizePicks,,,65.7%,C,STRONG BET,41.93,✅ HIT,6.0,UNDER,69.3%,43.94,✅ HIT,UNDER,68.4%,43.41,✅ HIT,UNDER,62.7%,40.26,✅ HIT,UNDER,62.4%,40.11,✅ HIT,-0.01,-1.03,-0.82,-3.5,3.47,1.4,1.6,0.0319,100.0%,,,,,,,,,,,,,,,,,,,,,,,,,,,,,,
307,Draymond Green,FGM,3.5,OVER,PrizePicks,Demon,,56.1%,C,DO NOT BET,41.89,❌ MISS,2.0,OVER,56.4%,42.01,❌ MISS,OVER,55.7%,41.62,❌ MISS,OVER,56.7%,42.18,❌ MISS,OVER,55.9%,41.75,❌ MISS,0.2,0.15,2.92,0.3,0.08,1.2,1.2,0.004,100.0%,,,,,,,,,,,,,,,,,,,,,,,,,,,,,,
308,Stephon Castle,FTM,4.5,UNDER,Underdog,,0.75x,63.7%,B,BET,41.86,❌ MISS,5.0,UNDER,60.3%,40.0,❌ MISS,UNDER,60.4%,40.06,❌ MISS,UNDER,67.4%,43.88,❌ MISS,UNDER,66.6%,43.49,❌ MISS,-0.07,0.31,-0.39,1.3,-1.58,1.4,1.2,0.0334,100.0%,,,,,,,,,,,,,,,,,,,,,,,,,,,,,,
309,Julius Randle,PR,27.5,UNDER,Underdog and PrizePicks,,,59.5%,D,DO NOT BET,41.84,❌ MISS,30.0,UNDER,60.6%,42.4,❌ MISS,UNDER,60.2%,42.23,❌ MISS,UNDER,58.8%,41.41,❌ MISS,UNDER,58.6%,41.34,❌ MISS,0.04,0.1,0.86,0.9,-0.52,1.6,1.2,0.0086,100.0%,,,,,,,,,,,,,,,,,,,,,,,,,,,,,,
310,Tobias Harris,3PM,1.5,UNDER,Underdog,,0.71x,67.2%,S,BET,41.8,❌ MISS,2.0,UNDER,68.0%,42.22,❌ MISS,UNDER,68.1%,42.25,❌ MISS,UNDER,66.5%,41.36,❌ MISS,UNDER,66.5%,41.37,❌ MISS,-0.21,-0.26,-2.0,-0.3,0.06,1.4,1.2,0.0079,100.0%,,,,,,,,,,,,,,,,,,,,,,,,,,,,,,
311,Kyle Kuzma,PTS,12.5,UNDER,Underdog and PrizePicks,,,54.4%,D,DO NOT BET,41.8,NO GAME,,UNDER,52.7%,39.79,NO GAME,UNDER,53.0%,40.16,NO GAME,UNDER,55.8%,43.44,NO GAME,UNDER,56.1%,43.81,NO GAME,0.1,-0.34,1.5,-1.9,2.48,1.2,1.6,0.0157,100.0%,12.5,0.0,49.5%,50.5%,0.0253,12.5,0.0,48.5%,51.5%,0.0193,11.5,-1.0,57.4%,42.6%,0.0771,12.5,0.0,49.2%,50.8%,0.0236,15.5,3.0,34.4%,65.6%,-0.0724,13.5,1.0,46.6%,53.4%,0.0065
312,Darius Garland,3PM,2.5,OVER,Underdog and PrizePicks,,,55.1%,S,DO NOT BET,41.8,✅ HIT,5.0,OVER,54.6%,41.2,✅ HIT,OVER,54.3%,40.83,✅ HIT,OVER,56.0%,42.85,✅ HIT,OVER,55.5%,42.31,✅ HIT,-0.08,-0.73,0.0,-1.7,1.51,1.4,1.6,0.0066,100.0%,2.5,0.0,52.4%,47.6%,0.0176,2.5,0.0,51.6%,48.4%,0.0228,2.5,0.0,52.7%,47.3%,0.0157,2.5,0.0,53.7%,46.3%,0.0091,3.5,1.0,37.0%,63.0%,0.1177,2.5,0.0,51.1%,48.9%,0.0262
313,Alex Caruso,STL,0.5,OVER,PrizePicks,Goblin,,68.7%,A,BET,41.78,✅ HIT,1.0,OVER,69.4%,42.2,✅ HIT,OVER,68.8%,41.83,✅ HIT,OVER,68.5%,41.71,✅ HIT,OVER,67.9%,41.36,✅ HIT,-0.87,-0.88,-1.5,-0.9,0.01,1.6,1.6,0.0054,100.0%,,,,,,,,,,,,,,,,,,,,,,,,,,,,,,
314,Brandin Podziemski,FTM,2.5,UNDER,Underdog,,0.71x,66.7%,B,STRONG BET,41.76,❌ MISS,8.0,UNDER,66.6%,41.72,❌ MISS,UNDER,66.0%,41.41,❌ MISS,UNDER,67.4%,42.16,❌ MISS,UNDER,66.7%,41.77,❌ MISS,-0.23,0.51,-1.46,1.1,-1.59,1.0,0.8,0.0049,100.0%,,,,,,,,,,,,,,,,,,,,,,,,,,,,,,
315,Bennedict Mathurin,TOV,1.5,OVER,PrizePicks,Goblin,,71.4%,A,STRONG BET,41.74,❌ MISS,0.0,OVER,70.7%,41.36,❌ MISS,OVER,69.8%,40.87,❌ MISS,OVER,73.0%,42.64,❌ MISS,OVER,72.0%,42.07,❌ MISS,-1.82,-1.75,-1.5,-0.7,-0.03,1.4,2.0,0.0122,100.0%,,,,,,,,,,,,,,,,,,,,,,,,,,,,,,
316,Jonathan Kuminga,AST,1.5,OVER,PrizePicks,Goblin,,66.9%,C,STRONG BET,41.73,❌ MISS,1.0,OVER,67.7%,42.2,❌ MISS,OVER,65.8%,41.11,❌ MISS,OVER,68.1%,42.39,❌ MISS,OVER,66.0%,41.23,❌ MISS,-1.38,-0.94,0.0,-0.7,-0.34,1.8,1.6,0.0103,100.0%,,,,,,,,,,,,,,,,,,,,,,,,,,,,,,
317,Tobias Harris,AST,3.5,UNDER,Underdog,,0.81x,69.7%,C,STRONG BET,41.68,✅ HIT,3.0,UNDER,70.7%,42.2,✅ HIT,UNDER,69.4%,41.49,✅ HIT,UNDER,70.0%,41.82,✅ HIT,UNDER,68.9%,41.21,✅ HIT,-0.81,0.81,-2.11,1.1,-2.19,1.2,0.4,0.0067,100.0%,,,,,,,,,,,,,,,,,,,,,,,,,,,,,,
318,VJ Edgecombe,PTS,20.5,OVER,Underdog and PrizePicks,,1.03x,67.3%,D,STRONG BET,41.68,✅ HIT,22.0,OVER,65.2%,39.34,✅ HIT,OVER,64.3%,38.26,✅ HIT,OVER,70.3%,45.25,✅ HIT,OVER,69.2%,43.85,✅ HIT,0.41,-0.36,3.0,-3.9,8.37,1.0,1.2,0.0253,100.0%,20.5,0.0,46.8%,53.2%,0.133,19.5,-1.0,51.1%,48.9%,0.1053,20.5,0.0,48.1%,51.9%,0.1245,20.5,0.0,44.7%,55.3%,0.1465,23.5,3.0,38.8%,61.2%,0.1848,19.5,-1.0,46.9%,53.0%,0.1321
319,RJ Barrett,3PA,5.5,UNDER,Underdog and PrizePicks,,,64.9%,B,BET,41.67,❌ MISS,7.0,UNDER,65.8%,42.13,❌ MISS,UNDER,65.1%,41.77,❌ MISS,UNDER,64.6%,41.48,❌ MISS,UNDER,64.2%,41.3,❌ MISS,-0.39,-0.53,-0.33,-0.7,0.18,1.2,1.6,0.0057,100.0%,,,,,,,,,,,,,,,,,,,,,,,,,,,,,,
320,Victor Wembanyama,3PA,7.5,UNDER,Underdog,,0.78x,68.9%,B,STRONG BET,41.66,✅ HIT,3.0,UNDER,69.5%,42.01,✅ HIT,UNDER,68.6%,41.51,✅ HIT,UNDER,69.0%,41.73,✅ HIT,UNDER,68.4%,41.4,✅ HIT,-1.22,-0.44,-0.15,-0.7,-1.26,1.0,1.6,0.0043,100.0%,,,,,,,,,,,,,,,,,,,,,,,,,,,,,,
321,Donte DiVincenzo,STL,0.5,OVER,PrizePicks,Goblin,,69.8%,A,BET,41.66,✅ HIT,2.0,OVER,70.7%,42.16,✅ HIT,OVER,70.0%,41.8,✅ HIT,OVER,69.5%,41.51,✅ HIT,OVER,68.8%,41.16,✅ HIT,-2.12,-0.75,-1.33,-0.3,-0.55,1.8,1.6,0.0067,100.0%,,,,,,,,,,,,,,,,,,,,,,,,,,,,,,
322,Naz Reid,3PM,1.5,UNDER,Underdog and PrizePicks,,1.06x,57.4%,S,DO NOT BET,41.65,❌ MISS,2.0,UNDER,58.6%,42.32,❌ MISS,UNDER,58.8%,42.41,❌ MISS,UNDER,56.0%,40.88,❌ MISS,UNDER,56.2%,41.0,❌ MISS,1.65,-1.75,0.67,-0.7,1.36,2.0,2.0,0.0129,100.0%,,,,,,,,,,,,,,,,,,,,,,,,,,,,,,
323,RJ Barrett,FTM,3.5,UNDER,Underdog,,,68.8%,B,STRONG BET,41.65,✅ HIT,2.0,UNDER,70.8%,42.75,✅ HIT,UNDER,69.8%,42.2,✅ HIT,UNDER,67.7%,41.04,✅ HIT,UNDER,66.9%,40.63,✅ HIT,-0.17,-0.26,-3.0,-0.3,0.1,1.4,1.2,0.0156,100.0%,,,,,,,,,,,,,,,,,,,,,,,,,,,,,,
324,Myles Turner,FGA,8.5,UNDER,PrizePicks,,,59.8%,D,DO NOT BET,41.64,NO GAME,,UNDER,59.4%,41.41,NO GAME,UNDER,58.4%,40.87,NO GAME,UNDER,61.2%,42.41,NO GAME,UNDER,60.3%,41.88,NO GAME,0.29,-1.58,0.78,-3.1,3.66,1.8,2.0,0.0104,100.0%,,,,,,,,,,,,,,,,,,,,,,,,,,,,,,
325,RJ Barrett,REB,5.5,UNDER,Underdog and PrizePicks,,,59.3%,B,DO NOT BET,41.55,❌ MISS,6.0,UNDER,59.9%,41.88,❌ MISS,UNDER,58.7%,41.2,❌ MISS,UNDER,59.9%,41.88,❌ MISS,UNDER,58.8%,41.25,❌ MISS,-0.14,-1.06,3.0,-1.5,1.3,0.8,1.6,0.006,100.0%,,,,,,,,,,,,,,,,,,,,,,,,,,,,,,
326,Shai Gilgeous-Alexander,STL,1.5,UNDER,Underdog,,0.84x,61.7%,A,BET WITH CAUTION,41.55,❌ MISS,2.0,UNDER,60.4%,40.81,❌ MISS,UNDER,60.5%,40.9,❌ MISS,UNDER,62.9%,42.23,❌ MISS,UNDER,63.0%,42.27,❌ MISS,-0.06,0.6,0.46,0.7,-0.77,1.0,0.8,0.0126,100.0%,,,,,,,,,,,,,,,,,,,,,,,,,,,,,,
327,Quentin Grimes,TOV,1.5,OVER,PrizePicks,Goblin,,64.7%,A,BET WITH CAUTION,41.52,❌ MISS,1.0,OVER,64.7%,41.5,❌ MISS,OVER,63.9%,41.08,❌ MISS,OVER,65.6%,41.98,❌ MISS,OVER,64.7%,41.51,❌ MISS,-0.36,-0.46,-0.42,-0.5,0.11,1.4,1.2,0.0058,100.0%,,,,,,,,,,,,,,,,,,,,,,,,,,,,,,
328,Ausar Thompson,AST,3.5,UNDER,Underdog,,0.88x,71.9%,C,STRONG BET,41.5,❌ MISS,5.0,UNDER,73.0%,42.1,❌ MISS,UNDER,71.6%,41.31,❌ MISS,UNDER,72.2%,41.63,❌ MISS,UNDER,70.9%,40.93,❌ MISS,-0.89,-0.79,-3.54,-0.5,-0.06,1.2,1.6,0.0078,100.0%,,,,,,,,,,,,,,,,,,,,,,,,,,,,,,
329,Kawhi Leonard,RA,9.5,OVER,Underdog and PrizePicks,,,54.0%,C,DO NOT BET,41.49,❌ MISS,8.0,OVER,52.5%,39.66,❌ MISS,OVER,52.4%,39.54,❌ MISS,OVER,56.0%,43.84,❌ MISS,OVER,55.2%,42.94,❌ MISS,-0.4,1.86,1.5,1.9,-2.31,0.8,0.0,0.016,100.0%,9.5,0.0,48.5%,51.5%,0.0357,9.5,0.0,51.6%,48.4%,0.0157,,,,,,,,,,,10.5,1.0,41.0%,59.0%,0.0843,9.5,0.0,51.1%,48.9%,0.0192
330,Ausar Thompson,STL,1.5,UNDER,Underdog,,1.03x,59.9%,A,DO NOT BET,41.47,❌ MISS,4.0,UNDER,61.2%,42.21,❌ MISS,UNDER,61.4%,42.29,❌ MISS,UNDER,58.4%,40.64,❌ MISS,UNDER,58.5%,40.74,❌ MISS,0.17,0.2,0.3,0.5,-0.08,1.0,1.6,0.0142,100.0%,,,,,,,,,,,,,,,,,,,,,,,,,,,,,,
331,Naz Reid,PRA,20.5,UNDER,Underdog,,,56.0%,D,DO NOT BET,41.46,❌ MISS,28.0,UNDER,57.5%,42.27,❌ MISS,UNDER,57.2%,42.09,❌ MISS,UNDER,54.9%,40.84,❌ MISS,UNDER,54.6%,40.66,❌ MISS,0.44,-0.81,1.26,-3.1,4.79,1.6,1.6,0.0131,100.0%,,,,,,,,,,,,,,,,,,,,,,,,,,,,,,
332,Evan Mobley,AST,2.5,OVER,Underdog and PrizePicks,Goblin,0.77x,66.4%,C,STRONG BET,41.44,✅ HIT,4.0,OVER,67.3%,41.96,✅ HIT,OVER,65.4%,40.88,✅ HIT,OVER,67.5%,42.04,✅ HIT,OVER,65.4%,40.9,✅ HIT,-0.83,-0.81,0.0,-1.1,-0.03,1.2,1.6,0.0101,100.0%,,,,,,,,,,,,,,,,,,,,,,,,,,,,,,
333,Julius Randle,FTM,5.5,UNDER,Underdog,,0.85x,64.7%,B,BET,41.41,✅ HIT,2.0,UNDER,65.8%,42.02,✅ HIT,UNDER,65.3%,41.75,✅ HIT,UNDER,64.0%,41.03,✅ HIT,UNDER,63.6%,40.85,✅ HIT,-0.17,0.35,-0.2,0.9,-1.34,1.0,0.4,0.0088,100.0%,,,,,,,,,,,,,,,,,,,,,,,,,,,,,,
334,Kevin Durant,PRA,36.5,UNDER,Underdog,,,61.5%,D,DO NOT BET,41.38,❌ MISS,41.0,UNDER,62.4%,41.92,❌ MISS,UNDER,62.0%,41.69,❌ MISS,UNDER,60.9%,41.05,❌ MISS,UNDER,60.5%,40.87,❌ MISS,-0.07,-0.22,0.63,-2.1,1.42,1.4,1.6,0.0079,100.0%,,,,,,,,,,,,,,,,,,,,,,,,,,,,,,
335,Derrick White,FTM,2.5,UNDER,Underdog,,0.74x,63.5%,B,BET,41.38,❌ MISS,4.0,UNDER,65.3%,42.39,❌ MISS,UNDER,64.9%,42.14,❌ MISS,UNDER,61.9%,40.51,❌ MISS,UNDER,61.8%,40.46,❌ MISS,0.01,-0.23,-1.0,-0.5,0.53,1.2,1.6,0.0163,100.0%,,,,,,,,,,,,,,,,,,,,,,,,,,,,,,
336,Kevin Durant,3PM,2.5,UNDER,Underdog,,0.81x,60.9%,S,BET WITH CAUTION,41.37,✅ HIT,2.0,UNDER,62.6%,42.34,✅ HIT,UNDER,62.7%,42.4,✅ HIT,UNDER,59.0%,40.32,✅ HIT,UNDER,59.1%,40.41,✅ HIT,-0.07,0.26,1.22,0.5,-0.63,1.0,0.8,0.0182,100.0%,,,,,,,,,,,,,,,,,,,,,,,,,,,,,,
337,Reed Sheppard,RA,7.5,OVER,PrizePicks,Goblin,,52.3%,C,DO NOT BET,41.34,✅ HIT,11.0,OVER,52.7%,41.56,✅ HIT,OVER,52.6%,41.49,✅ HIT,OVER,52.1%,41.22,✅ HIT,OVER,51.8%,41.08,✅ HIT,0.28,-0.24,3.89,-1.1,2.37,1.2,1.2,0.0036,100.0%,,,,,,,,,,,,,,,,,,,,,,,,,,,,,,
338,Kristaps Porziņģis,BLK,1.5,UNDER,Underdog,,0.86x,54.9%,S,DO NOT BET,41.34,✅ HIT,0.0,UNDER,53.8%,40.02,✅ HIT,UNDER,54.5%,40.84,✅ HIT,UNDER,55.4%,41.85,✅ HIT,UNDER,56.0%,42.63,✅ HIT,-0.06,0.1,0.13,0.1,-0.16,1.2,0.8,0.0082,100.0%,1.5,0.0,39.3%,60.7%,-0.0376,1.5,0.0,40.8%,59.2%,-0.0276,,,,,,,,,,,,,,,,1.5,0.0,43.0%,57.0%,-0.0137
339,Naz Reid,PR,18.0,UNDER,PrizePicks,,,55.0%,D,DO NOT BET,41.34,❌ MISS,27.0,UNDER,54.9%,41.3,❌ MISS,UNDER,54.8%,41.23,❌ MISS,UNDER,55.2%,41.45,❌ MISS,UNDER,55.0%,41.38,❌ MISS,0.5,-0.65,1.39,-2.4,4.27,1.4,1.6,0.0015,100.0%,,,,,,,,,,,,,,,,,,,,,,,,,,,,,,
340,P.J. Washington,BLK,0.5,OVER,PrizePicks,Goblin,,56.5%,S,BET WITH CAUTION,41.32,✅ HIT,1.0,OVER,57.5%,42.46,✅ HIT,OVER,56.5%,41.3,✅ HIT,OVER,56.5%,41.33,✅ HIT,OVER,55.6%,40.21,✅ HIT,-0.77,-0.12,0.0,-0.1,-0.51,1.0,0.8,0.0066,100.0%,,,,,,,,,,,,,,,,,,,,,,,,,,0.5,0.0,57.7%,42.3%,-0.008
341,Quentin Grimes,PA,21.5,OVER,PrizePicks,,,67.2%,D,STRONG BET,41.27,❌ MISS,18.0,OVER,67.7%,41.89,❌ MISS,OVER,68.1%,42.37,❌ MISS,OVER,66.3%,40.11,❌ MISS,OVER,66.8%,40.7,❌ MISS,0.54,-0.86,3.07,-6.7,10.88,1.2,1.6,0.0073,100.0%,20.5,-1.0,51.9%,48.0%,0.0994,20.5,-1.0,52.5%,47.5%,0.0959,,,,,,,,,,,21.5,0.0,46.9%,53.0%,0.1319,21.5,0.0,48.9%,51.1%,0.119
342,Scoot Henderson,3PA,5.5,UNDER,Underdog,,0.88x,69.4%,B,STRONG BET,41.26,❌ MISS,7.0,UNDER,69.4%,41.22,❌ MISS,UNDER,68.5%,40.72,❌ MISS,UNDER,70.3%,41.73,❌ MISS,UNDER,69.6%,41.36,❌ MISS,-0.27,-1.74,-3.0,-1.7,1.44,1.4,2.0,0.0066,100.0%,,,,,,,,,,,,,,,,,,,,,,,,,,,,,,
343,Tyler Herro,REB,5.5,UNDER,Underdog,,0.84x,66.0%,B,STRONG BET,41.24,✅ HIT,2.0,UNDER,67.0%,41.8,✅ HIT,UNDER,65.6%,41.01,✅ HIT,UNDER,66.4%,41.46,✅ HIT,UNDER,65.0%,40.71,✅ HIT,-0.45,0.92,-1.11,1.1,-1.64,0.8,0.4,0.0076,100.0%,,,,,,,,,,,,,,,,,,,,,,,,,,,,,,
344,Bennedict Mathurin,REB,4.5,OVER,Underdog and PrizePicks,,0.85x,55.1%,B,DO NOT BET,41.23,❌ MISS,4.0,OVER,55.2%,41.45,❌ MISS,OVER,55.9%,42.2,❌ MISS,OVER,54.4%,40.33,❌ MISS,OVER,54.9%,40.96,❌ MISS,-0.61,-0.28,0.9,-0.5,-0.59,1.4,1.2,0.0055,100.0%,4.5,0.0,51.9%,48.1%,0.021,4.5,0.0,51.6%,48.4%,0.0227,4.5,0.0,51.3%,48.7%,0.0244,4.5,0.0,51.1%,48.9%,0.0262,5.5,1.0,36.3%,63.7%,0.1224,4.5,0.0,51.1%,48.9%,0.0262
345,Derrick White,PRA,25.5,OVER,Underdog and PrizePicks,,,57.2%,D,DO NOT BET,41.22,❌ MISS,20.0,OVER,55.7%,39.38,❌ MISS,OVER,55.7%,39.39,❌ MISS,OVER,58.6%,42.9,❌ MISS,OVER,58.9%,43.24,❌ MISS,-0.45,0.47,-0.09,1.9,-3.72,1.2,0.8,0.0154,100.0%,25.5,0.0,51.1%,48.9%,0.04,,,,,,,,,,,,,,,,,,,,,,,,,
346,Donovan Mitchell,STL,0.5,OVER,PrizePicks,Goblin,,67.2%,A,BET,41.22,❌ MISS,0.0,OVER,65.1%,40.09,❌ MISS,OVER,64.5%,39.75,❌ MISS,OVER,69.9%,42.71,❌ MISS,OVER,69.3%,42.35,❌ MISS,-1.37,-0.94,-0.58,-0.7,-0.32,1.8,1.6,0.024,100.0%,,,,,,,,,,,,,,,,,,,,,,,,,,,,,,
347,Jamal Murray,FTM,4.5,UNDER,Underdog,,0.80x,63.8%,B,BET,41.22,❌ MISS,6.0,UNDER,66.5%,42.71,❌ MISS,UNDER,66.0%,42.4,❌ MISS,UNDER,61.4%,39.9,❌ MISS,UNDER,61.4%,39.89,❌ MISS,0.06,0.03,-0.69,0.1,0.06,1.0,0.8,0.0243,100.0%,,,,,,,,,,,,,,,,,,,,,,,,,,,,,,
348,Deni Avdija,RA,13.5,UNDER,Underdog and PrizePicks,,,55.0%,C,DO NOT BET,41.2,✅ HIT,11.0,UNDER,56.1%,42.49,✅ HIT,UNDER,55.2%,41.5,✅ HIT,UNDER,54.6%,40.72,✅ HIT,UNDER,54.0%,40.07,✅ HIT,0.03,-0.02,-0.16,-0.1,0.21,1.2,1.2,0.0077,100.0%,13.5,0.0,49.6%,50.4%,0.0299,13.5,0.0,49.5%,50.5%,0.0291,,,,,,,,,,,13.5,0.0,46.9%,53.0%,0.0127,12.5,-1.0,51.4%,48.6%,0.0419
349,Paul George,FTA,2.5,UNDER,PrizePicks,,,64.4%,C,DO NOT BET,41.2,✅ HIT,0.0,UNDER,65.4%,41.78,✅ HIT,UNDER,64.9%,41.49,✅ HIT,UNDER,63.8%,40.89,✅ HIT,UNDER,63.4%,40.65,✅ HIT,0.25,-1.19,-1.51,-1.5,1.81,1.4,1.6,0.0082,100.0%,,,,,,,,,,,,,,,,,,,,,,,,,,,,,,
350,Scottie Barnes,RA,12.0,UNDER,PrizePicks,,,53.4%,C,DO NOT BET,41.17,❌ MISS,20.0,UNDER,53.2%,40.99,❌ MISS,UNDER,52.6%,40.36,❌ MISS,UNDER,54.2%,41.96,❌ MISS,UNDER,53.7%,41.39,❌ MISS,0.38,0.74,0.5,2.4,-1.17,1.4,0.8,0.0059,100.0%,12.5,0.5,48.5%,51.5%,0.0129,11.5,-0.5,50.3%,49.7%,0.0246,,,,,,,,,,,12.5,0.5,46.3%,53.7%,-0.0015,12.5,0.5,50.4%,49.6%,0.025
351,Derrick White,SB,2.5,UNDER,Underdog,,0.80x,57.5%,A,DO NOT BET,41.13,✅ HIT,0.0,UNDER,59.4%,42.15,✅ HIT,UNDER,59.5%,42.22,✅ HIT,UNDER,55.5%,40.01,✅ HIT,UNDER,55.7%,40.13,✅ HIT,0.16,0.4,2.0,0.3,-0.18,1.2,0.8,0.0192,100.0%,,,,,,,,,,,,,,,,,,,,,,,,,,,,,,
352,Brandon Ingram,PA,24.5,UNDER,Underdog and PrizePicks,,,56.9%,D,DO NOT BET,41.11,✅ HIT,22.0,UNDER,55.5%,39.44,✅ HIT,UNDER,55.2%,39.03,✅ HIT,UNDER,58.7%,43.25,✅ HIT,UNDER,58.3%,42.71,✅ HIT,0.07,0.01,-1.5,0.1,0.68,1.2,1.2,0.0157,100.0%,24.5,0.0,48.9%,51.1%,0.0382,24.5,0.0,50.0%,50.0%,0.0451,,,,,,,,,,,25.5,1.0,36.8%,63.2%,-0.0409,24.5,0.0,51.1%,48.9%,0.0521
353,Kevin Durant,PTS,26.5,UNDER,Underdog and PrizePicks,,,61.8%,D,DO NOT BET,41.11,❌ MISS,30.0,UNDER,62.9%,41.73,❌ MISS,UNDER,62.8%,41.69,❌ MISS,UNDER,60.6%,40.48,❌ MISS,UNDER,60.7%,40.54,❌ MISS,-0.07,-0.11,0.6,-0.9,0.33,1.2,1.2,0.0109,100.0%,,,,,,,,,,,,,,,,,,,,,,,,,,,,,,
354,Julius Randle,PTS,21.0,UNDER,PrizePicks,,,58.7%,D,DO NOT BET,41.11,❌ MISS,24.0,UNDER,58.5%,40.98,❌ MISS,UNDER,58.6%,41.02,❌ MISS,UNDER,58.8%,41.17,❌ MISS,UNDER,59.0%,41.28,❌ MISS,0.0,0.18,0.8,1.6,-1.56,1.6,1.2,0.0022,100.0%,,,,,,,,,,,,,,,,,,,,,,,,,,,,,,
355,Shai Gilgeous-Alexander,SB,2.5,UNDER,Underdog,,0.74x,63.3%,A,BET WITH CAUTION,41.1,✅ HIT,2.0,UNDER,65.0%,42.0,✅ HIT,UNDER,64.8%,41.94,✅ HIT,UNDER,61.8%,40.24,✅ HIT,UNDER,61.7%,40.22,✅ HIT,-0.27,0.31,0.46,0.3,-0.57,0.8,0.4,0.0158,100.0%,,,,,,,,,,,,,,,,,,,,,,,,,,,,,,
356,James Harden,REB,5.0,UNDER,PrizePicks,,,60.6%,B,DO NOT BET,41.09,❌ MISS,9.0,UNDER,61.4%,41.52,❌ MISS,UNDER,60.1%,40.81,❌ MISS,UNDER,61.0%,41.33,❌ MISS,UNDER,59.8%,40.68,❌ MISS,-0.06,0.15,0.22,0.2,-0.28,1.4,1.2,0.0064,100.0%,,,,,,,,,,,,,,,,,,,,,,,,,,,,,,
357,Rudy Gobert,BLK,0.5,OVER,PrizePicks,Goblin,,69.2%,S,BET,41.08,✅ HIT,5.0,OVER,70.8%,41.93,✅ HIT,OVER,69.7%,41.31,✅ HIT,OVER,68.8%,40.84,✅ HIT,OVER,67.7%,40.23,✅ HIT,-0.7,-1.06,-2.0,-1.7,0.58,1.4,1.6,0.0114,100.0%,,,,,,,,,,,,,,,,,,,,,,,,,,,,,,
358,Kevin Durant,PRA,35.5,UNDER,PrizePicks,,,58.5%,D,DO NOT BET,41.08,❌ MISS,41.0,UNDER,59.6%,41.71,❌ MISS,UNDER,59.2%,41.51,❌ MISS,UNDER,57.7%,40.64,❌ MISS,UNDER,57.3%,40.46,❌ MISS,0.03,-0.12,0.78,-1.1,1.42,1.4,1.6,0.0098,100.0%,,,,,,,,,,,,,,,,,,,,,,,,,,,,,,
359,Derrick White,STL,0.5,OVER,PrizePicks,Goblin,,67.0%,A,BET,41.07,❌ MISS,0.0,OVER,65.7%,40.39,❌ MISS,OVER,65.1%,40.04,❌ MISS,OVER,68.8%,42.1,❌ MISS,OVER,68.2%,41.76,❌ MISS,-0.81,-1.68,-1.0,-1.5,0.78,1.6,2.0,0.0159,100.0%,,,,,,,,,,,,,,,,,,,,,,,,,,,,,,
360,Donte DiVincenzo,REB,4.0,UNDER,PrizePicks,,,59.7%,B,DO NOT BET,41.05,✅ HIT,3.0,UNDER,59.7%,41.03,✅ HIT,UNDER,58.4%,40.35,✅ HIT,UNDER,60.9%,41.73,✅ HIT,UNDER,59.8%,41.08,✅ HIT,0.13,-0.07,0.09,-0.2,0.56,1.2,1.6,0.0089,100.0%,,,,,,,,,,,,,,,,,,,,,,,,,,,,,,
361,Derrick White,AST,4.5,OVER,Underdog,,0.80x,55.7%,C,DO NOT BET,41.02,✅ HIT,6.0,OVER,54.1%,39.14,✅ HIT,OVER,53.2%,38.07,✅ HIT,OVER,58.4%,44.27,✅ HIT,OVER,57.0%,42.62,✅ HIT,-0.57,0.84,0.0,1.5,-2.51,1.0,0.8,0.021,100.0%,4.5,0.0,58.3%,41.7%,-0.0171,,,,,,,,,,,,,,,,,,,,,,,,,
362,Austin Reaves,AST,5.5,UNDER,Underdog,,0.84x,55.3%,C,DO NOT BET,40.97,❌ MISS,8.0,UNDER,56.0%,41.87,❌ MISS,UNDER,56.0%,41.82,❌ MISS,UNDER,54.4%,39.96,❌ MISS,UNDER,54.6%,40.22,❌ MISS,-0.0,-0.07,0.13,-0.1,0.1,1.2,1.6,0.0075,100.0%,5.5,0.0,46.3%,53.7%,0.01,5.5,0.0,45.9%,54.1%,0.0075,5.5,0.0,47.3%,52.7%,0.0167,5.5,0.0,45.0%,55.0%,0.0017,6.5,1.0,30.5%,69.5%,-0.0923,5.5,0.0,45.5%,54.5%,0.0048
363,Ace Bailey,TOV,2.5,UNDER,Underdog and PrizePicks,,,69.6%,A,BET,40.96,✅ HIT,1.0,UNDER,64.1%,37.94,✅ HIT,UNDER,63.9%,37.84,✅ HIT,UNDER,75.4%,44.19,✅ HIT,UNDER,74.9%,43.87,✅ HIT,-0.84,-0.66,-1.5,-0.9,-0.23,1.2,1.2,0.0559,100.0%,,,,,,,,,,,,,,,,,,,,,,,,,,,,,,
364,Donte DiVincenzo,RA,7.5,UNDER,PrizePicks,,,58.6%,C,DO NOT BET,40.95,✅ HIT,5.0,UNDER,61.0%,42.28,✅ HIT,UNDER,59.7%,41.53,✅ HIT,UNDER,57.3%,40.24,✅ HIT,UNDER,56.4%,39.74,✅ HIT,0.33,-0.26,0.11,-0.7,1.6,1.6,1.2,0.0183,100.0%,,,,,,,,,,,,,,,,,,,,,,,,,,,,,,
365,Brandon Ingram,STL,0.5,OVER,PrizePicks,Goblin,,61.0%,A,BET WITH CAUTION,40.94,✅ HIT,1.0,OVER,64.9%,43.06,✅ HIT,OVER,64.3%,42.73,✅ HIT,OVER,57.7%,39.12,✅ HIT,OVER,57.2%,38.86,✅ HIT,-0.66,0.75,1.5,0.3,-0.56,1.0,0.4,0.0356,100.0%,,,,,,,,,,,,,,,,,,,,,,,,,,,,,,
366,Kawhi Leonard,FTM,4.5,OVER,Underdog,,0.88x,62.6%,B,BET,40.93,✅ HIT,7.0,OVER,61.7%,40.42,✅ HIT,OVER,59.2%,39.06,✅ HIT,OVER,66.4%,42.98,✅ HIT,OVER,63.3%,41.28,✅ HIT,-0.52,-0.51,1.5,-1.5,-0.04,1.6,1.2,0.0258,100.0%,,,,,,,,,,,,,,,,,,,,,,,,,,,,,,
367,Reed Sheppard,REB,2.5,OVER,PrizePicks,Goblin,,59.0%,B,DO NOT BET,40.86,✅ HIT,8.0,OVER,60.3%,41.56,✅ HIT,OVER,60.7%,41.79,✅ HIT,OVER,57.3%,39.93,✅ HIT,OVER,57.7%,40.15,✅ HIT,-0.18,-0.06,2.11,-0.1,-0.22,1.2,0.8,0.015,100.0%,,,,,,,,,,,,,,,,,,,,,,,,,,,,,,
368,Immanuel Quickley,STL,1.5,UNDER,Underdog,,0.82x,66.0%,A,BET,40.86,NO GAME,,UNDER,71.0%,43.64,NO GAME,UNDER,71.0%,43.61,NO GAME,UNDER,60.9%,38.07,NO GAME,UNDER,61.0%,38.13,NO GAME,-0.18,0.46,-1.0,0.5,-0.7,0.6,0.4,0.0502,100.0%,,,,,,,,,,,,,,,,,,,,,,,,,,,,,,
369,Cooper Flagg,PA,28.5,UNDER,Underdog and PrizePicks,,,59.0%,D,DO NOT BET,40.85,❌ MISS,33.0,UNDER,53.5%,34.41,❌ MISS,UNDER,53.2%,33.99,❌ MISS,UNDER,64.8%,47.72,❌ MISS,UNDER,64.4%,47.25,❌ MISS,-0.51,0.36,-0.18,2.5,-6.1,1.2,0.8,0.0562,100.0%,27.5,-1.0,49.8%,50.2%,0.0572,28.5,0.0,50.0%,50.0%,0.0585,,,,,,,,,,,29.5,1.0,47.7%,52.3%,0.0437,28.5,0.0,48.0%,52.0%,0.0455
370,Andrew Nembhard,PRA,25.5,OVER,Underdog and PrizePicks,,,56.2%,D,DO NOT BET,40.82,✅ HIT,35.0,OVER,58.3%,43.37,✅ HIT,OVER,58.2%,43.29,✅ HIT,OVER,53.9%,38.12,✅ HIT,OVER,54.3%,38.48,✅ HIT,-0.34,-0.36,0.46,-1.9,0.07,1.2,0.8,0.0208,100.0%,25.5,0.0,50.0%,50.0%,0.0402,25.5,0.0,50.7%,49.3%,0.0359,26.5,1.0,40.1%,59.9%,0.1044,25.5,0.0,50.3%,49.7%,0.0385,27.5,2.0,36.0%,64.0%,0.1314,24.5,-1.0,57.6%,42.4%,-0.0093
371,Darius Garland,PR,21.5,OVER,PrizePicks,,,53.8%,D,DO NOT BET,40.8,✅ HIT,28.0,OVER,52.2%,38.84,✅ HIT,OVER,52.1%,38.7,✅ HIT,OVER,55.4%,42.74,✅ HIT,OVER,55.5%,42.9,✅ HIT,0.03,-0.43,0.0,-4.5,4.86,1.2,1.2,0.0167,100.0%,,,,,,22.5,1.0,49.3%,50.7%,0.0296,,,,,,,,,,,23.5,2.0,44.9%,55.1%,0.0583,21.5,0.0,52.0%,48.0%,0.0118
372,Onyeka Okongwu,BLK,1.5,UNDER,Underdog,,0.79x,62.5%,S,BET,40.79,✅ HIT,0.0,UNDER,61.7%,40.34,✅ HIT,UNDER,62.2%,40.59,✅ HIT,UNDER,62.9%,40.99,✅ HIT,UNDER,63.3%,41.23,✅ HIT,-0.65,-0.79,0.51,-0.5,0.09,1.2,1.6,0.0063,100.0%,,,,,,,,,,,,,,,,,,,,,,,,,,,,,,
373,Dyson Daniels,FGM,4.5,OVER,PrizePicks,Goblin,,64.3%,C,DO NOT BET,40.77,✅ HIT,8.0,OVER,65.5%,41.45,✅ HIT,OVER,64.6%,40.95,✅ HIT,OVER,64.0%,40.6,✅ HIT,OVER,63.0%,40.07,✅ HIT,-0.21,-0.56,-1.17,-2.1,1.34,1.6,1.6,0.0091,100.0%,,,,,,,,,,,,,,,,,,,,,,,,,,,,,,
374,Deni Avdija,3PA,5.5,UNDER,Underdog and PrizePicks,,,54.0%,B,DO NOT BET,40.76,✅ HIT,5.0,UNDER,52.5%,39.92,✅ HIT,UNDER,52.9%,40.15,✅ HIT,UNDER,55.2%,41.4,✅ HIT,UNDER,55.5%,41.56,✅ HIT,0.42,-0.35,2.92,-0.5,1.09,1.4,1.2,0.0133,100.0%,,,,,,,,,,,,,,,,,,,,,,,,,,,,,,
375,Onyeka Okongwu,BLK,0.5,OVER,PrizePicks,Goblin,,66.1%,S,BET,40.75,❌ MISS,0.0,OVER,67.4%,41.47,❌ MISS,OVER,66.3%,40.86,❌ MISS,OVER,65.8%,40.62,❌ MISS,OVER,64.8%,40.03,❌ MISS,-0.93,-0.79,-1.18,-0.5,-0.09,1.4,1.6,0.0094,100.0%,,,,,,,,,,,,,,,,,,,,,,,,,,,,,,
376,Reed Sheppard,FTM,0.5,OVER,PrizePicks,,,53.2%,B,DO NOT BET,40.75,✅ HIT,2.0,OVER,53.3%,40.77,✅ HIT,OVER,51.6%,39.88,✅ HIT,OVER,55.0%,41.71,✅ HIT,OVER,53.0%,40.64,✅ HIT,-0.52,0.12,6.0,0.1,-0.52,1.0,0.4,0.0118,100.0%,,,,,,,,,,,,,,,,,,,,,,,,,,,,,,
377,Pascal Siakam,FGA,16.5,OVER,Underdog,,0.88x,65.9%,D,DO NOT BET,40.74,❌ MISS,15.0,OVER,66.3%,40.99,❌ MISS,OVER,63.0%,39.16,❌ MISS,OVER,68.6%,42.25,❌ MISS,OVER,65.6%,40.58,❌ MISS,-0.47,-0.51,0.19,-2.3,0.2,1.4,1.2,0.0201,100.0%,,,,,,,,,,,,,,,,,,,,,,,,,,,,,,
378,Norman Powell,3PM,1.5,OVER,PrizePicks,Goblin,,69.0%,S,BET,40.73,✅ HIT,3.0,OVER,68.8%,40.64,✅ HIT,OVER,68.4%,40.41,✅ HIT,OVER,69.7%,41.11,✅ HIT,OVER,69.0%,40.75,✅ HIT,-1.05,-0.08,-1.37,-0.1,-1.15,1.2,0.4,0.0046,100.0%,,,,,,,,,,,,,,,,,,,,,,,,,,,,,,
379,Brandin Podziemski,3PA,5.5,UNDER,Underdog and PrizePicks,,,67.5%,B,STRONG BET,40.73,✅ HIT,4.0,UNDER,67.5%,40.73,✅ HIT,UNDER,66.7%,40.31,✅ HIT,UNDER,68.2%,41.09,✅ HIT,UNDER,67.6%,40.78,✅ HIT,-0.48,-0.4,-1.86,-0.5,-0.11,0.8,1.2,0.0051,100.0%,,,,,,,,,,,,,,,,,,,,,,,,,,,,,,
380,Jaden McDaniels,3PM,1.5,UNDER,Underdog,,0.85x,64.2%,S,BET WITH CAUTION,40.71,❌ MISS,3.0,UNDER,62.5%,39.79,❌ MISS,UNDER,62.6%,39.85,❌ MISS,UNDER,65.8%,41.59,❌ MISS,UNDER,65.8%,41.6,❌ MISS,-0.06,-0.07,-2.0,-0.1,0.01,1.6,1.2,0.0161,100.0%,,,,,,,,,,,,,,,,,,,,,,,,,,,,,,
381,Luka Dončić,FTM,8.5,UNDER,Underdog,,0.89x,61.9%,B,BET WITH CAUTION,40.69,❌ MISS,9.0,UNDER,64.5%,42.15,❌ MISS,UNDER,64.2%,41.95,❌ MISS,UNDER,59.3%,39.27,❌ MISS,UNDER,59.5%,39.39,❌ MISS,-0.16,-0.08,0.15,-0.3,-0.32,1.4,1.2,0.0247,100.0%,,,,,,,,,,,,,,,,,,,,,,,,,,,,,,
382,Jaden McDaniels,STL,0.5,OVER,PrizePicks,Goblin,,65.3%,A,BET,40.69,✅ HIT,2.0,OVER,64.8%,40.37,✅ HIT,OVER,64.1%,40.04,✅ HIT,OVER,66.5%,41.34,✅ HIT,OVER,65.9%,41.0,✅ HIT,-0.32,-0.67,-1.15,-1.3,0.69,1.4,1.2,0.0093,100.0%,,,,,,,,,,,,,,,,,,,,,,,,,,,,,,
383,Jalen Williams,FTM,1.5,OVER,PrizePicks,Goblin,,68.0%,B,STRONG BET,40.68,✅ HIT,3.0,OVER,68.9%,41.15,✅ HIT,OVER,65.8%,39.47,✅ HIT,OVER,70.4%,41.98,✅ HIT,OVER,67.0%,40.11,✅ HIT,-0.43,-0.53,-1.5,-2.1,0.41,1.4,1.2,0.0174,100.0%,,,,,,,,,,,,,,,,,,,,,,,,,,,,,,
384,Immanuel Quickley,STL,0.5,OVER,PrizePicks,Goblin,,64.6%,A,BET WITH CAUTION,40.67,NO GAME,,OVER,61.1%,38.71,NO GAME,OVER,60.5%,38.4,NO GAME,OVER,68.8%,42.96,NO GAME,OVER,68.2%,42.61,NO GAME,-0.73,-1.37,0.0,-1.5,0.7,1.8,1.6,0.0386,100.0%,,,,,,,,,,,,,,,,,,,,,,,,,,,,,,
385,Klay Thompson,3PM,2.5,OVER,PrizePicks,Goblin,,54.3%,S,DO NOT BET,40.65,❌ MISS,2.0,OVER,55.9%,42.38,❌ MISS,OVER,55.5%,42.0,❌ MISS,OVER,53.1%,39.35,❌ MISS,OVER,52.7%,38.87,❌ MISS,-0.26,-0.59,-0.46,-1.1,0.62,1.2,1.6,0.0142,100.0%,3.5,1.0,44.2%,55.8%,0.0656,2.5,0.0,57.1%,42.9%,-0.0182,2.5,0.0,60.6%,39.4%,-0.0409,2.5,0.0,56.0%,44.0%,-0.0114,,,,,,,,,,
386,Julius Randle,PRA,32.5,UNDER,Underdog and PrizePicks,,,57.3%,D,DO NOT BET,40.65,❌ MISS,36.0,UNDER,57.8%,40.91,❌ MISS,UNDER,57.4%,40.73,❌ MISS,UNDER,57.1%,40.57,❌ MISS,UNDER,56.8%,40.39,❌ MISS,0.06,0.08,0.77,0.7,-0.23,1.6,1.2,0.0035,100.0%,,,,,,,,,,,,,,,,,,,,,,,,,,,,,,
387,Shai Gilgeous-Alexander,FGA,20.5,UNDER,Underdog and PrizePicks,,1.03x,63.4%,D,DO NOT BET,40.63,✅ HIT,12.0,UNDER,63.3%,40.59,✅ HIT,UNDER,61.7%,39.69,✅ HIT,UNDER,65.0%,41.51,✅ HIT,UNDER,63.5%,40.71,✅ HIT,-0.11,-0.12,-0.06,-0.9,0.08,1.2,0.8,0.0117,100.0%,,,,,,,,,,,,,,,,,,,,,,,,,,,,,,
388,Andrew Nembhard,RA,8.5,OVER,PrizePicks,Goblin,,57.6%,C,DO NOT BET,40.61,✅ HIT,21.0,OVER,56.2%,38.53,✅ HIT,OVER,55.7%,38.05,✅ HIT,OVER,59.8%,43.62,✅ HIT,OVER,58.6%,42.23,✅ HIT,-0.28,-0.37,0.19,-2.3,0.58,1.4,1.2,0.0168,100.0%,,,,,,9.5,1.0,57.4%,42.6%,0.0016,,,,,,,,,,,10.5,2.0,46.2%,53.8%,0.0738,9.5,1.0,55.8%,44.2%,0.0116
389,Payton Pritchard,3PA,6.5,OVER,Underdog,,,63.2%,B,BET,40.58,❌ MISS,6.0,OVER,62.5%,40.22,❌ MISS,OVER,61.0%,39.35,❌ MISS,OVER,65.4%,41.81,❌ MISS,OVER,63.8%,40.94,❌ MISS,-0.3,-0.33,-0.13,-0.7,0.06,1.2,1.2,0.0165,100.0%,,,,,,,,,,,,,,,,,,,,,,,,,,,,,,
390,Naz Reid,RA,7.5,UNDER,Underdog,,1.07x,56.7%,C,DO NOT BET,40.57,❌ MISS,14.0,UNDER,58.1%,41.34,❌ MISS,UNDER,57.1%,40.75,❌ MISS,UNDER,56.3%,40.3,❌ MISS,UNDER,55.5%,39.88,❌ MISS,0.53,-0.88,0.78,-1.7,2.72,1.4,1.6,0.0099,100.0%,,,,,,,,,,,,,,,,,,,,,,,,,,,,,,
391,Draymond Green,STL,0.5,OVER,PrizePicks,Goblin,,61.9%,A,BET WITH CAUTION,40.54,✅ HIT,2.0,OVER,66.1%,42.82,✅ HIT,OVER,65.4%,42.47,✅ HIT,OVER,58.4%,38.58,✅ HIT,OVER,57.9%,38.31,✅ HIT,-0.36,-0.88,0.27,-0.9,0.54,1.6,1.6,0.0383,100.0%,,,,,,,,,,,,,,,,,,,,,,,,,,,,,,
392,Nikola Jokić,TOV,3.5,UNDER,Underdog,,,60.8%,A,BET WITH CAUTION,40.53,✅ HIT,1.0,UNDER,61.6%,40.97,✅ HIT,UNDER,61.5%,40.91,✅ HIT,UNDER,60.1%,40.15,✅ HIT,UNDER,60.1%,40.1,✅ HIT,0.12,0.44,-0.58,1.3,-0.94,1.0,0.8,0.0074,100.0%,,,,,,,,,,,,,,,,,,,,,,,,,,,,,,
393,Jayson Tatum,STL,0.5,OVER,PrizePicks,Goblin,,63.8%,A,BET WITH CAUTION,40.52,✅ HIT,3.0,OVER,63.0%,40.07,✅ HIT,OVER,62.4%,39.75,✅ HIT,OVER,65.2%,41.29,✅ HIT,OVER,64.6%,40.97,✅ HIT,-0.84,-0.94,-0.25,-0.7,0.07,1.6,1.6,0.0115,100.0%,,,,,,,,,,,,,,,,,,,,,,,,,,,,,,
394,CJ McCollum,AST,4.5,UNDER,Underdog,,0.80x,61.9%,C,DO NOT BET,40.51,❌ MISS,5.0,UNDER,62.7%,40.95,❌ MISS,UNDER,62.1%,40.6,❌ MISS,UNDER,61.6%,40.36,❌ MISS,UNDER,61.2%,40.12,❌ MISS,-0.29,0.27,0.5,0.7,-1.45,1.0,0.8,0.0056,100.0%,,,,,,,,,,,,,,,,,,,,,,,,,,,,,,
395,Kawhi Leonard,SB,2.5,UNDER,Underdog,,0.79x,63.1%,A,BET WITH CAUTION,40.45,✅ HIT,1.0,UNDER,64.7%,41.31,✅ HIT,UNDER,64.6%,41.26,✅ HIT,UNDER,61.6%,39.64,✅ HIT,UNDER,61.6%,39.62,✅ HIT,-0.05,-0.1,-1.5,-0.1,0.05,1.4,1.2,0.0151,100.0%,,,,,,,,,,,,,,,,,,,,,,,,,,,,,,
396,Jerami Grant,AST,1.5,OVER,PrizePicks,Goblin,,60.1%,C,DO NOT BET,40.45,❌ MISS,0.0,OVER,61.1%,41.72,❌ MISS,OVER,59.6%,39.88,❌ MISS,OVER,60.7%,41.05,❌ MISS,OVER,59.1%,39.16,❌ MISS,-0.41,-0.06,-0.33,-0.1,-0.62,1.0,0.4,0.0079,100.0%,,,,,,,,,,,,,,,,2.5,1.0,33.9%,66.1%,0.1704,,,,,,,,,,
397,Donovan Mitchell,STL,1.5,UNDER,Underdog,,0.80x,64.5%,A,BET WITH CAUTION,40.43,✅ HIT,0.0,UNDER,65.9%,41.2,✅ HIT,UNDER,65.9%,41.23,✅ HIT,UNDER,63.0%,39.63,✅ HIT,UNDER,63.1%,39.67,✅ HIT,0.03,-0.4,-1.73,-0.3,0.32,1.0,1.2,0.0143,100.0%,,,,,,,,,,,,,,,,,,,,,,,,,,,,,,
398,Bam Adebayo,PTS,20.5,OVER,Underdog and PrizePicks,,0.88x,59.5%,D,DO NOT BET,40.43,❌ MISS,17.0,OVER,57.7%,39.44,❌ MISS,OVER,57.0%,39.07,❌ MISS,OVER,62.1%,41.89,❌ MISS,OVER,61.2%,41.35,❌ MISS,0.03,-0.62,0.54,-3.3,3.48,1.6,1.2,0.0219,100.0%,,,,,,,,,,,,,,,,,,,,,,,,,,,,,,
399,Donovan Mitchell,AST,4.5,OVER,Underdog,,0.76x,64.8%,C,DO NOT BET,40.38,❌ MISS,4.0,OVER,65.8%,40.91,❌ MISS,OVER,63.9%,39.89,❌ MISS,OVER,65.8%,40.89,❌ MISS,OVER,63.8%,39.82,❌ MISS,-0.38,-0.33,-0.2,-1.1,-0.18,1.2,0.8,0.0095,100.0%,,,,,,,,,,,,,,,,,,,,,,,,,,,,,,
400,Pascal Siakam,REB,5.0,OVER,PrizePicks,,,62.9%,B,DO NOT BET,40.37,✅ HIT,8.0,OVER,63.6%,40.84,✅ HIT,OVER,63.8%,41.49,✅ HIT,OVER,62.0%,39.29,✅ HIT,OVER,62.1%,39.85,✅ HIT,-1.07,0.14,-1.06,0.2,-1.78,1.0,0.8,0.0082,100.0%,5.5,0.5,66.1%,33.9%,-0.0209,5.5,0.5,65.7%,34.3%,-0.0184,5.5,0.5,65.9%,34.1%,-0.0199,5.5,0.5,65.8%,34.2%,-0.0193,6.5,1.5,55.7%,44.3%,0.0468,5.5,0.5,66.5%,33.5%,-0.0234
401,James Harden,TOV,2.5,OVER,Underdog,,0.88x,68.0%,A,BET,40.36,✅ HIT,5.0,OVER,67.5%,40.12,✅ HIT,OVER,66.7%,39.66,✅ HIT,OVER,69.3%,41.09,✅ HIT,OVER,68.4%,40.56,✅ HIT,-0.62,-0.52,-1.52,-0.9,-0.18,1.0,0.8,0.0096,100.0%,,,,,,,,,,,,,,,,,,,,,,,,,,,,,,
402,Ace Bailey,FGA,21.5,UNDER,Underdog and PrizePicks,,,82.0%,D,STRONG BET,40.3,✅ HIT,19.0,UNDER,84.1%,41.49,✅ HIT,UNDER,80.2%,39.35,✅ HIT,UNDER,83.3%,41.02,✅ HIT,UNDER,80.2%,39.34,✅ HIT,-1.19,-0.57,-1.5,-4.7,-5.04,1.8,1.6,0.0176,100.0%,,,,,,,,,,,,,,,,,,,,,,,,,,,,,,
403,Luka Dončić,REB,8.0,UNDER,PrizePicks,,,57.6%,B,DO NOT BET,40.28,✅ HIT,6.0,UNDER,58.2%,40.81,✅ HIT,UNDER,57.0%,39.41,✅ HIT,UNDER,58.2%,41.11,✅ HIT,UNDER,57.1%,39.82,✅ HIT,-0.1,-0.9,-0.27,-1.2,1.07,1.0,1.6,0.0057,100.0%,8.5,0.5,46.5%,53.5%,0.0267,8.5,0.5,47.6%,52.4%,0.0336,8.5,0.5,46.8%,53.2%,0.0283,8.5,0.5,46.5%,53.5%,0.0268,9.5,1.5,30.0%,70.0%,-0.0804,8.5,0.5,45.4%,54.6%,0.0196
404,Jaylen Brown,RA,11.5,OVER,Underdog,,0.87x,54.6%,C,DO NOT BET,40.27,✅ HIT,16.0,OVER,56.1%,42.07,✅ HIT,OVER,55.6%,41.49,✅ HIT,OVER,53.5%,39.01,✅ HIT,OVER,53.1%,38.49,✅ HIT,-0.33,0.34,0.66,0.7,-1.37,1.2,0.8,0.0128,100.0%,11.5,0.0,53.7%,46.3%,0.0057,,,,,,,,,,,,,,,,,,,,,,,,,
405,Jrue Holiday,STL,0.5,OVER,PrizePicks,Goblin,,63.9%,A,BET WITH CAUTION,40.27,✅ HIT,1.0,OVER,64.3%,40.48,✅ HIT,OVER,63.7%,40.15,✅ HIT,OVER,64.1%,40.38,✅ HIT,OVER,63.5%,40.07,✅ HIT,-0.79,-0.4,-0.46,-0.3,-0.29,1.2,1.2,0.0031,100.0%,,,,,,,,,,,,,,,,,,,,,,,,,,,,,,
406,Bam Adebayo,AST,2.5,OVER,Underdog,,0.76x,63.2%,C,DO NOT BET,40.25,✅ HIT,7.0,OVER,63.1%,40.17,✅ HIT,OVER,61.4%,39.26,✅ HIT,OVER,65.2%,41.31,✅ HIT,OVER,63.3%,40.27,✅ HIT,-0.32,-0.08,-0.59,-0.1,-0.29,1.2,0.8,0.0133,100.0%,,,,,,,,,,,,,,,,,,,,,,,,,,,,,,
407,Nikola Jokić,SB,2.5,UNDER,Underdog,,0.88x,60.3%,A,BET WITH CAUTION,40.21,✅ HIT,1.0,UNDER,59.7%,39.89,✅ HIT,UNDER,59.8%,39.95,✅ HIT,UNDER,60.9%,40.5,✅ HIT,UNDER,60.9%,40.5,✅ HIT,-0.15,-0.44,0.71,-0.7,0.46,1.0,1.2,0.0053,100.0%,,,,,,,,,,,,,,,,,,,,,,,,,,,,,,
408,Nikola Jokić,3PA,3.5,OVER,PrizePicks,Goblin,,64.8%,B,BET,40.19,✅ HIT,5.0,OVER,69.0%,42.52,✅ HIT,OVER,67.1%,41.43,✅ HIT,OVER,62.3%,38.79,✅ HIT,OVER,60.9%,38.01,✅ HIT,-0.44,0.11,-0.62,0.3,-1.47,1.2,0.8,0.0336,100.0%,,,,,,,,,,,,,,,,,,,,,,,,,,,,,,
409,Ausar Thompson,RA,9.5,UNDER,Underdog,,0.84x,65.8%,C,BET WITH CAUTION,40.17,✅ HIT,9.0,UNDER,65.2%,39.88,✅ HIT,UNDER,63.5%,38.9,✅ HIT,UNDER,68.2%,41.53,✅ HIT,UNDER,66.1%,40.38,✅ HIT,-0.3,-0.58,-1.78,-1.5,0.73,1.0,1.6,0.0172,100.0%,,,,,,,,,,,,,,,,,,,,,,,,,,,,,,
410,Dyson Daniels,TOV,1.5,OVER,PrizePicks,Goblin,,64.5%,A,BET WITH CAUTION,40.15,✅ HIT,4.0,OVER,66.3%,41.13,✅ HIT,OVER,65.5%,40.69,✅ HIT,OVER,63.6%,39.61,✅ HIT,OVER,62.8%,39.17,✅ HIT,-0.57,-0.2,-1.15,-0.1,-0.18,0.8,1.2,0.0144,100.0%,,,,,,,,,,,,,,,,,,,,,,,,,,,,,,
411,Cooper Flagg,STL,0.5,OVER,PrizePicks,Goblin,,64.7%,A,BET WITH CAUTION,40.12,✅ HIT,2.0,OVER,67.1%,41.43,✅ HIT,OVER,66.5%,41.08,✅ HIT,OVER,62.9%,39.14,✅ HIT,OVER,62.4%,38.83,✅ HIT,-0.65,-0.71,-0.46,-0.7,0.07,1.0,1.2,0.0209,100.0%,,,,,,,,,,,,,,,,,,,,,,,,,,,,,,
412,Naz Reid,PTS,12.5,UNDER,Underdog,,,53.6%,D,DO NOT BET,40.11,❌ MISS,14.0,UNDER,53.6%,40.08,❌ MISS,UNDER,53.8%,40.22,❌ MISS,UNDER,53.3%,39.96,❌ MISS,UNDER,53.8%,40.18,❌ MISS,0.3,-0.24,1.4,-0.9,2.07,1.4,1.6,0.0019,100.0%,,,,,,,,,,,,,,,,,,,,,,,,,,,,,,
413,LeBron James,AST,6.5,UNDER,Underdog and PrizePicks,,0.85x,53.1%,C,DO NOT BET,40.11,❌ MISS,9.0,UNDER,52.5%,39.23,❌ MISS,UNDER,52.8%,39.54,❌ MISS,UNDER,53.5%,40.69,❌ MISS,UNDER,53.8%,41.0,❌ MISS,0.12,-0.09,1.5,-0.3,0.68,1.0,1.2,0.0056,100.0%,6.5,0.0,46.8%,53.2%,-0.0003,6.5,0.0,46.5%,53.5%,-0.002,6.5,0.0,48.1%,51.9%,0.0082,6.5,0.0,46.6%,53.4%,-0.0019,7.5,1.0,39.8%,60.2%,-0.0461,6.5,0.0,48.0%,52.0%,0.0075
414,Immanuel Quickley,RA,9.5,UNDER,Underdog and PrizePicks,,,57.5%,C,DO NOT BET,40.07,NO GAME,,UNDER,59.6%,42.73,NO GAME,UNDER,58.4%,41.27,NO GAME,UNDER,56.3%,38.59,NO GAME,UNDER,55.5%,37.69,NO GAME,0.2,-0.66,-3.0,-1.9,2.47,1.0,1.6,0.0165,100.0%,9.5,0.0,47.2%,52.8%,0.0303,9.5,0.0,51.6%,48.4%,0.0589,,,,,,,,,,,10.5,1.0,40.4%,59.6%,-0.0138,9.5,0.0,50.8%,49.2%,0.0537
415,Scottie Barnes,AST,5.0,UNDER,PrizePicks,,,54.4%,C,DO NOT BET,40.05,❌ MISS,12.0,UNDER,55.8%,41.76,❌ MISS,UNDER,55.8%,41.64,❌ MISS,UNDER,52.8%,38.23,❌ MISS,UNDER,53.2%,38.57,❌ MISS,0.18,0.85,0.5,2.0,-1.57,1.2,0.4,0.0141,100.0%,5.5,0.5,49.8%,50.2%,0.027,5.5,0.5,46.2%,53.8%,0.0034,5.5,0.5,44.8%,55.2%,-0.0051,5.5,0.5,48.0%,52.0%,0.0152,5.5,0.5,46.3%,53.7%,0.0044,5.5,0.5,48.1%,51.9%,0.0158
416,Kevin Durant,3PM,1.5,OVER,PrizePicks,Goblin,,66.3%,S,BET,40.03,✅ HIT,2.0,OVER,65.8%,39.79,✅ HIT,OVER,65.5%,39.57,✅ HIT,OVER,67.2%,40.54,✅ HIT,OVER,66.6%,40.2,✅ HIT,-0.46,-0.79,-2.04,-1.5,0.63,1.2,1.6,0.0068,100.0%,,,,,,,,,,,,,,,,,,,,,,,,,,,,,,
417,Jaden McDaniels,REB,4.0,UNDER,PrizePicks,,,54.8%,B,DO NOT BET,40.02,✅ HIT,2.0,UNDER,54.5%,39.84,✅ HIT,UNDER,53.4%,39.27,✅ HIT,UNDER,56.1%,40.76,✅ HIT,UNDER,55.1%,40.21,✅ HIT,0.11,0.17,2.24,0.4,-0.13,1.4,0.8,0.0099,100.0%,,,,,,,,,,,,,,,,,,,,,,,,,,,,,,
418,Brandin Podziemski,FGM,5.5,UNDER,PrizePicks,,,66.7%,C,STRONG BET,40.02,❌ MISS,6.0,UNDER,65.8%,39.48,❌ MISS,UNDER,65.8%,39.5,❌ MISS,UNDER,67.7%,40.55,❌ MISS,UNDER,67.7%,40.56,❌ MISS,-0.38,-0.79,-2.31,-1.9,0.98,1.2,1.6,0.0097,100.0%,,,,,,,,,,,,,,,,,,,,,,,,,,,,,,
419,Dyson Daniels,3PA,1.5,UNDER,PrizePicks,,,59.2%,B,DO NOT BET,40.02,✅ HIT,1.0,UNDER,59.8%,40.37,✅ HIT,UNDER,59.6%,40.27,✅ HIT,UNDER,58.6%,39.72,✅ HIT,UNDER,58.7%,39.75,✅ HIT,-0.01,0.15,-0.0,0.3,-0.31,1.2,1.2,0.0054,100.0%,,,,,,,,,,,,,,,,,,,,,,,,,,,,,,
420,Jalen Johnson,AST,6.5,OVER,PrizePicks,Goblin,,64.3%,C,DO NOT BET,40.02,✅ HIT,12.0,OVER,62.5%,39.03,✅ HIT,OVER,60.9%,38.14,✅ HIT,OVER,68.0%,42.03,✅ HIT,OVER,65.9%,40.88,✅ HIT,-0.44,-0.77,-0.51,-2.7,1.15,1.6,1.6,0.0277,100.0%,,,,,,,,,,,,,,,,,,,,,,,,,,,,,,
421,Immanuel Quickley,3PM,2.5,UNDER,Underdog,,0.86x,54.6%,S,DO NOT BET,40.0,NO GAME,,UNDER,56.4%,42.19,NO GAME,UNDER,56.6%,42.42,NO GAME,UNDER,52.5%,37.52,NO GAME,UNDER,52.8%,37.88,NO GAME,0.11,-0.56,-0.25,-0.5,0.6,1.2,1.2,0.0192,100.0%,2.5,0.0,44.4%,55.6%,-0.0062,2.5,0.0,46.5%,53.5%,0.0074,2.5,0.0,45.1%,54.9%,-0.002,2.5,0.0,46.3%,53.7%,0.0058,2.5,0.0,46.9%,53.0%,0.0101,2.5,0.0,48.0%,52.0%,0.0169
422,Victor Wembanyama,FGM,9.5,UNDER,PrizePicks,,,65.4%,C,STRONG BET,39.99,✅ HIT,8.0,UNDER,66.0%,40.34,✅ HIT,UNDER,66.1%,40.35,✅ HIT,UNDER,64.7%,39.6,✅ HIT,UNDER,64.8%,39.66,✅ HIT,-0.81,-0.35,-0.61,-0.5,-0.65,0.8,1.2,0.0065,100.0%,,,,,,,,,,,,,,,,,,,,,,,,,,,,,,
423,Josh Giddey,FGA,14.5,UNDER,Underdog and PrizePicks,,,61.2%,D,DO NOT BET,39.97,✅ HIT,13.0,UNDER,62.5%,40.65,✅ HIT,UNDER,61.0%,39.83,✅ HIT,UNDER,61.2%,39.97,✅ HIT,UNDER,60.3%,39.45,✅ HIT,-0.29,-0.16,-0.24,-0.5,-0.43,1.4,1.6,0.0079,100.0%,,,,,,,,,,,,,,,,,,,,,,,,,,,,,,
424,Onyeka Okongwu,STL,0.5,OVER,PrizePicks,Goblin,,63.7%,A,BET WITH CAUTION,39.94,✅ HIT,2.0,OVER,64.3%,40.3,✅ HIT,OVER,63.7%,39.97,✅ HIT,OVER,63.6%,39.91,✅ HIT,OVER,63.0%,39.59,✅ HIT,-0.78,-0.12,-0.71,-0.1,-0.52,1.4,0.8,0.0046,100.0%,,,,,,,,,,,,,,,,,,,,,,,,,,,,,,
425,Aaron Gordon,PTS,16.5,UNDER,PrizePicks,,,53.5%,D,DO NOT BET,39.93,✅ HIT,16.0,UNDER,52.9%,39.22,✅ HIT,UNDER,53.2%,39.57,✅ HIT,UNDER,53.8%,40.22,✅ HIT,UNDER,54.1%,40.69,✅ HIT,0.02,0.02,-0.28,0.1,0.01,1.6,1.6,0.0048,100.0%,16.5,0.0,47.2%,52.8%,0.0046,,,,,,,,,,,16.5,0.0,47.8%,52.2%,0.0082,,,,,,16.5,0.0,49.3%,50.7%,0.0185
426,RJ Barrett,RA,8.5,UNDER,Underdog and PrizePicks,,,58.7%,C,DO NOT BET,39.93,❌ MISS,10.0,UNDER,58.3%,39.72,❌ MISS,UNDER,57.2%,39.12,❌ MISS,UNDER,60.2%,40.77,❌ MISS,UNDER,59.0%,40.09,❌ MISS,0.11,-1.68,0.62,-1.5,1.6,1.6,2.0,0.0109,100.0%,,,,,,,,,,,,,,,,,,,,,,,,,,,,,,
427,Payton Pritchard,FGA,11.5,OVER,PrizePicks,,,66.5%,D,DO NOT BET,39.92,❌ MISS,11.0,OVER,67.5%,40.47,❌ MISS,OVER,64.0%,38.55,❌ MISS,OVER,68.8%,41.18,❌ MISS,OVER,65.8%,39.5,❌ MISS,-1.24,-0.71,0.13,-1.3,-0.97,1.4,1.2,0.0181,100.0%,,,,,,,,,,,,,,,,,,,,,,,,,,,,,,
428,Jalen Duren,PRA,36.5,UNDER,Underdog and PrizePicks,,,71.3%,D,STRONG BET,39.91,❌ MISS,43.0,UNDER,71.6%,40.04,❌ MISS,UNDER,71.0%,39.72,❌ MISS,UNDER,71.5%,40.02,❌ MISS,UNDER,71.2%,39.85,❌ MISS,-0.74,-0.1,-1.56,-0.7,-4.39,1.6,1.6,0.0024,100.0%,,,,,,,,,,,,,,,,,,,,,,,,,,,,,,
429,Alperen Sengun,TOV,3.5,UNDER,Underdog,,0.78x,60.3%,A,BET WITH CAUTION,39.9,✅ HIT,1.0,UNDER,55.9%,37.49,✅ HIT,UNDER,56.0%,37.54,✅ HIT,UNDER,64.7%,42.36,✅ HIT,UNDER,64.5%,42.22,✅ HIT,-0.11,-0.32,0.2,-0.5,0.32,1.0,1.6,0.0435,100.0%,,,,,,,,,,,,,,,,,,,,,,,,,,,,,,
430,Darius Garland,TOV,3.5,UNDER,Underdog,,0.79x,64.7%,A,BET WITH CAUTION,39.88,✅ HIT,3.0,UNDER,62.3%,38.53,✅ HIT,UNDER,62.1%,38.46,✅ HIT,UNDER,67.4%,41.37,✅ HIT,UNDER,67.1%,41.17,✅ HIT,-0.22,-0.11,-2.12,-0.3,-0.31,1.4,1.2,0.0253,100.0%,,,,,,,,,,,,,,,,,,,,,,,,,,,,,,
431,Jalen Duren,PR,34.0,UNDER,PrizePicks,,,70.0%,D,STRONG BET,39.87,❌ MISS,40.0,UNDER,71.0%,40.46,❌ MISS,UNDER,70.4%,40.12,❌ MISS,UNDER,69.2%,39.48,❌ MISS,UNDER,69.1%,39.41,❌ MISS,-0.66,0.09,-1.3,0.6,-4.86,1.4,1.2,0.008,100.0%,,,,,,,,,,,,,,,,,,,,,,,,,,,,,,
432,Bam Adebayo,TOV,1.5,OVER,PrizePicks,Goblin,,62.2%,A,BET WITH CAUTION,39.86,❌ MISS,1.0,OVER,59.4%,38.34,❌ MISS,OVER,58.8%,38.01,❌ MISS,OVER,65.7%,41.78,❌ MISS,OVER,64.8%,41.31,❌ MISS,-0.2,0.56,-0.8,0.5,-0.68,0.8,0.8,0.0309,100.0%,,,,,,,,,,,,,,,,,,,,,,,,,,,,,,
433,Stephon Castle,PR,23.5,UNDER,Underdog and PrizePicks,,0.88x,55.0%,D,DO NOT BET,39.83,✅ HIT,18.0,UNDER,51.2%,35.16,✅ HIT,UNDER,51.2%,35.16,✅ HIT,UNDER,58.9%,44.58,✅ HIT,UNDER,58.8%,44.42,✅ HIT,-0.16,0.09,0.98,1.1,-3.02,1.0,0.8,0.0384,100.0%,22.5,-1.0,51.8%,48.2%,0.0441,23.5,0.0,48.0%,52.0%,0.0196,,,,,,,,,,,23.5,0.0,48.0%,52.0%,0.0196,21.5,-2.0,51.2%,48.8%,0.0406
434,Jayson Tatum,AST,2.5,OVER,PrizePicks,Goblin,,61.9%,C,DO NOT BET,39.83,✅ HIT,7.0,OVER,61.8%,39.61,✅ HIT,OVER,60.2%,37.75,✅ HIT,OVER,63.6%,42.07,✅ HIT,OVER,61.9%,39.9,✅ HIT,-0.32,-0.21,-0.29,-0.5,-0.25,1.0,0.8,0.0121,100.0%,3.5,1.0,46.1%,53.9%,0.1023,,,,,,,,,,,,,,,,,,,,,,,,,
435,Reed Sheppard,STL,1.5,UNDER,Underdog,,,60.3%,A,BET WITH CAUTION,39.81,❌ MISS,2.0,UNDER,59.2%,39.19,❌ MISS,UNDER,59.4%,39.29,❌ MISS,UNDER,61.3%,40.35,❌ MISS,UNDER,61.4%,40.41,❌ MISS,-0.02,0.88,-0.5,0.9,-0.92,1.0,0.4,0.0103,100.0%,,,,,,,,,,,,,,,,,,,,,,,,,,,,,,
436,Jalen Williams,TOV,1.5,OVER,PrizePicks,Demon,,63.9%,A,BET WITH CAUTION,39.81,❌ MISS,0.0,OVER,66.7%,41.34,❌ MISS,OVER,65.9%,40.89,❌ MISS,OVER,61.9%,38.71,❌ MISS,OVER,61.2%,38.3,❌ MISS,-0.45,0.1,-1.5,0.1,-0.56,1.4,0.8,0.0241,100.0%,,,,,,,,,,,,,,,,,,,,,,,,,,,,,,
437,LeBron James,FTM,3.5,UNDER,Underdog,,0.77x,56.7%,B,DO NOT BET,39.81,❌ MISS,5.0,UNDER,54.5%,38.63,❌ MISS,UNDER,55.3%,39.04,❌ MISS,UNDER,58.3%,40.69,❌ MISS,UNDER,58.7%,40.89,❌ MISS,0.5,-1.84,1.5,-0.9,1.15,1.4,2.0,0.018,100.0%,,,,,,,,,,,,,,,,,,,,,,,,,,,,,,
438,Jamal Murray,AST,6.5,OVER,Underdog and PrizePicks,,0.94x,55.3%,C,DO NOT BET,39.77,❌ MISS,4.0,OVER,57.1%,41.99,❌ MISS,OVER,56.0%,40.58,❌ MISS,OVER,54.6%,38.9,❌ MISS,OVER,53.5%,37.63,❌ MISS,-0.22,-0.19,-0.57,-0.5,-0.1,0.6,0.8,0.0136,100.0%,6.5,0.0,51.6%,48.4%,0.024,6.5,0.0,51.5%,48.5%,0.0248,6.5,0.0,50.7%,49.3%,0.03,6.5,0.0,51.9%,48.1%,0.0223,7.5,1.0,34.6%,65.4%,0.1344,6.5,0.0,51.1%,48.9%,0.0274
439,Jaylen Brown,AST,5.5,UNDER,Underdog,,0.84x,55.5%,C,DO NOT BET,39.77,❌ MISS,8.0,UNDER,55.7%,39.97,❌ MISS,UNDER,55.7%,39.97,❌ MISS,UNDER,55.3%,39.49,❌ MISS,UNDER,55.4%,39.65,❌ MISS,-0.31,-0.6,-0.52,-0.7,0.34,0.6,1.2,0.0017,100.0%,5.5,0.0,43.7%,56.3%,-0.0051,,,,,,,,,,,,,,,,,,,,,,,,,
440,Scottie Barnes,FTA,3.5,UNDER,PrizePicks,,,57.7%,C,DO NOT BET,39.77,✅ HIT,1.0,UNDER,58.0%,39.9,✅ HIT,UNDER,58.3%,40.11,✅ HIT,UNDER,57.0%,39.38,✅ HIT,UNDER,57.6%,39.68,✅ HIT,0.13,-0.14,0.2,-0.3,0.58,1.4,1.2,0.0049,100.0%,,,,,,,,,,,,,,,,,,,,,,,,,,,,,,
441,Scoot Henderson,AST,4.0,UNDER,PrizePicks,,,60.3%,C,DO NOT BET,39.77,❌ MISS,4.0,UNDER,59.6%,39.03,❌ MISS,UNDER,59.3%,38.58,❌ MISS,UNDER,61.4%,40.97,❌ MISS,UNDER,61.0%,40.48,❌ MISS,-0.12,-0.5,0.17,-0.6,0.46,1.6,1.6,0.009,100.0%,3.5,-0.5,58.1%,41.9%,0.1201,3.5,-0.5,56.5%,43.5%,0.1094,3.5,-0.5,58.1%,41.9%,0.1197,3.5,-0.5,57.3%,42.7%,0.1143,4.5,0.5,37.6%,62.4%,-0.0137,4.5,0.5,41.1%,58.9%,0.0092
442,Jrue Holiday,PRA,26.5,UNDER,Underdog and PrizePicks,,,54.4%,D,DO NOT BET,39.76,✅ HIT,26.0,UNDER,52.7%,37.77,✅ HIT,UNDER,52.5%,37.51,✅ HIT,UNDER,56.4%,42.09,✅ HIT,UNDER,56.0%,41.69,✅ HIT,0.02,-0.89,-0.03,-3.7,3.77,1.4,2.0,0.0181,100.0%,26.5,0.0,50.0%,50.0%,0.0285,26.5,0.0,49.5%,50.5%,0.0251,26.5,0.0,50.7%,49.3%,0.0329,26.5,0.0,48.9%,51.1%,0.0216,27.5,1.0,42.3%,57.7%,-0.0215,25.5,-1.0,51.0%,49.0%,0.0351
443,Isaiah Hartenstein,RA,11.0,OVER,PrizePicks,,,56.6%,C,DO NOT BET,39.73,❌ MISS,7.0,OVER,55.4%,37.97,❌ MISS,OVER,54.9%,37.58,❌ MISS,OVER,58.6%,34.25,❌ MISS,OVER,57.6%,33.03,❌ MISS,-0.32,-0.78,0.17,-5.8,3.43,1.2,1.6,0.0153,100.0%,11.5,0.5,50.2%,49.8%,0.0419,,,,,,,,,,,,,,,,,,,,,,,,,
444,Naz Reid,PTS,12.0,UNDER,PrizePicks,,,51.4%,D,DO NOT BET,39.73,❌ MISS,14.0,UNDER,51.1%,39.61,❌ MISS,UNDER,51.5%,39.8,❌ MISS,UNDER,51.2%,39.63,❌ MISS,UNDER,51.7%,39.9,❌ MISS,0.44,-0.1,1.51,-0.4,2.07,1.4,1.6,0.0022,100.0%,,,,,,,,,,,,,,,,,,,,,,,,,,,,,,
445,Tobias Harris,FGA,11.5,UNDER,PrizePicks,,,61.0%,D,DO NOT BET,39.72,❌ MISS,17.0,UNDER,60.8%,39.62,❌ MISS,UNDER,59.6%,38.95,❌ MISS,UNDER,62.3%,40.45,❌ MISS,UNDER,61.2%,39.84,❌ MISS,-0.34,-0.34,0.27,-0.9,-0.01,1.4,1.2,0.0097,100.0%,,,,,,,,,,,,,,,,,,,,,,,,,,,,,,
446,Joel Embiid,FGA,16.5,OVER,Underdog and PrizePicks,,1.04x,68.8%,D,DO NOT BET,39.69,✅ HIT,17.0,OVER,70.8%,40.83,✅ HIT,OVER,66.9%,38.68,✅ HIT,OVER,70.2%,40.51,✅ HIT,OVER,67.0%,38.75,✅ HIT,-1.72,-2.35,-1.2,-2.3,0.62,2.0,2.0,0.0179,100.0%,,,,,,,,,,,,,,,,,,,,,,,,,,,,,,
447,CJ McCollum,TOV,2.5,UNDER,Underdog,,0.77x,63.2%,A,BET WITH CAUTION,39.68,❌ MISS,4.0,UNDER,60.7%,38.32,❌ MISS,UNDER,60.6%,38.28,❌ MISS,UNDER,65.8%,41.14,❌ MISS,UNDER,65.5%,40.98,❌ MISS,-0.95,-0.94,-0.23,-0.7,-0.01,1.4,1.6,0.0251,100.0%,,,,,,,,,,,,,,,,,,,,,,,,,,,,,,
448,VJ Edgecombe,AST,4.5,UNDER,Underdog,,0.86x,54.4%,C,DO NOT BET,39.68,❌ MISS,6.0,UNDER,55.2%,40.57,❌ MISS,UNDER,55.2%,40.61,❌ MISS,UNDER,53.5%,38.59,❌ MISS,UNDER,53.8%,38.95,❌ MISS,-0.17,0.24,-1.0,0.7,-1.2,1.4,1.6,0.0076,100.0%,4.5,0.0,46.3%,53.7%,0.0047,4.5,0.0,44.0%,56.0%,-0.0105,4.5,0.0,49.3%,50.7%,0.0245,4.5,0.0,46.0%,54.0%,0.0031,4.5,0.0,43.7%,56.3%,-0.012,4.5,0.0,49.1%,50.9%,0.0228
449,Tyler Herro,REB,5.0,UNDER,PrizePicks,,,60.2%,B,DO NOT BET,39.67,✅ HIT,2.0,UNDER,61.0%,40.14,✅ HIT,UNDER,59.8%,39.43,✅ HIT,UNDER,60.6%,39.88,✅ HIT,UNDER,59.4%,39.23,✅ HIT,-0.03,1.33,-0.83,1.6,-1.64,0.8,0.4,0.0065,100.0%,,,,,,,,,,,,,,,,,,,,,,,,,,,,,,
450,James Harden,STL,0.5,OVER,PrizePicks,Goblin,,65.6%,A,BET,39.67,❌ MISS,0.0,OVER,64.8%,39.19,❌ MISS,OVER,64.1%,38.85,❌ MISS,OVER,67.1%,40.48,❌ MISS,OVER,66.5%,40.14,❌ MISS,-1.32,-1.84,-0.71,-0.9,0.25,1.2,2.0,0.0121,100.0%,,,,,,,,,,,,,,,,,,,,,,,,,,,,,,
451,Onyeka Okongwu,3PA,3.5,OVER,PrizePicks,Goblin,,65.8%,B,STRONG BET,39.64,✅ HIT,5.0,OVER,64.6%,39.01,✅ HIT,OVER,62.9%,38.06,✅ HIT,OVER,68.7%,41.22,✅ HIT,OVER,66.9%,40.27,✅ HIT,-1.08,-0.44,-0.47,-0.7,-1.03,1.2,1.2,0.0219,100.0%,,,,,,,,,,,,,,,,,,,,,,,,,,,,,,
452,CJ McCollum,AST,4.0,UNDER,PrizePicks,,,58.0%,C,DO NOT BET,39.62,❌ MISS,5.0,UNDER,58.1%,39.63,❌ MISS,UNDER,57.8%,39.51,❌ MISS,UNDER,58.2%,39.71,❌ MISS,UNDER,58.1%,39.64,❌ MISS,-0.1,0.47,0.8,1.2,-1.45,1.0,0.8,0.0013,100.0%,,,,,,,,,,,,,,,,,,,,,,,,,,,,,,
453,Quentin Grimes,STL,0.5,OVER,PrizePicks,Goblin,,61.9%,A,BET WITH CAUTION,39.59,✅ HIT,3.0,OVER,64.1%,40.81,✅ HIT,OVER,63.5%,40.48,✅ HIT,OVER,60.3%,38.68,✅ HIT,OVER,59.8%,38.39,✅ HIT,-0.34,-0.26,-0.29,-0.3,-0.09,1.2,0.8,0.0194,100.0%,,,,,,,,,,,,,,,,,,,,,,,,,,,,,,
454,CJ McCollum,3PM,1.5,OVER,PrizePicks,Goblin,,64.0%,S,BET WITH CAUTION,39.56,✅ HIT,5.0,OVER,64.6%,39.89,✅ HIT,OVER,64.2%,39.67,✅ HIT,OVER,63.9%,39.49,✅ HIT,OVER,63.3%,39.17,✅ HIT,-0.94,0.1,-0.58,0.1,-1.06,1.0,0.8,0.0048,100.0%,,,,,,,,,,,,,,,,,,,,,,,,,,,,,,
455,Bam Adebayo,REB,10.5,UNDER,Underdog and PrizePicks,,0.88x,58.4%,B,DO NOT BET,39.56,✅ HIT,10.0,UNDER,59.8%,40.32,✅ HIT,UNDER,58.6%,39.64,✅ HIT,UNDER,58.2%,39.43,✅ HIT,UNDER,57.1%,38.83,✅ HIT,-0.11,-0.12,0.24,-0.7,0.01,1.6,1.6,0.0097,100.0%,,,,,,,,,,,,,,,,,,,,,,,,,,,,,,
456,Rudy Gobert,FGA,7.5,UNDER,PrizePicks,,,62.4%,D,DO NOT BET,39.56,❌ MISS,13.0,UNDER,64.9%,40.97,❌ MISS,UNDER,63.0%,39.93,❌ MISS,UNDER,61.2%,38.94,❌ MISS,UNDER,60.3%,38.41,❌ MISS,-0.3,0.23,-0.91,0.9,-2.08,1.4,1.2,0.0178,100.0%,,,,,,,,,,,,,,,,,,,,,,,,,,,,,,
457,Isaiah Hartenstein,PRA,18.5,OVER,Underdog,,1.03x,61.2%,D,DO NOT BET,39.55,❌ MISS,13.0,OVER,60.7%,31.11,❌ MISS,OVER,60.6%,30.98,❌ MISS,OVER,61.6%,39.87,❌ MISS,OVER,61.8%,40.19,❌ MISS,-0.41,-0.19,-3.0,-2.1,-2.45,1.2,0.8,0.0055,100.0%,17.5,-1.0,50.4%,49.6%,0.0702,,,,,,,,,,,,,,,,,,,,,,,,,
458,Alperen Sengun,STL,0.5,OVER,PrizePicks,Goblin,,64.0%,A,BET WITH CAUTION,39.55,❌ MISS,0.0,OVER,64.3%,39.72,❌ MISS,OVER,63.7%,39.39,❌ MISS,OVER,64.3%,39.7,❌ MISS,OVER,63.7%,39.38,❌ MISS,-0.83,-0.56,-0.71,-0.5,-0.24,1.0,1.2,0.003,100.0%,,,,,,,,,,,,,,,,,,,,,,,,,,,,,,
459,CJ McCollum,3PM,2.5,UNDER,Underdog,,0.83x,58.7%,S,DO NOT BET,39.55,❌ MISS,5.0,UNDER,58.7%,39.58,❌ MISS,UNDER,58.9%,39.67,❌ MISS,UNDER,58.4%,39.44,❌ MISS,UNDER,58.6%,39.53,❌ MISS,-0.04,-1.08,0.27,-1.1,1.06,1.6,1.6,0.0015,100.0%,,,,,,,,,,,,,,,,,,,,,,,,,,,,,,
460,Kristaps Porziņģis,FTA,4.5,UNDER,PrizePicks,,,56.7%,C,DO NOT BET,39.53,❌ MISS,10.0,UNDER,57.5%,39.99,❌ MISS,UNDER,58.0%,40.23,❌ MISS,UNDER,55.2%,38.73,❌ MISS,UNDER,56.1%,39.18,❌ MISS,0.1,0.4,0.13,1.7,-1.28,1.2,1.2,0.011,100.0%,,,,,,,,,,,,,,,,,,,,,,,,,,,,,,
461,LeBron James,PTS,19.5,OVER,Underdog,,,55.5%,D,DO NOT BET,39.5,✅ HIT,23.0,OVER,59.5%,44.24,✅ HIT,OVER,58.8%,43.4,✅ HIT,OVER,52.2%,35.52,✅ HIT,OVER,51.5%,34.82,✅ HIT,-0.22,0.2,1.5,1.3,-2.76,0.6,0.4,0.0367,100.0%,19.5,0.0,50.0%,50.0%,0.0358,19.5,0.0,52.1%,47.9%,0.022,18.5,-1.0,54.6%,45.4%,0.0056,19.5,0.0,50.3%,49.7%,0.0341,23.5,4.0,50.8%,49.2%,0.0307,19.5,0.0,49.3%,50.7%,0.0401
462,Alperen Sengun,AST,5.5,UNDER,Underdog,,1.05x,58.4%,C,DO NOT BET,39.47,✅ HIT,3.0,UNDER,58.1%,39.35,✅ HIT,UNDER,57.9%,39.22,✅ HIT,UNDER,58.8%,39.71,✅ HIT,UNDER,58.6%,39.6,✅ HIT,0.2,0.5,-0.99,1.7,-1.01,1.2,0.8,0.0036,100.0%,,,,,,,,,,,,,,,,,,,,,,,,,,,,,,
463,Onyeka Okongwu,SB,2.5,UNDER,Underdog,,0.85x,60.5%,A,BET WITH CAUTION,39.46,✅ HIT,2.0,UNDER,59.5%,38.9,✅ HIT,UNDER,59.6%,38.96,✅ HIT,UNDER,61.5%,40.01,✅ HIT,UNDER,61.5%,39.99,✅ HIT,-0.24,-0.75,0.35,-0.9,0.61,1.0,1.2,0.0097,100.0%,,,,,,,,,,,,,,,,,,,,,,,,,,,,,,
464,LeBron James,PTS,19.0,OVER,PrizePicks,,,57.1%,D,DO NOT BET,39.44,✅ HIT,23.0,OVER,61.1%,44.31,✅ HIT,OVER,60.3%,43.44,✅ HIT,OVER,53.8%,35.38,✅ HIT,OVER,53.1%,34.64,✅ HIT,-0.3,0.12,1.5,0.8,-2.76,0.6,0.4,0.0367,100.0%,19.5,0.5,52.5%,47.5%,0.0299,19.5,0.5,54.6%,45.4%,0.0161,18.5,-0.5,53.8%,46.2%,0.0214,19.5,0.5,52.8%,47.2%,0.0282,23.5,4.5,57.8%,42.2%,-0.0046,19.5,0.5,51.8%,48.2%,0.0342
465,Evan Mobley,PRA,30.5,OVER,PrizePicks,,,59.8%,D,DO NOT BET,39.43,❌ MISS,17.0,OVER,64.1%,41.77,❌ MISS,OVER,63.9%,41.67,❌ MISS,OVER,55.5%,37.05,❌ MISS,OVER,55.8%,37.21,❌ MISS,-0.06,-1.04,0.36,-6.1,5.78,1.4,1.6,0.0417,100.0%,,,,,,,,,,,,,,,,,,,,,,,,,,,,,,
466,Dyson Daniels,REB,6.5,UNDER,Underdog,,0.87x,58.2%,B,DO NOT BET,39.43,❌ MISS,13.0,UNDER,57.7%,39.13,❌ MISS,UNDER,56.5%,38.49,❌ MISS,UNDER,59.9%,40.36,❌ MISS,UNDER,58.8%,39.73,❌ MISS,0.04,0.03,0.33,0.1,0.02,0.8,1.2,0.0126,100.0%,,,,,,,,,,,,,,,,,,,,,,,,,,,,,,
467,Derrick White,PTS,16.5,UNDER,Underdog,,0.88x,52.9%,D,DO NOT BET,39.42,✅ HIT,12.0,UNDER,52.2%,38.59,✅ HIT,UNDER,52.5%,38.97,✅ HIT,UNDER,53.2%,39.8,✅ HIT,UNDER,53.6%,40.3,✅ HIT,0.24,-0.4,-0.0,-1.3,2.09,1.0,1.6,0.0056,100.0%,16.5,0.0,47.2%,52.8%,0.0005,,,,,,,,,,,,,,,,,,,,,,,,,
468,Jalen Duren,PA,24.5,UNDER,Underdog and PrizePicks,,,66.5%,D,STRONG BET,39.39,❌ MISS,29.0,UNDER,66.8%,39.56,❌ MISS,UNDER,66.5%,39.42,❌ MISS,UNDER,66.5%,39.39,❌ MISS,UNDER,66.1%,39.18,❌ MISS,-0.58,0.21,-0.93,1.3,-4.93,1.2,1.6,0.0024,100.0%,,,,,,,,,,,,,,,,,,,,,,,,,,,,,,
469,Myles Turner,PA,12.5,UNDER,PrizePicks,,,52.8%,D,DO NOT BET,39.38,NO GAME,,UNDER,52.7%,39.15,NO GAME,UNDER,52.3%,38.73,NO GAME,UNDER,53.4%,40.1,NO GAME,UNDER,53.0%,39.54,NO GAME,0.27,-1.28,0.25,-4.1,4.96,1.6,1.6,0.0042,100.0%,,,,,,,,,,,,,,,,,,,,,,,,,,12.5,0.0,48.0%,52.0%,0.0055
470,Rudy Gobert,FTM,2.5,UNDER,Underdog,,1.05x,63.0%,B,BET,39.38,✅ HIT,0.0,UNDER,63.2%,39.53,✅ HIT,UNDER,63.0%,39.41,✅ HIT,UNDER,62.9%,39.35,✅ HIT,UNDER,62.7%,39.24,✅ HIT,-0.21,-0.2,-0.9,-0.3,-0.01,0.6,0.8,0.0019,100.0%,,,,,,,,,,,,,,,,,,,,,,,,,,,,,,
471,Donte DiVincenzo,AST,3.5,UNDER,PrizePicks,,,55.4%,C,DO NOT BET,39.37,✅ HIT,2.0,UNDER,56.8%,40.12,✅ HIT,UNDER,56.6%,40.05,✅ HIT,UNDER,54.0%,38.58,✅ HIT,UNDER,54.2%,38.72,✅ HIT,0.26,-0.24,0.27,-0.5,1.04,1.6,1.6,0.0131,100.0%,,,,,,,,,,,,,,,,,,,,,,,,,,,,,,
472,Kevin Durant,FTM,4.5,UNDER,Underdog and PrizePicks,,1.03x,55.8%,B,DO NOT BET,39.35,❌ MISS,10.0,UNDER,57.1%,40.12,❌ MISS,UNDER,57.6%,40.37,❌ MISS,UNDER,53.7%,38.21,❌ MISS,UNDER,54.6%,38.72,❌ MISS,0.54,-0.92,0.38,-1.1,1.75,1.6,1.6,0.0166,100.0%,,,,,,,,,,,,,,,,,,,,,,,,,,,,,,
473,Tim Hardaway Jr.,PRA,15.5,OVER,Underdog,,,64.3%,D,DO NOT BET,39.34,❌ MISS,7.0,OVER,64.3%,39.37,❌ MISS,OVER,64.1%,39.27,❌ MISS,OVER,64.2%,39.29,❌ MISS,OVER,64.4%,39.43,❌ MISS,-0.41,-0.54,-0.11,-3.1,0.77,1.2,1.2,0.0012,100.0%,,,,,,,,,,,,,,,,,,,,,,,,,,,,,,
474,Pascal Siakam,FGM,8.5,OVER,PrizePicks,,,59.2%,C,DO NOT BET,39.34,❌ MISS,7.0,OVER,59.8%,39.68,❌ MISS,OVER,59.0%,39.25,❌ MISS,OVER,59.4%,39.45,❌ MISS,OVER,58.5%,38.97,❌ MISS,-0.22,-0.3,0.46,-0.7,0.2,1.2,1.2,0.0047,100.0%,,,,,,,,,,,,,,,,,,,,,,,,,,,,,,
475,Payton Pritchard,STL,0.5,OVER,PrizePicks,,,52.7%,A,DO NOT BET,39.34,❌ MISS,0.0,OVER,50.4%,38.08,❌ MISS,OVER,50.0%,37.87,❌ MISS,OVER,55.4%,40.82,❌ MISS,OVER,54.9%,40.57,❌ MISS,-0.42,-0.79,4.5,-0.5,0.23,1.0,1.6,0.0248,100.0%,,,,,,,,,,,,,,,,,,,,,,,,,,,,,,
476,Jaylen Brown,STL,0.5,OVER,PrizePicks,Goblin,,64.5%,A,BET WITH CAUTION,39.34,✅ HIT,2.0,OVER,66.5%,40.43,✅ HIT,OVER,65.9%,40.08,✅ HIT,OVER,63.2%,38.58,✅ HIT,OVER,62.6%,38.27,✅ HIT,-0.65,-0.4,-1.86,-0.3,-0.18,1.2,1.2,0.0169,100.0%,,,,,,,,,,,,,,,,,,,,,,,,,,,,,,
477,Norman Powell,STL,0.5,OVER,PrizePicks,Goblin,,61.8%,A,BET WITH CAUTION,39.3,✅ HIT,2.0,OVER,61.0%,38.84,✅ HIT,OVER,60.4%,38.54,✅ HIT,OVER,63.2%,40.07,✅ HIT,OVER,62.6%,39.75,✅ HIT,-1.33,0.2,0.0,0.1,-0.75,1.4,0.8,0.0114,100.0%,,,,,,,,,,,,,,,,,,,,,,,,,,,,,,
478,Jaden McDaniels,PA,18.5,UNDER,Underdog and PrizePicks,,,55.9%,D,DO NOT BET,39.29,❌ MISS,25.0,UNDER,57.5%,41.16,❌ MISS,UNDER,57.2%,40.78,❌ MISS,UNDER,54.7%,37.88,❌ MISS,UNDER,54.3%,37.32,❌ MISS,-0.15,-0.24,-0.39,-1.7,0.63,1.2,0.4,0.0142,100.0%,,,,,,18.5,0.0,48.3%,51.7%,0.0272,,,,,,,,,,,18.5,0.0,48.0%,52.0%,0.0254,18.5,0.0,51.1%,48.9%,0.0454
479,Jalen Duren,RA,13.0,UNDER,PrizePicks,,,65.5%,C,BET WITH CAUTION,39.27,❌ MISS,17.0,UNDER,68.4%,40.86,❌ MISS,UNDER,66.4%,39.74,❌ MISS,UNDER,64.5%,38.71,❌ MISS,UNDER,62.8%,37.76,❌ MISS,-0.33,-0.75,-2.89,-1.8,1.01,1.6,1.6,0.021,100.0%,,,,,,,,,,,,,,,,,,,,,,,,,,,,,,
480,Alex Caruso,TOV,0.5,OVER,PrizePicks,Demon,,62.4%,A,BET WITH CAUTION,39.27,❌ MISS,0.0,OVER,62.3%,39.25,❌ MISS,OVER,61.6%,38.86,❌ MISS,OVER,63.2%,39.71,❌ MISS,OVER,62.4%,39.27,❌ MISS,-0.5,-0.4,-1.5,-0.3,-0.08,1.6,1.2,0.0054,100.0%,,,,,,,,,,,,,,,,,,,,,,,,,,,,,,
481,Klay Thompson,RA,2.5,OVER,PrizePicks,Goblin,,65.3%,C,BET WITH CAUTION,39.23,❌ MISS,0.0,OVER,65.6%,39.39,❌ MISS,OVER,64.2%,38.58,❌ MISS,OVER,66.8%,40.0,❌ MISS,OVER,64.8%,38.93,❌ MISS,-1.63,0.79,-0.94,0.5,-1.53,0.8,0.4,0.0097,100.0%,,,,,,,,,,,,,,,,,,,,,,,,,,,,,,
482,Derrick White,AST,5.0,UNDER,PrizePicks,,,58.7%,C,DO NOT BET,39.21,❌ MISS,6.0,UNDER,61.0%,41.89,❌ MISS,UNDER,60.5%,41.33,❌ MISS,UNDER,56.6%,36.77,❌ MISS,UNDER,56.7%,36.82,❌ MISS,0.29,-1.12,-0.5,-2.0,2.51,1.6,2.0,0.0205,100.0%,4.5,-0.5,56.8%,43.2%,0.1007,,,,,,,,,,,,,,,,,,,,,,,,,
483,Kevin Durant,3PA,5.5,UNDER,Underdog,,,52.4%,B,DO NOT BET,39.18,✅ HIT,5.0,UNDER,52.5%,39.19,✅ HIT,UNDER,52.9%,39.42,✅ HIT,UNDER,52.0%,38.92,✅ HIT,UNDER,52.5%,39.2,✅ HIT,0.1,0.34,2.06,0.9,-0.64,1.4,1.2,0.0033,100.0%,,,,,,,,,,,,,,,,,,,,,,,,,,,,,,
484,Immanuel Quickley,FTM,2.5,UNDER,Underdog,,,58.9%,B,DO NOT BET,39.17,NO GAME,,UNDER,60.1%,39.86,NO GAME,UNDER,60.2%,39.93,NO GAME,UNDER,57.3%,38.31,NO GAME,UNDER,57.8%,38.57,NO GAME,0.03,-1.19,0.25,-1.5,1.54,1.2,1.6,0.0133,100.0%,,,,,,,,,,,,,,,,,,,,,,,,,,,,,,
485,Reed Sheppard,REB,3.5,UNDER,Underdog,,0.88x,67.0%,B,STRONG BET,39.16,❌ MISS,8.0,UNDER,66.2%,38.77,❌ MISS,UNDER,64.8%,37.99,❌ MISS,UNDER,69.1%,40.33,❌ MISS,UNDER,67.7%,39.54,❌ MISS,-0.39,-0.52,-3.32,-0.9,0.22,1.2,1.2,0.0158,100.0%,,,,,,,,,,,,,,,,,,,,,,,,,,,,,,
486,Shai Gilgeous-Alexander,AST,6.5,UNDER,Underdog,,0.87x,53.5%,C,DO NOT BET,39.15,❌ MISS,8.0,UNDER,54.9%,40.82,❌ MISS,UNDER,54.9%,40.89,❌ MISS,UNDER,51.8%,37.16,❌ MISS,UNDER,52.3%,37.71,❌ MISS,0.03,-0.19,0.5,-0.5,0.58,1.0,1.2,0.0143,100.0%,6.5,0.0,50.0%,50.0%,0.0226,,,,,,,,,,,,,,,,,,,,,,,,,
487,Jayson Tatum,FGA,15.5,OVER,Underdog,,0.78x,65.3%,D,DO NOT BET,39.1,❌ MISS,12.0,OVER,66.2%,39.56,❌ MISS,OVER,62.9%,37.74,❌ MISS,OVER,67.6%,40.35,❌ MISS,OVER,64.7%,38.74,❌ MISS,-1.15,-0.68,-0.75,-1.1,-0.77,1.6,1.2,0.0176,100.0%,,,,,,,,,,,,,,,,,,,,,,,,,,,,,,
488,Norman Powell,FTM,4.5,UNDER,Underdog,,0.76x,58.4%,B,DO NOT BET,39.1,✅ HIT,2.0,UNDER,58.0%,38.88,✅ HIT,UNDER,58.3%,39.09,✅ HIT,UNDER,58.4%,39.11,✅ HIT,UNDER,58.7%,39.3,✅ HIT,0.06,-0.79,0.23,-1.5,1.62,1.2,1.2,0.0027,100.0%,,,,,,,,,,,,,,,,,,,,,,,,,,,,,,
489,Reed Sheppard,PTS,15.5,UNDER,Underdog and PrizePicks,,,65.8%,D,STRONG BET,39.07,✅ HIT,10.0,UNDER,62.9%,37.48,✅ HIT,UNDER,62.8%,37.43,✅ HIT,UNDER,68.8%,40.74,✅ HIT,UNDER,68.6%,40.62,✅ HIT,-0.44,-0.25,-1.95,-1.1,-0.88,1.2,1.6,0.0293,100.0%,,,,,,,,,,,,,,,,,,,,,,,,,,,,,,
490,Donte DiVincenzo,PA,15.5,UNDER,PrizePicks,,,53.2%,D,DO NOT BET,39.06,❌ MISS,19.0,UNDER,55.0%,41.28,❌ MISS,UNDER,54.7%,40.88,❌ MISS,UNDER,51.7%,37.32,❌ MISS,UNDER,51.2%,36.74,❌ MISS,0.15,-0.64,-0.07,-3.3,4.06,1.4,1.2,0.017,100.0%,15.5,0.0,50.0%,50.0%,0.0207,15.5,0.0,49.3%,50.7%,0.0164,,,,,,,,,,,15.5,0.0,48.9%,51.1%,0.0137,15.5,0.0,47.6%,52.4%,0.005
491,Bam Adebayo,3PM,1.5,OVER,Underdog and PrizePicks,Goblin,0.85x,58.8%,S,DO NOT BET,39.02,❌ MISS,1.0,OVER,60.4%,39.89,❌ MISS,OVER,60.0%,39.69,❌ MISS,OVER,57.7%,38.39,❌ MISS,OVER,57.2%,38.12,❌ MISS,-0.25,-0.31,-0.19,-0.3,0.05,1.2,1.6,0.0141,100.0%,,,,,,,,,,,,,,,,,,,,,,,,,,,,,,
492,CJ McCollum,STL,0.5,OVER,PrizePicks,Goblin,,61.3%,A,BET WITH CAUTION,38.97,✅ HIT,1.0,OVER,62.8%,39.79,✅ HIT,OVER,62.2%,39.47,✅ HIT,OVER,60.4%,38.46,✅ HIT,OVER,59.9%,38.17,✅ HIT,-0.44,-0.79,-1.33,-0.5,0.22,1.6,1.6,0.0123,100.0%,,,,,,,,,,,,,,,,,,,,,,,,,,,,,,
493,P.J. Washington,FTA,2.5,UNDER,PrizePicks,,,53.4%,C,DO NOT BET,38.96,✅ HIT,2.0,UNDER,50.8%,37.56,✅ HIT,UNDER,52.1%,38.26,✅ HIT,UNDER,54.9%,39.78,✅ HIT,UNDER,55.7%,40.26,✅ HIT,0.33,0.4,1.18,1.1,-0.2,1.2,0.8,0.0199,100.0%,,,,,,,,,,,,,,,,,,,,,,,,,,,,,,
494,Darius Garland,FTM,2.5,UNDER,PrizePicks,,,59.0%,B,DO NOT BET,38.94,✅ HIT,1.0,UNDER,55.8%,37.17,✅ HIT,UNDER,56.4%,37.51,✅ HIT,UNDER,61.9%,40.56,✅ HIT,UNDER,61.9%,40.51,✅ HIT,-0.1,-0.46,-0.14,-0.5,0.39,1.4,1.2,0.0292,100.0%,,,,,,,,,,,,,,,,,,,,,,,,,,,,,,
495,Evan Mobley,PR,27.5,OVER,PrizePicks,,,56.9%,D,DO NOT BET,38.93,❌ MISS,13.0,OVER,59.7%,40.47,❌ MISS,OVER,59.4%,40.28,❌ MISS,OVER,54.2%,37.45,❌ MISS,OVER,54.4%,37.52,❌ MISS,0.05,-0.83,0.37,-5.5,5.81,1.4,1.6,0.0263,100.0%,,,,,,,,,,,,,,,,,,,,,,,,,,,,,,
496,Scottie Barnes,FTM,2.5,UNDER,Underdog,,1.06x,56.3%,B,DO NOT BET,38.92,✅ HIT,0.0,UNDER,54.8%,38.11,✅ HIT,UNDER,55.6%,38.51,✅ HIT,UNDER,57.2%,39.39,✅ HIT,UNDER,57.6%,39.66,✅ HIT,0.36,0.05,0.2,0.1,0.56,1.0,0.8,0.0115,100.0%,,,,,,,,,,,,,,,,,,,,,,,,,,,,,,
497,Kevin Durant,FTA,5.5,UNDER,PrizePicks,,,55.0%,C,DO NOT BET,38.91,❌ MISS,12.0,UNDER,55.6%,39.26,❌ MISS,UNDER,56.3%,39.63,❌ MISS,UNDER,53.4%,38.08,❌ MISS,UNDER,54.5%,38.67,❌ MISS,0.17,-0.53,0.6,-1.1,1.45,1.6,1.6,0.0107,100.0%,,,,,,,,,,,,,,,,,,,,,,,,,,,,,,
498,VJ Edgecombe,RA,10.5,UNDER,Underdog,,0.88x,52.6%,C,DO NOT BET,38.91,❌ MISS,12.0,UNDER,50.3%,36.18,❌ MISS,UNDER,50.1%,35.9,❌ MISS,UNDER,55.3%,42.17,❌ MISS,UNDER,54.6%,41.38,❌ MISS,-0.19,0.69,0.4,2.9,-3.71,1.2,0.8,0.0239,100.0%,10.5,0.0,44.8%,55.2%,-0.017,9.5,-1.0,54.3%,45.7%,0.0444,,,,,,,,,,,10.5,0.0,43.7%,56.3%,-0.0242,10.5,0.0,45.5%,54.5%,-0.0128
499,Jamal Murray,REB,4.5,UNDER,Underdog,,0.81x,55.9%,B,DO NOT BET,38.9,❌ MISS,6.0,UNDER,57.1%,40.4,❌ MISS,UNDER,55.9%,39.07,❌ MISS,UNDER,55.7%,38.63,❌ MISS,UNDER,54.7%,37.5,❌ MISS,-0.06,-0.04,-0.37,-0.1,-0.06,1.0,0.8,0.0084,100.0%,4.5,0.0,46.3%,53.7%,0.0139,4.5,0.0,46.9%,53.1%,0.0182,4.5,0.0,44.1%,55.9%,0.0001,,,,,,5.5,1.0,19.4%,80.6%,-0.1608,4.5,0.0,46.5%,53.5%,0.0155
500,Donte DiVincenzo,PRA,19.5,UNDER,PrizePicks,,,55.0%,D,DO NOT BET,38.9,❌ MISS,22.0,UNDER,58.7%,40.88,❌ MISS,UNDER,58.3%,40.69,❌ MISS,UNDER,51.8%,37.1,❌ MISS,UNDER,51.5%,36.93,❌ MISS,0.15,-0.47,-0.04,-3.5,4.62,1.6,1.6,0.0344,100.0%,,,,,,,,,,,,,,,,,,,,,,,,,,,,,,
501,Tim Hardaway Jr.,3PA,6.5,OVER,Underdog,,,59.8%,B,DO NOT BET,38.9,❌ MISS,2.0,OVER,61.9%,40.08,❌ MISS,OVER,60.4%,39.23,❌ MISS,OVER,59.1%,38.5,❌ MISS,OVER,57.8%,37.81,❌ MISS,-0.21,-0.8,-0.18,-1.7,1.26,1.2,1.6,0.0153,100.0%,,,,,,,,,,,,,,,,,,,,,,,,,,,,,,
502,Paul George,3PA,5.5,OVER,Underdog and PrizePicks,Goblin,0.87x,61.1%,B,BET WITH CAUTION,38.89,✅ HIT,13.0,OVER,63.0%,39.92,✅ HIT,OVER,61.4%,39.03,✅ HIT,OVER,60.7%,38.68,✅ HIT,OVER,59.4%,37.95,✅ HIT,-0.21,-0.25,-0.22,-1.1,0.19,1.2,0.8,0.0129,100.0%,,,,,,,,,,,,,,,,,,,,,,,,,,,,,,
503,Scottie Barnes,SB,2.5,UNDER,Underdog,,1.02x,57.7%,A,DO NOT BET,38.88,❌ MISS,3.0,UNDER,56.8%,38.37,❌ MISS,UNDER,57.0%,38.5,❌ MISS,UNDER,58.5%,39.29,❌ MISS,UNDER,58.6%,39.35,❌ MISS,0.33,0.08,-1.0,0.1,0.3,1.2,1.2,0.0081,100.0%,,,,,,,,,,,,,,,,,,,,,,,,,,,,,,
504,Bam Adebayo,FGA,16.5,OVER,Underdog and PrizePicks,,1.02x,56.0%,D,DO NOT BET,38.87,✅ HIT,19.0,OVER,54.1%,37.86,✅ HIT,OVER,52.8%,37.1,✅ HIT,OVER,59.5%,40.8,✅ HIT,OVER,57.5%,39.72,✅ HIT,0.3,-0.88,0.1,-1.9,2.54,1.6,1.6,0.0267,100.0%,,,,,,,,,,,,,,,,,,,,,,,,,,,,,,
505,Jamal Murray,TOV,1.5,OVER,PrizePicks,Goblin,,66.6%,A,BET,38.86,✅ HIT,4.0,OVER,68.0%,39.59,✅ HIT,OVER,67.1%,39.13,✅ HIT,OVER,66.2%,38.6,✅ HIT,OVER,65.3%,38.12,✅ HIT,-1.59,-0.2,-2.31,-0.1,-0.68,1.0,1.2,0.01,100.0%,,,,,,,,,,,,,,,,,,,,,,,,,,,,,,
506,Derrick White,TOV,1.5,OVER,PrizePicks,Goblin,,65.1%,A,BET,38.86,❌ MISS,1.0,OVER,66.2%,39.44,❌ MISS,OVER,65.4%,39.0,❌ MISS,OVER,64.8%,38.72,❌ MISS,OVER,64.0%,38.26,❌ MISS,-0.29,-0.88,-3.0,-0.9,0.61,1.0,1.6,0.0078,100.0%,,,,,,,,,,,,,,,,,,,,,,,,,,,,,,
507,Rudy Gobert,STL,0.5,OVER,PrizePicks,Goblin,,59.0%,A,DO NOT BET,38.85,✅ HIT,1.0,OVER,60.3%,39.52,✅ HIT,OVER,59.7%,39.22,✅ HIT,OVER,58.3%,38.45,✅ HIT,OVER,57.8%,38.18,✅ HIT,-0.45,-0.79,0.0,-0.5,0.22,1.4,1.6,0.0099,100.0%,,,,,,,,,,,,,,,,,,,,,,,,,,,,,,
508,CJ McCollum,PA,21.5,OVER,Underdog and PrizePicks,,,60.7%,D,DO NOT BET,38.84,✅ HIT,32.0,OVER,57.8%,37.24,✅ HIT,OVER,58.2%,37.46,✅ HIT,OVER,63.2%,40.19,✅ HIT,OVER,63.7%,40.46,✅ HIT,-0.13,-0.19,-0.5,-1.3,0.43,1.2,1.2,0.0271,100.0%,,,,,,,,,,,,,,,,,,,,,,,,,,,,,,
509,Alperen Sengun,RA,15.0,UNDER,PrizePicks,,,56.2%,C,DO NOT BET,38.84,✅ HIT,9.0,UNDER,54.7%,38.03,✅ HIT,UNDER,54.0%,37.65,✅ HIT,UNDER,58.5%,40.13,✅ HIT,UNDER,57.5%,39.56,✅ HIT,0.03,0.03,0.3,0.2,-0.02,1.4,1.2,0.0188,100.0%,,,,,,,,,,,,,,,,,,,,,,,,,,,,,,
510,Deandre Ayton,TOV,0.5,OVER,PrizePicks,Goblin,,66.3%,A,BET,38.83,NO GAME,,OVER,64.3%,37.78,NO GAME,OVER,63.6%,37.36,NO GAME,OVER,69.0%,40.35,NO GAME,OVER,68.1%,39.83,NO GAME,-1.85,-1.75,-1.25,-0.7,-0.04,1.2,2.0,0.0233,100.0%,,,,,,,,,,,,,,,,,,,,,,,,,,,,,,
511,Jaylen Brown,3PM,1.5,OVER,Underdog and PrizePicks,Goblin,0.85x,52.9%,S,DO NOT BET,38.78,❌ MISS,1.0,OVER,51.0%,36.49,❌ MISS,OVER,50.7%,36.16,❌ MISS,OVER,55.1%,41.49,❌ MISS,OVER,54.7%,40.96,❌ MISS,-0.55,0.12,1.33,0.1,-0.54,0.8,1.2,0.0205,100.0%,1.5,0.0,55.8%,44.2%,-0.019,,,,,,,,,,,,,,,,,,,,,,,,,
512,Reed Sheppard,PR,18.5,UNDER,PrizePicks,,,66.5%,D,STRONG BET,38.78,✅ HIT,18.0,UNDER,64.5%,37.69,✅ HIT,UNDER,64.0%,37.45,✅ HIT,UNDER,68.7%,40.02,✅ HIT,UNDER,68.6%,39.96,✅ HIT,-0.45,-0.31,-2.44,-1.5,-0.66,1.2,1.6,0.0221,100.0%,,,,,,,,,,,,,,,,,,,,,,,,,,,,,,
513,Jamal Murray,RA,11.0,UNDER,PrizePicks,,,54.0%,C,DO NOT BET,38.76,✅ HIT,10.0,UNDER,54.2%,38.85,✅ HIT,UNDER,53.5%,38.17,✅ HIT,UNDER,54.5%,39.3,✅ HIT,UNDER,53.9%,38.72,✅ HIT,0.1,0.09,0.23,0.4,0.04,1.4,1.6,0.0036,100.0%,11.5,0.5,42.9%,57.1%,-0.0198,11.5,0.5,44.4%,55.6%,-0.0104,,,,,,,,,,,11.5,0.5,44.0%,56.0%,-0.0128,11.5,0.5,44.6%,55.4%,-0.0088
514,Bennedict Mathurin,PTS,17.5,OVER,Underdog and PrizePicks,,,53.6%,D,DO NOT BET,38.73,✅ HIT,23.0,OVER,54.3%,39.55,✅ HIT,OVER,53.7%,38.88,✅ HIT,OVER,53.5%,38.65,✅ HIT,OVER,52.8%,37.83,✅ HIT,-0.25,-1.38,0.0,-5.7,4.68,1.2,1.6,0.0052,100.0%,17.5,0.0,50.0%,50.0%,0.0232,17.5,0.0,50.4%,49.6%,0.0206,18.5,1.0,44.0%,56.0%,0.0621,17.5,0.0,50.3%,49.7%,0.0214,21.5,4.0,29.8%,70.2%,0.1547,16.5,-1.0,49.3%,50.7%,0.0275
515,RJ Barrett,PRA,29.5,UNDER,Underdog and PrizePicks,,,62.2%,D,DO NOT BET,38.72,✅ HIT,22.0,UNDER,62.1%,38.62,✅ HIT,UNDER,61.6%,38.39,✅ HIT,UNDER,62.8%,39.02,✅ HIT,UNDER,62.5%,38.84,✅ HIT,-0.3,-0.15,-0.18,-0.9,-0.94,0.8,1.2,0.0043,100.0%,,,,,,,,,,,,,,,,,,,,,,,,,,,,,,
516,Tyler Herro,AST,4.5,UNDER,Underdog,,0.79x,63.2%,C,DO NOT BET,38.71,✅ HIT,4.0,UNDER,64.7%,39.52,✅ HIT,UNDER,63.9%,39.07,✅ HIT,UNDER,62.4%,38.27,✅ HIT,UNDER,61.9%,38.0,✅ HIT,-0.6,-0.26,-1.18,-0.3,-0.4,1.0,0.8,0.0111,100.0%,,,,,,,,,,,,,,,,,,,,,,,,,,,,,,
517,Immanuel Quickley,FGM,5.5,UNDER,PrizePicks,,,57.1%,C,DO NOT BET,38.7,NO GAME,,UNDER,58.1%,39.27,NO GAME,UNDER,58.4%,39.42,NO GAME,UNDER,55.7%,37.95,NO GAME,UNDER,56.1%,38.18,NO GAME,0.18,-0.53,-0.0,-1.1,1.48,1.2,1.2,0.0118,100.0%,,,,,,,,,,,,,,,,,,,,,,,,,,,,,,
518,Collin Sexton,PR,16.5,OVER,PrizePicks,,,60.4%,D,DO NOT BET,38.69,✅ HIT,17.0,OVER,61.2%,39.08,✅ HIT,OVER,60.8%,38.86,✅ HIT,OVER,59.9%,38.37,✅ HIT,OVER,60.0%,38.44,✅ HIT,-0.03,-0.95,-0.48,-7.7,7.46,1.0,1.2,0.0054,100.0%,,,,,,,,,,,,,,,,,,,,,,,,,,,,,,
519,Quentin Grimes,PRA,25.5,OVER,PrizePicks,,,65.5%,D,STRONG BET,38.68,❌ MISS,24.0,OVER,64.4%,37.36,❌ MISS,OVER,64.2%,37.13,❌ MISS,OVER,66.6%,39.98,❌ MISS,OVER,66.8%,40.26,❌ MISS,0.49,-0.8,2.24,-7.3,11.78,1.2,1.6,0.0123,100.0%,24.5,-1.0,51.9%,48.1%,0.0883,24.5,-1.0,52.7%,47.3%,0.0831,25.5,0.0,48.4%,51.6%,0.1112,25.5,0.0,46.3%,53.7%,0.1248,26.5,1.0,43.8%,56.2%,0.141,25.5,0.0,46.5%,53.5%,0.1233
520,Stephon Castle,PRA,31.5,UNDER,Underdog and PrizePicks,,,56.9%,D,DO NOT BET,38.68,✅ HIT,27.0,UNDER,55.6%,37.1,✅ HIT,UNDER,55.3%,36.77,✅ HIT,UNDER,58.5%,40.61,✅ HIT,UNDER,58.1%,40.21,✅ HIT,-0.25,0.2,-0.44,2.3,-5.12,1.0,0.4,0.0142,100.0%,31.5,0.0,48.1%,51.9%,0.0326,31.5,0.0,48.4%,51.6%,0.0343,31.5,0.0,48.7%,51.3%,0.036,31.5,0.0,47.8%,52.2%,0.0301,32.5,1.0,44.0%,56.0%,0.0061,30.5,-1.0,49.1%,50.9%,0.0392
521,Reed Sheppard,PRA,24.5,UNDER,Underdog,,0.88x,71.3%,D,STRONG BET,38.68,✅ HIT,21.0,UNDER,70.5%,38.27,✅ HIT,UNDER,70.0%,37.96,✅ HIT,UNDER,72.5%,39.33,✅ HIT,UNDER,72.2%,39.16,✅ HIT,-0.54,-0.17,-2.95,-1.5,-3.25,1.4,1.6,0.0105,100.0%,,,,,,,,,,,,,,,,,,,,,,,,,,,,,,
522,Ausar Thompson,BLK,0.5,OVER,PrizePicks,Goblin,,60.0%,S,BET WITH CAUTION,38.67,✅ HIT,1.0,OVER,61.5%,39.45,✅ HIT,OVER,60.4%,38.88,✅ HIT,OVER,59.6%,38.45,✅ HIT,OVER,58.6%,37.9,✅ HIT,-0.59,-0.79,-0.89,-0.5,0.13,1.8,1.6,0.0103,100.0%,,,,,,,,,,,,,,,,,,,,,,,,,,,,,,
523,Luka Dončić,3PA,13.5,UNDER,Underdog and PrizePicks,,,65.6%,B,STRONG BET,38.67,✅ HIT,11.0,UNDER,64.3%,37.95,✅ HIT,UNDER,63.8%,37.66,✅ HIT,UNDER,67.5%,39.68,✅ HIT,UNDER,67.0%,39.39,✅ HIT,-1.21,0.42,-0.86,0.9,-3.52,0.8,1.2,0.016,100.0%,,,,,,,,,,,,,,,,,,,,,,,,,,,,,,
524,Kevin Durant,FGA,17.5,UNDER,Underdog,,,53.6%,D,DO NOT BET,38.63,❌ MISS,22.0,UNDER,53.7%,38.69,❌ MISS,UNDER,53.7%,38.69,❌ MISS,UNDER,53.4%,38.53,❌ MISS,UNDER,53.5%,38.61,❌ MISS,0.06,-0.28,1.17,-1.1,1.32,1.4,1.6,0.0012,100.0%,,,,,,,,,,,,,,,,,,,,,,,,,,,,,,
525,Deandre Ayton,AST,0.5,OVER,PrizePicks,Goblin,,65.3%,C,STRONG BET,38.63,NO GAME,,OVER,65.0%,38.47,NO GAME,OVER,63.2%,37.48,NO GAME,OVER,67.5%,39.84,NO GAME,OVER,65.4%,38.71,NO GAME,-0.45,-0.12,-3.0,-0.1,-0.26,1.0,0.8,0.0153,100.0%,,,,,,,,,,,,,,,,,,,,,,,,,,,,,,
526,Alperen Sengun,REB,9.0,UNDER,PrizePicks,,,53.4%,B,DO NOT BET,38.61,✅ HIT,6.0,UNDER,54.9%,39.41,✅ HIT,UNDER,53.8%,38.83,✅ HIT,UNDER,52.9%,38.34,✅ HIT,UNDER,52.0%,37.87,✅ HIT,-0.0,-0.23,2.2,-1.0,0.98,1.2,1.2,0.0104,100.0%,,,,,,,,,,,,,,,,,,,,,,,,,,,,,,
527,Brandon Ingram,TOV,2.5,UNDER,Underdog and PrizePicks,,,56.3%,A,DO NOT BET,38.6,❌ MISS,3.0,UNDER,58.6%,39.85,❌ MISS,UNDER,58.6%,39.85,❌ MISS,UNDER,54.0%,37.3,❌ MISS,UNDER,54.1%,37.39,❌ MISS,0.02,0.3,1.5,0.5,-0.47,0.6,0.4,0.0228,100.0%,,,,,,,,,,,,,,,,,,,,,,,,,,,,,,
528,Tobias Harris,REB,5.5,UNDER,Underdog,,1.04x,59.3%,B,DO NOT BET,38.6,✅ HIT,3.0,UNDER,59.4%,38.66,✅ HIT,UNDER,58.2%,37.99,✅ HIT,UNDER,60.4%,39.19,✅ HIT,UNDER,59.2%,38.55,✅ HIT,-0.35,0.94,-0.67,0.7,-0.96,1.0,0.4,0.0078,100.0%,,,,,,,,,,,,,,,,,,,,,,,,,,,,,,
529,Draymond Green,RA,11.5,UNDER,Underdog and PrizePicks,,,53.8%,C,DO NOT BET,38.59,✅ HIT,8.0,UNDER,55.0%,40.1,✅ HIT,UNDER,54.3%,39.16,✅ HIT,UNDER,53.1%,37.83,✅ HIT,UNDER,52.7%,37.3,✅ HIT,-0.3,0.15,0.24,0.3,-0.88,1.2,1.2,0.0093,100.0%,11.5,0.0,48.9%,51.1%,0.0177,11.5,0.0,51.1%,48.9%,0.0316,,,,,,,,,,,12.5,1.0,46.5%,53.5%,0.0021,11.5,0.0,48.9%,51.1%,0.0177
530,Kristaps Porziņģis,TOV,1.5,UNDER,PrizePicks,,,58.8%,A,DO NOT BET,38.56,❌ MISS,6.0,UNDER,53.5%,35.64,❌ MISS,UNDER,53.7%,35.74,❌ MISS,UNDER,64.1%,41.5,❌ MISS,UNDER,63.9%,41.37,❌ MISS,-0.41,-0.1,0.07,-0.1,-0.32,1.4,1.2,0.0522,100.0%,,,,,,,,,,,,,,,,,,,,,,,,,,,,,,
531,Klay Thompson,REB,1.5,OVER,PrizePicks,Goblin,,62.6%,B,DO NOT BET,38.56,❌ MISS,0.0,OVER,62.0%,38.21,❌ MISS,OVER,62.3%,38.39,❌ MISS,OVER,63.0%,38.78,❌ MISS,OVER,63.1%,38.85,❌ MISS,-0.91,0.94,-1.17,0.7,-1.38,0.6,0.4,0.0049,100.0%,,,,,,,,,,,,,,,,,,,,,,,,,,,,,,
532,Alperen Sengun,FGM,7.5,OVER,PrizePicks,,,60.5%,C,DO NOT BET,38.55,✅ HIT,12.0,OVER,61.8%,39.26,✅ HIT,OVER,60.9%,38.8,✅ HIT,OVER,60.1%,38.31,✅ HIT,OVER,59.2%,37.83,✅ HIT,-0.16,-0.51,-0.73,-1.9,1.29,1.2,1.2,0.0097,100.0%,,,,,,,,,,,,,,,,,,,,,,,,,,,,,,
533,Alex Caruso,RA,3.5,OVER,PrizePicks,,,63.6%,C,DO NOT BET,38.52,✅ HIT,6.0,OVER,63.4%,38.42,✅ HIT,OVER,62.2%,37.73,✅ HIT,OVER,65.3%,39.46,✅ HIT,OVER,63.5%,38.47,✅ HIT,-0.54,-0.66,-1.5,-1.5,0.27,1.4,1.2,0.0112,100.0%,,,,,,,,,,,,,,,,,,,,,,,,,,,,,,
534,Deni Avdija,3PM,1.5,OVER,Underdog and PrizePicks,Goblin,0.76x,54.5%,S,DO NOT BET,38.51,❌ MISS,1.0,OVER,56.0%,40.23,❌ MISS,OVER,55.7%,39.9,❌ MISS,OVER,53.3%,37.16,❌ MISS,OVER,52.9%,36.78,❌ MISS,-0.62,0.4,-1.72,0.3,-0.76,0.8,0.8,0.014,100.0%,1.5,0.0,61.4%,38.6%,-0.0451,2.5,1.0,60.4%,39.6%,-0.0387,1.5,0.0,61.8%,38.2%,-0.0478,2.5,1.0,60.1%,39.9%,-0.0367,2.5,1.0,59.2%,40.8%,-0.0309,2.5,1.0,60.4%,39.6%,-0.0383
535,Pascal Siakam,3PM,1.5,UNDER,Underdog,,0.77x,56.0%,S,DO NOT BET,38.46,✅ HIT,1.0,UNDER,57.0%,39.68,✅ HIT,UNDER,57.2%,39.9,✅ HIT,UNDER,54.8%,36.99,✅ HIT,UNDER,55.0%,37.29,✅ HIT,0.27,-1.12,-4.5,-0.9,1.12,1.2,1.6,0.0111,100.0%,1.5,0.0,37.2%,62.8%,-0.0443,1.5,0.0,37.4%,62.6%,-0.0427,1.5,0.0,37.8%,62.2%,-0.04,1.5,0.0,40.1%,60.0%,-0.0255,1.5,0.0,37.5%,62.5%,-0.0421,1.5,0.0,39.6%,60.4%,-0.0285
536,Shai Gilgeous-Alexander,TOV,2.5,UNDER,Underdog,,,57.0%,A,DO NOT BET,38.45,✅ HIT,2.0,UNDER,55.8%,37.79,✅ HIT,UNDER,55.9%,37.85,✅ HIT,UNDER,58.2%,39.09,✅ HIT,UNDER,58.2%,39.08,✅ HIT,-0.19,-0.06,1.38,-0.1,-0.23,0.6,0.8,0.0115,100.0%,,,,,,,,,,,,,,,,,,,,,,,,,,,,,,
537,Evan Mobley,PRA,31.5,OVER,Underdog,,1.06x,55.2%,D,DO NOT BET,38.44,❌ MISS,17.0,OVER,59.6%,40.84,❌ MISS,OVER,59.5%,40.79,❌ MISS,OVER,50.7%,35.97,❌ MISS,OVER,51.0%,36.14,❌ MISS,0.11,-0.87,0.6,-5.1,5.78,1.4,1.6,0.0433,100.0%,,,,,,,,,,,,,,,,,,,,,,,,,,,,,,
538,Jalen Williams,PRA,21.5,OVER,PrizePicks,,,64.0%,D,DO NOT BET,38.44,❌ MISS,13.0,OVER,64.3%,38.85,❌ MISS,OVER,64.1%,38.61,❌ MISS,OVER,63.7%,38.02,❌ MISS,OVER,63.9%,38.32,❌ MISS,-0.8,-0.51,1.5,-3.9,-2.19,1.6,1.2,0.0025,100.0%,20.5,-1.0,49.0%,51.0%,0.0976,,,,,,,,,,,,,,,,,,,,,,,,,
539,Kristaps Porziņģis,FTM,3.5,UNDER,Underdog and PrizePicks,,1.06x,55.4%,B,DO NOT BET,38.38,❌ MISS,9.0,UNDER,55.8%,38.55,❌ MISS,UNDER,56.4%,38.9,❌ MISS,UNDER,54.4%,37.81,❌ MISS,UNDER,55.2%,38.27,❌ MISS,0.14,0.4,0.05,1.7,-1.12,1.0,0.8,0.0072,100.0%,,,,,,,,,,,,,,,,,,,,,,,,,,,,,,
540,Jerami Grant,TOV,1.5,UNDER,PrizePicks,,,57.5%,A,DO NOT BET,38.38,❌ MISS,3.0,UNDER,61.6%,40.63,❌ MISS,UNDER,61.5%,40.58,❌ MISS,UNDER,53.4%,36.11,❌ MISS,UNDER,53.6%,36.21,❌ MISS,0.39,0.6,-0.25,0.9,-0.31,0.4,0.4,0.0404,100.0%,,,,,,,,,,,,,,,,,,,,,,,,,,,,,,
541,Paul George,REB,4.5,OVER,Underdog,,0.82x,51.5%,B,DO NOT BET,38.37,✅ HIT,6.0,OVER,51.4%,38.35,✅ HIT,OVER,52.2%,39.3,✅ HIT,OVER,50.9%,37.5,✅ HIT,OVER,51.6%,38.33,✅ HIT,-0.43,-0.07,-0.19,-0.1,-0.55,0.8,1.2,0.0047,100.0%,4.5,0.0,55.2%,44.8%,-0.0238,4.5,0.0,57.4%,42.6%,-0.0385,5.5,1.0,41.8%,58.2%,0.063,4.5,0.0,56.5%,43.5%,-0.0327,5.5,1.0,41.6%,58.4%,0.0645,5.5,1.0,43.8%,56.2%,0.0503
542,Alperen Sengun,REB,9.5,UNDER,Underdog,,0.86x,54.9%,B,DO NOT BET,38.36,✅ HIT,6.0,UNDER,56.2%,39.08,✅ HIT,UNDER,55.1%,38.47,✅ HIT,UNDER,54.6%,38.21,✅ HIT,UNDER,53.6%,37.7,✅ HIT,-0.12,-0.35,1.86,-1.5,0.98,1.2,1.2,0.0091,100.0%,,,,,,,,,,,,,,,,,,,,,,,,,,,,,,
543,Tyler Herro,3PM,2.5,UNDER,Underdog,,0.85x,56.5%,S,DO NOT BET,38.36,❌ MISS,4.0,UNDER,54.5%,37.28,❌ MISS,UNDER,54.8%,37.39,❌ MISS,UNDER,58.3%,39.33,❌ MISS,UNDER,58.5%,39.43,❌ MISS,-0.02,-0.31,-0.19,-0.3,0.28,1.4,1.6,0.0186,100.0%,,,,,,,,,,,,,,,,,,,,,,,,,,,,,,
544,CJ McCollum,RA,7.0,UNDER,PrizePicks,,,52.5%,C,DO NOT BET,38.36,✅ HIT,6.0,UNDER,52.6%,38.39,✅ HIT,UNDER,52.1%,38.13,✅ HIT,UNDER,52.9%,38.57,✅ HIT,UNDER,52.5%,38.37,✅ HIT,0.04,0.13,2.0,0.4,-0.27,1.0,1.2,0.0028,100.0%,,,,,,,,,,,,,,,,,,,,,,,,,,,,,,
545,Tyler Herro,PR,25.5,UNDER,Underdog and PrizePicks,,,56.8%,D,DO NOT BET,38.35,✅ HIT,20.0,UNDER,55.3%,37.51,✅ HIT,UNDER,55.2%,37.43,✅ HIT,UNDER,58.5%,39.26,✅ HIT,UNDER,58.4%,39.19,✅ HIT,0.16,-0.02,-0.35,-0.1,0.96,0.8,0.8,0.016,100.0%,,,,,,,,,,,,,,,,,,,,,,,,,,,,,,
546,Joel Embiid,FTM,5.5,OVER,PrizePicks,,,61.8%,B,BET WITH CAUTION,38.35,✅ HIT,8.0,OVER,63.4%,39.21,✅ HIT,OVER,60.8%,37.77,✅ HIT,OVER,63.0%,38.98,✅ HIT,OVER,60.2%,37.44,✅ HIT,-0.82,-0.94,-0.33,-2.1,0.27,1.8,1.6,0.0138,100.0%,,,,,,,,,,,,,,,,,,,,,,,,,,,,,,
547,Julius Randle,REB,5.5,OVER,PrizePicks,Goblin,,59.9%,B,DO NOT BET,38.34,✅ HIT,6.0,OVER,59.8%,38.31,✅ HIT,OVER,60.2%,38.54,✅ HIT,OVER,59.6%,38.18,✅ HIT,OVER,59.9%,38.34,✅ HIT,-0.49,-0.11,-0.23,-0.3,-1.03,1.4,1.2,0.0023,100.0%,,,,,,,,,,,,,,,,,,,,,,,,,,,,,,
548,Scoot Henderson,AST,3.5,OVER,Underdog,,0.81x,53.2%,C,DO NOT BET,38.34,✅ HIT,4.0,OVER,54.0%,39.2,✅ HIT,OVER,53.1%,38.31,✅ HIT,OVER,53.4%,38.4,✅ HIT,OVER,52.4%,37.46,✅ HIT,-0.3,0.08,-0.33,0.1,-0.46,0.8,1.2,0.0055,100.0%,3.5,0.0,57.8%,42.2%,-0.0298,3.5,0.0,56.2%,43.8%,-0.0192,3.5,0.0,57.7%,42.3%,-0.0294,3.5,0.0,56.9%,43.1%,-0.024,4.5,1.0,53.7%,46.3%,-0.0033,4.5,1.0,57.3%,42.7%,-0.0262
549,Deandre Ayton,STL,0.5,UNDER,PrizePicks,,,54.7%,A,DO NOT BET,38.33,NO GAME,,UNDER,58.9%,40.61,NO GAME,UNDER,59.1%,40.72,NO GAME,UNDER,50.3%,35.91,NO GAME,UNDER,50.6%,36.09,NO GAME,0.18,-0.2,1.0,-0.1,0.19,1.4,1.2,0.0424,100.0%,,,,,,,,,,,,,,,,,,,,,,,,,,,,,,
550,Brandon Ingram,FGM,7.5,UNDER,PrizePicks,,,57.6%,C,DO NOT BET,38.3,❌ MISS,8.0,UNDER,58.4%,38.75,❌ MISS,UNDER,58.6%,38.89,❌ MISS,UNDER,56.4%,37.68,❌ MISS,UNDER,56.8%,37.89,❌ MISS,0.14,0.19,-1.5,0.7,-0.19,1.2,1.2,0.0095,100.0%,,,,,,,,,,,,,,,,,,,,,,,,,,,,,,
551,CJ McCollum,PRA,24.5,OVER,Underdog and PrizePicks,,,60.1%,D,DO NOT BET,38.29,✅ HIT,33.0,OVER,57.6%,36.93,✅ HIT,OVER,57.6%,36.91,✅ HIT,OVER,62.4%,39.59,✅ HIT,OVER,62.7%,39.74,✅ HIT,-0.19,-0.08,-0.56,-0.5,-0.76,1.4,1.2,0.025,100.0%,,,,,,,,,,,,,,,,,,,,,,,,,,,,,,
552,Jalen Johnson,REB,8.5,OVER,Underdog,,0.86x,62.9%,B,DO NOT BET,38.29,❌ MISS,8.0,OVER,63.5%,38.62,❌ MISS,OVER,63.7%,38.77,❌ MISS,OVER,62.1%,37.84,❌ MISS,OVER,62.2%,37.93,❌ MISS,-0.58,-0.47,-0.91,-1.5,-0.37,1.0,1.6,0.0074,100.0%,,,,,,,,,,,,,,,,,,,,,,,,,,,,,,
553,Reed Sheppard,PRA,24.0,UNDER,PrizePicks,,,69.3%,D,STRONG BET,38.29,✅ HIT,21.0,UNDER,68.7%,37.97,✅ HIT,UNDER,68.2%,37.68,✅ HIT,UNDER,70.3%,38.84,✅ HIT,UNDER,70.0%,38.67,✅ HIT,-0.48,-0.11,-2.87,-1.0,-3.25,1.4,1.6,0.0087,100.0%,,,,,,,,,,,,,,,,,,,,,,,,,,,,,,
554,Jalen Duren,BLK,0.5,OVER,PrizePicks,Goblin,,58.6%,S,BET WITH CAUTION,38.28,✅ HIT,2.0,OVER,60.6%,39.39,✅ HIT,OVER,59.6%,38.83,✅ HIT,OVER,57.5%,37.72,✅ HIT,OVER,56.6%,37.19,✅ HIT,-0.8,0.75,0.0,0.3,-0.62,1.2,0.4,0.0158,100.0%,,,,,,,,,,,,,,,,,,,,,,,,,,,,,,
555,Naz Reid,BLK,0.5,OVER,PrizePicks,Goblin,,61.1%,S,BET WITH CAUTION,38.25,✅ HIT,2.0,OVER,62.8%,39.19,✅ HIT,OVER,61.7%,38.61,✅ HIT,OVER,60.4%,37.87,✅ HIT,OVER,59.4%,37.31,✅ HIT,-0.33,-0.48,-1.51,-0.7,0.21,1.4,1.2,0.013,100.0%,,,,,,,,,,,,,,,,,,,,,,,,,,,,,,
556,Bennedict Mathurin,STL,0.5,OVER,PrizePicks,Goblin,,59.1%,A,DO NOT BET,38.21,❌ MISS,0.0,OVER,59.4%,38.4,❌ MISS,OVER,58.9%,38.1,❌ MISS,OVER,59.3%,38.3,❌ MISS,OVER,58.8%,38.03,❌ MISS,-0.47,-0.79,-0.71,-0.5,0.2,1.4,1.6,0.0027,100.0%,,,,,,,,,,,,,,,,,,,,,,,,,,,,,,
557,Donovan Mitchell,PRA,39.5,UNDER,Underdog and PrizePicks,,,58.2%,D,DO NOT BET,38.19,✅ HIT,38.0,UNDER,58.9%,38.54,✅ HIT,UNDER,58.5%,38.35,✅ HIT,UNDER,57.9%,38.03,✅ HIT,UNDER,57.6%,37.85,✅ HIT,-0.18,-0.41,-0.41,-2.3,1.31,1.6,1.6,0.0049,100.0%,,,,,,,,,,,,,,,,,,,,,,,,,,,,,,
558,Reed Sheppard,3PM,2.5,OVER,PrizePicks,Goblin,,55.4%,S,DO NOT BET,38.19,❌ MISS,2.0,OVER,53.8%,37.34,❌ MISS,OVER,53.5%,37.17,❌ MISS,OVER,57.3%,39.27,❌ MISS,OVER,56.9%,39.0,❌ MISS,-0.14,-0.53,0.76,-0.7,0.51,1.4,1.6,0.0172,100.0%,,,,,,,,,,,,,,,,,,,,,,,,,,,,,,
559,Rudy Gobert,REB,11.5,UNDER,Underdog and PrizePicks,,,57.2%,B,DO NOT BET,38.19,❌ MISS,14.0,UNDER,57.0%,38.09,❌ MISS,UNDER,55.9%,37.47,❌ MISS,UNDER,58.5%,38.9,❌ MISS,UNDER,57.4%,38.29,❌ MISS,-0.01,0.48,0.18,1.9,-1.94,0.8,0.4,0.0093,100.0%,,,,,,,,,,,,,,,,,,,,,,,,,,,,,,
560,Bennedict Mathurin,PRA,24.5,OVER,Underdog and PrizePicks,,,55.1%,D,DO NOT BET,38.18,✅ HIT,33.0,OVER,54.7%,37.62,✅ HIT,OVER,54.7%,37.65,✅ HIT,OVER,55.5%,38.55,✅ HIT,OVER,55.8%,38.9,✅ HIT,-0.4,-1.21,0.18,-5.7,3.81,1.2,1.6,0.0047,100.0%,24.5,0.0,50.5%,49.5%,0.03,,,,,,,,,,,24.5,0.0,50.0%,50.0%,0.0335,,,,,,24.5,0.0,51.5%,48.5%,0.0239
561,Jamal Murray,FGA,17.5,OVER,Underdog and PrizePicks,,,57.1%,D,DO NOT BET,38.17,✅ HIT,28.0,OVER,59.8%,39.67,✅ HIT,OVER,57.5%,38.38,✅ HIT,OVER,56.3%,37.73,✅ HIT,OVER,54.8%,36.9,✅ HIT,-0.14,0.62,-0.32,2.7,-3.3,1.2,1.2,0.0184,100.0%,,,,,,,,,,,,,,,,,,,,,,,,,,,,,,
562,Victor Wembanyama,FTM,5.5,UNDER,Underdog,,,57.2%,B,DO NOT BET,38.16,✅ HIT,2.0,UNDER,55.3%,37.08,✅ HIT,UNDER,55.9%,37.45,✅ HIT,UNDER,58.7%,38.98,✅ HIT,UNDER,59.0%,39.14,✅ HIT,0.04,-0.33,-0.81,-1.3,1.45,1.2,1.6,0.0165,100.0%,,,,,,,,,,,,,,,,,,,,,,,,,,,,,,
563,Jrue Holiday,TOV,2.5,UNDER,Underdog,,0.76x,60.9%,A,BET WITH CAUTION,38.14,❌ MISS,3.0,UNDER,60.4%,37.86,❌ MISS,UNDER,60.4%,37.82,❌ MISS,UNDER,61.6%,38.49,❌ MISS,UNDER,61.4%,38.41,❌ MISS,0.12,-0.24,-3.45,-0.5,0.75,1.4,1.6,0.0056,100.0%,,,,,,,,,,,,,,,,,,,,,,,,,,,,,,
564,Rudy Gobert,SB,2.5,UNDER,Underdog,,0.85x,58.3%,A,DO NOT BET,38.12,❌ MISS,6.0,UNDER,59.1%,38.59,❌ MISS,UNDER,59.3%,38.66,❌ MISS,UNDER,57.3%,37.59,❌ MISS,UNDER,57.5%,37.67,❌ MISS,-0.07,0.53,-0.41,0.7,-0.79,0.8,0.4,0.0091,100.0%,,,,,,,,,,,,,,,,,,,,,,,,,,,,,,
565,Derrick White,REB,4.0,OVER,PrizePicks,,,61.6%,B,DO NOT BET,38.12,❌ MISS,2.0,OVER,62.2%,38.66,❌ MISS,OVER,62.5%,39.06,❌ MISS,OVER,60.8%,37.24,❌ MISS,OVER,61.0%,37.52,❌ MISS,-0.64,-1.75,-0.5,-1.4,0.89,1.2,1.6,0.0076,100.0%,4.5,0.5,48.6%,51.4%,0.0846,,,,,,,,,,,,,,,,,,,,,,,,,
566,Brandon Ingram,FTA,4.5,UNDER,PrizePicks,,,60.1%,C,DO NOT BET,38.12,✅ HIT,0.0,UNDER,60.3%,38.26,✅ HIT,UNDER,60.4%,38.31,✅ HIT,UNDER,59.7%,37.92,✅ HIT,UNDER,59.9%,38.01,✅ HIT,0.04,0.25,-1.5,0.7,-0.58,0.8,0.4,0.003,100.0%,,,,,,,,,,,,,,,,,,,,,,,,,,,,,,
567,Tobias Harris,STL,0.5,OVER,PrizePicks,Goblin,,60.7%,A,BET WITH CAUTION,38.11,✅ HIT,1.0,OVER,63.2%,39.46,✅ HIT,OVER,62.6%,39.13,✅ HIT,OVER,58.8%,37.06,✅ HIT,OVER,58.3%,36.78,✅ HIT,-0.79,0.2,-0.69,0.1,-0.49,0.8,0.8,0.0217,100.0%,,,,,,,,,,,,,,,,,,,,,,,,,,,,,,
568,Norman Powell,FGM,6.5,OVER,PrizePicks,,,58.4%,C,DO NOT BET,38.11,✅ HIT,7.0,OVER,56.9%,37.29,✅ HIT,OVER,56.2%,36.9,✅ HIT,OVER,60.7%,39.38,✅ HIT,OVER,59.8%,38.88,✅ HIT,-0.4,0.29,-0.55,0.7,-1.65,1.2,1.6,0.0189,100.0%,,,,,,,,,,,,,,,,,,,,,,,,,,,,,,
569,Ausar Thompson,FGM,3.5,OVER,PrizePicks,Goblin,,60.3%,C,DO NOT BET,38.1,✅ HIT,9.0,OVER,61.0%,38.49,✅ HIT,OVER,60.2%,38.03,✅ HIT,OVER,60.5%,38.18,✅ HIT,OVER,59.6%,37.69,✅ HIT,-0.99,0.79,-0.6,0.5,-1.13,1.0,0.4,0.0052,100.0%,,,,,,,,,,,,,,,,,,,,,,,,,,,,,,
570,Derrick White,RA,9.5,UNDER,Underdog,,0.86x,52.0%,C,DO NOT BET,38.1,✅ HIT,8.0,UNDER,52.0%,38.1,✅ HIT,UNDER,51.6%,37.61,✅ HIT,UNDER,52.4%,38.51,✅ HIT,UNDER,52.1%,38.16,✅ HIT,0.35,-0.73,0.2,-1.1,1.63,1.2,1.6,0.0027,100.0%,9.5,0.0,49.5%,50.5%,0.0097,,,,,,,,,,,,,,,,,,,,,,,,,
571,Quentin Grimes,PR,21.5,OVER,PrizePicks,,,65.6%,D,STRONG BET,38.1,❌ MISS,19.0,OVER,65.9%,38.56,❌ MISS,OVER,65.4%,37.92,❌ MISS,OVER,65.5%,37.88,❌ MISS,OVER,65.6%,38.02,❌ MISS,0.5,-0.98,2.34,-7.7,11.62,1.4,1.6,0.002,100.0%,20.5,-1.0,53.4%,46.6%,0.0791,20.5,-1.0,53.8%,46.2%,0.0765,,,,,,,,,,,21.5,0.0,46.9%,53.0%,0.1212,21.5,0.0,48.9%,51.1%,0.1083
572,Rudy Gobert,BLK,1.5,UNDER,Underdog,,0.79x,55.9%,S,BET WITH CAUTION,38.09,❌ MISS,5.0,UNDER,52.7%,36.33,❌ MISS,UNDER,53.4%,36.72,❌ MISS,UNDER,58.4%,39.49,❌ MISS,UNDER,59.0%,39.8,❌ MISS,0.08,0.44,-0.0,0.7,-0.58,1.2,0.8,0.0286,100.0%,,,,,,,,,,,,,,,,,,,,,,,,,,,,,,
573,P.J. Washington,PA,16.5,UNDER,PrizePicks,,,53.8%,D,DO NOT BET,38.05,❌ MISS,20.0,UNDER,51.6%,35.35,❌ MISS,UNDER,51.2%,34.93,❌ MISS,UNDER,56.5%,41.22,❌ MISS,UNDER,56.0%,40.67,❌ MISS,-0.1,0.69,-0.45,3.1,-3.54,1.0,0.4,0.0243,100.0%,,,,,,,,,,,,,,,,,,,,,,,,,,16.5,0.0,48.9%,51.1%,0.0179
574,Tyler Herro,FGA,14.5,OVER,Underdog and PrizePicks,,,61.0%,D,DO NOT BET,38.01,❌ MISS,11.0,OVER,62.7%,38.91,❌ MISS,OVER,59.9%,37.38,❌ MISS,OVER,61.9%,38.5,❌ MISS,OVER,59.6%,37.25,❌ MISS,-0.35,-0.2,-0.33,-0.9,-0.64,1.2,0.8,0.0129,100.0%,,,,,,,,,,,,,,,,,,,,,,,,,,,,,,
575,Brandon Ingram,FGA,16.5,UNDER,Underdog and PrizePicks,,,57.9%,D,DO NOT BET,38.01,❌ MISS,18.0,UNDER,58.2%,38.16,❌ MISS,UNDER,57.4%,37.73,❌ MISS,UNDER,58.3%,38.22,❌ MISS,UNDER,57.8%,37.92,❌ MISS,0.07,-0.25,-1.5,-1.7,2.17,1.2,1.2,0.0036,100.0%,,,,,,,,,,,,,,,,,,,,,,,,,,,,,,
576,Jonathan Kuminga,PTS,11.5,UNDER,PrizePicks,,,55.4%,D,DO NOT BET,37.99,✅ HIT,8.0,UNDER,54.0%,37.25,✅ HIT,UNDER,54.3%,37.39,✅ HIT,UNDER,56.4%,38.57,✅ HIT,UNDER,56.7%,38.73,✅ HIT,0.15,-0.46,-0.0,-2.9,3.86,0.8,1.2,0.0122,100.0%,,,,,,,,,,,,,,,,,,,,,,,,,,,,,,
577,Jaden McDaniels,RA,6.5,UNDER,PrizePicks,,,51.9%,C,DO NOT BET,37.98,✅ HIT,2.0,UNDER,52.2%,38.14,✅ HIT,UNDER,51.8%,37.91,✅ HIT,UNDER,51.9%,38.0,✅ HIT,UNDER,51.7%,37.87,✅ HIT,0.17,0.22,1.31,0.7,-0.14,1.4,0.8,0.0019,100.0%,,,,,,,,,,,,,,,,,,,,,,,,,,,,,,
578,Donovan Mitchell,PR,33.5,UNDER,Underdog and PrizePicks,,1.03x,58.2%,D,DO NOT BET,37.97,❌ MISS,34.0,UNDER,59.5%,38.62,❌ MISS,UNDER,59.2%,38.47,❌ MISS,UNDER,57.3%,37.42,❌ MISS,UNDER,57.1%,37.35,❌ MISS,-0.11,-0.28,-0.41,-1.9,1.13,1.4,1.2,0.0106,100.0%,,,,,,,,,,,,,,,,,,,,,,,,,,,,,,
579,Donte DiVincenzo,PR,15.5,UNDER,PrizePicks,,,54.0%,D,DO NOT BET,37.96,❌ MISS,20.0,UNDER,56.3%,39.23,❌ MISS,UNDER,56.1%,39.13,❌ MISS,UNDER,51.8%,36.78,❌ MISS,UNDER,51.7%,36.71,❌ MISS,0.14,-0.32,-0.01,-2.5,3.58,1.4,1.2,0.0222,100.0%,,,,,,,,,,,,,,,,,,,,,,,,,,,,,,
580,Ausar Thompson,RA,9.0,UNDER,PrizePicks,,,59.7%,C,DO NOT BET,37.96,❌ MISS,9.0,UNDER,59.2%,37.67,❌ MISS,UNDER,58.0%,37.02,❌ MISS,UNDER,61.5%,38.95,❌ MISS,UNDER,60.1%,38.18,❌ MISS,-0.11,-0.38,-1.57,-1.0,0.73,1.0,1.6,0.0128,100.0%,,,,,,,,,,,,,,,,,,,,,,,,,,,,,,
581,Jamal Murray,STL,0.5,OVER,PrizePicks,Goblin,,58.5%,A,DO NOT BET,37.95,❌ MISS,0.0,OVER,57.1%,36.11,❌ MISS,OVER,56.6%,35.74,❌ MISS,OVER,60.4%,40.16,❌ MISS,OVER,59.9%,39.76,❌ MISS,-0.84,0.2,-0.71,0.1,-0.51,1.0,0.8,0.0166,100.0%,1.5,1.0,61.7%,38.3%,-0.0204,,,,,,,,,,,,,,,,,,,,,,,,,
582,Immanuel Quickley,TOV,1.5,UNDER,PrizePicks,,,58.4%,A,DO NOT BET,37.95,NO GAME,,UNDER,59.1%,38.32,NO GAME,UNDER,59.1%,38.31,NO GAME,UNDER,57.8%,37.59,NO GAME,UNDER,57.8%,37.59,NO GAME,0.02,-1.75,-1.0,-0.7,0.71,1.6,2.0,0.0066,100.0%,,,,,,,,,,,,,,,,,,,,,,,,,,,,,,
583,Donovan Mitchell,PTS,28.5,UNDER,Underdog and PrizePicks,,,56.2%,D,DO NOT BET,37.91,✅ HIT,28.0,UNDER,56.0%,37.77,✅ HIT,UNDER,56.1%,37.87,✅ HIT,UNDER,56.2%,37.92,✅ HIT,UNDER,56.5%,38.08,✅ HIT,-0.03,-0.12,-0.79,-0.9,0.65,1.6,1.6,0.002,100.0%,,,,,,,,,,,,,,,,,,,,,,,,,,,,,,
584,Scoot Henderson,FTA,3.5,UNDER,PrizePicks,,,63.4%,C,DO NOT BET,37.91,❌ MISS,8.0,UNDER,65.8%,39.25,❌ MISS,UNDER,65.3%,38.94,❌ MISS,UNDER,61.3%,36.75,❌ MISS,UNDER,61.2%,36.7,❌ MISS,-0.09,-0.28,-3.0,-0.5,0.33,1.0,0.8,0.0216,100.0%,,,,,,,,,,,,,,,,,,,,,,,,,,,,,,
585,Myles Turner,STL,0.5,OVER,PrizePicks,Goblin,,56.9%,A,DO NOT BET,37.89,NO GAME,,OVER,57.6%,38.26,NO GAME,OVER,57.1%,37.98,NO GAME,OVER,56.8%,37.79,NO GAME,OVER,56.3%,37.54,NO GAME,-0.49,-0.75,0.27,-0.3,0.1,1.2,1.6,0.0048,100.0%,,,,,,,,,,,,,,,,,,,,,,,,,,,,,,
586,Isaiah Hartenstein,STL,0.5,OVER,PrizePicks,Goblin,,60.8%,A,BET WITH CAUTION,37.89,✅ HIT,3.0,OVER,64.4%,39.9,✅ HIT,OVER,63.8%,39.57,✅ HIT,OVER,57.6%,36.17,✅ HIT,OVER,57.2%,35.91,✅ HIT,-0.59,-0.12,-1.0,-0.1,-0.38,1.2,0.8,0.0337,100.0%,,,,,,,,,,,,,,,,,,,,,,,,,,,,,,
587,Donovan Mitchell,FGA,20.5,UNDER,Underdog and PrizePicks,,,57.6%,D,DO NOT BET,37.89,❌ MISS,22.0,UNDER,60.9%,39.7,❌ MISS,UNDER,59.7%,39.02,❌ MISS,UNDER,55.0%,36.45,❌ MISS,UNDER,54.9%,36.41,❌ MISS,-0.03,-0.17,-0.18,-0.7,0.57,1.2,0.8,0.027,100.0%,,,,,,,,,,,,,,,,,,,,,,,,,,,,,,
588,Kawhi Leonard,REB,6.0,UNDER,PrizePicks,,,53.3%,B,DO NOT BET,37.88,❌ MISS,6.0,UNDER,54.2%,38.96,❌ MISS,UNDER,53.2%,37.7,❌ MISS,UNDER,53.3%,37.98,❌ MISS,UNDER,52.5%,36.89,❌ MISS,0.16,-0.46,-0.0,-0.8,1.07,1.2,1.6,0.0062,100.0%,5.5,-0.5,55.2%,44.8%,0.0554,6.5,0.5,46.9%,53.1%,0.0011,6.5,0.5,45.2%,54.8%,-0.01,6.5,0.5,46.9%,53.1%,0.0013,7.5,1.5,40.1%,59.9%,-0.0429,6.5,0.5,46.7%,53.3%,0.0002
589,Luka Dončić,TOV,3.5,OVER,Underdog and PrizePicks,,,55.6%,A,DO NOT BET,37.87,✅ HIT,5.0,OVER,51.8%,35.79,✅ HIT,OVER,51.5%,35.59,✅ HIT,OVER,60.0%,40.24,✅ HIT,OVER,59.3%,39.87,✅ HIT,-0.47,-0.1,1.33,-0.1,-0.38,1.2,1.2,0.0398,100.0%,,,,,,,,,,,,,,,,,,,,,,,,,,,,,,
590,Amen Thompson,REB,7.5,UNDER,Underdog and PrizePicks,,,54.3%,B,DO NOT BET,37.84,❌ MISS,9.0,UNDER,54.4%,37.85,❌ MISS,UNDER,53.3%,37.28,❌ MISS,UNDER,55.3%,38.37,❌ MISS,UNDER,54.3%,37.84,❌ MISS,0.07,0.54,0.08,2.7,-2.36,1.2,0.8,0.007,100.0%,,,,,,,,,,,,,,,,,,,,,,,,,,,,,,
591,Joel Embiid,FTA,6.5,OVER,PrizePicks,,,61.3%,C,DO NOT BET,37.84,✅ HIT,9.0,OVER,60.6%,37.49,✅ HIT,OVER,58.0%,36.06,✅ HIT,OVER,65.0%,39.9,✅ HIT,OVER,61.4%,37.93,✅ HIT,-0.77,-0.72,-0.27,-1.9,-0.15,1.6,1.6,0.025,100.0%,,,,,,,,,,,,,,,,,,,,,,,,,,,,,,
592,Amen Thompson,FTA,4.5,UNDER,PrizePicks,,,54.7%,C,DO NOT BET,37.84,✅ HIT,3.0,UNDER,53.6%,37.21,✅ HIT,UNDER,54.5%,37.72,✅ HIT,UNDER,55.0%,37.98,✅ HIT,UNDER,55.8%,38.45,✅ HIT,0.19,0.14,-0.51,0.3,0.1,1.0,1.6,0.0082,100.0%,,,,,,,,,,,,,,,,,,,,,,,,,,,,,,
593,Alperen Sengun,FTM,3.5,UNDER,Underdog,,0.87x,54.5%,B,DO NOT BET,37.8,❌ MISS,6.0,UNDER,51.5%,36.13,❌ MISS,UNDER,52.6%,36.74,❌ MISS,UNDER,56.7%,39.02,❌ MISS,UNDER,57.3%,39.32,❌ MISS,0.06,-0.85,0.71,-1.9,2.05,1.4,1.6,0.0252,100.0%,,,,,,,,,,,,,,,,,,,,,,,,,,,,,,
594,Kristaps Porziņģis,FGA,12.5,UNDER,PrizePicks,,,55.7%,D,DO NOT BET,37.8,✅ HIT,9.0,UNDER,55.1%,37.52,✅ HIT,UNDER,54.9%,37.39,✅ HIT,UNDER,56.4%,38.22,✅ HIT,UNDER,56.1%,38.06,✅ HIT,-0.06,0.07,1.1,0.3,-0.56,1.0,0.4,0.0064,100.0%,,,,,,,,,,,,,,,,,,,,,,,,,,,,,,
595,Derrick White,PR,20.5,OVER,Underdog and PrizePicks,,,54.2%,D,DO NOT BET,37.79,❌ MISS,14.0,OVER,51.5%,34.52,❌ MISS,OVER,51.4%,34.41,❌ MISS,OVER,57.0%,41.04,❌ MISS,OVER,57.1%,41.2,❌ MISS,-0.49,-0.04,-0.13,-0.1,-1.21,1.2,1.2,0.0277,100.0%,20.5,0.0,50.5%,49.5%,0.0241,,,,,,,,,,,,,,,,,,,,,,,,,
596,Tim Hardaway Jr.,PTS,11.5,OVER,Underdog,,,62.0%,D,DO NOT BET,37.79,❌ MISS,4.0,OVER,62.2%,37.89,❌ MISS,OVER,61.4%,37.44,❌ MISS,OVER,62.8%,38.19,❌ MISS,OVER,61.8%,37.64,❌ MISS,-0.38,-0.31,-0.06,-1.9,-0.43,1.0,0.8,0.0051,100.0%,,,,,,,,,,,,,,,,,,,,,,,,,,,,,,
597,Jerami Grant,PRA,23.5,UNDER,PrizePicks,,,51.9%,D,DO NOT BET,37.77,✅ HIT,20.0,UNDER,50.2%,35.78,✅ HIT,UNDER,50.1%,35.61,✅ HIT,UNDER,53.8%,40.04,✅ HIT,UNDER,53.5%,39.64,✅ HIT,0.11,-0.47,0.07,-3.5,4.31,1.0,1.6,0.0173,100.0%,,,,,,,,,,,,,,,,23.5,0.0,49.5%,50.5%,0.0089,,,,,,23.5,0.0,49.7%,50.3%,0.0106
598,Dyson Daniels,FTM,0.5,OVER,PrizePicks,Goblin,,59.7%,B,DO NOT BET,37.75,❌ MISS,0.0,OVER,64.2%,40.23,❌ MISS,OVER,61.5%,38.75,❌ MISS,OVER,57.7%,36.63,❌ MISS,OVER,55.4%,35.4,❌ MISS,-0.48,-0.88,-0.5,-0.9,0.41,1.0,1.6,0.0339,100.0%,,,,,,,,,,,,,,,,,,,,,,,,,,,,,,
599,Alperen Sengun,PTS,18.5,OVER,Underdog and PrizePicks,,0.88x,61.6%,D,DO NOT BET,37.72,✅ HIT,30.0,OVER,62.7%,38.3,✅ HIT,OVER,61.9%,37.84,✅ HIT,OVER,61.5%,37.63,✅ HIT,OVER,60.5%,37.11,✅ HIT,-0.23,-0.28,-0.92,-2.3,0.43,1.0,1.2,0.0078,100.0%,,,,,,,,,,,,,,,,,,,,,,,,,,,,,,
600,Luka Dončić,RA,16.0,UNDER,PrizePicks,,,53.2%,C,DO NOT BET,37.71,✅ HIT,13.0,UNDER,50.6%,34.82,✅ HIT,UNDER,50.3%,34.42,✅ HIT,UNDER,56.4%,41.31,✅ HIT,UNDER,55.6%,40.31,✅ HIT,0.07,-0.91,0.13,-3.0,3.22,1.2,1.6,0.0279,100.0%,16.5,0.5,48.1%,51.9%,0.0088,16.5,0.5,50.7%,49.3%,0.0253,,,,,,,,,,,17.5,1.5,45.4%,54.6%,-0.0087,16.5,0.5,48.9%,51.1%,0.014
601,Darius Garland,FGM,6.5,OVER,PrizePicks,Goblin,,57.6%,C,DO NOT BET,37.68,✅ HIT,9.0,OVER,57.5%,37.61,✅ HIT,OVER,56.7%,37.2,✅ HIT,OVER,58.5%,38.18,✅ HIT,OVER,57.7%,37.72,✅ HIT,-0.1,-0.66,-0.25,-2.3,1.97,1.2,1.2,0.0063,100.0%,,,,,,,,,,,,,,,,,,,,,,,,,,,,,,
602,Amen Thompson,STL,0.5,OVER,PrizePicks,Goblin,,70.4%,A,STRONG BET,37.67,❌ MISS,0.0,OVER,71.2%,38.1,❌ MISS,OVER,70.5%,37.73,❌ MISS,OVER,70.3%,37.61,❌ MISS,OVER,69.7%,37.26,❌ MISS,-1.08,-0.56,-6.0,-0.5,-0.46,1.4,1.2,0.0055,100.0%,,,,,,,,,,,,,,,,,,,,,,,,,,,,,,
603,Julius Randle,AST,4.5,UNDER,Underdog and PrizePicks,,1.04x,52.5%,C,DO NOT BET,37.66,❌ MISS,6.0,UNDER,52.3%,37.53,❌ MISS,UNDER,52.6%,37.7,❌ MISS,UNDER,52.4%,37.59,❌ MISS,UNDER,52.8%,37.82,❌ MISS,0.29,0.15,-0.05,0.3,0.3,1.6,1.2,0.002,100.0%,,,,,,,,,,,,,,,,,,,,,,,,,,,,,,
604,Evan Mobley,FGA,12.5,OVER,PrizePicks,,,57.2%,D,DO NOT BET,37.64,❌ MISS,8.0,OVER,58.0%,38.11,❌ MISS,OVER,56.0%,36.99,❌ MISS,OVER,58.2%,38.23,❌ MISS,OVER,56.5%,37.25,❌ MISS,-0.17,-0.38,0.31,-1.9,1.03,1.2,1.2,0.0098,100.0%,,,,,,,,,,,,,,,,,,,,,,,,,,,,,,
605,Nikola Jokić,PTS,28.5,UNDER,Underdog and PrizePicks,,0.89x,54.5%,D,DO NOT BET,37.63,✅ HIT,23.0,UNDER,54.7%,37.9,✅ HIT,UNDER,54.9%,38.18,✅ HIT,UNDER,53.9%,36.98,✅ HIT,UNDER,54.3%,37.45,✅ HIT,-0.09,-1.11,-0.85,-7.7,7.11,1.2,1.6,0.0038,100.0%,28.5,0.0,47.2%,52.8%,0.0109,28.5,0.0,48.8%,51.2%,0.0214,26.5,-2.0,52.0%,48.0%,0.0421,28.5,0.0,48.4%,51.6%,0.0187,32.5,4.0,36.6%,63.4%,-0.0578,28.5,0.0,48.9%,51.1%,0.0222
606,Jerami Grant,PA,19.5,OVER,PrizePicks,,,53.8%,D,DO NOT BET,37.62,❌ MISS,18.0,OVER,55.6%,39.81,❌ MISS,OVER,56.0%,40.28,❌ MISS,OVER,51.5%,34.9,❌ MISS,OVER,52.0%,35.49,❌ MISS,-0.19,0.42,-0.15,2.9,-4.22,1.2,0.8,0.0203,100.0%,,,,,,,,,,,,,,,,,,,,,,,,,,19.5,0.0,50.0%,50.0%,0.0247
607,Tyler Herro,FGM,6.5,OVER,PrizePicks,Goblin,,59.5%,C,DO NOT BET,37.6,❌ MISS,6.0,OVER,63.3%,39.68,❌ MISS,OVER,62.4%,39.2,❌ MISS,OVER,56.6%,35.98,❌ MISS,OVER,55.8%,35.54,❌ MISS,-0.6,-0.05,-0.05,-0.1,-1.2,1.4,0.8,0.0337,100.0%,,,,,,,,,,,,,,,,,,,,,,,,,,,,,,
608,Jonathan Kuminga,RA,7.5,OVER,PrizePicks,,,58.3%,C,DO NOT BET,37.6,❌ MISS,6.0,OVER,59.4%,38.17,❌ MISS,OVER,58.5%,37.71,❌ MISS,OVER,58.2%,37.53,❌ MISS,OVER,57.2%,36.98,❌ MISS,-0.7,-0.55,0.0,-0.9,-0.24,1.4,1.6,0.0077,100.0%,,,,,,,,,,,,,,,,,,,,,,,,,,,,,,
609,CJ McCollum,3PA,6.5,UNDER,Underdog and PrizePicks,,,54.8%,B,DO NOT BET,37.6,❌ MISS,12.0,UNDER,58.5%,39.63,❌ MISS,UNDER,58.4%,39.58,❌ MISS,UNDER,50.9%,35.44,❌ MISS,UNDER,51.5%,35.77,❌ MISS,0.11,-1.19,1.16,-1.5,1.64,1.0,1.6,0.0364,100.0%,,,,,,,,,,,,,,,,,,,,,,,,,,,,,,
610,Nikola Jokić,PA,38.5,UNDER,Underdog and PrizePicks,,,53.0%,D,DO NOT BET,37.59,❌ MISS,42.0,UNDER,51.1%,35.36,❌ MISS,UNDER,50.7%,34.94,❌ MISS,UNDER,55.3%,40.31,❌ MISS,UNDER,54.9%,39.76,❌ MISS,0.01,-0.79,-0.54,-5.1,5.2,1.2,1.6,0.0212,100.0%,38.5,0.0,50.0%,50.0%,0.0195,39.5,1.0,50.6%,49.4%,0.0235,,,,,,,,,,,39.5,1.0,50.5%,49.5%,0.0227,40.5,2.0,50.2%,49.8%,0.0207
611,Cooper Flagg,FGA,17.5,UNDER,Underdog and PrizePicks,,,58.2%,D,DO NOT BET,37.58,❌ MISS,18.0,UNDER,54.2%,35.37,❌ MISS,UNDER,54.1%,35.32,❌ MISS,UNDER,62.9%,40.14,❌ MISS,UNDER,61.7%,39.49,❌ MISS,-0.48,0.05,-0.17,0.1,-1.13,1.4,1.2,0.0408,100.0%,,,,,,,,,,,,,,,,,,,,,,,,,,,,,,
612,Tobias Harris,PR,20.0,UNDER,PrizePicks,,,59.4%,D,DO NOT BET,37.56,❌ MISS,25.0,UNDER,58.9%,37.3,❌ MISS,UNDER,58.6%,37.15,❌ MISS,UNDER,60.0%,37.92,❌ MISS,UNDER,59.9%,37.85,❌ MISS,-0.41,-0.1,-0.48,-0.4,-1.23,1.4,1.2,0.0061,100.0%,,,,,,,,,,,,,,,,,,,,,,,,,,,,,,
613,Bam Adebayo,PRA,34.5,OVER,Underdog and PrizePicks,,,51.9%,D,DO NOT BET,37.54,❌ MISS,34.0,OVER,50.4%,36.7,❌ MISS,OVER,50.5%,36.78,❌ MISS,OVER,53.2%,38.26,❌ MISS,OVER,53.5%,38.43,❌ MISS,0.13,-0.15,0.68,-1.7,3.18,1.2,0.8,0.0146,100.0%,,,,,,,,,,,,,,,,,,,,,,,,,,,,,,
614,Jayson Tatum,FTM,2.5,OVER,Underdog,,0.86x,59.6%,B,DO NOT BET,37.53,✅ HIT,6.0,OVER,61.4%,38.5,✅ HIT,OVER,58.9%,37.16,✅ HIT,OVER,60.3%,37.93,✅ HIT,OVER,57.8%,36.53,✅ HIT,-0.28,-0.66,-1.0,-0.9,0.52,1.0,1.2,0.0136,100.0%,,,,,,,,,,,,,,,,,,,,,,,,,,,,,,
615,Deni Avdija,STL,0.5,OVER,PrizePicks,Goblin,,58.3%,A,DO NOT BET,37.53,❌ MISS,0.0,OVER,58.5%,37.64,❌ MISS,OVER,58.0%,37.35,❌ MISS,OVER,58.7%,37.7,❌ MISS,OVER,58.1%,37.43,❌ MISS,-0.56,0.2,-0.7,0.1,-0.37,1.0,0.8,0.0026,100.0%,,,,,,,,,,,,,,,,,,,,,,,,,,,,,,
616,Draymond Green,TOV,2.5,UNDER,Underdog,,1.03x,55.4%,A,DO NOT BET,37.52,❌ MISS,3.0,UNDER,56.0%,37.81,❌ MISS,UNDER,56.0%,37.86,❌ MISS,UNDER,54.8%,37.16,❌ MISS,UNDER,54.9%,37.23,❌ MISS,0.16,0.98,-0.46,1.3,-1.09,0.8,0.4,0.0058,100.0%,,,,,,,,,,,,,,,,,,,,,,,,,,,,,,
617,Tobias Harris,FTA,2.5,UNDER,PrizePicks,,,56.2%,C,DO NOT BET,37.51,✅ HIT,2.0,UNDER,52.3%,35.37,✅ HIT,UNDER,53.4%,35.97,✅ HIT,UNDER,59.4%,39.31,✅ HIT,UNDER,59.6%,39.41,✅ HIT,0.01,-0.16,0.29,-0.3,0.32,1.0,0.8,0.0338,100.0%,,,,,,,,,,,,,,,,,,,,,,,,,,,,,,
618,Austin Reaves,FTM,4.5,OVER,PrizePicks,Goblin,,62.5%,B,BET WITH CAUTION,37.51,✅ HIT,9.0,OVER,62.2%,37.36,✅ HIT,OVER,59.7%,35.97,✅ HIT,OVER,65.5%,39.2,✅ HIT,OVER,62.5%,37.53,✅ HIT,-1.28,-0.81,-1.01,-1.1,-0.64,1.6,1.6,0.0208,100.0%,,,,,,,,,,,,,,,,,,,,,,,,,,,,,,
619,Joel Embiid,3PA,3.5,OVER,PrizePicks,,,59.4%,B,DO NOT BET,37.51,❌ MISS,3.0,OVER,60.5%,38.15,❌ MISS,OVER,59.1%,37.35,❌ MISS,OVER,59.6%,37.61,❌ MISS,OVER,58.3%,36.92,❌ MISS,-0.25,-0.34,-1.38,-0.7,0.2,1.2,1.2,0.0081,100.0%,,,,,,,,,,,,,,,,,,,,,,,,,,,,,,
620,Ausar Thompson,PRA,18.5,OVER,Underdog,,0.88x,54.0%,D,DO NOT BET,37.5,✅ HIT,27.0,OVER,54.0%,37.52,✅ HIT,OVER,54.1%,37.55,✅ HIT,OVER,53.8%,37.39,✅ HIT,OVER,54.1%,37.56,✅ HIT,-0.03,0.83,0.75,3.7,-3.85,1.0,0.4,0.0012,100.0%,,,,,,,,,,,,,,,,,,,,,,,,,,,,,,
621,Tyler Herro,RA,9.5,UNDER,Underdog,,0.87x,59.4%,C,DO NOT BET,37.5,✅ HIT,6.0,UNDER,60.0%,37.85,✅ HIT,UNDER,58.7%,37.15,✅ HIT,UNDER,60.0%,37.84,✅ HIT,UNDER,58.8%,37.18,✅ HIT,-0.33,0.58,-0.99,1.3,-2.04,1.0,0.4,0.0062,100.0%,,,,,,,,,,,,,,,,,,,,,,,,,,,,,,
622,Rudy Gobert,RA,13.5,UNDER,Underdog and PrizePicks,,,57.0%,C,DO NOT BET,37.49,❌ MISS,15.0,UNDER,60.6%,39.48,❌ MISS,UNDER,59.3%,38.75,❌ MISS,UNDER,54.3%,36.01,❌ MISS,UNDER,53.8%,35.72,❌ MISS,-0.08,0.24,-0.21,0.9,-1.21,1.0,0.8,0.03,100.0%,,,,,,,,,,,,,,,,,,,,,,,,,,,,,,
623,Nikola Jokić,FTM,5.5,UNDER,Underdog and PrizePicks,,,54.4%,B,DO NOT BET,37.48,❌ MISS,6.0,UNDER,54.6%,37.6,❌ MISS,UNDER,55.3%,38.02,❌ MISS,UNDER,53.3%,36.89,❌ MISS,UNDER,54.3%,37.42,❌ MISS,0.31,-1.29,-0.66,-2.9,3.59,1.6,2.0,0.0073,100.0%,,,,,,,,,,,,,,,,,,,,,,,,,,,,,,
624,Reed Sheppard,RA,8.5,UNDER,Underdog,,0.86x,68.2%,C,BET,37.48,❌ MISS,11.0,UNDER,69.6%,38.21,❌ MISS,UNDER,67.4%,37.03,❌ MISS,UNDER,69.1%,37.93,❌ MISS,UNDER,66.9%,36.74,❌ MISS,-0.5,0.02,-4.6,0.1,-2.37,1.2,1.2,0.0111,100.0%,,,,,,,,,,,,,,,,,,,,,,,,,,,,,,
625,Jonathan Kuminga,STL,0.5,OVER,PrizePicks,,,55.1%,A,DO NOT BET,37.47,✅ HIT,1.0,OVER,57.6%,38.81,✅ HIT,OVER,57.0%,38.53,✅ HIT,OVER,53.1%,36.38,✅ HIT,OVER,52.7%,36.16,✅ HIT,-0.15,-0.2,0.0,-0.1,0.03,1.6,1.2,0.0219,100.0%,,,,,,,,,,,,,,,,,,,,,,,,,,,,,,
626,Andrew Nembhard,REB,2.5,UNDER,Underdog,,0.85x,51.2%,B,DO NOT BET,37.47,✅ HIT,2.0,UNDER,51.7%,38.08,✅ HIT,UNDER,50.7%,36.96,✅ HIT,UNDER,51.5%,37.9,✅ HIT,UNDER,50.7%,36.94,✅ HIT,0.13,0.19,0.13,0.5,-0.15,1.2,1.2,0.0044,100.0%,,,,,,2.5,0.0,45.6%,54.4%,-0.0208,2.5,0.0,44.3%,55.7%,-0.0295,2.5,0.0,46.0%,54.0%,-0.0182,2.5,0.0,45.9%,54.1%,-0.019,2.5,0.0,48.0%,52.0%,-0.0054
627,Jaylen Brown,FGM,8.5,UNDER,PrizePicks,,,51.5%,C,DO NOT BET,37.46,❌ MISS,9.0,UNDER,51.8%,37.63,❌ MISS,UNDER,52.2%,37.89,❌ MISS,UNDER,50.6%,37.0,❌ MISS,UNDER,51.2%,37.32,❌ MISS,1.07,0.41,-0.3,0.7,1.14,0.8,0.4,0.0061,100.0%,,,,,,,,,,,,,,,,,,,,,,,,,,,,,,
628,Julius Randle,TOV,2.5,UNDER,Underdog,,1.07x,52.2%,A,DO NOT BET,37.45,❌ MISS,5.0,UNDER,52.5%,37.62,❌ MISS,UNDER,52.7%,37.74,❌ MISS,UNDER,51.6%,37.14,❌ MISS,UNDER,51.9%,37.28,❌ MISS,0.12,0.41,1.46,0.7,-0.49,0.8,0.8,0.0045,100.0%,,,,,,,,,,,,,,,,,,,,,,,,,,,,,,
629,Kyle Kuzma,STL,0.5,OVER,PrizePicks,Goblin,,53.7%,A,DO NOT BET,37.45,NO GAME,,OVER,53.9%,37.57,NO GAME,OVER,53.4%,37.33,NO GAME,OVER,53.9%,37.56,NO GAME,OVER,53.4%,37.33,NO GAME,-0.2,-0.4,1.5,-0.3,0.15,1.0,1.2,0.0022,100.0%,,,,,,,,,,,,,,,,,,,,,,,,,,,,,,
630,P.J. Washington,PRA,23.5,UNDER,PrizePicks,,,53.2%,D,DO NOT BET,37.45,❌ MISS,35.0,UNDER,50.6%,34.24,❌ MISS,UNDER,50.4%,34.05,❌ MISS,UNDER,56.1%,40.95,❌ MISS,UNDER,55.8%,40.55,❌ MISS,-0.07,0.48,-0.18,3.3,-3.8,1.0,0.4,0.0275,100.0%,,,,,,,,,,,,,,,,23.5,0.0,47.8%,52.2%,0.0064,,,,,,23.5,0.0,48.0%,52.0%,0.0081
631,Derrick White,FGA,13.5,OVER,PrizePicks,,,58.3%,D,DO NOT BET,37.44,❌ MISS,11.0,OVER,56.9%,36.71,❌ MISS,OVER,55.1%,35.69,❌ MISS,OVER,61.6%,39.3,❌ MISS,OVER,59.4%,38.08,❌ MISS,-0.52,0.16,0.0,0.5,-2.09,1.4,1.2,0.0249,100.0%,,,,,,,,,,,,,,,,,,,,,,,,,,,,,,
632,Jalen Johnson,FTM,3.5,OVER,Underdog,,,57.8%,B,DO NOT BET,37.42,✅ HIT,7.0,OVER,59.5%,38.39,✅ HIT,OVER,57.2%,37.14,✅ HIT,OVER,58.3%,37.71,✅ HIT,OVER,56.0%,36.44,✅ HIT,-0.71,2.06,-0.44,2.1,-2.82,0.6,0.0,0.0131,100.0%,,,,,,,,,,,,,,,,,,,,,,,,,,,,,,
633,Julius Randle,PTS,20.5,UNDER,Underdog,,1.06x,52.0%,D,DO NOT BET,37.41,❌ MISS,24.0,UNDER,50.7%,36.64,❌ MISS,UNDER,51.0%,36.85,❌ MISS,UNDER,53.0%,37.95,❌ MISS,UNDER,53.5%,38.18,❌ MISS,0.06,0.24,0.85,2.1,-1.56,1.4,0.8,0.0121,100.0%,,,,,,,,,,,,,,,,,,,,,,,,,,,,,,
634,Kevin Durant,AST,4.5,UNDER,Underdog and PrizePicks,,0.94x,55.4%,C,DO NOT BET,37.4,❌ MISS,8.0,UNDER,55.7%,37.6,❌ MISS,UNDER,55.7%,37.59,❌ MISS,UNDER,54.9%,37.16,❌ MISS,UNDER,55.1%,37.25,❌ MISS,-0.04,-0.35,0.24,-0.5,0.44,1.0,1.2,0.0036,100.0%,,,,,,,,,,,,,,,,,,,,,,,,,,,,,,
635,Amen Thompson,TOV,2.5,UNDER,Underdog,,0.83x,56.5%,A,DO NOT BET,37.36,✅ HIT,2.0,UNDER,54.8%,36.38,✅ HIT,UNDER,54.9%,36.45,✅ HIT,UNDER,58.3%,38.31,✅ HIT,UNDER,58.3%,38.31,✅ HIT,-0.02,-0.35,-0.58,-0.5,0.48,1.2,1.2,0.0173,100.0%,,,,,,,,,,,,,,,,,,,,,,,,,,,,,,
636,Donovan Mitchell,3PM,2.5,OVER,Underdog and PrizePicks,Goblin,0.83x,59.5%,S,DO NOT BET,37.35,✅ HIT,4.0,OVER,59.1%,37.12,✅ HIT,OVER,58.7%,36.93,✅ HIT,OVER,60.4%,37.82,✅ HIT,OVER,59.8%,37.53,✅ HIT,-0.69,0.08,-1.07,0.1,-0.93,1.0,1.2,0.0063,100.0%,,,,,,,,,,,,,,,,,,,,,,,,,,,,,,
637,Immanuel Quickley,FGA,12.5,UNDER,PrizePicks,,,52.7%,D,DO NOT BET,37.35,NO GAME,,UNDER,53.4%,37.75,NO GAME,UNDER,53.5%,37.78,NO GAME,UNDER,51.7%,36.83,NO GAME,UNDER,52.1%,37.04,NO GAME,0.31,-0.3,-0.08,-0.7,1.42,1.2,1.6,0.0077,100.0%,,,,,,,,,,,,,,,,,,,,,,,,,,,,,,
638,James Harden,3PM,2.5,OVER,Underdog and PrizePicks,Goblin,0.82x,58.1%,S,DO NOT BET,37.34,✅ HIT,3.0,OVER,57.7%,37.14,✅ HIT,OVER,57.4%,36.95,✅ HIT,OVER,58.9%,37.78,✅ HIT,OVER,58.4%,37.5,✅ HIT,-0.3,-0.53,-0.71,-1.1,0.49,1.4,1.2,0.0058,100.0%,,,,,,,,,,,,,,,,,,,,,,,,,,,,,,
639,Aaron Gordon,RA,8.0,OVER,PrizePicks,,,54.6%,C,DO NOT BET,37.34,✅ HIT,9.0,OVER,54.7%,37.41,✅ HIT,OVER,54.4%,37.15,✅ HIT,OVER,55.0%,37.69,✅ HIT,OVER,54.4%,37.12,✅ HIT,-0.56,0.5,0.4,0.4,-0.85,0.8,0.4,0.0025,100.0%,7.5,-0.5,53.8%,46.2%,0.0054,,,,,,,,,,,,,,,,,,,,,8.5,0.5,55.0%,45.0%,-0.0026
640,Donovan Mitchell,FTA,6.5,UNDER,PrizePicks,,,59.2%,C,DO NOT BET,37.33,✅ HIT,0.0,UNDER,59.5%,37.51,✅ HIT,UNDER,59.7%,37.62,✅ HIT,UNDER,58.6%,37.01,✅ HIT,UNDER,58.9%,37.19,✅ HIT,-0.05,0.06,-1.52,0.3,-0.55,0.8,0.8,0.0044,100.0%,,,,,,,,,,,,,,,,,,,,,,,,,,,,,,
641,Shai Gilgeous-Alexander,3PA,4.5,UNDER,Underdog,,0.83x,53.4%,B,DO NOT BET,37.33,✅ HIT,4.0,UNDER,51.1%,36.04,✅ HIT,UNDER,51.6%,36.33,✅ HIT,UNDER,55.4%,38.39,✅ HIT,UNDER,55.6%,38.55,✅ HIT,-0.07,-0.84,1.38,-1.5,1.38,1.2,1.6,0.0209,100.0%,,,,,,,,,,,,,,,,,,,,,,,,,,,,,,
642,Jayson Tatum,TOV,2.5,UNDER,Underdog and PrizePicks,,,56.9%,A,DO NOT BET,37.32,❌ MISS,5.0,UNDER,54.8%,36.17,❌ MISS,UNDER,54.9%,36.25,❌ MISS,UNDER,58.9%,38.45,❌ MISS,UNDER,58.9%,38.43,❌ MISS,-0.54,-0.26,0.25,-0.3,-0.33,1.2,1.2,0.0202,100.0%,,,,,,,,,,,,,,,,,,,,,,,,,,,,,,
643,James Harden,RA,13.5,UNDER,Underdog and PrizePicks,,,56.4%,C,DO NOT BET,37.31,❌ MISS,16.0,UNDER,58.6%,38.54,❌ MISS,UNDER,57.5%,37.92,❌ MISS,UNDER,55.0%,36.57,❌ MISS,UNDER,54.4%,36.23,❌ MISS,-0.22,-0.2,0.05,-0.5,-0.05,1.2,1.2,0.0172,100.0%,,,,,,,,,,,,,,,,,,,,,,,,,,,,,,
644,Darius Garland,RA,9.5,UNDER,Underdog and PrizePicks,,,52.6%,C,DO NOT BET,37.29,❌ MISS,10.0,UNDER,52.0%,36.57,❌ MISS,UNDER,51.6%,36.08,❌ MISS,UNDER,53.7%,38.52,❌ MISS,UNDER,53.2%,37.97,❌ MISS,-0.08,0.27,-0.17,0.7,-0.89,1.0,0.8,0.0083,100.0%,,,,,,9.5,0.0,48.5%,51.5%,0.0075,,,,,,,,,,,9.5,0.0,48.9%,51.1%,0.0101,9.5,0.0,50.0%,50.0%,0.0171
645,Andrew Nembhard,PA,22.0,OVER,PrizePicks,,,60.3%,D,DO NOT BET,37.28,✅ HIT,33.0,OVER,62.9%,40.35,✅ HIT,OVER,63.4%,40.84,✅ HIT,OVER,57.2%,33.66,✅ HIT,OVER,57.8%,34.26,✅ HIT,-0.45,-0.43,0.51,-2.4,-0.08,1.6,1.6,0.0283,100.0%,22.5,0.5,51.1%,48.9%,0.0601,23.5,1.5,45.1%,54.9%,0.0992,,,,,,,,,,,23.5,1.5,44.7%,55.3%,0.1017,21.5,-0.5,54.1%,45.9%,0.0404
646,Alperen Sengun,FGA,14.5,OVER,Underdog and PrizePicks,,,59.3%,D,DO NOT BET,37.26,✅ HIT,22.0,OVER,58.9%,37.04,✅ HIT,OVER,56.7%,35.83,✅ HIT,OVER,61.9%,38.7,✅ HIT,OVER,59.7%,37.45,✅ HIT,-0.33,0.35,-1.0,1.3,-2.51,1.2,0.8,0.0186,100.0%,,,,,,,,,,,,,,,,,,,,,,,,,,,,,,
647,Andrew Nembhard,3PA,4.5,UNDER,Underdog,,0.84x,54.3%,B,DO NOT BET,37.23,❌ MISS,6.0,UNDER,53.7%,36.91,❌ MISS,UNDER,54.0%,37.08,❌ MISS,UNDER,54.6%,37.38,❌ MISS,UNDER,54.9%,37.56,❌ MISS,0.84,-1.74,-0.52,-1.3,1.93,1.2,2.0,0.0046,100.0%,,,,,,,,,,,,,,,,,,,,,,,,,,,,,,
648,Kevin Durant,STL,0.5,OVER,PrizePicks,Goblin,,59.7%,A,DO NOT BET,37.22,✅ HIT,2.0,OVER,59.5%,37.14,✅ HIT,OVER,59.0%,36.85,✅ HIT,OVER,60.4%,37.6,✅ HIT,OVER,59.8%,37.31,✅ HIT,-0.35,-0.31,-1.15,-0.3,-0.04,0.8,0.8,0.005,100.0%,,,,,,,,,,,,,,,,,,,,,,,,,,,,,,
649,Jamal Murray,FGM,8.5,OVER,PrizePicks,,,56.1%,C,DO NOT BET,37.22,✅ HIT,19.0,OVER,59.5%,39.06,✅ HIT,OVER,58.7%,38.63,✅ HIT,OVER,53.5%,35.78,✅ HIT,OVER,52.8%,35.39,✅ HIT,-0.07,0.61,-0.55,1.5,-1.66,1.0,0.8,0.0298,100.0%,,,,,,,,,,,,,,,,,,,,,,,,,,,,,,
650,RJ Barrett,AST,2.5,OVER,Underdog and PrizePicks,Goblin,0.79x,60.0%,C,DO NOT BET,37.21,✅ HIT,4.0,OVER,60.0%,37.25,✅ HIT,OVER,58.6%,36.47,✅ HIT,OVER,61.4%,38.01,✅ HIT,OVER,59.8%,37.11,✅ HIT,-0.52,-0.32,-0.62,-0.5,-0.3,0.8,0.8,0.0099,100.0%,,,,,,,,,,,,,,,,,,,,,,,,,,,,,,
651,Myles Turner,AST,0.5,OVER,PrizePicks,Goblin,,67.5%,C,STRONG BET,37.21,NO GAME,,OVER,67.0%,36.9,NO GAME,OVER,65.1%,35.84,NO GAME,OVER,70.2%,38.65,NO GAME,OVER,68.0%,37.43,NO GAME,-0.83,-0.26,-4.5,-0.3,-0.67,1.0,0.8,0.0184,100.0%,,,,,,,,,,,,,,,,,,,,,,,,,,,,,,
652,Deni Avdija,FGA,15.5,OVER,Underdog and PrizePicks,,,55.5%,D,DO NOT BET,37.2,❌ MISS,8.0,OVER,57.2%,38.14,❌ MISS,OVER,55.3%,37.09,❌ MISS,OVER,55.5%,37.18,❌ MISS,OVER,54.1%,36.41,❌ MISS,-0.15,-0.08,0.17,-0.3,-0.27,1.2,1.2,0.0112,100.0%,,,,,,,,,,,,,,,,,,,,,,,,,,,,,,
653,Julius Randle,RA,11.5,UNDER,Underdog,,0.85x,54.0%,C,DO NOT BET,37.18,❌ MISS,12.0,UNDER,55.6%,38.03,❌ MISS,UNDER,54.8%,37.59,❌ MISS,UNDER,53.1%,36.66,❌ MISS,UNDER,52.7%,36.45,❌ MISS,0.22,-0.46,-0.21,-0.9,1.33,1.4,1.2,0.0119,100.0%,,,,,,,,,,,,,,,,,,,,,,,,,,,,,,
654,Stephon Castle,TOV,2.5,OVER,Underdog and PrizePicks,,0.93x,59.0%,A,DO NOT BET,37.17,✅ HIT,5.0,OVER,63.8%,39.85,✅ HIT,OVER,63.1%,39.45,✅ HIT,OVER,54.7%,34.83,✅ HIT,OVER,54.2%,34.56,✅ HIT,-0.32,-0.25,-0.6,-0.5,-0.13,0.8,1.2,0.0452,100.0%,,,,,,,,,,,,,,,,,,,,,,,,,,,,,,
655,Luka Dončić,FGM,11.5,UNDER,PrizePicks,,,57.5%,C,DO NOT BET,37.17,❌ MISS,15.0,UNDER,60.9%,39.05,❌ MISS,UNDER,61.1%,39.15,❌ MISS,UNDER,53.8%,35.11,❌ MISS,UNDER,54.2%,35.37,❌ MISS,-0.29,0.76,-0.06,1.9,-2.62,0.8,0.4,0.0352,100.0%,,,,,,,,,,,,,,,,,,,,,,,,,,,,,,
656,Donte DiVincenzo,PTS,11.5,UNDER,PrizePicks,,,53.4%,D,DO NOT BET,37.17,❌ MISS,17.0,UNDER,54.9%,38.03,❌ MISS,UNDER,55.2%,38.15,❌ MISS,UNDER,51.4%,36.11,❌ MISS,UNDER,51.9%,36.38,❌ MISS,0.13,-0.42,-0.05,-2.3,3.02,1.4,1.2,0.0169,100.0%,,,,,,,,,,,,,,,,,,,,,,,,,,,,,,
657,Jalen Johnson,3PM,1.5,OVER,Underdog and PrizePicks,,,55.7%,S,DO NOT BET,37.16,✅ HIT,2.0,OVER,54.4%,36.44,✅ HIT,OVER,54.0%,36.27,✅ HIT,OVER,57.4%,38.09,✅ HIT,OVER,56.9%,37.83,✅ HIT,-0.15,-1.12,-0.32,-0.9,0.78,1.4,2.0,0.0147,100.0%,,,,,,,,,,,,,,,,,,,,,,,,,,,,,,
658,Jalen Duren,FTM,4.5,UNDER,Underdog,,,55.4%,B,DO NOT BET,37.16,❌ MISS,8.0,UNDER,52.7%,35.7,❌ MISS,UNDER,53.6%,36.23,❌ MISS,UNDER,57.3%,38.24,❌ MISS,UNDER,57.8%,38.5,❌ MISS,-0.04,1.24,-0.37,2.9,-2.99,0.8,0.4,0.0222,100.0%,,,,,,,,,,,,,,,,,,,,,,,,,,,,,,
659,Evan Mobley,SB,2.5,UNDER,Underdog,,0.88x,56.9%,A,DO NOT BET,37.16,✅ HIT,0.0,UNDER,54.5%,35.81,✅ HIT,UNDER,54.8%,35.99,✅ HIT,UNDER,59.2%,38.41,✅ HIT,UNDER,59.2%,38.45,✅ HIT,0.12,-0.08,-0.9,-0.1,0.25,1.0,0.8,0.023,100.0%,,,,,,,,,,,,,,,,,,,,,,,,,,,,,,
660,RJ Barrett,PR,26.5,UNDER,Underdog and PrizePicks,,,61.8%,D,DO NOT BET,37.15,✅ HIT,18.0,UNDER,62.1%,37.29,✅ HIT,UNDER,61.7%,37.09,✅ HIT,UNDER,61.8%,37.14,✅ HIT,UNDER,61.7%,37.07,✅ HIT,-0.37,-0.16,-0.57,-0.9,-1.24,0.6,0.8,0.0015,100.0%,,,,,,,,,,,,,,,,,,,,,,,,,,,,,,
661,Quentin Grimes,3PM,1.5,OVER,Underdog and PrizePicks,Goblin,0.80x,51.8%,S,DO NOT BET,37.15,❌ MISS,1.0,OVER,53.5%,38.97,❌ MISS,OVER,53.2%,38.64,❌ MISS,OVER,50.5%,35.69,❌ MISS,OVER,50.1%,35.31,❌ MISS,-0.32,0.12,0.58,0.1,-0.35,0.6,0.4,0.0157,100.0%,1.5,0.0,61.1%,38.9%,-0.06,1.5,0.0,60.1%,39.9%,-0.0537,1.5,0.0,61.8%,38.2%,-0.0649,1.5,0.0,60.0%,40.1%,-0.0527,2.5,1.0,54.2%,45.8%,-0.0155,2.5,1.0,61.3%,38.7%,-0.0615
662,Evan Mobley,FTM,2.5,UNDER,Underdog,,1.07x,53.6%,B,DO NOT BET,37.12,✅ HIT,2.0,UNDER,52.0%,36.29,✅ HIT,UNDER,53.1%,36.86,✅ HIT,UNDER,54.1%,37.44,✅ HIT,UNDER,55.0%,37.91,✅ HIT,0.59,-0.2,-0.3,-0.1,0.39,1.2,1.2,0.0111,100.0%,,,,,,,,,,,,,,,,,,,,,,,,,,,,,,
663,Rudy Gobert,FTM,1.5,OVER,PrizePicks,Goblin,,57.5%,B,DO NOT BET,37.11,❌ MISS,0.0,OVER,60.4%,38.67,❌ MISS,OVER,58.0%,37.37,❌ MISS,OVER,57.0%,36.79,❌ MISS,OVER,54.8%,35.6,❌ MISS,-0.47,-0.48,-0.3,-0.7,0.01,1.4,1.2,0.0201,100.0%,,,,,,,,,,,,,,,,,,,,,,,,,,,,,,
664,Cooper Flagg,BLK,0.5,OVER,PrizePicks,Goblin,,55.9%,S,BET WITH CAUTION,37.1,✅ HIT,1.0,OVER,54.8%,35.77,✅ HIT,OVER,53.9%,34.68,✅ HIT,OVER,57.9%,39.57,✅ HIT,OVER,57.0%,38.41,✅ HIT,-0.33,-0.98,-4.5,-1.3,0.87,1.2,1.6,0.0164,100.0%,,,,,,,,,,,,,,,,,,,,,,,,,,0.5,0.0,61.5%,38.5%,-0.0368
665,Alex Caruso,PRA,8.5,OVER,PrizePicks,,,62.8%,D,DO NOT BET,37.09,✅ HIT,15.0,OVER,61.4%,36.31,✅ HIT,OVER,61.2%,36.24,✅ HIT,OVER,64.1%,37.83,✅ HIT,OVER,64.4%,37.97,✅ HIT,-0.47,-0.34,-1.5,-1.9,-0.68,1.4,1.2,0.0148,100.0%,,,,,,,,,,,,,,,,,,,,,,,,,,,,,,
666,Chet Holmgren,RA,9.5,OVER,PrizePicks,,,56.5%,C,DO NOT BET,37.09,❌ MISS,5.0,OVER,56.2%,36.96,❌ MISS,OVER,55.7%,36.69,❌ MISS,OVER,57.4%,37.61,❌ MISS,OVER,56.5%,37.12,❌ MISS,-0.32,-0.14,-0.44,-0.5,-0.69,1.6,1.6,0.0061,100.0%,,,,,,,,,,,,,,,,,,,,,,,,,,,,,,
667,Darius Garland,AST,7.0,UNDER,PrizePicks,,,57.8%,C,DO NOT BET,37.08,✅ HIT,6.0,UNDER,57.8%,37.06,✅ HIT,UNDER,57.6%,36.82,✅ HIT,UNDER,57.8%,37.29,✅ HIT,UNDER,57.7%,37.16,✅ HIT,-0.04,0.48,0.19,1.0,-1.08,1.4,1.2,0.0009,100.0%,6.5,-0.5,54.5%,45.5%,0.0794,6.5,-0.5,55.4%,44.6%,0.0852,6.5,-0.5,54.1%,45.9%,0.0769,6.5,-0.5,55.2%,44.8%,0.0843,7.5,0.5,41.2%,58.8%,-0.0067,7.5,0.5,42.9%,57.1%,0.0044
668,Jalen Duren,STL,0.5,OVER,PrizePicks,Goblin,,58.2%,A,DO NOT BET,37.08,❌ MISS,0.0,OVER,58.9%,37.5,❌ MISS,OVER,58.4%,37.21,❌ MISS,OVER,57.9%,36.93,❌ MISS,OVER,57.4%,36.66,❌ MISS,-0.46,-0.12,-0.71,-0.1,-0.27,1.0,0.8,0.0057,100.0%,,,,,,,,,,,,,,,,,,,,,,,,,,,,,,
669,Kawhi Leonard,FGA,18.5,OVER,Underdog and PrizePicks,,,54.1%,D,DO NOT BET,37.07,✅ HIT,19.0,OVER,53.6%,36.8,✅ HIT,OVER,52.3%,36.09,✅ HIT,OVER,56.0%,38.1,✅ HIT,OVER,54.5%,37.29,✅ HIT,-0.24,-0.22,1.5,-0.9,-0.08,1.2,1.2,0.0133,100.0%,,,,,,,,,,,,,,,,,,,,,,,,,,,,,,
670,Derrick White,3PA,7.5,OVER,Underdog and PrizePicks,Goblin,0.83x,62.8%,B,BET,37.06,❌ MISS,7.0,OVER,64.6%,38.02,❌ MISS,OVER,62.8%,37.07,❌ MISS,OVER,62.7%,36.97,❌ MISS,OVER,61.2%,36.18,❌ MISS,-0.47,-0.12,-3.0,-0.3,-0.88,1.2,1.2,0.0119,100.0%,,,,,,,,,,,,,,,,,,,,,,,,,,,,,,
671,Jayson Tatum,PTS,20.5,UNDER,Underdog,,0.89x,59.1%,D,DO NOT BET,37.05,✅ HIT,19.0,UNDER,59.8%,38.14,✅ HIT,UNDER,59.9%,38.13,✅ HIT,UNDER,58.2%,35.87,✅ HIT,UNDER,58.5%,36.09,✅ HIT,-0.36,-0.44,1.29,-1.7,0.32,1.0,1.2,0.0075,100.0%,19.5,-1.0,51.6%,48.4%,0.0696,,,,,,,,,,,,,,,,,,,,,,,,,
672,Jaden McDaniels,PRA,23.5,UNDER,Underdog,,0.89x,58.8%,D,DO NOT BET,37.05,❌ MISS,27.0,UNDER,59.7%,37.52,❌ MISS,UNDER,59.3%,37.32,❌ MISS,UNDER,58.3%,36.77,❌ MISS,UNDER,58.0%,36.59,❌ MISS,-0.2,-0.26,-0.18,-2.3,0.5,1.4,0.8,0.007,100.0%,,,,,,,,,,,,,,,,,,,,,,,,,,,,,,
673,Andrew Nembhard,FGA,11.5,OVER,PrizePicks,,,58.1%,D,DO NOT BET,37.05,❌ MISS,9.0,OVER,60.6%,38.39,❌ MISS,OVER,58.1%,37.04,❌ MISS,OVER,57.8%,36.85,❌ MISS,OVER,56.0%,35.9,❌ MISS,-0.71,0.27,0.49,0.7,-2.51,1.2,0.8,0.0162,100.0%,,,,,,,,,,,,,,,,,,,,,,,,,,,,,,
674,Victor Wembanyama,FGA,18.5,UNDER,Underdog,,0.88x,57.4%,D,DO NOT BET,37.04,✅ HIT,15.0,UNDER,62.1%,39.62,✅ HIT,UNDER,60.7%,38.83,✅ HIT,UNDER,53.4%,34.81,✅ HIT,UNDER,53.5%,34.89,✅ HIT,-0.71,0.11,2.0,0.3,-2.24,0.6,0.8,0.0401,100.0%,,,,,,,,,,,,,,,,,,,,,,,,,,,,,,
675,Tyler Herro,FTA,3.5,UNDER,PrizePicks,,,56.6%,C,DO NOT BET,37.02,✅ HIT,2.0,UNDER,54.1%,35.63,✅ HIT,UNDER,55.0%,36.11,✅ HIT,UNDER,58.6%,38.09,✅ HIT,UNDER,58.9%,38.26,✅ HIT,0.02,-0.03,-1.15,-0.1,0.16,1.0,1.2,0.0212,100.0%,,,,,,,,,,,,,,,,,,,,,,,,,,,,,,
676,James Harden,PRA,36.5,UNDER,Underdog,,,52.3%,D,DO NOT BET,37.0,✅ HIT,34.0,UNDER,54.2%,38.03,✅ HIT,UNDER,54.0%,37.89,✅ HIT,UNDER,50.8%,36.13,✅ HIT,UNDER,50.4%,35.95,✅ HIT,0.07,0.1,-0.02,0.9,-0.27,1.4,1.2,0.0175,100.0%,,,,,,,,,,,,,,,,,,,,,,,,,,,,,,
677,Andrew Nembhard,TOV,2.5,UNDER,Underdog,,0.81x,57.3%,A,DO NOT BET,37.0,✅ HIT,2.0,UNDER,50.9%,33.48,✅ HIT,UNDER,51.2%,33.63,✅ HIT,UNDER,63.7%,40.51,✅ HIT,UNDER,63.5%,40.39,✅ HIT,-0.07,-0.88,-0.66,-0.9,0.83,1.2,1.6,0.0627,100.0%,,,,,,,,,,,,,,,,,,,,,,,,,,,,,,
678,Klay Thompson,PR,13.5,UNDER,PrizePicks,,,52.6%,D,DO NOT BET,37.0,✅ HIT,8.0,UNDER,54.7%,38.21,✅ HIT,UNDER,54.6%,38.13,✅ HIT,UNDER,50.5%,35.88,✅ HIT,UNDER,50.4%,35.8,✅ HIT,0.12,0.32,0.49,1.5,-0.92,1.0,0.8,0.0212,100.0%,,,,,,,,,,,,,,,,,,,,,,,,,,,,,,
679,Bam Adebayo,FTA,6.5,UNDER,PrizePicks,,,59.2%,C,DO NOT BET,36.99,✅ HIT,5.0,UNDER,63.6%,39.4,✅ HIT,UNDER,63.3%,39.23,✅ HIT,UNDER,54.5%,34.42,✅ HIT,UNDER,55.5%,34.92,✅ HIT,-0.31,1.24,-1.57,2.9,-3.62,0.8,0.4,0.0424,100.0%,,,,,,,,,,,,,,,,,,,,,,,,,,,,,,
680,Jalen Duren,PTS,22.5,UNDER,Underdog and PrizePicks,,,63.4%,D,DO NOT BET,36.99,❌ MISS,26.0,UNDER,63.5%,37.03,❌ MISS,UNDER,63.4%,36.97,❌ MISS,UNDER,63.4%,36.97,❌ MISS,UNDER,63.4%,36.97,❌ MISS,-0.56,0.35,-0.97,2.1,-5.4,0.8,0.8,0.0005,100.0%,,,,,,,,,,,,,,,,,,,,,,,,,,,,,,
681,Deandre Ayton,PA,12.5,UNDER,PrizePicks,,,51.1%,D,DO NOT BET,36.97,NO GAME,,UNDER,50.8%,36.71,NO GAME,UNDER,50.5%,36.27,NO GAME,UNDER,51.7%,37.74,NO GAME,UNDER,51.2%,37.16,NO GAME,0.17,-0.39,0.19,-1.7,2.45,1.2,1.2,0.0045,100.0%,,,,,,,,,,,,,,,,,,,,,,,,,,12.5,0.0,48.9%,51.1%,-0.0
682,Donovan Mitchell,3PA,7.5,OVER,Underdog,,0.85x,60.5%,B,BET WITH CAUTION,36.96,✅ HIT,9.0,OVER,59.1%,36.19,✅ HIT,OVER,57.8%,35.45,✅ HIT,OVER,63.3%,38.51,✅ HIT,OVER,61.8%,37.7,✅ HIT,-0.62,0.27,-0.91,0.7,-2.33,1.0,0.8,0.0219,100.0%,,,,,,,,,,,,,,,,,,,,,,,,,,,,,,
683,Joel Embiid,PR,29.5,OVER,Underdog and PrizePicks,,,74.0%,D,STRONG BET,36.93,✅ HIT,41.0,OVER,74.1%,37.04,✅ HIT,OVER,73.4%,36.18,✅ HIT,OVER,74.3%,37.19,✅ HIT,OVER,74.4%,37.31,✅ HIT,-0.92,-1.4,-0.59,-7.1,2.45,1.8,1.6,0.0037,100.0%,29.5,0.0,49.5%,50.5%,0.1598,29.5,0.0,49.2%,50.8%,0.1615,,,,,,,,,,,29.5,0.0,48.9%,51.1%,0.1632,29.5,0.0,49.7%,50.3%,0.158
684,Dyson Daniels,PTS,11.5,OVER,Underdog and PrizePicks,,,55.4%,D,DO NOT BET,36.92,✅ HIT,16.0,OVER,57.3%,37.98,✅ HIT,OVER,56.6%,37.61,✅ HIT,OVER,54.1%,36.24,✅ HIT,OVER,53.4%,35.85,✅ HIT,-0.03,-0.47,-0.82,-3.9,3.65,1.6,1.6,0.0163,100.0%,,,,,,,,,,,,,,,,,,,,,,,,,,,,,,
685,James Harden,3PA,7.5,OVER,Underdog,,0.89x,56.9%,B,DO NOT BET,36.91,✅ HIT,9.0,OVER,55.9%,36.37,✅ HIT,OVER,54.8%,35.76,✅ HIT,OVER,59.1%,38.1,✅ HIT,OVER,57.8%,37.42,✅ HIT,-0.25,0.03,-0.2,0.1,-0.91,1.2,0.8,0.0165,100.0%,,,,,,,,,,,,,,,,,,,,,,,,,,,,,,
686,Jonathan Kuminga,TOV,1.5,UNDER,PrizePicks,,,53.0%,A,DO NOT BET,36.89,❌ MISS,2.0,UNDER,52.4%,36.56,❌ MISS,UNDER,52.6%,36.68,❌ MISS,UNDER,53.4%,37.11,❌ MISS,UNDER,53.6%,37.21,❌ MISS,0.85,-0.12,-0.0,-0.1,0.78,0.6,0.8,0.005,100.0%,,,,,,,,,,,,,,,,,,,,,,,,,,,,,,
687,Austin Reaves,FGA,15.5,OVER,Underdog and PrizePicks,Goblin,0.86x,54.3%,D,DO NOT BET,36.89,✅ HIT,16.0,OVER,56.2%,37.96,✅ HIT,OVER,54.5%,37.0,✅ HIT,OVER,53.8%,36.63,✅ HIT,OVER,52.6%,35.98,✅ HIT,0.09,0.18,-0.45,0.7,-0.35,1.2,0.8,0.013,100.0%,,,,,,,,,,,,,,,,,,,,,,,,,,,,,,
688,Kawhi Leonard,3PA,6.5,UNDER,Underdog,,0.87x,54.3%,B,DO NOT BET,36.88,✅ HIT,6.0,UNDER,54.7%,37.1,✅ HIT,UNDER,54.9%,37.23,✅ HIT,UNDER,53.6%,36.48,✅ HIT,UNDER,54.0%,36.7,✅ HIT,0.24,0.52,-1.5,0.9,-0.49,1.2,1.2,0.0054,100.0%,,,,,,,,,,,,,,,,,,,,,,,,,,,,,,
689,Darius Garland,FGA,14.5,OVER,Underdog,,0.88x,55.8%,D,DO NOT BET,36.88,✅ HIT,16.0,OVER,57.5%,37.79,✅ HIT,OVER,55.5%,36.71,✅ HIT,OVER,55.9%,36.92,✅ HIT,OVER,54.4%,36.11,✅ HIT,-0.03,-0.36,-0.33,-2.3,2.11,1.0,1.2,0.0109,100.0%,,,,,,,,,,,,,,,,,,,,,,,,,,,,,,
690,Tyler Herro,RA,9.0,UNDER,PrizePicks,,,56.2%,C,DO NOT BET,36.88,✅ HIT,6.0,UNDER,56.8%,37.23,✅ HIT,UNDER,55.9%,36.72,✅ HIT,UNDER,56.4%,37.0,✅ HIT,UNDER,55.6%,36.56,✅ HIT,-0.11,0.81,-0.84,1.8,-2.04,1.0,0.4,0.0047,100.0%,,,,,,,,,,,,,,,,,,,,,,,,,,,,,,
691,RJ Barrett,STL,0.5,OVER,PrizePicks,Goblin,,60.0%,A,BET WITH CAUTION,36.86,✅ HIT,1.0,OVER,62.6%,38.28,✅ HIT,OVER,62.0%,37.96,✅ HIT,OVER,58.0%,35.74,✅ HIT,OVER,57.5%,35.47,✅ HIT,-0.61,0.75,-2.0,0.3,-0.54,0.8,0.4,0.023,100.0%,,,,,,,,,,,,,,,,,,,,,,,,,,,,,,
692,RJ Barrett,PTS,20.5,UNDER,Underdog and PrizePicks,,,59.2%,D,DO NOT BET,36.84,✅ HIT,12.0,UNDER,59.7%,37.1,✅ HIT,UNDER,59.7%,37.12,✅ HIT,UNDER,58.6%,36.52,✅ HIT,UNDER,58.8%,36.63,✅ HIT,-0.26,0.2,-0.57,1.1,-2.54,0.6,0.8,0.0049,100.0%,,,,,,,,,,,,,,,,,,,,,,,,,,,,,,
693,Austin Reaves,3PA,6.5,UNDER,Underdog,,0.94x,55.0%,B,DO NOT BET,36.84,❌ MISS,7.0,UNDER,55.9%,37.33,❌ MISS,UNDER,56.0%,37.4,❌ MISS,UNDER,53.8%,36.2,❌ MISS,UNDER,54.2%,36.42,❌ MISS,-0.01,-0.05,0.17,-0.1,0.08,0.8,0.8,0.0097,100.0%,,,,,,,,,,,,,,,,,,,,,,,,,,,,,,
694,RJ Barrett,FGM,7.5,UNDER,PrizePicks,,,56.1%,C,DO NOT BET,36.8,✅ HIT,5.0,UNDER,56.4%,36.96,✅ HIT,UNDER,56.7%,37.14,✅ HIT,UNDER,55.5%,36.44,✅ HIT,UNDER,55.9%,36.67,✅ HIT,-0.22,0.3,-0.0,0.7,-1.2,0.6,0.8,0.0049,100.0%,,,,,,,,,,,,,,,,,,,,,,,,,,,,,,
695,Jalen Williams,STL,0.5,OVER,PrizePicks,Goblin,,61.5%,A,BET WITH CAUTION,36.79,❌ MISS,0.0,OVER,63.5%,37.86,❌ MISS,OVER,62.9%,37.53,❌ MISS,OVER,60.1%,36.02,❌ MISS,OVER,59.6%,35.74,❌ MISS,-1.81,0.75,-1.5,0.3,-1.02,1.0,0.4,0.0168,100.0%,,,,,,,,,,,,,,,,,,,,,,,,,,,,,,
696,Kevin Durant,REB,5.5,UNDER,Underdog,,0.83x,54.9%,B,DO NOT BET,36.79,✅ HIT,3.0,UNDER,56.2%,37.53,✅ HIT,UNDER,55.1%,36.92,✅ HIT,UNDER,54.6%,36.61,✅ HIT,UNDER,53.6%,36.1,✅ HIT,-0.03,-0.44,-0.0,-0.7,0.66,1.0,1.2,0.0094,100.0%,,,,,,,,,,,,,,,,,,,,,,,,,,,,,,
697,Scottie Barnes,FGM,6.5,OVER,PrizePicks,,,57.9%,C,DO NOT BET,36.77,❌ MISS,4.0,OVER,60.9%,38.41,❌ MISS,OVER,60.1%,37.96,❌ MISS,OVER,55.7%,35.56,❌ MISS,OVER,55.0%,35.13,❌ MISS,-0.66,-0.26,-0.33,-0.3,-0.48,1.0,1.2,0.0261,100.0%,,,,,,,,,,,,,,,,,,,,,,,,,,,,,,
698,Jaden McDaniels,TOV,1.5,OVER,PrizePicks,Goblin,,55.8%,A,DO NOT BET,36.77,❌ MISS,1.0,OVER,56.5%,37.17,❌ MISS,OVER,56.0%,36.89,❌ MISS,OVER,55.6%,36.66,❌ MISS,OVER,55.1%,36.37,❌ MISS,-0.44,0.4,-0.71,0.3,-0.63,1.4,0.8,0.0054,100.0%,,,,,,,,,,,,,,,,,,,,,,,,,,,,,,
699,Kawhi Leonard,FTA,6.5,OVER,PrizePicks,,,55.3%,C,DO NOT BET,36.76,✅ HIT,8.0,OVER,51.1%,34.45,✅ HIT,UNDER,50.4%,31.86,❌ MISS,OVER,61.9%,40.37,✅ HIT,OVER,58.7%,38.6,✅ HIT,-0.06,-0.16,1.5,-0.5,0.3,1.2,0.8,0.0512,75.0%,,,,,,,,,,,,,,,,,,,,,,,,,,,,,,
700,Isaiah Hartenstein,FGA,4.5,OVER,PrizePicks,Goblin,,61.9%,D,DO NOT BET,36.74,✅ HIT,6.0,OVER,63.5%,37.66,✅ HIT,OVER,60.6%,36.05,✅ HIT,OVER,62.9%,37.28,✅ HIT,OVER,60.5%,35.97,✅ HIT,-0.75,0.25,-1.75,0.7,-2.8,1.4,0.8,0.0135,100.0%,,,,,,,,,,,,,,,,,,,,,,,,,,,,,,
701,Tyler Herro,AST,4.0,UNDER,PrizePicks,,,56.5%,C,DO NOT BET,36.73,❌ MISS,4.0,UNDER,57.9%,37.45,❌ MISS,UNDER,57.6%,37.33,❌ MISS,UNDER,55.2%,36.02,❌ MISS,UNDER,55.4%,36.1,❌ MISS,-0.17,0.17,-0.85,0.2,-0.4,1.0,0.8,0.0122,100.0%,,,,,,,,,,,,,,,,,,,,,,,,,,,,,,
702,Jaden McDaniels,PR,19.5,UNDER,Underdog and PrizePicks,,,55.3%,D,DO NOT BET,36.73,❌ MISS,27.0,UNDER,55.5%,36.82,❌ MISS,UNDER,55.3%,36.74,❌ MISS,UNDER,55.3%,36.71,❌ MISS,UNDER,55.1%,36.64,❌ MISS,-0.07,-0.14,-0.07,-1.1,0.51,1.4,0.8,0.0012,100.0%,,,,,,,,,,,,,,,,,,,,,,,,,,,,,,
703,Josh Giddey,PTS,18.5,UNDER,Underdog,,0.88x,53.4%,D,DO NOT BET,36.73,❌ MISS,23.0,UNDER,51.1%,33.98,❌ MISS,UNDER,51.4%,34.41,❌ MISS,UNDER,55.4%,39.06,❌ MISS,UNDER,55.7%,39.44,❌ MISS,-0.23,-1.1,0.06,-4.7,3.71,1.2,1.6,0.0214,100.0%,18.5,0.0,46.3%,53.7%,-0.0022,18.5,0.0,48.0%,52.0%,0.0091,17.5,-1.0,53.9%,46.1%,0.0477,18.5,0.0,48.1%,51.9%,0.0099,21.5,3.0,36.1%,63.9%,-0.0681,18.5,0.0,48.9%,51.1%,0.015
704,Jalen Johnson,PTS,21.5,UNDER,Underdog and PrizePicks,,,51.0%,D,DO NOT BET,36.71,❌ MISS,27.0,UNDER,50.4%,36.41,❌ MISS,UNDER,50.8%,36.62,❌ MISS,UNDER,51.1%,36.77,❌ MISS,UNDER,51.6%,37.05,❌ MISS,0.33,-0.45,0.21,-1.7,2.93,1.2,1.2,0.0042,100.0%,,,,,,,,,,,,,,,,,,,,,,,,,,,,,,
705,Jaime Jaquez Jr.,REB,3.5,OVER,Underdog,,0.88x,59.0%,B,DO NOT BET,36.7,❌ MISS,2.0,OVER,58.9%,36.67,❌ MISS,OVER,59.4%,36.93,❌ MISS,OVER,58.6%,36.51,❌ MISS,OVER,59.0%,36.68,❌ MISS,-0.89,0.28,-0.31,0.5,-2.09,1.0,0.8,0.0027,100.0%,,,,,,,,,,,,,,,,,,,,,,,,,,,,,,
706,Jaylen Brown,PR,31.5,OVER,Underdog and PrizePicks,,,54.9%,D,DO NOT BET,36.69,✅ HIT,39.0,OVER,53.3%,34.71,✅ HIT,OVER,53.1%,34.53,✅ HIT,OVER,56.6%,38.69,✅ HIT,OVER,56.7%,38.84,✅ HIT,-0.45,-0.46,0.35,-4.1,0.05,1.2,1.6,0.0173,100.0%,31.5,0.0,52.4%,47.6%,0.0164,,,,,,,,,,,,,,,,,,,,,,,,,
707,Kevin Durant,TOV,2.5,OVER,Underdog and PrizePicks,Goblin,0.80x,56.5%,A,DO NOT BET,36.68,✅ HIT,6.0,OVER,53.7%,35.16,✅ HIT,OVER,53.3%,34.92,✅ HIT,OVER,59.8%,38.51,✅ HIT,OVER,59.1%,38.14,✅ HIT,-0.31,-0.49,-0.39,-1.1,0.41,1.2,1.6,0.03,100.0%,,,,,,,,,,,,,,,,,,,,,,,,,,,,,,
708,Derrick White,REB,4.5,UNDER,Underdog,,0.81x,50.9%,B,DO NOT BET,36.67,✅ HIT,2.0,UNDER,51.4%,37.26,✅ HIT,UNDER,50.5%,36.15,✅ HIT,UNDER,51.3%,37.11,✅ HIT,UNDER,50.5%,36.17,✅ HIT,0.02,1.12,0.37,0.9,-0.89,0.8,0.4,0.0043,100.0%,4.5,0.0,46.3%,53.7%,-0.0182,,,,,,,,,,,,,,,,,,,,,,,,,
709,Naz Reid,STL,0.5,OVER,PrizePicks,Goblin,,58.1%,A,DO NOT BET,36.66,✅ HIT,2.0,OVER,58.9%,37.08,✅ HIT,OVER,58.4%,36.79,✅ HIT,OVER,57.9%,36.52,✅ HIT,OVER,57.4%,36.25,✅ HIT,-0.57,-0.12,-0.71,-0.1,-0.36,0.8,0.8,0.0056,100.0%,,,,,,,,,,,,,,,,,,,,,,,,,,,,,,
710,Austin Reaves,FGM,7.5,OVER,PrizePicks,Goblin,,54.8%,C,DO NOT BET,36.65,❌ MISS,7.0,OVER,54.1%,36.3,❌ MISS,OVER,53.5%,35.94,❌ MISS,OVER,56.1%,37.39,❌ MISS,OVER,55.3%,36.96,❌ MISS,0.01,0.61,-0.4,1.3,-1.28,1.0,0.4,0.0102,100.0%,,,,,,,,,,,,,,,,,,,,,,,,,,,,,,
711,Jrue Holiday,RA,10.5,UNDER,Underdog and PrizePicks,,,53.9%,C,DO NOT BET,36.65,❌ MISS,13.0,UNDER,53.2%,35.69,❌ MISS,UNDER,52.7%,35.12,❌ MISS,UNDER,55.3%,38.25,❌ MISS,UNDER,54.6%,37.54,❌ MISS,0.08,0.24,-0.85,0.7,-0.47,0.8,0.4,0.0105,100.0%,10.5,0.0,50.5%,49.5%,0.029,10.5,0.0,49.5%,50.5%,0.0221,,,,,,,,,,,11.5,1.0,35.1%,64.9%,-0.0714,10.5,0.0,48.0%,52.0%,0.0126
712,Immanuel Quickley,FTA,2.5,UNDER,PrizePicks,,,54.7%,C,DO NOT BET,36.63,NO GAME,,UNDER,58.5%,38.71,NO GAME,UNDER,58.8%,38.89,NO GAME,OVER,50.0%,31.67,NO GAME,UNDER,51.6%,34.91,NO GAME,0.37,-0.81,0.25,-1.3,1.89,1.2,1.6,0.0398,75.0%,,,,,,,,,,,,,,,,,,,,,,,,,,,,,,
713,Evan Mobley,REB,9.5,UNDER,Underdog and PrizePicks,,0.87x,56.6%,B,DO NOT BET,36.62,✅ HIT,5.0,UNDER,57.8%,37.28,✅ HIT,UNDER,56.7%,36.63,✅ HIT,UNDER,56.5%,36.56,✅ HIT,UNDER,55.5%,36.0,✅ HIT,-0.21,0.7,-1.37,1.9,-2.47,1.2,0.8,0.0082,100.0%,,,,,,,,,,,,,,,,,,,,,,,,,,,,,,
714,Joel Embiid,PRA,33.5,OVER,Underdog and PrizePicks,,,73.5%,D,STRONG BET,36.61,✅ HIT,48.0,OVER,73.7%,36.97,✅ HIT,OVER,73.3%,36.52,✅ HIT,OVER,73.3%,36.35,✅ HIT,OVER,73.5%,36.58,✅ HIT,-0.79,-1.29,-0.37,-7.5,2.91,1.8,1.6,0.0016,100.0%,33.5,0.0,50.0%,50.0%,0.1524,33.5,0.0,48.9%,51.1%,0.1594,31.5,-2.0,56.8%,43.2%,0.1083,33.5,0.0,49.7%,50.3%,0.1541,34.5,1.0,46.4%,53.6%,0.1755,33.5,0.0,50.0%,50.0%,0.1524
715,Jalen Johnson,3PA,4.5,OVER,Underdog and PrizePicks,,,61.1%,B,BET WITH CAUTION,36.6,✅ HIT,6.0,OVER,61.1%,36.61,✅ HIT,OVER,59.6%,35.79,✅ HIT,OVER,62.5%,37.39,✅ HIT,OVER,61.1%,36.6,✅ HIT,-0.18,-2.27,-2.5,-1.7,1.57,1.2,2.0,0.0103,100.0%,,,,,,,,,,,,,,,,,,,,,,,,,,,,,,
716,Bennedict Mathurin,RA,7.0,UNDER,PrizePicks,,,52.4%,C,DO NOT BET,36.59,❌ MISS,10.0,UNDER,51.3%,36.03,❌ MISS,UNDER,51.0%,35.84,❌ MISS,UNDER,53.8%,37.39,❌ MISS,UNDER,53.3%,37.12,❌ MISS,0.79,-0.0,-1.15,-0.0,0.86,1.2,1.2,0.0122,100.0%,,,,,,,,,,,,,,,,,,,,,,,,,,,,,,
717,Ace Bailey,BLK,0.5,OVER,PrizePicks,Goblin,,52.0%,S,DO NOT BET,36.59,✅ HIT,2.0,OVER,53.4%,38.28,✅ HIT,OVER,52.6%,37.23,✅ HIT,OVER,51.5%,35.92,✅ HIT,OVER,50.6%,34.92,✅ HIT,-0.08,-0.97,-1.5,-1.5,1.38,1.2,2.0,0.0106,100.0%,0.5,0.0,63.2%,36.8%,-0.0726,,,,,,,,,,,,,,,,,,,,,0.5,0.0,61.5%,38.5%,-0.0619
718,Dyson Daniels,FTA,1.5,OVER,PrizePicks,Goblin,,55.7%,C,DO NOT BET,36.54,❌ MISS,0.0,OVER,59.1%,38.37,❌ MISS,OVER,56.6%,37.03,❌ MISS,OVER,54.8%,36.01,❌ MISS,OVER,52.5%,34.76,❌ MISS,-0.06,-0.3,-0.4,-0.5,0.4,0.8,1.2,0.0241,100.0%,,,,,,,,,,,,,,,,,,,,,,,,,,,,,,
719,Ausar Thompson,PA,13.0,UNDER,PrizePicks,,,55.2%,D,DO NOT BET,36.54,❌ MISS,23.0,UNDER,54.1%,35.92,❌ MISS,UNDER,53.8%,35.73,❌ MISS,UNDER,56.8%,37.38,❌ MISS,UNDER,56.3%,37.13,❌ MISS,-0.06,-1.38,-0.53,-3.2,3.05,1.4,2.0,0.0132,100.0%,,,,,,,,,,,,,,,,,,,,,,,,,,,,,,
720,Dyson Daniels,RA,10.5,OVER,Underdog and PrizePicks,Goblin,0.85x,60.3%,C,DO NOT BET,36.53,✅ HIT,17.0,OVER,57.5%,34.99,✅ HIT,OVER,56.9%,34.63,✅ HIT,OVER,64.3%,38.71,✅ HIT,OVER,62.6%,37.78,✅ HIT,-0.55,0.08,-0.99,0.3,-2.36,1.4,0.8,0.0319,100.0%,,,,,,,,,,,,,,,,,,,,,,,,,,,,,,
721,Klay Thompson,STL,0.5,UNDER,PrizePicks,,,54.3%,A,DO NOT BET,36.53,✅ HIT,0.0,UNDER,56.3%,37.63,✅ HIT,UNDER,56.6%,37.76,✅ HIT,UNDER,52.1%,35.28,✅ HIT,UNDER,52.4%,35.45,✅ HIT,0.02,0.4,-0.58,0.3,-0.28,1.2,0.8,0.0212,100.0%,,,,,,,,,,,,,,,,,,,,,,,,,,,,,,
722,Dyson Daniels,PR,17.5,OVER,PrizePicks,,,57.0%,D,DO NOT BET,36.53,✅ HIT,29.0,OVER,57.4%,36.71,✅ HIT,OVER,57.1%,36.56,✅ HIT,OVER,56.8%,36.38,✅ HIT,OVER,56.9%,36.45,✅ HIT,-0.09,-0.46,-1.01,-4.5,3.63,1.4,1.2,0.0022,100.0%,,,,,,,,,,,,,,,,,,,,,,,,,,,,,,
723,P.J. Washington,AST,1.5,OVER,PrizePicks,,,55.9%,C,DO NOT BET,36.5,❌ MISS,1.0,OVER,57.4%,37.34,❌ MISS,OVER,56.2%,36.69,❌ MISS,OVER,55.5%,36.3,❌ MISS,OVER,54.4%,35.68,❌ MISS,-0.41,0.12,-0.69,0.1,-0.43,1.0,1.2,0.011,100.0%,,,,,,,,,,,,,,,,,,,,,,,,,,,,,,
724,Jaylen Brown,PA,30.5,OVER,Underdog and PrizePicks,,,53.9%,D,DO NOT BET,36.48,✅ HIT,39.0,OVER,52.7%,34.97,✅ HIT,OVER,53.1%,35.43,✅ HIT,OVER,54.8%,37.46,✅ HIT,OVER,55.2%,38.06,✅ HIT,-0.35,-0.43,0.3,-3.9,0.74,1.4,1.6,0.0109,100.0%,30.5,0.0,50.0%,50.0%,0.0256,,,,,,,,,,,,,,,,,,,,,,,,,
725,RJ Barrett,PA,23.5,UNDER,Underdog and PrizePicks,,,57.3%,D,DO NOT BET,36.47,✅ HIT,16.0,UNDER,56.2%,35.86,✅ HIT,UNDER,55.9%,35.68,✅ HIT,UNDER,58.8%,37.28,✅ HIT,UNDER,58.4%,37.04,✅ HIT,-0.19,0.18,-0.18,1.1,-2.24,0.6,0.8,0.0128,100.0%,,,,,,,,,,,,,,,,,,,,,,,,,,,,,,
726,Andrew Nembhard,STL,0.5,OVER,PrizePicks,Goblin,,63.0%,A,BET WITH CAUTION,36.47,❌ MISS,0.0,OVER,64.6%,37.37,❌ MISS,OVER,64.0%,37.04,❌ MISS,OVER,61.9%,35.88,❌ MISS,OVER,61.4%,35.58,❌ MISS,-0.57,-0.94,-4.5,-0.7,0.27,1.8,1.6,0.0137,100.0%,,,,,,,,,,,,,,,,,,,,,,,,,,,,,,
727,Bam Adebayo,RA,13.5,UNDER,Underdog and PrizePicks,,0.89x,53.4%,C,DO NOT BET,36.44,❌ MISS,17.0,UNDER,55.7%,37.71,❌ MISS,UNDER,54.9%,37.26,❌ MISS,UNDER,51.6%,35.45,❌ MISS,UNDER,51.4%,35.34,❌ MISS,-0.12,-0.17,0.35,-1.1,0.3,1.4,1.6,0.0193,100.0%,,,,,,,,,,,,,,,,,,,,,,,,,,,,,,
728,Tobias Harris,PTS,13.5,UNDER,Underdog and PrizePicks,,,54.0%,D,DO NOT BET,36.44,❌ MISS,22.0,UNDER,52.7%,35.72,❌ MISS,UNDER,53.0%,35.89,❌ MISS,UNDER,55.0%,36.98,❌ MISS,UNDER,55.4%,37.16,❌ MISS,-0.08,-0.02,-0.09,-0.1,-0.27,1.2,1.2,0.0116,100.0%,,,,,,,,,,,,,,,,,,,,,,,,,,,,,,
729,Amen Thompson,FGA,12.5,OVER,PrizePicks,,,53.3%,D,DO NOT BET,36.44,❌ MISS,8.0,OVER,52.2%,35.83,❌ MISS,OVER,51.2%,35.25,❌ MISS,OVER,55.7%,37.74,❌ MISS,OVER,54.2%,36.94,❌ MISS,-0.22,-0.51,1.35,-1.7,0.97,1.2,1.2,0.0175,100.0%,,,,,,,,,,,,,,,,,,,,,,,,,,,,,,
730,James Harden,PA,30.5,OVER,Underdog and PrizePicks,,,52.8%,D,DO NOT BET,36.44,❌ MISS,25.0,OVER,52.9%,36.45,❌ MISS,OVER,53.2%,36.91,❌ MISS,OVER,52.4%,35.9,❌ MISS,OVER,52.9%,36.5,❌ MISS,-0.21,-0.21,-0.03,-1.7,-0.01,0.8,1.2,0.0031,100.0%,30.5,0.0,51.1%,48.9%,0.0115,30.5,0.0,51.2%,48.8%,0.0107,,,,,,,,,,,31.5,1.0,45.0%,55.0%,0.0509,30.5,0.0,51.1%,48.9%,0.0115
731,Ausar Thompson,REB,5.5,UNDER,Underdog and PrizePicks,,,54.1%,B,DO NOT BET,36.43,✅ HIT,4.0,UNDER,52.6%,35.59,✅ HIT,UNDER,51.6%,35.06,✅ HIT,UNDER,56.6%,37.81,✅ HIT,UNDER,55.6%,37.25,✅ HIT,0.1,-0.18,-0.55,-0.5,0.79,1.0,1.2,0.0206,100.0%,,,,,,,,,,,,,,,,,,,,,,,,,,,,,,
732,Tobias Harris,RA,8.5,UNDER,Underdog,,1.05x,57.6%,C,DO NOT BET,36.37,✅ HIT,6.0,UNDER,57.4%,36.27,✅ HIT,UNDER,56.4%,35.72,✅ HIT,UNDER,58.8%,37.04,✅ HIT,UNDER,57.8%,36.45,✅ HIT,-0.44,1.19,-1.52,2.3,-3.15,1.0,0.4,0.0086,100.0%,,,,,,,,,,,,,,,,,,,,,,,,,,,,,,
733,Julius Randle,FTM,4.5,UNDER,PrizePicks,,,52.2%,B,DO NOT BET,36.37,✅ HIT,2.0,UNDER,52.5%,36.55,✅ HIT,UNDER,53.5%,37.09,✅ HIT,UNDER,50.7%,35.56,✅ HIT,UNDER,52.0%,36.26,✅ HIT,0.22,0.74,0.04,1.9,-1.34,0.8,0.4,0.01,100.0%,,,,,,,,,,,,,,,,,,,,,,,,,,,,,,
734,Jaylen Brown,PRA,36.5,OVER,Underdog,,,60.5%,D,DO NOT BET,36.36,✅ HIT,47.0,OVER,60.6%,36.52,✅ HIT,OVER,60.4%,36.37,✅ HIT,OVER,60.3%,36.11,✅ HIT,OVER,60.6%,36.44,✅ HIT,-0.42,-0.39,0.35,-3.9,-0.29,1.6,1.6,0.0011,100.0%,37.5,1.0,47.0%,53.0%,0.0876,,,,,,,,,,,,,,,,,,,,,,,,,
735,Amen Thompson,PRA,29.5,OVER,Underdog and PrizePicks,,,56.5%,D,DO NOT BET,36.35,✅ HIT,30.0,OVER,58.1%,37.24,✅ HIT,OVER,58.1%,37.21,✅ HIT,OVER,54.8%,35.4,✅ HIT,OVER,55.1%,35.56,✅ HIT,-0.19,-0.69,0.25,-5.5,3.94,1.4,1.2,0.0159,100.0%,,,,,,,,,,,,,,,,,,,,,,,,,,,,,,
736,Onyeka Okongwu,AST,2.5,OVER,Underdog,,0.81x,59.0%,C,DO NOT BET,36.34,❌ MISS,2.0,OVER,58.6%,36.14,❌ MISS,OVER,57.3%,35.43,❌ MISS,OVER,60.8%,37.33,❌ MISS,OVER,59.2%,36.47,❌ MISS,-0.73,-1.08,-1.22,-1.1,0.36,1.2,1.6,0.0124,100.0%,,,,,,,,,,,,,,,,,,,,,,,,,,,,,,
737,Bennedict Mathurin,PA,19.5,OVER,Underdog and PrizePicks,,,58.0%,D,DO NOT BET,36.33,✅ HIT,29.0,OVER,58.6%,36.63,✅ HIT,OVER,59.0%,36.85,✅ HIT,OVER,57.0%,35.78,✅ HIT,OVER,57.5%,36.06,✅ HIT,-0.37,-1.63,0.0,-5.7,4.4,1.2,1.6,0.0078,100.0%,,,,,,,,,,,,,,,,,,,,,,,,,,,,,,
738,Tobias Harris,PR,19.5,UNDER,Underdog,,,56.0%,D,DO NOT BET,36.33,❌ MISS,25.0,UNDER,55.3%,35.98,❌ MISS,UNDER,55.2%,35.9,❌ MISS,UNDER,56.8%,36.77,❌ MISS,UNDER,56.6%,36.69,❌ MISS,-0.29,0.03,-0.39,0.1,-1.23,1.2,1.2,0.0072,100.0%,,,,,,,,,,,,,,,,,,,,,,,,,,,,,,
739,James Harden,FGA,15.5,OVER,Underdog,,,54.4%,D,DO NOT BET,36.32,❌ MISS,10.0,OVER,54.2%,36.21,❌ MISS,OVER,52.8%,35.43,❌ MISS,OVER,56.1%,37.23,❌ MISS,OVER,54.6%,36.41,❌ MISS,-0.2,-0.02,0.19,-0.1,-0.79,1.2,1.2,0.0116,100.0%,,,,,,,,,,,,,,,,,,,,,,,,,,,,,,
740,James Harden,AST,8.0,UNDER,PrizePicks,,,52.3%,C,DO NOT BET,36.3,✅ HIT,7.0,UNDER,51.5%,35.87,✅ HIT,UNDER,51.9%,36.08,✅ HIT,UNDER,52.7%,36.52,✅ HIT,UNDER,53.1%,36.72,✅ HIT,0.02,-0.14,0.08,-0.2,0.23,1.4,1.2,0.0062,100.0%,,,,,,,,,,,,,,,,,,,,,,,,,,,,,,
741,Evan Mobley,RA,12.5,OVER,PrizePicks,,,53.2%,C,DO NOT BET,36.3,❌ MISS,9.0,OVER,55.4%,37.53,❌ MISS,OVER,55.0%,37.31,❌ MISS,OVER,51.2%,35.21,❌ MISS,OVER,51.1%,35.13,❌ MISS,-0.03,-1.14,0.88,-2.5,2.44,1.0,1.6,0.0205,100.0%,,,,,,,,,,,,,,,,,,,,,,,,,,,,,,
742,Amen Thompson,RA,12.5,UNDER,Underdog and PrizePicks,,0.88x,53.0%,C,DO NOT BET,36.29,❌ MISS,19.0,UNDER,53.4%,36.51,❌ MISS,UNDER,52.8%,36.2,❌ MISS,UNDER,53.1%,36.33,❌ MISS,UNDER,52.7%,36.11,❌ MISS,0.09,0.22,-0.26,1.3,-0.77,0.8,0.8,0.0027,100.0%,,,,,,,,,,,,,,,,,,,,,,,,,,,,,,
743,Immanuel Quickley,3PA,6.5,UNDER,Underdog,,1.06x,52.1%,B,DO NOT BET,36.25,NO GAME,,UNDER,51.6%,36.01,NO GAME,UNDER,52.1%,36.28,NO GAME,UNDER,52.0%,36.2,NO GAME,UNDER,52.5%,36.48,NO GAME,0.59,-0.94,-0.25,-0.7,1.14,1.2,1.6,0.0031,100.0%,,,,,,,,,,,,,,,,,,,,,,,,,,,,,,
744,Tyler Herro,3PA,6.5,OVER,Underdog,,0.86x,53.3%,B,DO NOT BET,36.24,✅ HIT,8.0,OVER,52.9%,35.99,✅ HIT,OVER,52.0%,35.52,✅ HIT,OVER,54.7%,36.99,✅ HIT,OVER,53.7%,36.46,✅ HIT,0.01,-0.18,-0.25,-0.5,0.52,1.2,1.2,0.0099,100.0%,,,,,,,,,,,,,,,,,,,,,,,,,,,,,,
745,Jaden McDaniels,PTS,15.5,UNDER,Underdog and PrizePicks,,,57.0%,D,DO NOT BET,36.2,❌ MISS,25.0,UNDER,57.6%,36.53,❌ MISS,UNDER,57.7%,36.59,❌ MISS,UNDER,56.2%,35.77,❌ MISS,UNDER,56.5%,35.93,❌ MISS,-0.14,-0.25,-0.44,-1.5,0.64,1.2,0.4,0.0066,100.0%,,,,,,,,,,,,,,,,,,,,,,,,,,,,,,
746,P.J. Washington,FGA,11.5,OVER,PrizePicks,,,54.4%,D,DO NOT BET,36.2,✅ HIT,15.0,OVER,52.9%,35.36,✅ HIT,OVER,51.7%,34.72,✅ HIT,OVER,57.4%,37.83,✅ HIT,OVER,55.7%,36.91,✅ HIT,-0.12,-0.56,-0.1,-1.5,1.17,1.0,1.6,0.0224,100.0%,,,,,,,,,,,,,,,,,,,,,,,,,,,,,,
747,Amen Thompson,PTS,17.5,OVER,Underdog and PrizePicks,,,53.3%,D,DO NOT BET,36.18,❌ MISS,11.0,OVER,55.4%,37.31,❌ MISS,OVER,54.8%,36.98,❌ MISS,OVER,51.9%,35.38,❌ MISS,OVER,51.3%,35.04,❌ MISS,-0.12,-0.87,0.35,-3.7,3.17,1.6,1.6,0.0179,100.0%,,,,,,,,,,,,,,,,,,,,,,,,,,,,,,
748,Ausar Thompson,PTS,9.5,OVER,Underdog and PrizePicks,,,53.8%,D,DO NOT BET,36.18,✅ HIT,18.0,OVER,55.8%,37.25,✅ HIT,OVER,55.2%,36.91,✅ HIT,OVER,52.5%,35.45,✅ HIT,OVER,51.9%,35.1,✅ HIT,-0.21,1.32,-0.16,2.7,-3.12,0.8,0.4,0.0167,100.0%,,,,,,,,,,,,,,,,,,,,,,,,,,,,,,
749,Onyeka Okongwu,PR,20.5,OVER,PrizePicks,,,58.3%,D,DO NOT BET,36.16,❌ MISS,12.0,OVER,58.7%,36.38,❌ MISS,OVER,58.4%,36.2,❌ MISS,OVER,58.0%,36.0,❌ MISS,OVER,58.1%,36.07,❌ MISS,-0.61,0.61,-0.57,2.7,-5.4,1.2,1.2,0.0027,100.0%,,,,,,,,,,,,,,,,,,,,,,,,,,,,,,
750,Shai Gilgeous-Alexander,RA,10.5,OVER,Underdog and PrizePicks,,0.89x,53.4%,C,DO NOT BET,36.16,❌ MISS,10.0,OVER,52.3%,34.84,❌ MISS,OVER,52.3%,34.75,❌ MISS,OVER,54.9%,37.87,❌ MISS,OVER,54.3%,37.17,❌ MISS,-0.28,0.36,-1.52,0.7,-1.23,0.8,0.4,0.0115,100.0%,10.5,0.0,54.3%,45.7%,-0.0054,,,,,,,,,,,,,,,,,,,,,,,,,
751,Onyeka Okongwu,FTM,1.5,UNDER,PrizePicks,,,51.4%,B,DO NOT BET,36.15,✅ HIT,0.0,OVER,50.6%,31.17,❌ MISS,UNDER,50.7%,35.76,✅ HIT,UNDER,52.3%,36.61,✅ HIT,UNDER,53.4%,37.2,✅ HIT,0.25,0.22,0.63,0.5,0.06,1.4,1.2,0.015,75.0%,,,,,,,,,,,,,,,,,,,,,,,,,,,,,,
752,Jonathan Kuminga,PR,16.5,UNDER,PrizePicks,,,55.3%,D,DO NOT BET,36.14,✅ HIT,13.0,UNDER,64.8%,41.34,✅ HIT,UNDER,64.3%,41.1,✅ HIT,OVER,53.8%,31.06,❌ MISS,OVER,54.0%,31.13,❌ MISS,0.36,-0.29,-0.0,-1.7,3.77,0.8,1.2,0.0924,50.0%,,,,,,,,,,,,,,,,,,,,,,,,,,,,,,
753,Onyeka Okongwu,REB,7.0,UNDER,PrizePicks,,,52.1%,B,DO NOT BET,36.11,✅ HIT,1.0,UNDER,52.3%,36.24,✅ HIT,UNDER,51.4%,35.72,✅ HIT,UNDER,52.8%,36.48,✅ HIT,UNDER,51.9%,36.01,✅ HIT,0.45,-0.12,-0.74,-0.2,0.93,1.0,1.2,0.0052,100.0%,,,,,,,,,,,,,,,,,,,,,,,,,,,,,,
754,Payton Pritchard,TOV,1.5,UNDER,PrizePicks,,,54.1%,A,DO NOT BET,36.11,✅ HIT,1.0,UNDER,51.8%,34.79,✅ HIT,UNDER,52.0%,34.92,✅ HIT,UNDER,56.4%,37.34,✅ HIT,UNDER,56.5%,37.37,✅ HIT,-0.11,0.07,-0.46,0.1,-0.25,1.0,1.2,0.0227,100.0%,,,,,,,,,,,,,,,,,,,,,,,,,,,,,,
755,Darius Garland,3PA,6.5,OVER,Underdog and PrizePicks,Goblin,0.87x,54.3%,B,DO NOT BET,36.11,✅ HIT,9.0,OVER,56.4%,37.26,✅ HIT,OVER,55.2%,36.63,✅ HIT,OVER,53.2%,35.52,✅ HIT,OVER,52.4%,35.04,✅ HIT,-0.04,-0.31,-0.71,-1.1,0.96,1.4,1.2,0.0159,100.0%,,,,,,,,,,,,,,,,,,,,,,,,,,,,,,
756,LeBron James,RA,12.5,OVER,Underdog and PrizePicks,,,52.6%,C,DO NOT BET,36.1,✅ HIT,18.0,OVER,55.4%,39.42,✅ HIT,OVER,55.0%,38.93,✅ HIT,OVER,50.0%,33.03,✅ HIT,OVER,50.0%,33.03,✅ HIT,-0.04,-0.25,-1.5,-1.7,1.42,1.0,0.8,0.0261,100.0%,12.5,0.0,51.2%,48.8%,0.0092,12.5,0.0,49.7%,50.3%,0.0188,,,,,,,,,,,13.5,1.0,42.0%,58.0%,0.0688,12.5,0.0,52.0%,48.0%,0.0041
757,Jamal Murray,3PM,2.5,OVER,Underdog and PrizePicks,,0.88x,52.8%,S,DO NOT BET,36.09,✅ HIT,9.0,OVER,54.3%,37.88,✅ HIT,OVER,54.0%,37.52,✅ HIT,OVER,51.6%,34.7,✅ HIT,OVER,51.3%,34.27,✅ HIT,-0.55,0.1,-0.41,0.1,-0.66,0.6,0.8,0.0136,100.0%,2.5,0.0,51.9%,48.1%,0.006,2.5,0.0,52.0%,48.0%,0.0052,2.5,0.0,50.8%,49.2%,0.013,2.5,0.0,52.2%,47.8%,0.0036,3.5,1.0,49.5%,50.5%,0.0216,2.5,0.0,53.5%,46.5%,-0.0044
758,Jamal Murray,PR,27.5,OVER,Underdog and PrizePicks,,,54.2%,D,DO NOT BET,36.08,✅ HIT,59.0,OVER,55.9%,37.98,✅ HIT,OVER,55.6%,37.73,✅ HIT,OVER,52.6%,34.24,✅ HIT,OVER,52.8%,34.39,✅ HIT,-0.31,0.35,-0.5,2.1,-3.98,0.8,0.4,0.0151,100.0%,27.5,0.0,50.0%,50.0%,0.0275,28.5,1.0,50.3%,49.7%,0.0253,,,,,,,,,,,28.5,1.0,49.9%,50.1%,0.0279,28.5,1.0,51.7%,48.3%,0.0166
759,Nikola Jokić,PR,40.5,OVER,Underdog and PrizePicks,,,51.1%,D,DO NOT BET,36.07,✅ HIT,44.0,OVER,51.5%,36.61,✅ HIT,OVER,51.5%,36.52,✅ HIT,OVER,50.6%,35.49,✅ HIT,OVER,50.7%,35.65,✅ HIT,-0.01,0.78,0.45,7.7,-7.78,0.8,0.4,0.0041,100.0%,40.5,0.0,48.9%,51.1%,0.014,40.5,0.0,51.2%,48.8%,-0.0007,,,,,,,,,,,41.5,1.0,49.7%,50.3%,0.0092,41.5,1.0,50.9%,49.1%,0.0014
760,Brandon Ingram,3PA,4.5,UNDER,Underdog,,0.84x,55.1%,B,DO NOT BET,36.07,✅ HIT,3.0,UNDER,53.3%,35.07,✅ HIT,UNDER,53.7%,35.26,✅ HIT,UNDER,56.7%,36.92,✅ HIT,UNDER,56.9%,37.03,✅ HIT,0.08,-0.1,-1.5,-0.3,0.54,1.0,1.2,0.0165,100.0%,,,,,,,,,,,,,,,,,,,,,,,,,,,,,,
761,Donovan Mitchell,FTM,5.5,UNDER,Underdog and PrizePicks,,0.78x,57.6%,B,DO NOT BET,36.06,✅ HIT,0.0,UNDER,59.1%,36.87,✅ HIT,UNDER,59.4%,37.0,✅ HIT,UNDER,55.7%,35.0,✅ HIT,UNDER,56.4%,35.37,✅ HIT,-0.03,0.12,-2.04,0.5,-0.63,0.8,0.8,0.0161,100.0%,,,,,,,,,,,,,,,,,,,,,,,,,,,,,,
762,Andrew Nembhard,FTA,2.5,OVER,PrizePicks,,,57.0%,C,DO NOT BET,36.05,✅ HIT,6.0,OVER,60.0%,37.68,✅ HIT,OVER,57.5%,36.29,✅ HIT,OVER,56.6%,35.82,✅ HIT,OVER,54.1%,34.43,✅ HIT,-0.48,-0.84,0.27,-2.9,1.25,1.4,1.2,0.0211,100.0%,,,,,,,,,,,,,,,,,,,,,,,,,,,,,,
763,Scottie Barnes,TOV,2.5,UNDER,Underdog and PrizePicks,,,53.3%,A,DO NOT BET,36.05,✅ HIT,1.0,UNDER,50.9%,34.69,✅ HIT,UNDER,51.1%,34.84,✅ HIT,UNDER,55.6%,37.32,✅ HIT,UNDER,55.7%,37.37,✅ HIT,0.15,0.1,-0.25,0.1,0.05,1.0,0.8,0.0235,100.0%,,,,,,,,,,,,,,,,,,,,,,,,,,,,,,
764,Scottie Barnes,PTS,17.5,UNDER,Underdog and PrizePicks,,0.88x,51.5%,D,DO NOT BET,36.04,✅ HIT,9.0,OVER,51.7%,10.92,❌ MISS,OVER,51.3%,10.4,❌ MISS,UNDER,54.4%,39.48,✅ HIT,UNDER,54.8%,39.87,✅ HIT,0.51,-0.33,0.22,-0.7,1.79,1.4,1.2,0.0307,50.0%,17.5,0.0,46.8%,53.2%,-0.0107,17.5,0.0,48.5%,51.5%,0.0006,17.5,0.0,48.4%,51.6%,-0.0004,17.5,0.0,48.7%,51.3%,0.0014,20.5,3.0,52.5%,47.5%,0.0264,17.5,0.0,51.1%,48.9%,0.017
765,Isaiah Hartenstein,PTS,6.5,OVER,Underdog and PrizePicks,,,61.2%,D,DO NOT BET,36.03,❌ MISS,6.0,OVER,64.5%,39.78,❌ MISS,OVER,63.6%,38.69,❌ MISS,OVER,58.8%,33.37,❌ MISS,OVER,58.0%,32.28,❌ MISS,-0.68,0.58,-1.0,2.7,-5.88,1.4,0.8,0.0286,100.0%,5.5,-1.0,48.2%,51.8%,0.0844,,,,,,,,,,,,,,,,,,,,,,,,,
766,Jaden McDaniels,AST,2.5,OVER,Underdog and PrizePicks,Goblin,0.84x,53.9%,C,DO NOT BET,36.02,❌ MISS,0.0,OVER,53.1%,35.57,❌ MISS,OVER,52.3%,35.13,❌ MISS,OVER,55.7%,37.0,❌ MISS,OVER,54.5%,36.37,❌ MISS,-0.29,-0.31,-0.41,-0.3,0.01,1.2,1.6,0.0131,100.0%,,,,,,,,,,,,,,,,,,,,,,,,,,,,,,
767,Victor Wembanyama,BLK,2.5,OVER,PrizePicks,Goblin,,53.7%,S,DO NOT BET,36.02,✅ HIT,7.0,OVER,55.3%,38.21,✅ HIT,OVER,54.4%,37.19,✅ HIT,OVER,53.0%,34.81,✅ HIT,OVER,52.2%,33.87,✅ HIT,-0.29,-0.38,-0.61,-0.7,0.16,1.4,1.2,0.0123,100.0%,3.5,1.0,52.5%,47.5%,0.0083,3.5,1.0,55.6%,44.4%,-0.0121,,,,,,,,,,,,,,,,3.5,1.0,54.1%,45.9%,-0.0024
768,Onyeka Okongwu,REB,6.5,OVER,Underdog,,0.86x,54.9%,B,DO NOT BET,35.98,❌ MISS,1.0,OVER,54.9%,35.93,❌ MISS,OVER,55.5%,36.29,❌ MISS,OVER,54.4%,35.71,❌ MISS,OVER,55.0%,36.0,❌ MISS,-0.77,-0.19,0.58,-0.3,-0.93,1.2,1.2,0.0038,100.0%,,,,,,,,,,,,,,,,,,,,,,,,,,,,,,
769,Dyson Daniels,PRA,22.5,OVER,Underdog and PrizePicks,,,57.7%,D,DO NOT BET,35.98,✅ HIT,33.0,OVER,57.8%,36.07,✅ HIT,OVER,57.8%,36.05,✅ HIT,OVER,57.4%,35.82,✅ HIT,OVER,57.6%,35.98,✅ HIT,-0.16,-0.28,-1.07,-3.1,1.29,1.4,1.2,0.0018,100.0%,,,,,,,,,,,,,,,,,,,,,,,,,,,,,,
770,Evan Mobley,BLK,1.5,UNDER,Underdog and PrizePicks,,1.04x,53.4%,S,DO NOT BET,35.97,✅ HIT,0.0,UNDER,50.3%,34.27,✅ HIT,UNDER,51.1%,34.7,✅ HIT,UNDER,55.8%,37.27,✅ HIT,UNDER,56.4%,37.63,✅ HIT,0.25,0.35,-0.71,0.5,-0.14,0.8,0.8,0.0272,100.0%,,,,,,,,,,,,,,,,,,,,,,,,,,,,,,
771,Derrick White,3PM,2.5,OVER,Underdog and PrizePicks,,,51.7%,S,DO NOT BET,35.96,❌ MISS,2.0,OVER,51.6%,35.84,❌ MISS,OVER,51.3%,35.49,❌ MISS,OVER,52.1%,36.49,❌ MISS,OVER,51.7%,36.01,❌ MISS,-0.22,0.07,-0.37,0.1,-0.42,1.0,0.8,0.003,100.0%,2.5,0.0,55.2%,44.8%,-0.0227,,,,,,,,,,,,,,,,,,,,,,,,,
772,Myles Turner,FGM,3.5,UNDER,PrizePicks,,,52.4%,C,DO NOT BET,35.94,NO GAME,,UNDER,54.6%,37.14,NO GAME,UNDER,55.0%,37.35,NO GAME,OVER,50.3%,31.56,NO GAME,UNDER,50.3%,34.8,NO GAME,0.48,-1.08,0.51,-1.1,1.58,1.6,1.6,0.0239,75.0%,,,,,,,,,,,,,,,,,,,,,,,,,,,,,,
773,Jaden McDaniels,PRA,22.5,UNDER,PrizePicks,,,54.4%,D,DO NOT BET,35.92,❌ MISS,27.0,UNDER,55.6%,36.56,❌ MISS,UNDER,55.3%,36.41,❌ MISS,UNDER,53.5%,35.45,❌ MISS,UNDER,53.2%,35.27,❌ MISS,-0.09,-0.15,-0.06,-1.3,0.5,1.4,0.8,0.0103,100.0%,,,,,,,,,,,,,,,,,,,,,,,,,,,,,,
774,Jayson Tatum,PRA,33.5,UNDER,PrizePicks,,,57.9%,D,DO NOT BET,35.92,❌ MISS,38.0,UNDER,58.0%,36.18,❌ MISS,UNDER,57.6%,35.74,❌ MISS,UNDER,58.2%,36.07,❌ MISS,UNDER,57.9%,35.67,❌ MISS,-0.35,-0.23,0.79,-1.5,-0.75,1.0,1.2,0.0021,100.0%,31.5,-2.0,57.0%,43.0%,0.0971,,,,,,,,,,,,,,,,,,,,,,,,,
775,Naz Reid,REB,5.5,OVER,Underdog and PrizePicks,,,55.1%,B,DO NOT BET,35.88,✅ HIT,13.0,OVER,54.2%,35.41,✅ HIT,OVER,54.9%,35.78,✅ HIT,OVER,55.4%,36.03,✅ HIT,OVER,55.8%,36.3,✅ HIT,-0.45,0.97,-0.76,1.5,-2.2,1.2,0.4,0.006,100.0%,,,,,,,,,,,,,,,,,,,,,,,,,,,,,,
776,CJ McCollum,PTS,17.0,OVER,PrizePicks,,,57.9%,D,DO NOT BET,35.87,✅ HIT,27.0,OVER,57.5%,35.6,✅ HIT,OVER,56.8%,35.23,✅ HIT,OVER,59.2%,36.56,✅ HIT,OVER,58.3%,36.08,✅ HIT,-0.3,-0.11,-0.47,-0.6,-1.03,0.8,0.8,0.0091,100.0%,,,,,,,,,,,,,,,,,,,,,,,,,,,,,,
777,VJ Edgecombe,REB,5.5,OVER,Underdog and PrizePicks,,,51.8%,B,DO NOT BET,35.86,✅ HIT,6.0,OVER,51.6%,35.65,✅ HIT,OVER,52.4%,36.62,✅ HIT,OVER,51.2%,35.16,✅ HIT,OVER,51.9%,35.98,✅ HIT,-0.05,-0.72,-0.87,-2.7,2.51,0.8,1.6,0.0043,100.0%,5.5,0.0,50.0%,50.0%,0.0118,5.5,0.0,49.6%,50.4%,0.0144,5.5,0.0,52.4%,47.6%,-0.004,5.5,0.0,50.0%,50.0%,0.0118,6.5,1.0,41.6%,58.4%,0.0663,5.5,0.0,51.1%,48.9%,0.0048
778,Draymond Green,FTA,0.5,OVER,PrizePicks,,,60.1%,C,DO NOT BET,35.85,✅ HIT,4.0,OVER,61.8%,36.79,✅ HIT,OVER,59.1%,35.29,✅ HIT,OVER,61.3%,36.52,✅ HIT,OVER,58.1%,34.8,✅ HIT,-0.42,-0.44,-2.31,-0.7,0.03,1.0,0.8,0.0151,100.0%,,,,,,,,,,,,,,,,,,,,,,,,,,,,,,
779,Tim Hardaway Jr.,REB,2.5,OVER,Underdog,,,52.4%,B,DO NOT BET,35.81,❌ MISS,1.0,OVER,51.3%,35.22,❌ MISS,OVER,52.1%,35.66,❌ MISS,OVER,52.8%,36.02,❌ MISS,OVER,53.4%,36.35,❌ MISS,-0.17,-1.12,0.9,-0.9,0.76,1.0,1.6,0.0077,100.0%,,,,,,,,,,,,,,,,,,,,,,,,,,,,,,
780,James Harden,AST,7.5,OVER,Underdog,,0.81x,55.7%,C,DO NOT BET,35.8,❌ MISS,7.0,OVER,57.1%,36.6,❌ MISS,OVER,56.0%,35.96,❌ MISS,OVER,55.4%,35.63,❌ MISS,OVER,54.3%,35.01,❌ MISS,-0.36,-0.2,-0.23,-0.3,-0.23,0.8,0.8,0.0104,100.0%,,,,,,,,,,,,,,,,,,,,,,,,,,,,,,
781,Myles Turner,FTM,1.5,UNDER,PrizePicks,,,52.5%,B,DO NOT BET,35.79,NO GAME,,UNDER,52.3%,35.73,NO GAME,UNDER,53.4%,36.28,NO GAME,UNDER,51.5%,35.26,NO GAME,UNDER,52.7%,35.91,NO GAME,0.44,-0.12,-0.46,-0.1,0.45,1.0,0.8,0.0067,100.0%,,,,,,,,,,,,,,,,,,,,,,,,,,,,,,
782,Alperen Sengun,PR,28.0,OVER,PrizePicks,,,57.4%,D,DO NOT BET,35.77,✅ HIT,36.0,OVER,60.1%,37.29,✅ HIT,OVER,59.8%,37.09,✅ HIT,OVER,54.7%,34.32,✅ HIT,OVER,54.9%,34.39,✅ HIT,-0.12,-0.07,-1.17,-0.8,-0.55,1.0,1.2,0.0258,100.0%,,,,,,,,,,,,,,,,,,,,,,,,,,,,,,
783,Norman Powell,REB,3.5,UNDER,Underdog,,0.87x,59.0%,B,DO NOT BET,35.76,❌ MISS,4.0,UNDER,60.0%,36.31,❌ MISS,UNDER,58.8%,35.63,❌ MISS,UNDER,59.2%,35.86,❌ MISS,UNDER,58.1%,35.25,❌ MISS,0.06,-0.17,-4.0,-0.3,0.4,1.2,1.2,0.007,100.0%,,,,,,,,,,,,,,,,,,,,,,,,,,,,,,
784,Payton Pritchard,PTS,14.0,OVER,PrizePicks,,,58.9%,D,DO NOT BET,35.74,❌ MISS,14.0,OVER,55.5%,31.43,❌ MISS,OVER,54.9%,30.93,❌ MISS,OVER,63.1%,40.8,❌ MISS,OVER,62.1%,39.8,❌ MISS,-0.43,-0.03,0.87,-0.2,-2.44,1.2,1.2,0.0373,100.0%,13.5,-0.5,68.1%,31.9%,-0.0598,,,,,,,,,,,,,,,,,,,,,,,,,
785,Deandre Ayton,FTA,1.5,OVER,PrizePicks,Goblin,,53.0%,C,DO NOT BET,35.73,NO GAME,,OVER,54.8%,36.72,NO GAME,OVER,52.8%,35.64,NO GAME,OVER,53.2%,35.84,NO GAME,OVER,51.1%,34.71,NO GAME,-0.16,-0.39,0.25,-0.9,0.53,1.2,1.2,0.0129,100.0%,,,,,,,,,,,,,,,,,,,,,,,,,,,,,,
786,Chet Holmgren,PRA,24.5,OVER,Underdog and PrizePicks,,,60.7%,D,DO NOT BET,35.73,❌ MISS,15.0,OVER,59.7%,42.26,❌ MISS,OVER,59.6%,42.17,❌ MISS,OVER,61.6%,37.02,❌ MISS,OVER,61.8%,37.35,❌ MISS,-0.5,-0.42,-0.41,-2.9,-0.54,1.6,1.6,0.0104,100.0%,25.5,1.0,49.6%,50.4%,0.0719,,,,,,,,,,,,,,,,,,,,,,,,,
787,Julius Randle,REB,6.5,UNDER,Underdog,,0.88x,53.1%,B,DO NOT BET,35.69,✅ HIT,6.0,UNDER,53.1%,35.72,✅ HIT,UNDER,52.1%,35.18,✅ HIT,UNDER,53.9%,36.18,✅ HIT,UNDER,53.0%,35.68,✅ HIT,0.12,-0.26,-0.23,-0.7,1.03,0.8,0.8,0.0064,100.0%,,,,,,,,,,,,,,,,,,,,,,,,,,,,,,
788,Klay Thompson,TOV,0.5,OVER,PrizePicks,Goblin,,56.3%,A,DO NOT BET,35.68,❌ MISS,0.0,OVER,52.2%,33.43,❌ MISS,OVER,51.8%,33.22,❌ MISS,OVER,60.9%,38.24,❌ MISS,OVER,60.2%,37.85,❌ MISS,-0.89,0.2,-0.71,0.1,-0.54,1.2,0.8,0.043,100.0%,,,,,,,,,,,,,,,,,,,,,,,,,,,,,,
789,Bam Adebayo,3PA,5.5,OVER,Underdog,,,52.1%,B,DO NOT BET,35.67,✅ HIT,9.0,OVER,51.0%,35.04,✅ HIT,OVER,50.3%,34.65,✅ HIT,OVER,54.1%,36.74,✅ HIT,OVER,53.1%,36.23,✅ HIT,0.04,-0.61,0.23,-1.3,1.39,1.2,1.2,0.0154,100.0%,,,,,,,,,,,,,,,,,,,,,,,,,,,,,,
790,Jalen Johnson,RA,16.5,OVER,Underdog and PrizePicks,,,57.0%,C,DO NOT BET,35.67,✅ HIT,20.0,OVER,55.4%,34.76,✅ HIT,OVER,54.9%,34.53,✅ HIT,OVER,59.4%,37.0,✅ HIT,OVER,58.3%,36.38,✅ HIT,-0.29,-0.41,-0.47,-2.7,0.79,1.0,1.6,0.0191,100.0%,,,,,,,,,,,,,,,,,,,,,,,,,,,,,,
791,Dyson Daniels,PA,16.5,OVER,PrizePicks,,,55.8%,D,DO NOT BET,35.66,✅ HIT,20.0,OVER,53.8%,34.54,✅ HIT,OVER,54.2%,34.75,✅ HIT,OVER,57.4%,36.53,✅ HIT,OVER,57.9%,36.81,✅ HIT,-0.12,-0.26,-0.88,-2.5,1.31,1.4,1.2,0.0185,100.0%,,,,,,,,,,,,,,,,,,,,,,,,,,,,,,
792,Jaylen Brown,FTM,5.5,OVER,Underdog and PrizePicks,,,53.2%,B,DO NOT BET,35.61,✅ HIT,12.0,OVER,53.5%,35.73,✅ HIT,OVER,51.8%,34.83,✅ HIT,OVER,54.8%,36.47,✅ HIT,OVER,52.9%,35.41,✅ HIT,-0.08,-0.87,-0.02,-4.3,3.91,1.2,1.6,0.0108,100.0%,,,,,,,,,,,,,,,,,,,,,,,,,,,,,,
793,Bennedict Mathurin,FGA,12.5,OVER,PrizePicks,,,55.7%,D,DO NOT BET,35.6,✅ HIT,14.0,OVER,57.0%,36.31,✅ HIT,OVER,55.1%,35.28,✅ HIT,OVER,56.1%,35.82,✅ HIT,OVER,54.6%,35.0,✅ HIT,-0.23,-0.7,-0.51,-2.7,1.81,1.2,1.2,0.0092,100.0%,,,,,,,,,,,,,,,,,,,,,,,,,,,,,,
794,VJ Edgecombe,BLK,0.5,UNDER,PrizePicks,,,53.1%,S,DO NOT BET,35.59,✅ HIT,0.0,UNDER,50.5%,32.43,✅ HIT,UNDER,51.3%,33.36,✅ HIT,UNDER,55.1%,37.88,✅ HIT,UNDER,55.7%,38.67,✅ HIT,0.07,0.12,-3.0,0.1,-0.05,0.8,1.2,0.0227,100.0%,,,,,,,,,,,,,,,,,,,,,,,,,,0.5,0.0,47.1%,52.8%,0.002
795,Stephon Castle,REB,4.5,OVER,Underdog,,0.78x,57.5%,B,DO NOT BET,35.57,❌ MISS,3.0,OVER,57.8%,35.82,❌ MISS,OVER,58.3%,36.48,❌ MISS,OVER,56.7%,34.72,❌ MISS,OVER,57.1%,35.26,❌ MISS,-0.18,-0.66,-0.39,-2.1,1.53,1.2,1.6,0.0063,100.0%,5.5,1.0,46.2%,53.8%,0.0737,5.5,1.0,47.9%,52.0%,0.062,5.5,1.0,49.0%,51.0%,0.0554,5.5,1.0,47.5%,52.5%,0.0652,6.5,2.0,33.4%,66.6%,0.1565,5.5,1.0,48.8%,51.2%,0.0562
796,Scottie Barnes,3PA,2.5,OVER,PrizePicks,Goblin,,53.7%,B,DO NOT BET,35.56,❌ MISS,2.0,OVER,53.8%,35.6,❌ MISS,OVER,52.9%,35.09,❌ MISS,OVER,54.6%,36.03,❌ MISS,OVER,53.6%,35.51,❌ MISS,-0.24,0.05,-0.25,0.1,-0.59,1.2,0.8,0.0061,100.0%,,,,,,,,,,,,,,,,,,,,,,,,,,,,,,
797,Derrick White,BLK,0.5,OVER,PrizePicks,Goblin,,63.1%,S,BET,35.54,❌ MISS,0.0,OVER,62.9%,35.43,❌ MISS,OVER,61.9%,34.84,❌ MISS,OVER,64.4%,36.25,❌ MISS,OVER,63.3%,35.66,❌ MISS,-2.24,-0.75,-3.0,-0.3,-0.6,1.2,1.6,0.0092,100.0%,,,,,,,,,,,,,,,,,,,,,,,,,,,,,,
798,Chet Holmgren,PA,16.5,OVER,PrizePicks,,,57.5%,D,DO NOT BET,35.53,❌ MISS,10.0,OVER,56.6%,35.04,❌ MISS,OVER,57.0%,35.26,❌ MISS,OVER,57.9%,35.77,❌ MISS,OVER,58.4%,36.05,❌ MISS,-0.64,-0.65,-0.27,-2.5,0.05,1.4,1.6,0.0072,100.0%,,,,,,,,,,,,,,,,,,,,,,,,,,,,,,
799,Kristaps Porziņģis,STL,0.5,OVER,PrizePicks,Goblin,,54.3%,A,DO NOT BET,35.53,❌ MISS,0.0,OVER,54.8%,35.78,❌ MISS,OVER,54.3%,35.53,❌ MISS,OVER,54.3%,35.53,❌ MISS,OVER,53.9%,35.3,❌ MISS,-0.17,-1.12,-0.46,-0.9,0.76,1.0,1.6,0.0031,100.0%,,,,,,,,,,,,,,,,,,,,,,,,,,,,,,
800,Joel Embiid,FTM,6.5,UNDER,Underdog,,1.06x,51.2%,B,DO NOT BET,35.51,❌ MISS,8.0,UNDER,50.3%,35.04,❌ MISS,UNDER,51.6%,35.72,❌ MISS,UNDER,50.8%,35.28,❌ MISS,UNDER,52.0%,35.98,❌ MISS,0.37,0.49,-0.07,1.1,-0.27,0.4,0.4,0.0067,100.0%,,,,,,,,,,,,,,,,,,,,,,,,,,,,,,
801,Jayson Tatum,AST,3.5,UNDER,Underdog,,1.03x,51.9%,C,DO NOT BET,35.51,❌ MISS,7.0,UNDER,53.5%,37.36,❌ MISS,UNDER,53.7%,37.6,❌ MISS,OVER,50.0%,12.2,✅ HIT,UNDER,50.6%,33.92,❌ MISS,-0.11,-0.21,0.14,-0.5,0.25,1.0,1.2,0.0166,75.0%,3.5,0.0,46.8%,53.2%,-0.0081,,,,,,,,,,,,,,,,,,,,,,,,,
802,Onyeka Okongwu,PA,15.5,OVER,PrizePicks,,,62.8%,D,DO NOT BET,35.5,❌ MISS,13.0,OVER,60.1%,34.04,❌ MISS,OVER,60.5%,34.26,❌ MISS,OVER,65.0%,36.71,❌ MISS,OVER,65.5%,36.98,❌ MISS,-0.82,0.23,-2.18,0.9,-4.11,1.0,1.2,0.0246,100.0%,,,,,,,,,,,,,,,,,,,,,,,,,,,,,,
803,Tyler Herro,PTS,19.5,OVER,Underdog,,,55.0%,D,DO NOT BET,35.46,❌ MISS,18.0,OVER,59.8%,38.08,❌ MISS,OVER,59.1%,37.67,❌ MISS,OVER,50.9%,33.2,❌ MISS,OVER,50.4%,32.89,❌ MISS,-0.38,0.14,0.16,0.7,-2.6,1.4,1.2,0.044,100.0%,,,,,,,,,,,,,,,,,,,,,,,,,,,,,,
804,Draymond Green,PTS,8.5,OVER,Underdog and PrizePicks,,,63.9%,D,DO NOT BET,35.46,❌ MISS,7.0,OVER,64.5%,36.24,❌ MISS,OVER,63.6%,35.19,❌ MISS,OVER,64.2%,35.82,❌ MISS,OVER,63.2%,34.58,❌ MISS,-0.01,0.02,2.92,0.1,-0.16,1.2,1.2,0.0051,100.0%,8.5,0.0,51.1%,48.9%,0.0835,8.5,0.0,48.9%,51.1%,0.0973,9.5,1.0,46.3%,53.7%,0.1143,8.5,0.0,49.7%,50.3%,0.0922,10.5,2.0,37.5%,62.5%,0.1719,8.5,0.0,50.0%,50.0%,0.0904
805,Derrick White,PTS,16.0,UNDER,PrizePicks,,,50.2%,D,DO NOT BET,35.45,✅ HIT,12.0,OVER,50.0%,23.38,❌ MISS,UNDER,50.4%,35.4,✅ HIT,UNDER,50.0%,27.4,✅ HIT,UNDER,50.6%,28.02,✅ HIT,0.4,-0.25,0.05,-0.8,2.09,1.0,1.6,0.0025,75.0%,16.5,0.5,49.6%,50.3%,-0.0008,,,,,,,,,,,,,,,,,,,,,,,,,
806,Collin Sexton,FTM,2.5,OVER,PrizePicks,,,54.6%,B,DO NOT BET,35.45,✅ HIT,5.0,OVER,57.5%,37.02,✅ HIT,OVER,55.4%,35.89,✅ HIT,OVER,53.7%,34.94,✅ HIT,OVER,51.9%,33.95,✅ HIT,-0.28,-1.09,0.07,-2.7,2.01,1.0,1.6,0.0207,100.0%,,,,,,,,,,,,,,,,,,,,,,,,,,,,,,
807,Rudy Gobert,PTS,12.0,UNDER,PrizePicks,,,55.2%,D,DO NOT BET,35.44,❌ MISS,14.0,UNDER,55.5%,35.62,❌ MISS,UNDER,55.7%,35.73,❌ MISS,UNDER,54.6%,35.12,❌ MISS,UNDER,54.9%,35.32,❌ MISS,-0.15,-0.03,-1.07,-0.2,-0.8,1.2,1.2,0.0044,100.0%,,,,,,,,,,,,,,,,,,,,,,,,,,,,,,
808,Jayson Tatum,PTS,20.0,UNDER,PrizePicks,,,57.2%,D,DO NOT BET,35.41,✅ HIT,19.0,UNDER,58.1%,36.51,✅ HIT,UNDER,58.1%,36.6,✅ HIT,UNDER,56.1%,34.09,✅ HIT,UNDER,56.4%,34.42,✅ HIT,-0.23,-0.31,1.36,-1.2,0.32,1.0,1.2,0.0093,100.0%,19.5,-0.5,51.0%,49.0%,0.053,,,,,,,,,,,,,,,,,,,,,,,,,
809,Bennedict Mathurin,AST,1.5,OVER,PrizePicks,Goblin,,57.1%,C,DO NOT BET,35.4,✅ HIT,6.0,OVER,58.6%,36.2,✅ HIT,OVER,57.3%,35.49,✅ HIT,OVER,56.9%,35.3,✅ HIT,OVER,55.7%,34.61,✅ HIT,-0.86,-0.56,-0.71,-0.5,-0.27,0.8,1.2,0.0102,100.0%,,,,,,,,,,,,,,,,,,,,,,,,,,,,,,
810,Immanuel Quickley,AST,6.0,UNDER,PrizePicks,,,58.3%,C,DO NOT BET,35.39,NO GAME,,UNDER,61.4%,39.22,NO GAME,UNDER,60.9%,38.57,NO GAME,UNDER,55.4%,31.8,NO GAME,UNDER,55.5%,31.96,NO GAME,-0.0,-0.38,-0.5,-1.2,1.2,0.8,0.8,0.0286,100.0%,5.5,-0.5,51.7%,48.3%,0.0651,5.5,-0.5,55.9%,44.1%,0.0922,5.5,-0.5,53.2%,46.8%,0.0746,5.5,-0.5,54.2%,45.8%,0.0812,6.5,0.5,43.4%,56.6%,0.0111,5.5,-0.5,53.3%,46.7%,0.0755
811,Donovan Mitchell,RA,10.5,UNDER,Underdog,,,52.4%,C,DO NOT BET,35.36,✅ HIT,10.0,UNDER,54.5%,36.51,✅ HIT,UNDER,53.8%,36.14,✅ HIT,UNDER,50.7%,34.41,✅ HIT,UNDER,50.6%,34.36,✅ HIT,-0.1,-0.37,0.03,-0.9,0.65,1.2,1.2,0.0178,100.0%,,,,,,,,,,,,,,,,,,,,,,,,,,,,,,
812,Quentin Grimes,RA,8.0,UNDER,PrizePicks,,,52.5%,C,DO NOT BET,35.33,❌ MISS,11.0,UNDER,52.3%,35.38,❌ MISS,UNDER,51.9%,34.82,❌ MISS,UNDER,53.0%,35.78,❌ MISS,UNDER,52.6%,35.35,❌ MISS,-0.24,0.05,-0.56,0.2,-1.08,1.2,0.8,0.004,100.0%,7.5,-0.5,44.1%,55.9%,-0.0224,7.5,-0.5,46.1%,53.9%,-0.0096,,,,,,,,,,,8.5,0.5,51.1%,48.9%,0.0234,8.5,0.5,54.2%,45.8%,0.0433
813,James Harden,PRA,35.5,OVER,PrizePicks,,,54.6%,D,DO NOT BET,35.28,❌ MISS,34.0,OVER,52.2%,33.97,❌ MISS,OVER,52.3%,34.02,❌ MISS,OVER,56.8%,36.48,❌ MISS,OVER,57.0%,36.64,❌ MISS,-0.19,-0.22,-0.06,-1.9,0.27,1.0,1.6,0.0233,100.0%,,,,,,,,,,,,,,,,,,,,,,,,,,,,,,
814,Norman Powell,AST,2.5,OVER,Underdog,,1.06x,52.8%,C,DO NOT BET,35.27,❌ MISS,2.0,OVER,51.0%,34.27,❌ MISS,OVER,50.4%,33.93,❌ MISS,OVER,55.5%,36.76,❌ MISS,OVER,54.4%,36.13,❌ MISS,-0.17,-0.2,-0.32,-0.1,0.02,1.0,1.2,0.0218,100.0%,,,,,,,,,,,,,,,,,,,,,,,,,,,,,,
815,Scottie Barnes,PRA,29.5,OVER,Underdog and PrizePicks,,,54.0%,D,DO NOT BET,35.25,❌ MISS,29.0,OVER,57.4%,39.25,❌ MISS,OVER,57.3%,39.22,❌ MISS,OVER,50.5%,31.08,❌ MISS,OVER,50.8%,31.46,❌ MISS,-0.7,-0.51,-0.25,-1.7,-0.63,0.8,1.2,0.0333,100.0%,29.5,0.0,50.5%,49.5%,0.0225,29.5,0.0,50.3%,49.7%,0.0243,28.5,-1.0,56.6%,43.4%,-0.0169,29.5,0.0,49.7%,50.3%,0.0278,31.5,2.0,42.3%,57.7%,0.0762,30.5,1.0,50.8%,49.2%,0.021
816,Ausar Thompson,PR,15.5,OVER,PrizePicks,,,51.2%,D,DO NOT BET,35.23,✅ HIT,22.0,OVER,51.0%,35.11,✅ HIT,OVER,50.9%,35.07,✅ HIT,OVER,51.4%,35.32,✅ HIT,OVER,51.5%,35.4,✅ HIT,-0.05,0.82,0.33,3.7,-3.91,0.8,0.4,0.0025,100.0%,,,,,,,,,,,,,,,,,,,,,,,,,,,,,,
817,Kristaps Porziņģis,REB,5.5,UNDER,Underdog and PrizePicks,,,68.7%,B,STRONG BET,35.22,✅ HIT,5.0,UNDER,68.9%,35.54,✅ HIT,UNDER,67.5%,33.8,✅ HIT,UNDER,69.8%,36.62,✅ HIT,UNDER,68.4%,34.92,✅ HIT,-0.5,-0.53,0.25,-0.7,0.04,1.8,1.6,0.0086,100.0%,5.5,0.0,50.5%,49.5%,0.1247,5.5,0.0,51.7%,48.3%,0.1325,5.5,0.0,51.9%,48.1%,0.1334,5.5,0.0,49.7%,50.3%,0.1195,6.5,1.0,27.4%,72.6%,-0.0254,5.5,0.0,46.5%,53.5%,0.0986
818,Jaden McDaniels,BLK,0.5,OVER,PrizePicks,,,55.9%,S,BET WITH CAUTION,35.22,✅ HIT,2.0,OVER,58.7%,36.74,✅ HIT,OVER,57.7%,36.2,✅ HIT,OVER,54.1%,34.21,✅ HIT,OVER,53.2%,33.72,✅ HIT,-0.93,-0.2,-0.71,-0.1,-0.36,0.8,1.2,0.0233,100.0%,,,,,,,,,,,,,,,,,,,,,,,,,,,,,,
819,Josh Giddey,PRA,37.5,UNDER,Underdog and PrizePicks,,,53.1%,D,DO NOT BET,35.22,❌ MISS,44.0,UNDER,52.8%,34.87,❌ MISS,UNDER,52.6%,34.61,❌ MISS,UNDER,53.6%,35.9,❌ MISS,UNDER,53.3%,35.51,❌ MISS,-0.23,-0.38,0.18,-4.3,1.72,1.0,1.2,0.0041,100.0%,36.5,-1.0,52.9%,47.1%,0.0388,37.5,0.0,49.7%,50.3%,0.0181,37.5,0.0,48.7%,51.3%,0.0111,37.5,0.0,49.7%,50.3%,0.0181,39.5,2.0,44.0%,56.0%,-0.0189,37.5,0.0,50.0%,50.0%,0.0199
820,Amen Thompson,AST,4.5,OVER,Underdog and PrizePicks,,,53.0%,C,DO NOT BET,35.21,✅ HIT,10.0,OVER,53.9%,35.71,✅ HIT,OVER,53.0%,35.23,✅ HIT,OVER,53.0%,35.2,✅ HIT,OVER,52.1%,34.71,✅ HIT,-0.51,0.66,0.27,0.9,-1.59,1.0,0.4,0.0064,100.0%,,,,,,,,,,,,,,,,,,,,,,,,,,,,,,
821,Kyle Kuzma,REB,3.5,OVER,Underdog,,0.84x,52.8%,B,DO NOT BET,35.18,NO GAME,,OVER,52.8%,35.1,NO GAME,OVER,53.5%,36.03,NO GAME,OVER,52.1%,34.39,NO GAME,OVER,52.8%,35.19,NO GAME,-0.6,0.41,-1.5,0.7,-1.74,0.4,0.8,0.0048,100.0%,3.5,0.0,57.8%,42.2%,-0.0327,3.5,0.0,56.8%,43.2%,-0.0262,3.5,0.0,58.2%,41.8%,-0.0354,3.5,0.0,55.9%,44.1%,-0.0203,4.5,1.0,52.3%,47.7%,0.0032,3.5,0.0,53.5%,46.5%,-0.0045
822,Dyson Daniels,REB,6.0,UNDER,PrizePicks,,,50.8%,B,DO NOT BET,35.16,❌ MISS,13.0,UNDER,50.3%,34.88,❌ MISS,OVER,50.6%,31.89,✅ HIT,UNDER,52.2%,35.91,❌ MISS,UNDER,51.3%,35.46,❌ MISS,0.21,0.2,0.55,0.6,0.02,0.8,1.2,0.0104,75.0%,,,,,,,,,,,,,,,,,,,,,,,,,,,,,,
823,Jayson Tatum,3PA,8.5,OVER,Underdog,,0.85x,53.8%,B,DO NOT BET,35.12,❌ MISS,6.0,OVER,56.0%,36.34,❌ MISS,OVER,54.9%,35.73,❌ MISS,OVER,52.6%,34.43,❌ MISS,OVER,51.7%,33.98,❌ MISS,-0.66,-0.23,-0.14,-0.3,-0.57,1.4,1.2,0.0174,100.0%,,,,,,,,,,,,,,,,,,,,,,,,,,,,,,
824,Evan Mobley,PTS,18.5,OVER,PrizePicks,,,52.6%,D,DO NOT BET,35.12,❌ MISS,8.0,OVER,52.5%,35.05,❌ MISS,OVER,52.0%,34.78,❌ MISS,OVER,53.3%,35.5,❌ MISS,OVER,52.7%,35.13,❌ MISS,0.06,-0.77,-0.51,-3.1,3.34,1.0,1.2,0.0047,100.0%,,,,,,,,,,,,,,,,,,,,,,,,,,,,,,
825,LeBron James,TOV,2.5,UNDER,Underdog,,0.80x,52.7%,A,DO NOT BET,35.01,✅ HIT,1.0,UNDER,54.4%,35.97,✅ HIT,UNDER,54.6%,36.05,✅ HIT,UNDER,50.7%,33.93,✅ HIT,UNDER,51.0%,34.08,✅ HIT,0.45,-0.26,-1.5,-0.3,0.82,0.8,1.2,0.0183,100.0%,,,,,,,,,,,,,,,,,,,,,,,,,,,,,,
826,Quentin Grimes,AST,4.0,UNDER,PrizePicks,,,57.7%,C,DO NOT BET,35.0,❌ MISS,5.0,UNDER,56.2%,33.37,❌ MISS,UNDER,56.2%,33.28,❌ MISS,UNDER,59.3%,36.83,❌ MISS,UNDER,59.1%,36.55,❌ MISS,-0.28,-0.19,-0.96,-0.4,-0.17,1.6,1.6,0.0151,100.0%,3.5,-0.5,55.2%,44.8%,0.0837,3.5,-0.5,56.5%,43.5%,0.0922,3.5,-0.5,56.9%,43.1%,0.095,3.5,-0.5,55.8%,44.2%,0.0878,4.5,0.5,27.4%,72.6%,-0.0966,3.5,-0.5,53.4%,46.6%,0.0724
827,Donovan Mitchell,RA,10.0,OVER,PrizePicks,,,52.5%,C,DO NOT BET,34.97,❌ MISS,10.0,OVER,50.3%,33.76,❌ MISS,OVER,50.4%,33.84,❌ MISS,OVER,54.9%,36.3,❌ MISS,OVER,54.3%,35.97,❌ MISS,-0.11,0.17,-0.1,0.4,-0.65,0.8,0.8,0.0213,100.0%,,,,,,,,,,,,,,,,,,,,,,,,,,,,,,
828,Jaylen Brown,REB,6.5,OVER,Underdog and PrizePicks,,,50.8%,B,DO NOT BET,34.96,✅ HIT,8.0,UNDER,50.1%,12.14,❌ MISS,OVER,50.8%,34.87,✅ HIT,OVER,51.0%,35.14,✅ HIT,OVER,51.7%,35.96,✅ HIT,-0.48,0.46,1.38,0.5,-1.03,1.0,0.8,0.0063,75.0%,6.5,0.0,51.6%,48.4%,-0.005,,,,,,,,,,,,,,,,,,,,,,,,,
829,Kevin Durant,BLK,0.5,OVER,PrizePicks,,,56.3%,S,BET WITH CAUTION,34.96,✅ HIT,1.0,OVER,56.2%,34.89,✅ HIT,OVER,55.3%,34.38,✅ HIT,OVER,57.4%,35.55,✅ HIT,OVER,56.4%,35.03,✅ HIT,-0.48,0.12,-1.61,0.1,-0.48,1.0,0.4,0.0076,100.0%,,,,,,,,,,,,,,,,,,,,,,,,,,,,,,
830,Bennedict Mathurin,3PA,3.5,OVER,PrizePicks,,,61.7%,B,BET WITH CAUTION,34.94,❌ MISS,3.0,OVER,60.9%,34.52,❌ MISS,OVER,59.5%,33.71,❌ MISS,OVER,64.0%,36.19,❌ MISS,OVER,62.5%,35.35,❌ MISS,-2.88,-1.84,-0.7,-0.9,-0.51,1.0,2.0,0.0168,100.0%,,,,,,,,,,,,,,,,,,,,,,,,,,,,,,
831,Brandon Ingram,AST,3.5,UNDER,Underdog,,0.83x,52.4%,C,DO NOT BET,34.94,❌ MISS,4.0,UNDER,55.1%,38.13,❌ MISS,UNDER,55.1%,38.17,❌ MISS,OVER,50.6%,13.5,✅ HIT,UNDER,50.1%,32.14,❌ MISS,0.14,-1.06,-1.5,-1.5,1.69,1.2,1.6,0.0268,75.0%,3.5,0.0,43.3%,56.7%,-0.0276,3.5,0.0,45.6%,54.4%,-0.0125,3.5,0.0,43.8%,56.2%,-0.0246,3.5,0.0,46.0%,54.0%,-0.0099,3.5,0.0,45.9%,54.1%,-0.0107,3.5,0.0,48.0%,52.0%,0.0029
832,Joel Embiid,TOV,2.5,OVER,Underdog,,1.03x,54.1%,A,DO NOT BET,34.93,✅ HIT,3.0,OVER,51.5%,33.51,✅ HIT,OVER,51.1%,33.31,✅ HIT,OVER,57.1%,36.61,✅ HIT,OVER,56.6%,36.29,✅ HIT,-0.46,0.1,-0.51,0.1,-0.57,1.0,0.8,0.0277,100.0%,,,,,,,,,,,,,,,,,,,,,,,,,,,,,,
833,Derrick White,PA,21.5,UNDER,Underdog and PrizePicks,,,51.2%,D,DO NOT BET,34.9,✅ HIT,18.0,UNDER,52.8%,36.85,✅ HIT,UNDER,52.5%,36.43,✅ HIT,OVER,50.0%,9.79,❌ MISS,OVER,50.5%,10.38,❌ MISS,0.28,-0.71,-0.04,-3.3,4.61,1.0,1.6,0.0147,50.0%,21.5,0.0,48.1%,51.9%,-0.0045,,,,,,,,,,,,,,,,,,,,,,,,,
834,Isaiah Hartenstein,FTA,0.5,OVER,PrizePicks,,,58.9%,C,DO NOT BET,34.9,❌ MISS,0.0,OVER,61.2%,36.16,❌ MISS,OVER,58.6%,34.7,❌ MISS,OVER,59.4%,35.16,❌ MISS,OVER,56.5%,33.57,❌ MISS,-1.19,-0.19,-0.67,-0.3,-1.6,1.2,0.4,0.0169,100.0%,,,,,,,,,,,,,,,,,,,,,,,,,,,,,,
835,Alperen Sengun,AST,4.5,OVER,PrizePicks,Goblin,,55.1%,C,DO NOT BET,34.82,❌ MISS,3.0,OVER,55.7%,35.15,❌ MISS,OVER,54.7%,34.58,❌ MISS,OVER,55.6%,35.08,❌ MISS,OVER,54.4%,34.46,❌ MISS,-0.49,-0.79,0.55,-2.7,1.01,0.8,1.2,0.0055,100.0%,,,,,,,,,,,,,,,,,,,,,,,,,,,,,,
836,Jaden McDaniels,REB,3.5,OVER,Underdog,,0.85x,58.2%,B,DO NOT BET,34.8,❌ MISS,2.0,OVER,58.9%,35.14,❌ MISS,OVER,59.3%,35.4,❌ MISS,OVER,57.2%,34.23,❌ MISS,OVER,57.6%,34.45,❌ MISS,-0.32,-0.37,-2.68,-0.9,0.13,0.8,1.2,0.0087,100.0%,,,,,,,,,,,,,,,,,,,,,,,,,,,,,,
837,Cooper Flagg,FTM,3.5,UNDER,PrizePicks,,,52.2%,B,DO NOT BET,34.8,❌ MISS,5.0,UNDER,51.6%,34.5,❌ MISS,UNDER,52.7%,35.1,❌ MISS,UNDER,51.6%,34.48,❌ MISS,UNDER,52.7%,35.12,❌ MISS,0.14,0.67,-1.3,1.3,-1.03,1.0,0.4,0.0057,100.0%,,,,,,,,,,,,,,,,,,,,,,,,,,,,,,
838,Jalen Williams,FTA,2.5,OVER,PrizePicks,Demon,,57.8%,C,DO NOT BET,34.79,✅ HIT,4.0,OVER,56.7%,34.14,✅ HIT,OVER,54.5%,32.95,✅ HIT,OVER,61.7%,36.91,✅ HIT,OVER,58.5%,35.16,✅ HIT,-0.29,-0.41,-1.5,-1.9,0.55,1.0,0.8,0.0264,100.0%,,,,,,,,,,,,,,,,,,,,,,,,,,,,,,
839,Jaylen Brown,TOV,3.5,OVER,Underdog,,0.94x,51.2%,A,DO NOT BET,34.72,✅ HIT,5.0,OVER,50.7%,34.48,✅ HIT,OVER,50.4%,34.3,✅ HIT,OVER,51.9%,35.16,✅ HIT,OVER,51.6%,34.94,✅ HIT,-0.05,0.23,-0.07,0.3,-0.36,0.8,0.8,0.0062,100.0%,,,,,,,,,,,,,,,,,,,,,,,,,,,,,,
840,Darius Garland,PRA,29.5,UNDER,Underdog and PrizePicks,,,51.7%,D,DO NOT BET,34.69,❌ MISS,34.0,UNDER,52.5%,35.66,❌ MISS,UNDER,52.3%,35.41,❌ MISS,UNDER,51.2%,34.03,❌ MISS,UNDER,50.8%,33.64,❌ MISS,-0.12,0.36,-0.06,4.5,-5.94,1.0,0.8,0.0072,100.0%,29.5,0.0,48.5%,51.5%,0.0015,29.5,0.0,51.1%,48.9%,0.018,29.5,0.0,45.3%,54.7%,-0.0193,29.5,0.0,49.7%,50.3%,0.0093,31.5,2.0,42.0%,58.0%,-0.0411,29.5,0.0,49.2%,50.8%,0.0059
841,Luka Dončić,FGA,26.5,UNDER,Underdog and PrizePicks,,,62.8%,D,DO NOT BET,34.69,❌ MISS,30.0,UNDER,63.2%,34.88,❌ MISS,UNDER,61.6%,34.0,❌ MISS,UNDER,63.9%,35.31,❌ MISS,UNDER,62.6%,34.58,❌ MISS,-1.93,0.88,-1.4,1.7,-5.43,1.0,0.4,0.0087,100.0%,,,,,,,,,,,,,,,,,,,,,,,,,,,,,,
842,Darius Garland,PA,26.5,OVER,Underdog and PrizePicks,,,51.3%,D,DO NOT BET,34.68,✅ HIT,30.0,UNDER,51.7%,12.25,❌ MISS,UNDER,51.3%,11.82,❌ MISS,OVER,53.9%,37.87,✅ HIT,OVER,54.4%,38.47,✅ HIT,0.07,-0.45,-0.02,-5.3,6.13,1.2,1.2,0.0286,50.0%,26.5,0.0,50.5%,49.5%,0.0053,27.5,1.0,48.8%,51.2%,0.0164,,,,,,,,,,,27.5,1.0,48.4%,51.6%,0.019,26.5,0.0,51.1%,48.9%,0.0018
843,Tobias Harris,RA,7.5,OVER,PrizePicks,Goblin,,51.2%,C,DO NOT BET,34.67,❌ MISS,6.0,OVER,51.7%,34.9,❌ MISS,OVER,51.7%,34.9,❌ MISS,OVER,50.9%,34.47,❌ MISS,OVER,50.8%,34.41,❌ MISS,-0.08,-1.7,0.85,-3.3,3.15,1.0,1.6,0.0042,100.0%,,,,,,,,,,,,,,,,,,,,,,,,,,,,,,
844,Jrue Holiday,FTA,1.5,OVER,PrizePicks,,,54.8%,C,DO NOT BET,34.64,❌ MISS,1.0,OVER,52.3%,33.27,❌ MISS,OVER,50.6%,32.36,❌ MISS,OVER,59.6%,37.27,❌ MISS,OVER,56.7%,35.66,❌ MISS,-0.55,0.94,-1.33,0.7,-1.11,0.8,0.4,0.0353,100.0%,,,,,,,,,,,,,,,,,,,,,,,,,,,,,,
845,Alperen Sengun,PR,28.5,OVER,Underdog,,,54.0%,D,DO NOT BET,34.62,✅ HIT,36.0,OVER,56.4%,35.9,✅ HIT,OVER,56.1%,35.76,✅ HIT,OVER,51.8%,33.38,✅ HIT,OVER,51.9%,33.45,✅ HIT,-0.08,-0.03,-1.12,-0.3,-0.55,1.0,1.2,0.022,100.0%,,,,,,,,,,,,,,,,,,,,,,,,,,,,,,
846,Austin Reaves,TOV,2.5,UNDER,Underdog,,0.82x,50.9%,A,DO NOT BET,34.6,✅ HIT,2.0,UNDER,52.8%,35.68,✅ HIT,UNDER,53.0%,35.79,✅ HIT,OVER,51.4%,30.22,❌ MISS,OVER,51.0%,30.02,❌ MISS,0.44,-0.56,1.86,-0.5,0.89,1.0,1.2,0.0207,50.0%,,,,,,,,,,,,,,,,,,,,,,,,,,,,,,
847,Jaime Jaquez Jr.,PRA,18.5,OVER,Underdog,,,63.4%,D,DO NOT BET,34.57,✅ HIT,21.0,OVER,65.5%,35.75,✅ HIT,OVER,65.3%,35.63,✅ HIT,OVER,61.2%,33.39,✅ HIT,OVER,61.5%,33.54,✅ HIT,-1.0,-0.11,0.08,-0.7,-5.54,1.4,0.8,0.0203,100.0%,,,,,,,,,,,,,,,,,,,,,,,,,,,,,,
848,Jrue Holiday,PTS,15.5,OVER,Underdog and PrizePicks,,,50.6%,D,DO NOT BET,34.52,❌ MISS,13.0,OVER,51.4%,35.41,❌ MISS,OVER,50.9%,34.86,❌ MISS,OVER,50.4%,34.23,❌ MISS,UNDER,50.1%,12.67,✅ HIT,-0.17,1.99,-0.9,3.9,-4.24,0.6,0.0,0.0056,75.0%,15.5,0.0,50.5%,49.5%,0.0007,15.5,0.0,50.1%,49.9%,0.0033,15.5,0.0,51.3%,48.7%,-0.0046,15.5,0.0,50.3%,49.7%,0.0024,18.5,3.0,30.9%,69.1%,0.1285,15.5,0.0,51.1%,48.9%,-0.0028
849,Alex Caruso,3PM,0.5,OVER,PrizePicks,Goblin,,56.4%,S,DO NOT BET,34.5,✅ HIT,1.0,OVER,60.9%,36.95,✅ HIT,OVER,60.5%,36.75,✅ HIT,OVER,52.3%,32.25,✅ HIT,OVER,51.9%,32.04,✅ HIT,-1.1,0.75,-1.5,0.3,-0.74,0.8,0.4,0.0428,100.0%,,,,,,,,,,,,,,,,,,,,,,,,,,,,,,
850,VJ Edgecombe,3PM,1.5,OVER,PrizePicks,Goblin,,56.3%,S,DO NOT BET,34.47,✅ HIT,4.0,OVER,57.3%,35.34,✅ HIT,OVER,57.0%,34.94,✅ HIT,OVER,55.6%,34.08,✅ HIT,OVER,55.2%,33.54,✅ HIT,-0.21,-0.36,0.25,-0.9,0.38,0.6,0.8,0.0087,100.0%,2.5,1.0,41.1%,58.9%,0.0984,2.5,1.0,42.1%,57.9%,0.0921,2.5,1.0,43.3%,56.7%,0.0843,2.5,1.0,41.5%,58.5%,0.0957,2.5,1.0,42.1%,57.9%,0.0921,2.5,1.0,42.8%,57.2%,0.0878
851,Jaylen Brown,3PA,4.5,OVER,Underdog and PrizePicks,Goblin,0.81x,57.0%,B,DO NOT BET,34.46,❌ MISS,3.0,OVER,55.1%,33.44,❌ MISS,OVER,54.1%,32.86,❌ MISS,OVER,60.0%,36.12,❌ MISS,OVER,58.7%,35.41,❌ MISS,-1.83,-0.79,-0.46,-0.5,-0.66,1.0,1.6,0.0245,100.0%,,,,,,,,,,,,,,,,,,,,,,,,,,,,,,
852,Amen Thompson,STL,1.5,UNDER,Underdog,,0.85x,61.5%,A,BET WITH CAUTION,34.41,✅ HIT,0.0,UNDER,57.6%,32.25,✅ HIT,UNDER,57.8%,32.37,✅ HIT,UNDER,65.3%,36.5,✅ HIT,UNDER,65.3%,36.51,✅ HIT,-0.04,-0.56,-6.0,-0.5,0.46,1.4,1.2,0.0382,100.0%,,,,,,,,,,,,,,,,,,,,,,,,,,,,,,
853,Deandre Ayton,FTM,0.5,OVER,PrizePicks,Goblin,,53.5%,B,DO NOT BET,34.41,NO GAME,,OVER,55.6%,35.57,NO GAME,OVER,53.7%,34.54,NO GAME,OVER,53.2%,34.24,NO GAME,OVER,51.4%,33.28,NO GAME,-0.49,-0.66,-0.25,-0.9,0.24,1.0,1.2,0.0148,100.0%,,,,,,,,,,,,,,,,,,,,,,,,,,,,,,
854,Klay Thompson,PTS,12.0,UNDER,PrizePicks,,,56.2%,D,DO NOT BET,34.41,✅ HIT,8.0,UNDER,61.1%,40.14,✅ HIT,UNDER,61.1%,40.12,✅ HIT,UNDER,51.1%,28.39,✅ HIT,UNDER,51.6%,28.98,✅ HIT,-0.02,0.44,0.29,2.2,-2.3,1.0,0.8,0.0485,100.0%,11.5,-0.5,52.3%,47.7%,0.0551,11.5,-0.5,53.0%,47.0%,0.0601,11.5,-0.5,52.8%,47.2%,0.0587,11.5,-0.5,50.4%,49.6%,0.0429,,,,,,,,,,
855,CJ McCollum,PTS,17.5,OVER,Underdog,,1.02x,54.0%,D,DO NOT BET,34.4,✅ HIT,27.0,OVER,53.1%,33.9,✅ HIT,OVER,52.6%,33.62,✅ HIT,OVER,55.6%,35.26,✅ HIT,OVER,54.9%,34.84,✅ HIT,-0.2,-0.02,-0.45,-0.1,-1.03,0.8,0.8,0.0122,100.0%,,,,,,,,,,,,,,,,,,,,,,,,,,,,,,
856,Immanuel Quickley,PRA,25.5,UNDER,Underdog and PrizePicks,,1.03x,52.1%,D,DO NOT BET,34.4,NO GAME,,UNDER,55.1%,37.74,NO GAME,UNDER,54.9%,37.43,NO GAME,OVER,50.5%,32.03,NO GAME,OVER,50.8%,32.41,NO GAME,0.31,-1.28,-0.27,-6.1,7.57,1.2,1.6,0.0284,50.0%,25.5,0.0,50.0%,50.0%,0.0139,26.5,1.0,51.2%,48.8%,0.0218,26.5,1.0,44.4%,55.6%,-0.0222,26.5,1.0,50.1%,49.9%,0.0148,28.5,3.0,41.4%,58.6%,-0.042,26.5,1.0,49.1%,50.9%,0.0079
857,Jayson Tatum,PRA,32.5,UNDER,Underdog,,,55.9%,D,DO NOT BET,34.38,❌ MISS,38.0,UNDER,56.0%,34.63,❌ MISS,UNDER,55.8%,34.24,❌ MISS,UNDER,56.1%,34.53,❌ MISS,UNDER,55.8%,34.13,❌ MISS,-0.19,-0.08,0.87,-0.5,-0.75,1.0,1.2,0.0016,100.0%,31.5,-1.0,54.9%,45.1%,0.0705,,,,,,,,,,,,,,,,,,,,,,,,,
858,P.J. Washington,RA,8.5,UNDER,Underdog and PrizePicks,,,51.2%,C,DO NOT BET,34.35,❌ MISS,16.0,OVER,50.3%,10.69,✅ HIT,OVER,50.5%,10.88,✅ HIT,UNDER,53.1%,36.55,❌ MISS,UNDER,52.7%,36.08,❌ MISS,0.1,0.03,0.61,0.1,0.17,1.0,0.8,0.0165,50.0%,,,,,,,,,,,,,,,,,,,,,,,,,,8.5,0.0,48.0%,52.0%,-0.0049
859,Jerami Grant,STL,0.5,OVER,PrizePicks,Goblin,,50.2%,A,DO NOT BET,34.34,❌ MISS,0.0,UNDER,56.2%,31.86,✅ HIT,UNDER,56.4%,32.0,✅ HIT,OVER,57.0%,38.05,❌ MISS,OVER,56.5%,37.79,❌ MISS,-0.22,-0.46,3.0,-0.5,0.25,1.6,1.2,0.065,50.0%,,,,,,,,,,,,,,,,,,,,,,,,,,,,,,
860,Reed Sheppard,AST,4.5,UNDER,Underdog and PrizePicks,,1.03x,58.1%,C,DO NOT BET,34.34,✅ HIT,3.0,UNDER,61.1%,36.03,✅ HIT,UNDER,60.6%,35.75,✅ HIT,UNDER,55.2%,32.75,✅ HIT,UNDER,55.3%,32.83,✅ HIT,-0.26,0.36,-3.92,1.5,-2.59,1.4,1.2,0.0283,100.0%,,,,,,,,,,,,,,,,,,,,,,,,,,,,,,
861,Tobias Harris,PRA,23.5,UNDER,Underdog and PrizePicks,,0.88x,58.4%,D,DO NOT BET,34.3,❌ MISS,28.0,UNDER,58.4%,34.3,❌ MISS,UNDER,58.0%,34.11,❌ MISS,UNDER,58.7%,34.49,❌ MISS,UNDER,58.4%,34.31,❌ MISS,-0.91,0.23,-0.77,0.7,-3.42,1.0,0.4,0.0024,100.0%,,,,,,,,,,,,,,,,,,,,,,,,,,,,,,
862,Victor Wembanyama,AST,2.5,OVER,PrizePicks,Goblin,,55.8%,C,DO NOT BET,34.29,✅ HIT,3.0,OVER,55.2%,33.62,✅ HIT,OVER,54.2%,32.34,✅ HIT,OVER,57.5%,36.42,✅ HIT,OVER,56.2%,34.78,✅ HIT,-0.28,-0.41,-0.69,-0.7,0.22,1.2,1.2,0.0122,100.0%,3.5,1.0,39.6%,60.4%,0.1049,3.5,1.0,39.9%,60.1%,0.1032,3.5,1.0,41.1%,58.9%,0.0952,3.5,1.0,39.4%,60.6%,0.1063,3.5,1.0,40.1%,59.9%,0.1022,3.5,1.0,41.5%,58.5%,0.0927
863,Norman Powell,3PA,6.5,OVER,Underdog,,0.84x,52.8%,B,DO NOT BET,34.29,✅ HIT,7.0,OVER,51.0%,33.35,✅ HIT,OVER,50.3%,32.95,✅ HIT,OVER,55.3%,35.71,✅ HIT,OVER,54.3%,35.16,✅ HIT,-0.26,0.27,-0.42,0.7,-1.39,1.2,0.4,0.0212,100.0%,,,,,,,,,,,,,,,,,,,,,,,,,,,,,,
864,Donte DiVincenzo,3PM,2.5,OVER,PrizePicks,,,51.0%,S,DO NOT BET,34.24,✅ HIT,5.0,OVER,51.9%,34.73,✅ HIT,OVER,51.6%,34.58,✅ HIT,OVER,50.4%,33.92,✅ HIT,OVER,50.1%,33.73,✅ HIT,-0.33,0.07,-0.05,0.1,-0.54,0.8,1.2,0.0077,100.0%,,,,,,,,,,,,,,,,,,,,,,,,,,,,,,
865,Collin Sexton,PRA,19.5,OVER,Underdog and PrizePicks,,,68.0%,D,STRONG BET,34.22,✅ HIT,21.0,OVER,67.8%,33.96,✅ HIT,OVER,67.5%,33.65,✅ HIT,OVER,68.2%,34.48,✅ HIT,OVER,68.5%,34.76,✅ HIT,-0.07,-0.97,-0.63,-8.1,7.51,1.2,1.6,0.0036,100.0%,,,,,,,,,,,,,,,,19.5,0.0,48.7%,51.3%,0.1258,,,,,,19.5,0.0,48.9%,51.1%,0.1241
866,Julius Randle,RA,11.0,UNDER,PrizePicks,,,51.2%,C,DO NOT BET,34.19,❌ MISS,12.0,UNDER,52.7%,35.03,❌ MISS,UNDER,52.2%,34.76,❌ MISS,OVER,50.1%,30.26,✅ HIT,OVER,50.1%,30.25,✅ HIT,0.47,-0.2,-0.12,-0.4,1.33,1.4,1.2,0.013,50.0%,,,,,,,,,,,,,,,,,,,,,,,,,,,,,,
867,Kevin Durant,RA,9.5,OVER,Underdog and PrizePicks,,,51.2%,C,DO NOT BET,34.18,✅ HIT,11.0,OVER,50.1%,33.58,✅ HIT,OVER,50.3%,33.68,✅ HIT,OVER,52.4%,34.82,✅ HIT,OVER,52.1%,34.66,✅ HIT,-0.19,0.33,-0.44,0.7,-1.1,1.0,0.8,0.0101,100.0%,,,,,,,,,,,,,,,,,,,,,,,,,,,,,,
868,Austin Reaves,FTA,5.5,OVER,PrizePicks,,,55.8%,C,DO NOT BET,34.16,✅ HIT,9.0,OVER,54.8%,33.58,✅ HIT,OVER,52.8%,32.51,✅ HIT,OVER,59.3%,36.06,✅ HIT,OVER,56.4%,34.48,✅ HIT,-0.73,-0.56,-0.93,-1.3,-0.4,1.4,1.2,0.0237,100.0%,,,,,,,,,,,,,,,,,,,,,,,,,,,,,,
869,Brandon Ingram,FTM,3.5,UNDER,Underdog,,0.84x,53.1%,B,DO NOT BET,34.15,✅ HIT,0.0,UNDER,54.4%,34.89,✅ HIT,UNDER,55.2%,35.32,✅ HIT,UNDER,50.7%,32.85,✅ HIT,UNDER,52.0%,33.55,✅ HIT,0.13,0.24,-1.5,0.5,-0.22,0.6,0.4,0.0181,100.0%,,,,,,,,,,,,,,,,,,,,,,,,,,,,,,
870,Rudy Gobert,PRA,25.5,UNDER,Underdog and PrizePicks,,,54.8%,D,DO NOT BET,34.15,❌ MISS,29.0,UNDER,56.5%,35.11,❌ MISS,UNDER,56.2%,34.94,❌ MISS,UNDER,53.4%,33.36,❌ MISS,UNDER,53.0%,33.18,❌ MISS,-0.16,0.08,-1.25,0.7,-2.01,1.0,0.8,0.016,100.0%,,,,,,,,,,,,,,,,,,,,,,,,,,,,,,
871,Austin Reaves,RA,10.0,UNDER,PrizePicks,,,53.1%,C,DO NOT BET,34.15,✅ HIT,9.0,OVER,50.5%,24.78,❌ MISS,OVER,50.6%,24.97,❌ MISS,UNDER,57.2%,38.96,✅ HIT,UNDER,56.3%,37.86,✅ HIT,0.13,-0.32,-0.0,-0.6,0.84,1.0,1.2,0.0365,50.0%,10.5,0.5,45.8%,54.2%,-0.0072,10.5,0.5,46.6%,53.4%,-0.002,,,,,,,,,,,10.5,0.5,46.9%,53.1%,-0.0002,10.5,0.5,46.5%,53.5%,-0.003
872,Deni Avdija,FTM,6.5,OVER,Underdog and PrizePicks,,,51.5%,B,DO NOT BET,34.14,✅ HIT,9.0,OVER,52.1%,34.45,✅ HIT,OVER,50.6%,33.63,✅ HIT,OVER,52.5%,34.7,✅ HIT,OVER,50.8%,33.78,✅ HIT,-0.47,-1.58,0.67,-3.1,2.18,1.2,2.0,0.0081,100.0%,,,,,,,,,,,,,,,,,,,,,,,,,,,,,,
873,Bam Adebayo,FGM,7.5,UNDER,PrizePicks,,,53.2%,C,DO NOT BET,34.13,✅ HIT,6.0,UNDER,56.1%,35.75,✅ HIT,UNDER,56.5%,35.94,✅ HIT,OVER,50.2%,33.63,❌ MISS,UNDER,50.4%,32.58,✅ HIT,-0.18,0.04,-0.18,0.1,-0.55,1.0,1.2,0.0313,75.0%,,,,,,,,,,,,,,,,,,,,,,,,,,,,,,
874,Kawhi Leonard,AST,3.5,UNDER,Underdog,,0.83x,51.3%,C,DO NOT BET,34.09,✅ HIT,2.0,OVER,50.5%,13.32,❌ MISS,UNDER,50.0%,32.6,✅ HIT,UNDER,52.6%,35.69,✅ HIT,UNDER,53.0%,36.15,✅ HIT,0.08,-0.63,-1.5,-1.1,1.24,1.4,1.6,0.0155,75.0%,3.5,0.0,44.4%,55.6%,-0.0279,3.5,0.0,46.4%,53.6%,-0.015,3.5,0.0,46.1%,53.9%,-0.0169,3.5,0.0,46.3%,53.7%,-0.0158,3.5,0.0,45.9%,54.1%,-0.0183,3.5,0.0,48.0%,52.0%,-0.0048
875,Jalen Johnson,FGA,16.5,OVER,Underdog,,0.87x,53.2%,D,DO NOT BET,34.09,✅ HIT,18.0,OVER,53.9%,34.46,✅ HIT,OVER,52.5%,33.72,✅ HIT,OVER,53.8%,34.42,✅ HIT,OVER,52.6%,33.77,✅ HIT,-0.21,-0.16,-1.52,-0.5,-0.13,1.2,1.2,0.0063,100.0%,,,,,,,,,,,,,,,,,,,,,,,,,,,,,,
876,Victor Wembanyama,TOV,2.5,UNDER,Underdog,,1.06x,51.0%,A,DO NOT BET,34.07,✅ HIT,2.0,UNDER,52.0%,34.58,✅ HIT,UNDER,52.2%,34.71,✅ HIT,OVER,50.1%,32.87,❌ MISS,UNDER,50.2%,33.59,✅ HIT,0.01,-0.46,0.19,-0.5,0.51,1.4,1.2,0.0105,75.0%,,,,,,,,,,,,,,,,,,,,,,,,,,,,,,
877,Myles Turner,3PA,4.5,OVER,PrizePicks,Goblin,,53.4%,B,DO NOT BET,34.07,NO GAME,,OVER,55.0%,34.94,NO GAME,OVER,54.0%,34.37,NO GAME,OVER,52.8%,33.71,NO GAME,OVER,51.9%,33.24,NO GAME,-0.64,0.35,-0.81,0.5,-1.41,1.0,0.8,0.0117,100.0%,,,,,,,,,,,,,,,,,,,,,,,,,,,,,,
878,VJ Edgecombe,3PA,6.5,UNDER,Underdog,,,52.2%,B,DO NOT BET,34.06,✅ HIT,5.0,UNDER,50.5%,33.11,✅ HIT,UNDER,51.0%,33.43,✅ HIT,UNDER,53.4%,34.73,✅ HIT,UNDER,53.8%,34.96,✅ HIT,-0.17,0.07,-1.25,0.3,-1.05,1.4,1.2,0.0145,100.0%,,,,,,,,,,,,,,,,,,,,,,,,,,,,,,
879,Nikola Jokić,3PM,1.5,OVER,Underdog and PrizePicks,Goblin,0.87x,51.0%,S,DO NOT BET,34.05,❌ MISS,1.0,OVER,52.1%,35.42,❌ MISS,OVER,51.8%,35.08,❌ MISS,OVER,50.1%,33.06,❌ MISS,UNDER,50.2%,12.7,✅ HIT,-0.32,0.56,-0.39,0.5,-0.79,1.0,0.8,0.0101,75.0%,1.5,0.0,53.7%,46.3%,-0.0179,1.5,0.0,53.8%,46.2%,-0.0187,1.5,0.0,51.9%,48.1%,-0.0059,1.5,0.0,54.0%,46.0%,-0.0195,1.5,0.0,54.1%,45.9%,-0.0203,1.5,0.0,55.4%,44.6%,-0.0289
880,Deandre Ayton,PR,20.5,UNDER,PrizePicks,,,51.8%,D,DO NOT BET,34.05,NO GAME,,OVER,53.5%,15.24,NO GAME,OVER,53.3%,15.06,NO GAME,UNDER,57.1%,40.4,NO GAME,UNDER,57.0%,40.24,NO GAME,0.05,-0.47,0.18,-2.1,2.31,1.2,1.2,0.0522,50.0%,20.5,0.0,51.1%,48.9%,0.0188,20.5,0.0,48.9%,51.1%,0.0049,,,,,,,,,,,20.5,0.0,48.9%,51.1%,0.0049,20.5,0.0,50.8%,49.2%,0.0171
881,Deni Avdija,TOV,3.5,UNDER,Underdog,,0.80x,50.5%,A,DO NOT BET,34.03,❌ MISS,4.0,OVER,53.2%,31.29,✅ HIT,OVER,52.8%,31.07,✅ HIT,UNDER,53.9%,35.88,❌ MISS,UNDER,54.0%,35.97,❌ MISS,0.46,0.4,1.1,0.3,0.04,1.0,0.8,0.0345,50.0%,,,,,,,,,,,,,,,,,,,,,,,,,,,,,,
882,Collin Sexton,3PA,5.5,UNDER,Underdog,,0.82x,55.9%,B,DO NOT BET,34.0,✅ HIT,4.0,UNDER,56.0%,34.03,✅ HIT,UNDER,56.1%,34.1,✅ HIT,UNDER,55.7%,33.86,✅ HIT,UNDER,55.9%,34.0,✅ HIT,-0.57,0.11,-1.33,0.3,-1.85,0.8,0.8,0.0016,100.0%,,,,,,,,,,,,,,,,,,,,,,,,,,,,,,
883,Dyson Daniels,STL,1.5,OVER,Underdog and PrizePicks,Goblin,0.79x,52.9%,A,DO NOT BET,33.98,✅ HIT,2.0,OVER,55.5%,35.4,✅ HIT,OVER,55.0%,35.14,✅ HIT,OVER,50.8%,32.79,✅ HIT,OVER,50.4%,32.59,✅ HIT,-0.39,-0.46,-1.22,-0.5,0.07,1.4,1.2,0.0236,100.0%,,,,,,,,,,,,,,,,,,,,,,,,,,,,,,
884,Paul George,PRA,27.5,UNDER,Underdog and PrizePicks,,1.02x,70.7%,D,STRONG BET,33.94,❌ MISS,38.0,UNDER,72.9%,36.83,❌ MISS,UNDER,72.3%,36.12,❌ MISS,UNDER,68.9%,31.59,❌ MISS,UNDER,68.5%,31.21,❌ MISS,-0.3,-0.31,-0.84,-2.7,0.01,1.4,1.6,0.0197,100.0%,28.5,1.0,48.0%,52.0%,0.1215,28.5,1.0,50.2%,49.8%,0.1354,28.5,1.0,45.9%,54.1%,0.1077,27.5,0.0,52.2%,47.8%,0.1489,30.5,3.0,32.4%,67.6%,0.0201,27.5,0.0,49.2%,50.8%,0.129
885,Alperen Sengun,PRA,34.5,OVER,Underdog and PrizePicks,,,54.2%,D,DO NOT BET,33.91,✅ HIT,39.0,OVER,56.7%,35.26,✅ HIT,OVER,56.7%,35.25,✅ HIT,OVER,51.6%,32.48,✅ HIT,OVER,51.9%,32.65,✅ HIT,-0.08,-0.11,-1.04,-1.5,0.45,0.8,0.8,0.0245,100.0%,,,,,,,,,,,,,,,,,,,,,,,,,,,,,,
886,Tobias Harris,PA,17.0,UNDER,PrizePicks,,,53.8%,D,DO NOT BET,33.91,❌ MISS,25.0,UNDER,53.2%,33.58,❌ MISS,UNDER,52.8%,33.38,❌ MISS,UNDER,54.8%,34.48,❌ MISS,UNDER,54.3%,34.22,❌ MISS,-0.42,0.28,-0.39,1.0,-2.46,1.0,0.4,0.0081,100.0%,,,,,,,,,,,,,,,,,,,,,,,,,,,,,,
887,Ausar Thompson,PRA,19.5,UNDER,PrizePicks,,,53.5%,D,DO NOT BET,33.9,❌ MISS,27.0,UNDER,53.3%,33.79,❌ MISS,UNDER,53.1%,33.66,❌ MISS,UNDER,54.0%,34.16,❌ MISS,UNDER,53.6%,33.98,❌ MISS,-0.19,-1.06,-0.98,-4.7,3.85,1.0,1.6,0.0034,100.0%,,,,,,,,,,,,,,,,,,,,,,,,,,,,,,
888,Jalen Johnson,TOV,3.5,UNDER,Underdog and PrizePicks,,,51.6%,A,DO NOT BET,33.88,❌ MISS,5.0,UNDER,53.0%,34.68,❌ MISS,UNDER,53.2%,34.79,❌ MISS,OVER,50.1%,33.25,✅ HIT,UNDER,50.2%,33.11,❌ MISS,-0.17,-0.12,0.35,-0.1,-0.03,1.2,0.8,0.0156,75.0%,,,,,,,,,,,,,,,,,,,,,,,,,,,,,,
889,Norman Powell,3PM,2.5,OVER,Underdog,,1.06x,51.0%,S,DO NOT BET,33.87,✅ HIT,3.0,OVER,50.3%,33.51,✅ HIT,OVER,50.0%,33.36,✅ HIT,OVER,52.0%,34.42,✅ HIT,OVER,51.6%,34.21,✅ HIT,-0.21,0.75,-0.76,0.9,-1.15,1.0,0.4,0.0081,100.0%,,,,,,,,,,,,,,,,,,,,,,,,,,,,,,
890,Jonathan Kuminga,PRA,19.5,UNDER,PrizePicks,,,52.6%,D,DO NOT BET,33.86,✅ HIT,14.0,UNDER,63.4%,39.8,✅ HIT,UNDER,63.0%,39.55,✅ HIT,OVER,57.8%,33.76,❌ MISS,OVER,58.1%,33.92,❌ MISS,0.26,-0.4,-0.0,-2.5,4.11,0.8,1.2,0.1057,50.0%,,,,,,,,,,,,,,,,,,,,,,,,,,,,,,
891,Jalen Johnson,REB,9.0,OVER,PrizePicks,,,54.0%,B,DO NOT BET,33.86,❌ MISS,8.0,OVER,54.4%,34.1,❌ MISS,OVER,55.1%,34.47,❌ MISS,OVER,52.9%,33.26,❌ MISS,OVER,53.5%,33.59,❌ MISS,-0.42,-0.31,-0.65,-1.0,-0.37,0.8,1.2,0.0084,100.0%,,,,,,,,,,,,,,,,,,,,,,,,,,,,,,
892,Dyson Daniels,FGA,9.5,OVER,PrizePicks,,,53.0%,D,DO NOT BET,33.82,✅ HIT,14.0,OVER,54.4%,34.57,✅ HIT,OVER,53.0%,33.78,✅ HIT,OVER,52.9%,33.76,✅ HIT,OVER,51.9%,33.18,✅ HIT,-0.17,-0.22,-0.99,-0.9,0.21,1.0,0.8,0.009,100.0%,,,,,,,,,,,,,,,,,,,,,,,,,,,,,,
893,Jalen Johnson,PA,29.5,UNDER,PrizePicks,,,51.5%,D,DO NOT BET,33.8,❌ MISS,39.0,UNDER,55.6%,36.05,❌ MISS,UNDER,55.3%,35.87,❌ MISS,OVER,52.2%,31.44,✅ HIT,OVER,52.7%,31.71,✅ HIT,0.18,-0.07,0.17,-0.5,1.78,1.0,0.8,0.0394,50.0%,,,,,,,,,,,,,,,,,,,,,,,,,,,,,,
894,Onyeka Okongwu,RA,10.0,UNDER,PrizePicks,,,51.4%,C,DO NOT BET,33.79,✅ HIT,3.0,UNDER,53.2%,34.8,✅ HIT,UNDER,52.7%,34.5,✅ HIT,OVER,50.1%,30.75,❌ MISS,OVER,50.1%,30.74,❌ MISS,0.49,0.2,-0.3,0.4,0.57,1.0,0.8,0.0156,50.0%,,,,,,,,,,,,,,,,,,,,,,,,,,,,,,
895,Rudy Gobert,PTS,11.5,UNDER,Underdog,,1.03x,51.1%,D,DO NOT BET,33.79,❌ MISS,14.0,UNDER,51.4%,33.96,❌ MISS,UNDER,51.7%,34.16,❌ MISS,UNDER,50.3%,33.38,❌ MISS,UNDER,50.8%,33.67,❌ MISS,-0.07,0.04,-0.91,0.3,-0.8,1.0,1.2,0.0054,100.0%,,,,,,,,,,,,,,,,,,,,,,,,,,,,,,
896,Nikola Jokić,PRA,51.5,OVER,Underdog and PrizePicks,,,50.9%,D,DO NOT BET,33.78,✅ HIT,63.0,UNDER,50.5%,31.59,❌ MISS,UNDER,50.3%,31.39,❌ MISS,OVER,52.1%,35.14,✅ HIT,OVER,52.5%,35.51,✅ HIT,0.02,0.6,0.35,6.1,-5.86,1.0,0.8,0.0137,50.0%,50.5,-1.0,50.4%,49.6%,0.0036,51.5,0.0,50.3%,49.7%,0.0044,50.5,-1.0,52.3%,47.7%,-0.0086,51.5,0.0,49.7%,50.3%,0.0078,53.5,2.0,46.7%,53.3%,0.0278,52.5,1.0,54.1%,45.9%,-0.0204
897,Josh Giddey,REB,8.0,UNDER,PrizePicks,,,50.9%,B,DO NOT BET,33.76,❌ MISS,9.0,UNDER,50.6%,33.37,❌ MISS,OVER,50.3%,25.36,✅ HIT,UNDER,52.0%,35.18,❌ MISS,UNDER,51.2%,34.19,❌ MISS,0.06,-0.04,0.93,-0.2,0.51,0.8,1.2,0.0085,75.0%,8.5,0.5,45.7%,54.3%,-0.0223,7.5,-0.5,46.3%,53.7%,-0.018,8.5,0.5,47.0%,53.0%,-0.0138,8.5,0.5,45.8%,54.2%,-0.0212,9.5,1.5,41.8%,58.2%,-0.0476,8.5,0.5,47.4%,52.6%,-0.0113
898,James Harden,PTS,21.5,OVER,Underdog,,0.87x,55.5%,D,DO NOT BET,33.71,❌ MISS,18.0,OVER,53.2%,32.44,❌ MISS,OVER,52.7%,32.15,❌ MISS,OVER,58.5%,35.37,❌ MISS,OVER,57.6%,34.9,❌ MISS,-0.35,-0.38,-0.15,-2.9,0.22,0.8,1.2,0.026,100.0%,,,,,,,,,,,,,,,,,,,,,,,,,,,,,,
899,Nikola Jokić,RA,23.0,OVER,PrizePicks,,,57.0%,C,DO NOT BET,33.7,✅ HIT,40.0,OVER,58.2%,35.17,✅ HIT,OVER,57.5%,34.29,✅ HIT,OVER,56.5%,33.15,✅ HIT,OVER,55.7%,32.18,✅ HIT,-0.06,-0.27,-0.73,-1.6,1.25,1.2,0.8,0.0095,100.0%,22.5,-0.5,49.1%,50.8%,0.051,23.5,0.5,47.7%,52.3%,0.0602,,,,,,,,,,,23.5,0.5,48.0%,52.0%,0.0585,23.5,0.5,50.0%,50.0%,0.0455
900,Amen Thompson,FTM,3.5,UNDER,Underdog,,0.86x,51.8%,B,DO NOT BET,33.68,✅ HIT,3.0,OVER,51.0%,33.93,❌ MISS,UNDER,50.3%,32.88,✅ HIT,UNDER,53.5%,34.6,✅ HIT,UNDER,54.4%,35.12,✅ HIT,0.2,0.48,-0.71,0.7,-0.4,0.6,0.8,0.0222,75.0%,,,,,,,,,,,,,,,,,,,,,,,,,,,,,,
901,P.J. Washington,3PA,4.5,UNDER,Underdog,,1.05x,58.1%,B,DO NOT BET,33.66,❌ MISS,5.0,UNDER,59.3%,34.3,❌ MISS,UNDER,59.1%,34.22,❌ MISS,UNDER,56.9%,33.01,❌ MISS,UNDER,57.1%,33.1,❌ MISS,-0.14,0.47,-5.2,1.1,-1.43,1.2,0.8,0.0109,100.0%,,,,,,,,,,,,,,,,,,,,,,,,,,,,,,
902,Bam Adebayo,PR,31.5,UNDER,Underdog and PrizePicks,,,52.3%,D,DO NOT BET,33.6,✅ HIT,27.0,UNDER,52.7%,33.82,✅ HIT,UNDER,52.7%,33.78,✅ HIT,UNDER,52.0%,33.43,✅ HIT,UNDER,51.9%,33.35,✅ HIT,-0.12,0.19,-0.84,2.1,-3.47,0.8,1.2,0.0038,100.0%,,,,,,,,,,,,,,,,,,,,,,,,,,,,,,
903,Rudy Gobert,PR,24.0,UNDER,PrizePicks,,,54.0%,D,DO NOT BET,33.58,❌ MISS,28.0,UNDER,56.3%,34.83,❌ MISS,UNDER,56.1%,34.73,❌ MISS,UNDER,51.9%,32.43,❌ MISS,UNDER,51.8%,32.35,❌ MISS,-0.17,0.13,-1.14,1.2,-2.74,1.0,0.8,0.0218,100.0%,,,,,,,,,,,,,,,,,,,,,,,,,,,,,,
904,Brandin Podziemski,TOV,1.5,OVER,PrizePicks,Goblin,,50.5%,A,DO NOT BET,33.58,✅ HIT,3.0,OVER,54.5%,35.78,✅ HIT,OVER,54.1%,35.53,✅ HIT,UNDER,53.1%,31.69,❌ MISS,UNDER,53.3%,31.8,❌ MISS,-0.15,-0.94,1.86,-0.7,0.59,1.4,1.6,0.0378,50.0%,,,,,,,,,,,,,,,,,,,,,,,,,,,,,,
905,Josh Giddey,3PA,6.5,UNDER,Underdog,,1.09x,55.6%,B,DO NOT BET,33.51,✅ HIT,6.0,UNDER,55.8%,33.65,✅ HIT,UNDER,56.0%,33.73,✅ HIT,UNDER,55.1%,33.25,✅ HIT,UNDER,55.4%,33.41,✅ HIT,-0.54,0.4,-2.06,0.9,-2.11,0.6,0.8,0.0035,100.0%,,,,,,,,,,,,,,,,,,,,,,,,,,,,,,
906,Jonathan Kuminga,REB,5.0,OVER,PrizePicks,,,52.9%,B,DO NOT BET,33.51,❌ MISS,5.0,OVER,53.1%,33.63,❌ MISS,OVER,53.8%,34.03,❌ MISS,OVER,52.0%,33.02,❌ MISS,OVER,52.6%,33.37,❌ MISS,-0.57,-0.62,0.0,-1.2,0.09,1.0,0.8,0.0067,100.0%,,,,,,,,,,,,,,,,,,,,,,,,,,,,,,
907,Derrick White,RA,9.0,OVER,PrizePicks,,,52.5%,C,DO NOT BET,33.48,❌ MISS,8.0,OVER,52.5%,33.41,❌ MISS,OVER,52.4%,33.51,❌ MISS,OVER,52.6%,33.58,❌ MISS,OVER,52.3%,33.42,❌ MISS,-0.69,0.4,-0.3,0.6,-1.63,0.8,0.4,0.0012,100.0%,9.5,0.5,53.9%,46.1%,-0.0091,,,,,,,,,,,,,,,,,,,,,,,,,
908,Payton Pritchard,AST,4.5,OVER,PrizePicks,,,52.9%,C,DO NOT BET,33.44,❌ MISS,1.0,OVER,51.5%,31.66,❌ MISS,OVER,50.8%,30.71,❌ MISS,OVER,55.2%,36.43,❌ MISS,OVER,54.1%,34.94,❌ MISS,-0.49,-0.06,1.33,-0.1,-0.69,1.0,0.8,0.0179,100.0%,5.5,1.0,34.6%,65.4%,0.1189,,,,,,,,,,,,,,,,,,,,,,,,,
909,Deni Avdija,AST,6.5,UNDER,Underdog,,0.87x,51.9%,C,DO NOT BET,33.43,❌ MISS,7.0,UNDER,54.9%,37.05,❌ MISS,UNDER,54.9%,37.12,❌ MISS,OVER,51.6%,12.97,✅ HIT,OVER,50.8%,12.04,✅ HIT,0.05,-0.07,-1.7,-0.3,0.48,1.0,1.6,0.0306,50.0%,6.5,0.0,46.8%,53.2%,-0.0086,6.5,0.0,46.8%,53.2%,-0.0086,6.5,0.0,46.1%,53.9%,-0.013,6.5,0.0,45.4%,54.6%,-0.0179,6.5,0.0,41.7%,58.3%,-0.0418,6.5,0.0,46.5%,53.5%,-0.0105
910,Immanuel Quickley,AST,5.5,OVER,Underdog,,0.83x,50.4%,C,DO NOT BET,33.42,NO GAME,,UNDER,53.0%,12.93,NO GAME,UNDER,53.2%,13.19,NO GAME,OVER,54.4%,38.15,NO GAME,OVER,53.4%,36.95,NO GAME,-0.16,0.22,0.25,0.7,-1.2,1.4,1.2,0.0351,50.0%,5.5,0.0,51.9%,48.1%,-0.0095,5.5,0.0,56.0%,44.0%,-0.0367,5.5,0.0,53.3%,46.7%,-0.019,5.5,0.0,54.4%,45.6%,-0.0257,6.5,1.0,46.5%,53.5%,0.0257,5.5,0.0,53.5%,46.5%,-0.02
911,Scottie Barnes,REB,6.5,OVER,Underdog and PrizePicks,,,52.6%,B,DO NOT BET,33.4,✅ HIT,8.0,OVER,53.1%,33.96,✅ HIT,OVER,53.8%,34.83,✅ HIT,OVER,51.5%,32.0,✅ HIT,OVER,52.2%,32.81,✅ HIT,-0.8,-0.55,-3.0,-0.9,-0.4,0.8,1.6,0.0089,100.0%,6.5,0.0,53.2%,46.8%,-0.0035,6.5,0.0,52.3%,47.7%,0.0025,6.5,0.0,52.1%,47.9%,0.0032,6.5,0.0,51.9%,48.1%,0.0051,7.5,1.0,39.8%,60.2%,0.0835,6.5,0.0,52.0%,48.0%,0.0042
912,Jaime Jaquez Jr.,PTS,10.5,OVER,Underdog,,,57.4%,D,DO NOT BET,33.4,✅ HIT,14.0,OVER,57.6%,33.51,✅ HIT,OVER,56.9%,33.14,✅ HIT,OVER,57.9%,33.69,✅ HIT,OVER,57.1%,33.23,✅ HIT,-0.68,0.17,0.15,1.1,-5.46,1.2,0.4,0.004,100.0%,,,,,,,,,,,,,,,,,,,,,,,,,,,,,,
913,Alperen Sengun,RA,14.5,UNDER,Underdog,,1.03x,50.4%,C,DO NOT BET,33.34,✅ HIT,9.0,OVER,51.5%,31.35,❌ MISS,OVER,51.6%,31.35,❌ MISS,UNDER,52.5%,34.51,✅ HIT,UNDER,52.2%,34.34,✅ HIT,0.11,0.12,0.6,0.7,-0.02,1.0,0.8,0.0198,50.0%,,,,,,,,,,,,,,,,,,,,,,,,,,,,,,
914,P.J. Washington,FTM,1.5,OVER,PrizePicks,Goblin,,53.4%,B,DO NOT BET,33.33,✅ HIT,2.0,OVER,55.4%,34.44,✅ HIT,OVER,53.5%,33.42,✅ HIT,OVER,53.1%,33.21,✅ HIT,OVER,51.4%,32.26,✅ HIT,-0.32,-0.43,-0.91,-1.1,0.28,0.8,0.8,0.0141,100.0%,,,,,,,,,,,,,,,,,,,,,,,,,,,,,,
915,Onyeka Okongwu,PTS,12.5,OVER,Underdog and PrizePicks,,0.88x,57.6%,D,DO NOT BET,33.3,❌ MISS,11.0,OVER,58.2%,33.62,❌ MISS,OVER,57.5%,33.24,❌ MISS,OVER,57.8%,33.39,❌ MISS,OVER,57.0%,32.93,❌ MISS,-0.69,0.35,-1.83,1.5,-4.47,1.0,0.8,0.0045,100.0%,,,,,,,,,,,,,,,,,,,,,,,,,,,,,,
916,CJ McCollum,PR,20.5,OVER,Underdog and PrizePicks,,,52.6%,D,DO NOT BET,33.28,✅ HIT,28.0,OVER,53.0%,33.53,✅ HIT,OVER,52.9%,33.45,✅ HIT,OVER,52.1%,33.04,✅ HIT,OVER,52.3%,33.12,✅ HIT,-0.29,0.13,-0.52,0.7,-2.21,0.8,0.8,0.0038,100.0%,,,,,,,,,,,,,,,,,,,,,,,,,,,,,,
917,Paul George,AST,4.5,UNDER,Underdog,,1.04x,74.8%,C,STRONG BET,33.24,✅ HIT,4.0,UNDER,75.8%,34.39,✅ HIT,UNDER,74.2%,32.76,✅ HIT,UNDER,75.3%,33.65,✅ HIT,UNDER,73.9%,32.19,✅ HIT,-0.68,-0.26,-1.33,-0.3,-0.5,1.0,0.8,0.008,100.0%,4.5,0.0,56.5%,43.5%,0.2038,4.5,0.0,57.2%,42.8%,0.2079,4.5,0.0,56.7%,43.3%,0.205,4.5,0.0,56.7%,43.3%,0.2045,5.5,1.0,15.7%,84.3%,-0.0615,5.5,1.0,18.3%,81.7%,-0.0447
918,Klay Thompson,PA,12.5,OVER,PrizePicks,,,52.3%,D,DO NOT BET,33.24,❌ MISS,8.0,UNDER,50.3%,34.18,✅ HIT,OVER,50.1%,32.05,❌ MISS,OVER,54.4%,34.38,❌ MISS,OVER,54.9%,34.66,❌ MISS,-0.15,-0.58,-0.33,-2.9,2.14,1.2,1.6,0.0235,75.0%,,,,,,,,,,,,,,,,,,,,,,,,,,,,,,
919,Alex Caruso,PTS,4.5,OVER,PrizePicks,Goblin,,56.2%,D,DO NOT BET,33.22,✅ HIT,9.0,OVER,55.8%,32.99,✅ HIT,OVER,55.2%,32.65,✅ HIT,OVER,57.4%,33.85,✅ HIT,OVER,56.5%,33.4,✅ HIT,-0.31,-0.15,-1.5,-0.9,-0.95,0.8,0.4,0.0082,100.0%,,,,,,,,,,,,,,,,,,,,,,,,,,,,,,
920,Norman Powell,PR,23.5,OVER,Underdog and PrizePicks,,0.89x,53.9%,D,DO NOT BET,33.16,❌ MISS,23.0,OVER,50.8%,31.43,❌ MISS,OVER,50.7%,31.4,❌ MISS,OVER,57.0%,34.87,❌ MISS,OVER,57.2%,34.94,❌ MISS,-0.35,0.6,-0.45,4.1,-6.49,1.0,0.4,0.0317,100.0%,,,,,,,,,,,,,,,,,,,,,,,,,,,,,,
921,Ausar Thompson,SB,2.5,UNDER,Underdog,,,50.2%,A,DO NOT BET,33.09,❌ MISS,5.0,UNDER,55.1%,35.8,❌ MISS,UNDER,55.4%,35.96,❌ MISS,OVER,55.2%,32.87,✅ HIT,OVER,54.5%,32.5,✅ HIT,0.11,0.19,0.9,0.5,-0.21,0.8,1.2,0.0508,50.0%,,,,,,,,,,,,,,,,,,,,,,,,,,,,,,
922,Jaime Jaquez Jr.,RA,8.5,OVER,Underdog,,1.03x,51.0%,C,DO NOT BET,33.04,❌ MISS,7.0,OVER,51.5%,33.28,❌ MISS,OVER,51.5%,33.29,❌ MISS,OVER,50.6%,32.81,❌ MISS,OVER,50.5%,32.77,❌ MISS,-0.55,-0.52,0.07,-1.3,-0.08,1.2,1.2,0.0045,100.0%,,,,,,,,,,,,,,,,,,,,,,,,,,,,,,
923,Stephon Castle,REB,5.0,UNDER,PrizePicks,,,51.6%,B,DO NOT BET,33.01,✅ HIT,3.0,UNDER,51.0%,32.48,✅ HIT,UNDER,50.1%,31.4,✅ HIT,UNDER,53.0%,34.59,✅ HIT,UNDER,52.1%,33.56,✅ HIT,0.02,0.5,0.13,1.6,-1.53,0.8,0.4,0.0109,100.0%,5.5,0.5,42.5%,57.5%,-0.0386,5.5,0.5,44.3%,55.7%,-0.0268,5.5,0.5,45.3%,54.7%,-0.0203,5.5,0.5,43.8%,56.2%,-0.03,6.5,1.5,31.1%,68.9%,-0.1126,5.5,0.5,45.2%,54.8%,-0.021
924,Scottie Barnes,PA,22.5,OVER,Underdog and PrizePicks,,,52.4%,D,DO NOT BET,32.96,❌ MISS,21.0,OVER,55.7%,36.91,❌ MISS,OVER,56.1%,37.38,❌ MISS,UNDER,51.4%,14.69,✅ HIT,UNDER,50.9%,14.11,✅ HIT,-0.48,-0.41,-0.25,-1.3,-0.23,0.8,1.2,0.0354,50.0%,22.5,0.0,50.5%,49.5%,0.0121,22.5,0.0,50.4%,49.6%,0.0129,,,,,,,,,,,23.5,1.0,43.2%,56.8%,0.0598,23.5,1.0,47.1%,52.9%,0.0343
925,Quentin Grimes,FTM,3.5,UNDER,Underdog,,0.78x,53.9%,B,DO NOT BET,32.95,✅ HIT,2.0,UNDER,55.0%,33.55,✅ HIT,UNDER,55.7%,33.94,✅ HIT,UNDER,51.9%,31.84,✅ HIT,UNDER,53.0%,32.46,✅ HIT,-0.26,0.68,-2.5,1.7,-2.35,0.8,0.4,0.0152,100.0%,,,,,,,,,,,,,,,,,,,,,,,,,,,,,,
926,Nikola Jokić,FGA,17.5,OVER,Underdog,,,51.2%,D,DO NOT BET,32.9,✅ HIT,19.0,OVER,56.7%,35.94,✅ HIT,OVER,54.9%,34.94,✅ HIT,UNDER,53.4%,32.67,❌ MISS,UNDER,53.5%,32.75,❌ MISS,0.03,0.63,0.15,2.7,-2.59,1.0,0.8,0.0467,50.0%,,,,,,,,,,,,,,,,,,,,,,,,,,,,,,
927,Kyle Kuzma,FTM,1.5,OVER,PrizePicks,Goblin,,52.1%,B,DO NOT BET,32.9,NO GAME,,OVER,53.2%,33.51,NO GAME,OVER,51.6%,32.62,NO GAME,OVER,52.6%,33.21,NO GAME,OVER,51.0%,32.29,NO GAME,-0.27,-0.15,-1.5,-0.3,-0.23,1.0,0.8,0.0087,100.0%,,,,,,,,,,,,,,,,,,,,,,,,,,,,,,
928,Naz Reid,AST,1.5,OVER,PrizePicks,Goblin,,53.0%,C,DO NOT BET,32.89,❌ MISS,1.0,OVER,52.3%,32.52,❌ MISS,OVER,51.6%,32.12,❌ MISS,OVER,54.6%,33.76,❌ MISS,OVER,53.5%,33.18,❌ MISS,-0.37,-0.13,-1.22,-0.3,-0.52,0.6,0.8,0.0114,100.0%,,,,,,,,,,,,,,,,,,,,,,,,,,,,,,
929,Norman Powell,PRA,26.5,OVER,Underdog and PrizePicks,,,52.5%,D,DO NOT BET,32.88,❌ MISS,25.0,OVER,50.6%,31.85,❌ MISS,OVER,50.8%,31.92,❌ MISS,OVER,54.2%,33.79,❌ MISS,OVER,54.5%,33.96,❌ MISS,-0.28,0.64,-0.41,4.5,-6.47,0.8,0.4,0.0182,100.0%,,,,,,,,,,,,,,,,,,,,,,,,,,,,,,
930,Jerami Grant,PTS,17.5,OVER,PrizePicks,,,50.9%,D,DO NOT BET,32.84,✅ HIT,18.0,OVER,53.4%,35.76,✅ HIT,OVER,52.8%,35.14,✅ HIT,UNDER,51.1%,13.01,❌ MISS,UNDER,51.6%,13.6,❌ MISS,-0.16,0.36,-0.15,2.5,-3.6,1.2,0.8,0.0223,50.0%,17.5,0.0,48.5%,51.5%,0.0154,17.5,0.0,50.3%,49.7%,0.0041,17.5,0.0,49.3%,50.7%,0.0102,17.5,0.0,50.0%,50.0%,0.0058,21.5,4.0,34.5%,65.5%,0.1068,17.5,0.0,52.0%,48.0%,-0.0072
931,Collin Sexton,FTA,3.5,UNDER,PrizePicks,,,50.8%,C,DO NOT BET,32.83,❌ MISS,6.0,OVER,52.2%,32.38,✅ HIT,OVER,50.6%,31.48,✅ HIT,UNDER,52.4%,33.71,❌ MISS,UNDER,53.7%,34.39,❌ MISS,0.07,0.99,-0.05,2.9,-2.7,1.0,0.4,0.0234,50.0%,,,,,,,,,,,,,,,,,,,,,,,,,,,,,,
932,Collin Sexton,STL,0.5,OVER,PrizePicks,Goblin,,57.3%,A,DO NOT BET,32.81,✅ HIT,1.0,OVER,54.5%,31.27,✅ HIT,OVER,54.0%,31.02,✅ HIT,OVER,60.6%,34.62,✅ HIT,OVER,60.1%,34.33,✅ HIT,-0.41,-0.6,-4.5,-0.7,0.22,1.4,1.2,0.0304,100.0%,,,,,,,,,,,,,,,,,,,,,,,,,,,,,,
933,Shai Gilgeous-Alexander,REB,4.0,OVER,PrizePicks,,,52.8%,B,DO NOT BET,32.77,❌ MISS,2.0,OVER,52.6%,32.1,❌ MISS,OVER,53.3%,33.23,❌ MISS,OVER,52.3%,32.38,❌ MISS,OVER,52.9%,33.36,❌ MISS,-0.46,0.2,-0.95,0.2,-0.65,1.0,0.8,0.0039,100.0%,4.5,0.5,58.0%,42.0%,-0.0336,,,,,,,,,,,,,,,,,,,,,,,,,
934,Payton Pritchard,RA,8.5,OVER,Underdog,,1.02x,50.2%,C,DO NOT BET,32.69,❌ MISS,3.0,OVER,50.5%,33.1,❌ MISS,OVER,50.7%,33.25,❌ MISS,UNDER,50.2%,11.04,✅ HIT,UNDER,50.2%,11.0,✅ HIT,-0.4,0.44,1.19,0.9,-1.72,1.0,0.8,0.0041,50.0%,8.5,0.0,52.8%,47.2%,-0.0169,,,,,,,,,,,,,,,,,,,,,,,,,
935,Derrick White,FGM,5.5,UNDER,PrizePicks,,,51.2%,C,DO NOT BET,32.68,✅ HIT,3.0,UNDER,53.4%,33.91,✅ HIT,UNDER,53.8%,34.14,✅ HIT,OVER,51.6%,32.36,❌ MISS,OVER,51.0%,32.0,❌ MISS,0.27,-0.06,-0.0,-0.1,0.57,0.8,0.8,0.0246,50.0%,,,,,,,,,,,,,,,,,,,,,,,,,,,,,,
936,Jonathan Kuminga,PA,13.5,UNDER,PrizePicks,,,50.1%,D,DO NOT BET,32.65,✅ HIT,9.0,UNDER,57.9%,36.9,✅ HIT,UNDER,57.6%,36.72,✅ HIT,OVER,57.1%,33.85,❌ MISS,OVER,57.6%,34.13,❌ MISS,0.22,-0.39,-0.0,-2.7,4.2,0.8,1.2,0.0756,50.0%,,,,,,,,,,,,,,,,,,,,,,,,,,,,,,
937,Chet Holmgren,REB,8.5,OVER,Underdog,,1.02x,50.6%,B,DO NOT BET,32.62,❌ MISS,5.0,OVER,51.2%,33.38,❌ MISS,OVER,52.0%,34.35,❌ MISS,UNDER,50.8%,32.87,✅ HIT,UNDER,50.1%,31.94,✅ HIT,-0.14,0.03,-0.58,0.1,-0.58,1.6,1.6,0.0111,50.0%,8.5,0.0,50.0%,50.0%,0.0039,,,,,,,,,,,,,,,,,,,,,,,,,
938,Jayson Tatum,PA,24.5,UNDER,Underdog,,0.88x,56.1%,D,DO NOT BET,32.6,❌ MISS,26.0,UNDER,56.6%,33.38,❌ MISS,UNDER,56.3%,32.99,❌ MISS,UNDER,56.0%,32.3,❌ MISS,UNDER,55.5%,31.75,❌ MISS,-0.39,-0.5,0.68,-2.7,0.57,0.8,0.8,0.0043,100.0%,22.5,-2.0,56.3%,43.7%,0.0804,,,,,,,,,,,,,,,,,,,,,,,,,
939,Kevin Durant,REB,5.0,OVER,PrizePicks,,,50.7%,B,DO NOT BET,32.58,❌ MISS,3.0,UNDER,50.3%,34.32,✅ HIT,OVER,50.6%,32.53,❌ MISS,OVER,50.9%,32.68,❌ MISS,OVER,51.6%,33.06,❌ MISS,-0.28,0.12,-0.17,0.2,-0.66,1.0,0.8,0.0066,75.0%,,,,,,,,,,,,,,,,,,,,,,,,,,,,,,
940,Bennedict Mathurin,FGM,5.5,OVER,PrizePicks,,,51.0%,C,DO NOT BET,32.55,✅ HIT,7.0,OVER,52.0%,33.12,✅ HIT,OVER,51.4%,32.8,✅ HIT,OVER,50.6%,32.31,✅ HIT,UNDER,50.1%,34.37,❌ MISS,-0.14,-0.83,-0.29,-1.7,1.4,1.2,1.2,0.008,75.0%,,,,,,,,,,,,,,,,,,,,,,,,,,,,,,
941,Julius Randle,FTA,5.5,OVER,PrizePicks,,,50.9%,C,DO NOT BET,32.53,❌ MISS,4.0,OVER,50.2%,32.18,❌ MISS,UNDER,51.2%,34.78,✅ HIT,OVER,53.2%,33.83,❌ MISS,OVER,51.2%,32.7,❌ MISS,-0.24,-0.92,0.03,-2.7,1.99,1.2,1.6,0.016,75.0%,,,,,,,,,,,,,,,,,,,,,,,,,,,,,,
942,RJ Barrett,3PM,1.5,OVER,Underdog and PrizePicks,Goblin,0.79x,50.8%,S,DO NOT BET,32.52,❌ MISS,0.0,OVER,50.0%,32.09,❌ MISS,UNDER,50.3%,34.37,✅ HIT,OVER,51.9%,33.12,❌ MISS,OVER,51.5%,32.91,❌ MISS,-0.21,-0.4,0.0,-0.5,0.23,1.0,0.8,0.0092,75.0%,,,,,,,,,,,,,,,,,,,,,,,,,,,,,,
943,Jonathan Kuminga,FGM,3.5,OVER,PrizePicks,Goblin,,53.8%,C,DO NOT BET,32.48,❌ MISS,3.0,UNDER,51.1%,33.19,✅ HIT,UNDER,51.6%,33.46,✅ HIT,OVER,59.4%,35.56,❌ MISS,OVER,58.5%,35.08,❌ MISS,-0.36,0.19,0.0,0.5,-1.43,1.2,0.8,0.0518,50.0%,,,,,,,,,,,,,,,,,,,,,,,,,,,,,,
944,Cooper Flagg,TOV,2.5,UNDER,Underdog,,1.09x,53.7%,A,DO NOT BET,32.46,✅ HIT,0.0,OVER,52.1%,33.64,❌ MISS,OVER,51.8%,33.43,❌ MISS,UNDER,59.5%,35.6,✅ HIT,UNDER,59.4%,35.57,✅ HIT,-0.04,1.02,-0.93,1.9,-1.98,0.6,0.4,0.057,50.0%,,,,,,,,,,,,,,,,,,,,,,,,,,,,,,
945,Bam Adebayo,FTM,4.5,UNDER,Underdog,,0.84x,53.8%,B,DO NOT BET,32.44,✅ HIT,4.0,UNDER,58.3%,34.89,✅ HIT,UNDER,58.6%,35.08,✅ HIT,OVER,51.6%,33.6,❌ MISS,OVER,50.0%,32.75,❌ MISS,-0.02,1.97,-1.54,2.3,-2.32,0.4,0.0,0.0467,50.0%,,,,,,,,,,,,,,,,,,,,,,,,,,,,,,
946,Draymond Green,FTM,0.5,OVER,PrizePicks,,,52.9%,B,DO NOT BET,32.4,✅ HIT,2.0,OVER,56.1%,34.19,✅ HIT,OVER,54.2%,33.13,✅ HIT,OVER,51.3%,31.55,✅ HIT,UNDER,50.2%,35.3,❌ MISS,-0.27,-0.26,-1.15,-0.3,-0.01,1.0,0.8,0.0246,75.0%,,,,,,,,,,,,,,,,,,,,,,,,,,,,,,
947,Jaylen Brown,AST,5.0,OVER,PrizePicks,,,54.3%,C,DO NOT BET,32.36,✅ HIT,8.0,OVER,54.9%,33.04,✅ HIT,OVER,54.0%,32.0,✅ HIT,OVER,54.8%,32.77,✅ HIT,OVER,53.7%,31.62,✅ HIT,-0.12,0.17,0.35,0.2,-0.34,1.4,0.8,0.0052,100.0%,5.5,0.5,49.0%,50.9%,0.0344,,,,,,,,,,,,,,,,,,,,,,,,,
948,P.J. Washington,PR,21.5,UNDER,PrizePicks,,,51.3%,D,DO NOT BET,32.28,❌ MISS,34.0,OVER,50.1%,12.86,✅ HIT,OVER,50.1%,12.81,✅ HIT,UNDER,52.8%,34.02,❌ MISS,UNDER,52.7%,33.86,❌ MISS,-0.05,0.54,-0.19,3.9,-4.23,0.8,0.4,0.0142,50.0%,22.5,1.0,46.7%,53.3%,-0.0127,,,,,,,,,,,,,,,,,,,,,21.5,0.0,48.9%,51.1%,0.0016
949,Tyler Herro,FTM,2.5,UNDER,Underdog,,1.07x,50.3%,B,DO NOT BET,32.28,✅ HIT,2.0,OVER,52.8%,32.92,❌ MISS,OVER,51.2%,32.06,❌ MISS,UNDER,52.0%,33.22,✅ HIT,UNDER,53.1%,33.83,✅ HIT,0.26,0.29,-0.41,0.9,-0.08,0.6,0.8,0.0236,50.0%,,,,,,,,,,,,,,,,,,,,,,,,,,,,,,
950,Draymond Green,FGA,7.5,UNDER,PrizePicks,,,52.4%,D,DO NOT BET,32.25,✅ HIT,4.0,OVER,50.1%,35.2,❌ MISS,UNDER,50.5%,31.23,✅ HIT,UNDER,54.6%,33.47,✅ HIT,UNDER,54.6%,33.45,✅ HIT,0.0,0.2,-1.7,0.7,-0.69,1.0,0.4,0.0221,75.0%,,,,,,,,,,,,,,,,,,,,,,,,,,,,,,
951,Pascal Siakam,PRA,31.5,OVER,PrizePicks,,,66.5%,D,STRONG BET,32.24,❌ MISS,29.0,OVER,67.2%,32.97,❌ MISS,OVER,66.9%,32.66,❌ MISS,OVER,66.0%,31.52,❌ MISS,OVER,66.2%,31.81,❌ MISS,-0.4,-0.26,0.23,-1.9,-1.04,1.4,1.6,0.005,100.0%,31.5,0.0,48.1%,51.9%,0.1198,31.5,0.0,48.3%,51.7%,0.1189,31.5,0.0,48.7%,51.3%,0.1163,31.5,0.0,49.5%,50.5%,0.111,32.5,1.0,41.1%,58.9%,0.1651,31.5,0.0,52.0%,48.0%,0.0946
952,Stephon Castle,FTA,4.5,OVER,PrizePicks,Demon,,52.7%,C,DO NOT BET,32.19,✅ HIT,9.0,OVER,56.4%,34.26,✅ HIT,OVER,54.3%,33.08,✅ HIT,OVER,50.8%,31.18,✅ HIT,UNDER,50.9%,35.69,❌ MISS,-0.26,-0.46,-0.32,-2.1,0.9,0.8,1.2,0.0287,75.0%,,,,,,,,,,,,,,,,,,,,,,,,,,,,,,
953,Amen Thompson,PR,25.5,OVER,Underdog and PrizePicks,,,50.2%,D,DO NOT BET,32.18,❌ MISS,20.0,OVER,51.3%,32.8,❌ MISS,OVER,51.2%,32.76,❌ MISS,UNDER,51.0%,32.23,✅ HIT,UNDER,50.9%,32.16,✅ HIT,-0.05,-0.79,0.21,-5.9,5.53,1.6,1.6,0.0109,50.0%,,,,,,,,,,,,,,,,,,,,,,,,,,,,,,
954,Andrew Nembhard,PTS,15.0,OVER,PrizePicks,,,55.6%,D,DO NOT BET,32.17,❌ MISS,14.0,OVER,58.5%,35.59,❌ MISS,OVER,57.8%,34.73,❌ MISS,OVER,53.3%,29.6,❌ MISS,OVER,52.6%,28.76,❌ MISS,-0.33,-0.25,0.37,-1.6,-0.51,1.2,0.8,0.0262,100.0%,15.5,0.5,44.6%,55.4%,0.0714,15.5,0.5,47.4%,52.6%,0.0532,15.5,0.5,45.0%,55.0%,0.069,15.5,0.5,46.6%,53.4%,0.0584,18.5,3.5,23.9%,76.1%,0.2055,14.5,-0.5,54.5%,45.5%,0.0069
955,Jalen Johnson,PR,30.5,OVER,Underdog and PrizePicks,,,52.4%,D,DO NOT BET,32.14,✅ HIT,35.0,OVER,52.1%,31.95,✅ HIT,OVER,52.0%,31.9,✅ HIT,OVER,52.8%,32.32,✅ HIT,OVER,52.9%,32.4,✅ HIT,-0.4,0.11,-0.38,0.7,-3.3,0.8,0.8,0.004,100.0%,,,,,,,,,,,,,,,,,,,,,,,,,,,,,,
956,Donovan Mitchell,REB,4.5,UNDER,Underdog,,1.05x,50.4%,B,DO NOT BET,32.09,❌ MISS,6.0,UNDER,52.2%,33.07,❌ MISS,UNDER,51.2%,32.55,❌ MISS,OVER,50.6%,32.16,✅ HIT,OVER,51.3%,32.55,✅ HIT,-0.01,-0.17,0.22,-0.5,0.48,0.8,1.2,0.0137,50.0%,,,,,,,,,,,,,,,,,,,,,,,,,,,,,,
957,LeBron James,PA,25.5,OVER,Underdog and PrizePicks,,0.88x,52.1%,D,DO NOT BET,32.0,✅ HIT,32.0,OVER,57.7%,38.46,✅ HIT,OVER,58.1%,38.93,✅ HIT,UNDER,53.9%,17.63,❌ MISS,UNDER,53.4%,17.07,❌ MISS,-0.42,0.2,1.5,1.1,-3.44,0.8,0.8,0.0577,50.0%,26.5,1.0,51.6%,48.4%,0.0032,26.5,1.0,53.5%,46.5%,-0.0089,,,,,,,,,,,26.5,1.0,52.9%,47.1%,-0.0055,25.5,0.0,50.8%,49.2%,0.0085
958,Jalen Johnson,AST,7.5,OVER,Underdog,,1.03x,51.2%,C,DO NOT BET,31.96,✅ HIT,12.0,UNDER,52.1%,33.19,❌ MISS,UNDER,52.5%,33.36,❌ MISS,OVER,55.4%,34.22,✅ HIT,OVER,54.2%,33.61,✅ HIT,-0.16,-0.49,-0.17,-1.7,1.15,1.4,1.6,0.0358,50.0%,,,,,,,,,,,,,,,,,,,,,,,,,,,,,,
959,Onyeka Okongwu,3PM,1.5,OVER,Underdog,,,51.7%,S,DO NOT BET,31.96,✅ HIT,3.0,UNDER,50.1%,32.66,❌ MISS,UNDER,50.4%,32.81,❌ MISS,OVER,53.9%,33.17,✅ HIT,OVER,53.5%,32.93,✅ HIT,-0.51,0.56,0.0,0.5,-0.95,0.8,0.8,0.0199,50.0%,,,,,,,,,,,,,,,,,,,,,,,,,,,,,,
960,Victor Wembanyama,FTA,5.5,OVER,PrizePicks,Goblin,,51.2%,C,DO NOT BET,31.89,❌ MISS,3.0,OVER,50.7%,31.65,❌ MISS,UNDER,50.7%,35.36,✅ HIT,OVER,53.4%,33.09,❌ MISS,OVER,51.3%,31.95,❌ MISS,-0.37,0.24,0.46,0.9,-2.29,0.8,0.4,0.0146,75.0%,,,,,,,,,,,,,,,,,,,,,,,,,,,,,,
961,Jrue Holiday,3PA,6.5,OVER,Underdog and PrizePicks,,,50.2%,B,DO NOT BET,31.86,❌ MISS,5.0,OVER,50.0%,31.78,❌ MISS,UNDER,50.6%,34.96,✅ HIT,OVER,51.0%,32.31,❌ MISS,OVER,50.3%,31.91,❌ MISS,0.03,0.04,-1.38,0.1,-0.03,1.0,0.8,0.0057,75.0%,,,,,,,,,,,,,,,,,,,,,,,,,,,,,,
962,Stephon Castle,PA,26.0,UNDER,PrizePicks,,,56.5%,D,DO NOT BET,31.82,✅ HIT,24.0,UNDER,52.6%,27.11,✅ HIT,UNDER,52.3%,26.68,✅ HIT,UNDER,60.8%,36.99,✅ HIT,UNDER,60.4%,36.48,✅ HIT,-0.29,0.15,-0.23,1.2,-3.58,1.4,1.2,0.0408,100.0%,25.5,-0.5,52.7%,47.3%,0.0598,25.5,-0.5,51.7%,48.2%,0.0538,,,,,,,,,,,26.5,0.5,48.4%,51.6%,0.0322,25.5,-0.5,48.0%,52.0%,0.0295
963,Tyler Herro,PRA,29.5,OVER,Underdog and PrizePicks,,,50.1%,D,DO NOT BET,31.76,❌ MISS,24.0,OVER,52.8%,33.25,❌ MISS,OVER,52.8%,33.29,❌ MISS,UNDER,52.8%,33.28,✅ HIT,UNDER,52.5%,33.11,✅ HIT,-0.12,-0.02,0.4,-0.1,-0.56,1.2,1.2,0.0275,50.0%,,,,,,,,,,,,,,,,,,,,,,,,,,,,,,
964,Onyeka Okongwu,PRA,23.5,OVER,Underdog,,,52.8%,D,DO NOT BET,31.68,❌ MISS,14.0,OVER,51.2%,30.8,❌ MISS,OVER,51.3%,30.86,❌ MISS,OVER,54.2%,32.44,❌ MISS,OVER,54.5%,32.61,❌ MISS,-0.71,0.51,-0.68,2.1,-5.04,0.8,0.8,0.0155,100.0%,,,,,,,,,,,,,,,,,,,,,,,,,,,,,,
965,Darius Garland,PR,22.5,UNDER,Underdog,,,51.2%,D,DO NOT BET,31.52,❌ MISS,28.0,UNDER,52.5%,33.11,❌ MISS,UNDER,52.5%,33.05,❌ MISS,OVER,50.0%,13.63,✅ HIT,OVER,50.2%,13.79,✅ HIT,-0.13,0.33,-0.08,3.5,-4.86,1.0,0.8,0.013,50.0%,,,,,,22.5,0.0,49.7%,50.3%,0.006,,,,,,,,,,,23.5,1.0,45.6%,54.4%,-0.0211,21.5,-1.0,51.1%,48.9%,0.0151
966,Onyeka Okongwu,PRA,23.0,OVER,PrizePicks,,,54.1%,D,DO NOT BET,31.5,❌ MISS,14.0,OVER,52.6%,30.68,❌ MISS,OVER,52.6%,30.73,❌ MISS,OVER,55.4%,32.22,❌ MISS,OVER,55.7%,32.38,❌ MISS,-0.83,0.39,-0.8,1.6,-5.04,0.8,0.8,0.0146,100.0%,,,,,,,,,,,,,,,,,,,,,,,,,,,,,,
967,Jerami Grant,FTM,3.5,OVER,PrizePicks,,,51.8%,B,DO NOT BET,31.5,❌ MISS,0.0,UNDER,50.2%,33.06,✅ HIT,UNDER,51.5%,33.74,✅ HIT,OVER,55.4%,33.49,❌ MISS,OVER,53.4%,32.4,❌ MISS,-1.23,2.8,-0.46,2.5,-3.6,0.8,0.0,0.0276,50.0%,,,,,,,,,,,,,,,,,,,,,,,,,,,,,,
968,Payton Pritchard,REB,3.5,UNDER,Underdog,,0.83x,50.2%,B,DO NOT BET,31.49,✅ HIT,2.0,UNDER,51.8%,33.44,✅ HIT,UNDER,50.9%,32.31,✅ HIT,OVER,50.6%,33.23,❌ MISS,OVER,51.3%,34.08,❌ MISS,0.24,-0.23,-0.8,-0.5,1.03,0.8,0.8,0.0123,50.0%,3.5,0.0,50.0%,50.0%,0.0014,,,,,,,,,,,,,,,,,,,,,,,,,
969,Josh Giddey,FTA,3.5,OVER,PrizePicks,Goblin,,50.3%,C,DO NOT BET,31.48,✅ HIT,4.0,OVER,50.0%,31.31,✅ HIT,UNDER,51.3%,35.68,❌ MISS,OVER,52.3%,32.56,✅ HIT,OVER,50.4%,31.5,✅ HIT,-0.54,1.4,-0.68,2.1,-2.91,0.4,0.4,0.013,75.0%,,,,,,,,,,,,,,,,,,,,,,,,,,,,,,
970,Donovan Mitchell,AST,5.0,OVER,PrizePicks,,,50.1%,C,DO NOT BET,31.48,❌ MISS,4.0,OVER,50.1%,31.45,❌ MISS,UNDER,50.4%,35.25,✅ HIT,OVER,50.8%,31.84,❌ MISS,OVER,50.1%,31.45,❌ MISS,-0.23,-0.18,0.0,-0.6,-0.18,0.6,0.8,0.0043,75.0%,,,,,,,,,,,,,,,,,,,,,,,,,,,,,,
971,Quentin Grimes,3PA,5.5,UNDER,Underdog,,,50.4%,B,DO NOT BET,31.39,✅ HIT,3.0,OVER,52.4%,33.68,❌ MISS,OVER,51.6%,33.23,❌ MISS,UNDER,52.6%,32.6,✅ HIT,UNDER,53.1%,32.86,✅ HIT,-0.18,-0.56,0.12,-0.5,0.34,1.0,1.2,0.0245,50.0%,,,,,,,,,,,,,,,,,,,,,,,,,,,,,,
972,Tyler Herro,PTS,20.0,OVER,PrizePicks,,,51.8%,D,DO NOT BET,31.33,❌ MISS,18.0,OVER,56.5%,33.93,❌ MISS,OVER,55.9%,33.58,❌ MISS,UNDER,52.3%,34.08,✅ HIT,UNDER,52.8%,34.33,✅ HIT,-0.28,0.24,0.21,1.2,-2.6,1.2,0.8,0.0441,50.0%,,,,,,,,,,,,,,,,,,,,,,,,,,,,,,
973,Jayson Tatum,3PM,2.5,OVER,PrizePicks,Goblin,,52.7%,S,DO NOT BET,31.22,✅ HIT,3.0,OVER,51.0%,29.02,✅ HIT,OVER,50.8%,28.68,✅ HIT,OVER,54.8%,33.86,✅ HIT,OVER,54.4%,33.32,✅ HIT,-0.21,-0.08,-0.25,-0.1,-0.15,1.0,0.4,0.0184,100.0%,3.5,1.0,38.0%,62.0%,0.096,,,,,,,,,,,,,,,,,,,,,,,,,
974,Tim Hardaway Jr.,3PM,2.5,OVER,Underdog,,1.03x,51.9%,S,DO NOT BET,31.09,❌ MISS,1.0,OVER,59.6%,35.32,❌ MISS,OVER,59.2%,35.12,❌ MISS,UNDER,55.5%,35.48,✅ HIT,UNDER,55.8%,35.61,✅ HIT,-0.16,-0.33,-0.18,-0.7,0.37,1.0,0.8,0.0752,50.0%,,,,,,,,,,,,,,,,,,,,,,,,,,,,,,
975,Jamal Murray,REB,4.0,UNDER,PrizePicks,,,50.7%,B,DO NOT BET,31.03,❌ MISS,6.0,UNDER,51.0%,31.56,❌ MISS,UNDER,50.1%,30.55,❌ MISS,UNDER,51.3%,31.42,❌ MISS,UNDER,50.5%,30.57,❌ MISS,0.13,0.16,-0.12,0.4,-0.06,1.0,0.8,0.0047,100.0%,4.5,0.5,43.0%,57.0%,-0.0404,4.5,0.5,43.7%,56.3%,-0.0361,4.5,0.5,40.9%,59.1%,-0.0542,,,,,,5.5,1.5,21.3%,78.7%,-0.1818,4.5,0.5,43.3%,56.7%,-0.0388
976,LeBron James,PR,25.5,OVER,Underdog and PrizePicks,,0.88x,51.6%,D,DO NOT BET,30.99,✅ HIT,32.0,OVER,57.4%,38.1,✅ HIT,OVER,57.2%,37.75,✅ HIT,UNDER,54.2%,18.49,❌ MISS,UNDER,54.1%,18.32,❌ MISS,-0.2,-0.1,-1.5,-0.7,-0.66,0.6,0.8,0.0574,50.0%,25.5,0.0,52.4%,47.6%,-0.0054,26.5,1.0,45.3%,54.7%,0.0408,,,,,,,,,,,26.5,1.0,45.2%,54.8%,0.0416,25.5,0.0,50.8%,49.2%,0.005
977,Naz Reid,FTA,1.5,OVER,PrizePicks,Goblin,,50.0%,C,DO NOT BET,30.95,✅ HIT,2.0,OVER,51.9%,31.99,✅ HIT,OVER,50.3%,31.11,✅ HIT,UNDER,50.3%,32.96,❌ MISS,UNDER,51.8%,33.81,❌ MISS,-0.08,-0.92,-0.85,-1.1,1.01,1.4,1.6,0.0135,50.0%,,,,,,,,,,,,,,,,,,,,,,,,,,,,,,
978,Norman Powell,FGA,14.5,OVER,Underdog,,,51.3%,D,DO NOT BET,30.94,❌ MISS,12.0,UNDER,50.6%,33.69,✅ HIT,UNDER,51.2%,33.99,✅ HIT,OVER,54.2%,32.52,❌ MISS,OVER,53.0%,31.84,❌ MISS,-0.29,0.19,-0.34,0.9,-2.23,1.0,1.2,0.023,50.0%,,,,,,,,,,,,,,,,,,,,,,,,,,,,,,
979,Draymond Green,3PA,4.5,UNDER,Underdog,,1.06x,50.3%,B,DO NOT BET,30.88,✅ HIT,3.0,OVER,50.3%,35.89,❌ MISS,UNDER,50.3%,30.88,✅ HIT,UNDER,50.4%,30.88,✅ HIT,UNDER,51.0%,31.23,✅ HIT,0.11,0.3,-1.9,0.5,-0.32,0.4,0.4,0.0046,75.0%,,,,,,,,,,,,,,,,,,,,,,,,,,,,,,
980,Luka Dončić,PR,43.5,UNDER,PrizePicks,,,65.2%,D,STRONG BET,30.81,❌ MISS,49.0,UNDER,65.2%,30.93,❌ MISS,UNDER,64.8%,30.38,❌ MISS,UNDER,65.4%,31.04,❌ MISS,UNDER,65.3%,30.9,❌ MISS,-0.21,0.33,0.2,3.5,-5.72,1.2,1.2,0.0023,100.0%,42.5,-1.0,50.7%,49.3%,0.1033,43.5,0.0,50.5%,49.5%,0.1021,,,,,,,,,,,44.5,1.0,48.2%,51.7%,0.0873,42.5,-1.0,50.7%,49.3%,0.1033
981,Darius Garland,PTS,19.5,UNDER,Underdog and PrizePicks,,0.88x,50.5%,D,DO NOT BET,30.8,❌ MISS,24.0,OVER,50.5%,14.11,✅ HIT,OVER,50.1%,13.6,✅ HIT,UNDER,51.0%,31.38,❌ MISS,UNDER,51.5%,31.99,❌ MISS,-0.08,0.43,-0.0,4.3,-5.05,0.8,0.8,0.0079,50.0%,19.5,0.0,49.5%,50.5%,-0.0003,20.5,1.0,47.9%,52.1%,-0.0108,18.5,-1.0,52.0%,47.9%,0.0165,19.5,0.0,50.0%,50.0%,0.0031,23.5,4.0,33.7%,66.3%,-0.103,18.5,-1.0,51.4%,48.6%,0.012
982,Luka Dončić,FTM,7.5,OVER,PrizePicks,,,50.8%,B,DO NOT BET,30.78,✅ HIT,9.0,UNDER,52.1%,34.12,❌ MISS,UNDER,53.1%,34.69,❌ MISS,OVER,55.3%,33.22,✅ HIT,OVER,53.3%,32.13,✅ HIT,-0.1,-0.19,-0.46,-0.7,0.32,1.0,0.8,0.0353,50.0%,,,,,,,,,,,,,,,,,,,,,,,,,,,,,,
983,Jalen Johnson,PA,28.5,OVER,Underdog,,0.89x,53.2%,D,DO NOT BET,30.76,✅ HIT,39.0,UNDER,50.8%,34.66,❌ MISS,UNDER,50.4%,34.46,❌ MISS,OVER,56.7%,32.7,✅ HIT,OVER,57.2%,32.98,✅ HIT,-0.32,-0.07,-0.35,-0.5,-1.78,1.2,1.2,0.0378,50.0%,,,,,,,,,,,,,,,,,,,,,,,,,,,,,,
984,Alperen Sengun,PA,25.0,OVER,PrizePicks,,,55.9%,D,DO NOT BET,30.76,✅ HIT,33.0,OVER,56.6%,31.67,✅ HIT,OVER,57.0%,32.14,✅ HIT,OVER,54.9%,29.3,✅ HIT,OVER,55.4%,29.91,✅ HIT,-0.15,-0.28,-0.66,-3.0,1.44,0.8,0.8,0.0088,100.0%,24.5,-0.5,50.7%,49.3%,0.0339,24.5,-0.5,49.7%,50.3%,0.0408,,,,,,,,,,,25.5,0.5,44.5%,55.5%,0.0741,24.5,-0.5,50.9%,49.1%,0.033
985,Kawhi Leonard,PTS,27.5,OVER,PrizePicks,,,61.3%,D,DO NOT BET,30.71,❌ MISS,27.0,OVER,59.0%,28.03,❌ MISS,OVER,58.2%,27.15,❌ MISS,OVER,64.6%,34.47,❌ MISS,OVER,63.5%,33.2,❌ MISS,-0.27,-0.56,1.5,-1.7,0.86,1.8,1.6,0.0277,100.0%,27.5,0.0,47.2%,52.8%,0.0919,27.5,0.0,50.4%,49.6%,0.0711,27.5,0.0,46.1%,53.9%,0.0988,27.5,0.0,50.0%,50.0%,0.0737,32.5,5.0,14.8%,85.2%,0.3027,27.5,0.0,48.0%,52.0%,0.0867
986,Chet Holmgren,FGA,10.5,OVER,PrizePicks,Goblin,,50.5%,D,DO NOT BET,30.67,❌ MISS,7.0,UNDER,50.1%,33.45,✅ HIT,UNDER,50.7%,33.8,✅ HIT,OVER,51.8%,31.41,❌ MISS,OVER,50.9%,30.92,❌ MISS,-0.33,-0.03,-0.37,-0.1,-0.85,1.0,1.2,0.0097,50.0%,,,,,,,,,,,,,,,,,,,,,,,,,,,,,,
987,Alperen Sengun,FTM,2.5,OVER,PrizePicks,,,51.9%,B,DO NOT BET,30.65,✅ HIT,6.0,OVER,54.7%,32.18,✅ HIT,OVER,52.9%,31.21,✅ HIT,OVER,50.7%,30.01,✅ HIT,UNDER,50.7%,36.87,❌ MISS,-0.51,0.4,-1.18,0.9,-2.05,0.6,0.4,0.0206,75.0%,,,,,,,,,,,,,,,,,,,,,,,,,,,,,,
988,Ace Bailey,FTA,2.5,UNDER,PrizePicks,,,53.1%,C,DO NOT BET,30.63,✅ HIT,0.0,UNDER,60.4%,34.68,✅ HIT,UNDER,60.5%,34.72,✅ HIT,OVER,55.5%,36.6,❌ MISS,OVER,53.1%,35.29,❌ MISS,-0.32,0.18,-1.5,0.7,-1.96,1.4,1.2,0.0744,50.0%,,,,,,,,,,,,,,,,,,,,,,,,,,,,,,
989,Immanuel Quickley,PTS,15.5,OVER,Underdog,,0.88x,50.0%,D,DO NOT BET,30.61,NO GAME,,UNDER,51.1%,13.94,NO GAME,UNDER,51.5%,14.34,NO GAME,OVER,51.7%,32.46,NO GAME,OVER,51.1%,31.77,NO GAME,-0.36,0.96,-0.05,3.7,-5.1,0.6,0.4,0.0138,50.0%,15.5,0.0,51.9%,48.1%,-0.0119,16.5,1.0,51.5%,48.5%,-0.0093,14.5,-1.0,57.0%,43.0%,-0.0452,16.5,1.0,50.0%,50.0%,0.0001,20.5,5.0,44.5%,55.5%,0.0362,16.5,1.0,51.0%,49.0%,-0.006
990,Alperen Sengun,FTA,4.5,OVER,PrizePicks,Demon,,51.7%,C,DO NOT BET,30.57,✅ HIT,6.0,OVER,53.5%,31.57,✅ HIT,OVER,51.7%,30.58,✅ HIT,OVER,51.8%,30.58,✅ HIT,UNDER,50.1%,36.67,❌ MISS,-0.66,0.53,-1.51,0.7,-1.57,0.6,0.4,0.0129,75.0%,,,,,,,,,,,,,,,,,,,,,,,,,,,,,,
991,Norman Powell,PTS,20.5,OVER,Underdog and PrizePicks,,,52.8%,D,DO NOT BET,30.48,❌ MISS,19.0,UNDER,51.4%,34.94,✅ HIT,UNDER,51.7%,35.14,✅ HIT,OVER,57.6%,33.11,❌ MISS,OVER,56.8%,32.65,❌ MISS,-0.26,0.64,-0.62,4.3,-6.08,1.0,0.4,0.0437,50.0%,,,,,,,,,,,,,,,,,,,,,,,,,,,,,,
992,Brandon Ingram,AST,3.0,UNDER,PrizePicks,,,51.1%,C,DO NOT BET,30.47,❌ MISS,4.0,UNDER,52.9%,32.85,❌ MISS,UNDER,53.2%,33.18,❌ MISS,OVER,51.3%,27.19,✅ HIT,OVER,50.5%,26.25,✅ HIT,0.49,-0.71,-1.5,-1.0,1.69,1.2,1.6,0.0201,50.0%,3.5,0.5,41.9%,58.1%,-0.0457,3.5,0.5,44.2%,55.8%,-0.0307,3.5,0.5,42.4%,57.6%,-0.0427,3.5,0.5,44.6%,55.4%,-0.028,3.5,0.5,44.5%,55.5%,-0.0288,3.5,0.5,46.6%,53.4%,-0.0152
993,Jamal Murray,FTM,3.5,OVER,PrizePicks,,,50.1%,B,DO NOT BET,30.43,✅ HIT,6.0,UNDER,51.6%,34.02,❌ MISS,UNDER,52.7%,34.62,❌ MISS,OVER,53.1%,32.12,✅ HIT,OVER,51.4%,31.17,✅ HIT,-0.4,-0.38,-0.23,-1.1,-0.06,1.2,1.6,0.0232,50.0%,,,,,,,,,,,,,,,,,,,,,,,,,,,,,,
994,Evan Mobley,3PM,0.5,OVER,Underdog and PrizePicks,,,53.8%,S,DO NOT BET,30.42,❌ MISS,0.0,OVER,56.2%,31.75,❌ MISS,OVER,55.9%,31.57,❌ MISS,OVER,51.7%,29.28,❌ MISS,OVER,51.4%,29.08,❌ MISS,-6.0,6.0,-4.0,0.5,-1.05,0.6,0.0,0.0226,100.0%,,,,,,,,,,,,,,,,,,,,,,,,,,,,,,
995,Donte DiVincenzo,FGM,3.5,OVER,PrizePicks,Goblin,,50.3%,C,DO NOT BET,30.36,✅ HIT,6.0,UNDER,51.6%,34.25,❌ MISS,UNDER,52.1%,34.52,❌ MISS,OVER,52.8%,31.73,✅ HIT,OVER,52.1%,31.35,✅ HIT,-0.32,0.05,-0.05,0.1,-0.75,0.6,0.8,0.0216,50.0%,,,,,,,,,,,,,,,,,,,,,,,,,,,,,,
996,Isaiah Hartenstein,REB,8.0,OVER,PrizePicks,,,51.1%,B,DO NOT BET,30.32,❌ MISS,5.0,OVER,53.2%,33.05,❌ MISS,OVER,53.9%,33.87,❌ MISS,UNDER,51.8%,28.63,✅ HIT,UNDER,50.9%,27.68,✅ HIT,-0.3,-0.62,0.0,-3.2,1.62,0.8,1.2,0.0248,50.0%,7.5,-0.5,50.6%,49.4%,0.0031,,,,,,,,,,,,,,,,,,,,,,,,,
997,Payton Pritchard,RA,8.0,OVER,PrizePicks,,,51.6%,C,DO NOT BET,30.31,❌ MISS,3.0,OVER,52.2%,30.69,❌ MISS,OVER,52.1%,31.09,❌ MISS,OVER,51.1%,29.55,❌ MISS,OVER,51.0%,29.91,❌ MISS,-0.64,0.19,1.06,0.4,-1.72,1.0,0.8,0.0056,100.0%,8.5,0.5,62.9%,37.1%,-0.0736,,,,,,,,,,,,,,,,,,,,,,,,,
998,Jaime Jaquez Jr.,AST,4.5,OVER,Underdog,,1.07x,50.3%,C,DO NOT BET,30.25,✅ HIT,5.0,UNDER,50.8%,34.1,❌ MISS,UNDER,51.3%,34.34,❌ MISS,OVER,52.1%,31.23,✅ HIT,OVER,51.3%,30.78,✅ HIT,-0.38,-3.07,0.55,-2.3,2.02,1.4,2.0,0.0141,50.0%,,,,,,,,,,,,,,,,,,,,,,,,,,,,,,
999,Dyson Daniels,AST,4.5,OVER,Underdog and PrizePicks,,0.87x,51.0%,C,DO NOT BET,30.24,❌ MISS,4.0,OVER,51.2%,30.34,❌ MISS,OVER,50.6%,30.0,❌ MISS,OVER,51.5%,30.52,❌ MISS,OVER,50.7%,30.1,❌ MISS,-0.89,0.55,-2.0,0.9,-2.34,0.6,0.4,0.0037,100.0%,,,,,,,,,,,,,,,,,,,,,,,,,,,,,,
1000,Shai Gilgeous-Alexander,AST,6.0,OVER,PrizePicks,,,50.1%,C,DO NOT BET,30.11,✅ HIT,8.0,UNDER,51.2%,27.07,❌ MISS,UNDER,51.6%,27.56,❌ MISS,OVER,51.9%,24.31,✅ HIT,OVER,51.1%,23.35,✅ HIT,-0.22,0.0,-0.8,0.0,-0.58,1.0,0.8,0.0146,50.0%,6.5,0.5,50.0%,50.0%,0.0003,,,,,,,,,,,,,,,,,,,,,,,,,
1001,Jrue Holiday,FGM,5.5,OVER,PrizePicks,,,50.2%,C,DO NOT BET,30.1,❌ MISS,4.0,UNDER,50.1%,33.94,✅ HIT,UNDER,50.6%,34.23,✅ HIT,OVER,51.1%,30.59,❌ MISS,OVER,50.5%,30.24,❌ MISS,-0.57,1.12,-0.66,0.9,-1.35,0.6,0.0,0.0064,50.0%,,,,,,,,,,,,,,,,,,,,,,,,,,,,,,
1002,Jalen Williams,3PM,0.5,OVER,Underdog and PrizePicks,Goblin,0.76x,51.2%,S,DO NOT BET,30.02,❌ MISS,0.0,UNDER,50.6%,34.59,✅ HIT,UNDER,50.9%,34.73,✅ HIT,OVER,53.3%,31.2,❌ MISS,OVER,52.9%,30.97,❌ MISS,-0.31,-0.56,-1.5,-0.5,0.22,1.0,1.2,0.0195,50.0%,,,,,,,,,,,,,,,,,,,,,,,,,,,,,,
1003,James Harden,PTS,22.5,OVER,PrizePicks,,,50.6%,D,DO NOT BET,29.98,❌ MISS,18.0,UNDER,51.5%,34.72,✅ HIT,UNDER,51.8%,34.91,✅ HIT,OVER,53.3%,31.42,❌ MISS,OVER,52.6%,31.05,❌ MISS,-0.22,-0.25,0.0,-1.9,0.22,0.8,1.2,0.023,50.0%,,,,,,,,,,,,,,,,,,,,,,,,,,,,,,
1004,Myles Turner,REB,4.0,OVER,PrizePicks,,,55.6%,B,DO NOT BET,29.96,NO GAME,,OVER,54.7%,28.89,NO GAME,OVER,55.4%,29.72,NO GAME,OVER,55.9%,30.32,NO GAME,OVER,56.4%,30.92,NO GAME,-0.65,0.41,-0.6,0.8,-2.06,0.4,0.4,0.0062,100.0%,4.5,0.5,49.0%,51.0%,0.0426,4.5,0.5,50.3%,49.6%,0.0339,4.5,0.5,49.8%,50.2%,0.0375,4.5,0.5,49.2%,50.8%,0.0414,4.5,0.5,48.8%,51.2%,0.0441,4.5,0.5,49.7%,50.3%,0.0383
1005,Kyle Kuzma,PR,16.5,OVER,PrizePicks,,,50.4%,D,DO NOT BET,29.91,NO GAME,,OVER,51.5%,31.2,NO GAME,OVER,51.4%,31.1,NO GAME,UNDER,50.6%,15.12,NO GAME,UNDER,50.5%,14.96,NO GAME,-0.18,0.49,-1.5,3.1,-4.22,0.8,0.4,0.0104,50.0%,16.5,0.0,50.8%,49.2%,-0.0022,16.5,0.0,49.2%,50.8%,0.0082,,,,,,,,,,,17.5,1.0,45.1%,54.9%,0.035,16.5,0.0,51.1%,48.9%,-0.004
1006,James Harden,PR,27.5,OVER,Underdog and PrizePicks,,,50.0%,D,DO NOT BET,29.89,❌ MISS,27.0,UNDER,50.1%,34.16,✅ HIT,UNDER,50.2%,34.18,✅ HIT,OVER,50.1%,29.95,❌ MISS,OVER,50.3%,30.03,❌ MISS,-0.2,-0.26,-0.06,-2.1,0.5,0.8,1.2,0.0018,50.0%,,,,,,,,,,,,,,,,,,,,,,,,,,,,,,
1007,Victor Wembanyama,FGA,17.5,OVER,PrizePicks,,,50.4%,D,DO NOT BET,29.77,❌ MISS,15.0,UNDER,54.2%,35.84,✅ HIT,UNDER,54.1%,35.79,✅ HIT,OVER,55.7%,32.67,❌ MISS,OVER,54.2%,31.88,❌ MISS,0.35,-0.48,-4.0,-1.3,2.24,1.6,1.6,0.0458,50.0%,,,,,,,,,,,,,,,,,,,,,,,,,,,,,,
1008,Naz Reid,PA,14.5,UNDER,PrizePicks,,,50.6%,D,DO NOT BET,29.75,❌ MISS,15.0,UNDER,50.0%,29.07,❌ MISS,OVER,50.4%,29.27,✅ HIT,UNDER,51.5%,30.94,❌ MISS,UNDER,51.1%,30.36,❌ MISS,0.34,-0.25,1.39,-1.1,2.59,1.4,0.8,0.0077,75.0%,,,,,,15.5,1.0,53.1%,46.9%,0.0238,,,,,,,,,,,15.5,1.0,52.8%,47.2%,0.022,,,,,
1009,Jaylen Brown,FGA,19.5,OVER,Underdog and PrizePicks,,,50.7%,D,DO NOT BET,29.69,❌ MISS,17.0,UNDER,52.6%,35.45,✅ HIT,UNDER,52.8%,35.56,✅ HIT,OVER,54.8%,31.93,❌ MISS,OVER,53.5%,31.21,❌ MISS,-0.51,-0.21,-0.03,-0.9,-1.3,1.0,1.6,0.0346,50.0%,,,,,,,,,,,,,,,,,,,,,,,,,,,,,,
1010,Jayson Tatum,PA,23.0,UNDER,PrizePicks,,,52.6%,D,DO NOT BET,29.65,❌ MISS,26.0,UNDER,53.5%,30.94,❌ MISS,UNDER,53.1%,30.52,❌ MISS,UNDER,52.1%,28.84,❌ MISS,UNDER,51.6%,28.27,❌ MISS,-0.12,-0.22,0.79,-1.2,0.57,0.8,0.8,0.0076,100.0%,22.5,-0.5,52.7%,47.3%,0.0347,,,,,,,,,,,,,,,,,,,,,,,,,
1011,Jalen Johnson,PRA,38.5,OVER,Underdog and PrizePicks,,,51.8%,D,DO NOT BET,29.55,✅ HIT,47.0,UNDER,52.0%,35.82,❌ MISS,UNDER,51.8%,35.71,❌ MISS,OVER,55.4%,31.53,✅ HIT,OVER,55.7%,31.69,✅ HIT,-0.26,-0.05,-0.33,-0.5,-2.14,1.0,1.2,0.0375,50.0%,,,,,,,,,,,,,,,,,,,,,,,,,,,,,,
1012,Pascal Siakam,PTS,22.5,OVER,Underdog and PrizePicks,,,62.9%,D,DO NOT BET,29.38,❌ MISS,20.0,OVER,63.1%,29.65,❌ MISS,OVER,62.3%,28.63,❌ MISS,OVER,63.7%,30.24,❌ MISS,OVER,62.6%,29.01,❌ MISS,-0.2,-0.41,0.19,-3.1,1.58,1.2,1.2,0.0052,100.0%,22.5,0.0,47.2%,52.8%,0.1022,22.5,0.0,48.3%,51.7%,0.0952,22.5,0.0,49.1%,50.9%,0.0901,22.5,0.0,50.8%,49.2%,0.0788,26.5,4.0,25.4%,74.6%,0.2436,21.5,-1.0,51.7%,48.3%,0.0731
1013,Jaylen Brown,RA,12.0,UNDER,PrizePicks,,,51.9%,C,DO NOT BET,29.14,❌ MISS,16.0,UNDER,50.7%,27.79,❌ MISS,UNDER,50.5%,27.46,❌ MISS,UNDER,53.4%,30.91,❌ MISS,UNDER,53.0%,30.4,❌ MISS,0.08,-0.59,-0.8,-1.2,1.37,1.0,1.6,0.0129,100.0%,11.5,-0.5,54.1%,45.9%,0.0389,,,,,,,,,,,,,,,,,,,,,,,,,
1014,Draymond Green,PRA,20.5,OVER,Underdog and PrizePicks,,,59.4%,D,DO NOT BET,28.62,❌ MISS,15.0,OVER,60.6%,29.89,❌ MISS,OVER,60.5%,29.75,❌ MISS,OVER,58.2%,27.25,❌ MISS,OVER,58.5%,27.59,❌ MISS,0.21,0.06,0.24,0.3,0.73,1.2,1.2,0.0109,100.0%,20.5,0.0,49.6%,50.4%,0.0639,20.5,0.0,50.1%,49.9%,0.0604,20.5,0.0,50.7%,49.3%,0.0569,20.5,0.0,48.7%,51.3%,0.0699,21.5,1.0,33.2%,66.8%,0.1705,20.5,0.0,49.2%,50.8%,0.0665
1015,Isaiah Hartenstein,PA,9.5,OVER,PrizePicks,,,66.6%,D,STRONG BET,28.52,❌ MISS,8.0,OVER,66.9%,28.93,❌ MISS,OVER,67.3%,29.41,❌ MISS,OVER,65.8%,27.56,❌ MISS,OVER,66.3%,28.16,❌ MISS,-0.6,0.02,-0.62,0.1,-4.07,1.4,0.8,0.0059,100.0%,9.5,0.0,47.6%,52.4%,0.1235,,,,,,,,,,,,,,,,,,,,,,,,,
1016,Quentin Grimes,REB,4.0,UNDER,PrizePicks,,,52.3%,B,DO NOT BET,28.5,❌ MISS,6.0,UNDER,52.8%,29.12,❌ MISS,UNDER,51.8%,27.99,❌ MISS,UNDER,52.8%,36.89,❌ MISS,UNDER,51.9%,35.95,❌ MISS,-0.15,0.29,-0.23,0.6,-0.91,0.8,0.8,0.0046,100.0%,3.5,-0.5,51.4%,48.5%,0.0246,3.5,-0.5,52.1%,47.9%,0.0292,3.5,-0.5,51.0%,49.0%,0.0214,3.5,-0.5,51.1%,48.9%,0.0227,4.5,0.5,44.4%,55.6%,-0.0214,3.5,-0.5,50.8%,49.2%,0.0205
1017,Paul George,PTS,17.5,UNDER,Underdog and PrizePicks,,,66.4%,D,STRONG BET,28.28,❌ MISS,28.0,UNDER,67.6%,29.54,❌ MISS,UNDER,67.3%,29.3,❌ MISS,UNDER,65.5%,27.16,❌ MISS,UNDER,65.4%,27.12,❌ MISS,-0.18,-0.18,-1.01,-1.5,-0.04,1.4,1.6,0.0102,100.0%,17.5,0.0,52.4%,47.6%,0.1225,17.5,0.0,52.1%,47.9%,0.1206,18.5,1.0,41.8%,58.2%,0.0533,17.5,0.0,52.8%,47.2%,0.1249,21.5,4.0,14.6%,85.4%,-0.1233,17.5,0.0,51.1%,48.9%,0.1138
1018,Josh Giddey,TOV,3.5,OVER,Underdog,,0.86x,51.0%,A,DO NOT BET,28.13,✅ HIT,4.0,OVER,53.1%,29.3,✅ HIT,OVER,52.7%,29.07,✅ HIT,UNDER,50.8%,36.47,❌ MISS,UNDER,51.1%,36.63,❌ MISS,-0.08,0.6,-4.04,0.7,-0.79,1.0,0.4,0.0194,50.0%,,,,,,,,,,,,,,,,,,,,,,,,,,,,,,
1019,Joel Embiid,REB,6.5,OVER,Underdog and PrizePicks,,,62.6%,B,DO NOT BET,28.05,❌ MISS,6.0,OVER,63.3%,28.89,❌ MISS,OVER,63.6%,29.21,❌ MISS,OVER,61.6%,26.94,❌ MISS,OVER,61.8%,27.16,❌ MISS,-0.49,-0.51,-0.28,-1.1,0.05,1.4,1.2,0.0087,100.0%,6.5,0.0,49.5%,50.5%,0.0853,6.5,0.0,49.7%,50.3%,0.0835,6.5,0.0,49.1%,50.9%,0.0879,6.5,0.0,48.7%,51.3%,0.0904,7.5,1.0,37.9%,62.1%,0.1602,6.5,0.0,46.5%,53.5%,0.1044
1020,Klay Thompson,PRA,14.5,OVER,PrizePicks,,,51.8%,D,DO NOT BET,27.92,❌ MISS,8.0,OVER,50.0%,25.76,❌ MISS,OVER,50.2%,25.92,❌ MISS,OVER,53.4%,29.8,❌ MISS,OVER,53.7%,30.17,❌ MISS,-0.2,-0.37,-0.46,-1.7,0.76,1.0,1.2,0.017,100.0%,,,,,,,,,,,,,,,,,,,,,,,,,,15.5,1.0,45.4%,54.6%,0.0421
1021,Paul George,RA,9.5,UNDER,Underdog,,1.06x,69.2%,C,BET,27.84,❌ MISS,10.0,UNDER,69.2%,27.8,❌ MISS,UNDER,67.1%,25.67,❌ MISS,UNDER,71.3%,30.13,❌ MISS,UNDER,69.0%,27.75,❌ MISS,-0.56,-0.6,-0.32,-0.7,0.05,1.2,1.2,0.0149,100.0%,9.5,0.0,53.7%,46.3%,0.1488,10.5,1.0,32.5%,67.5%,0.0109,,,,,,,,,,,10.5,1.0,32.3%,67.7%,0.0093,10.5,1.0,31.6%,68.5%,0.0046
1022,Brandin Podziemski,RA,10.5,UNDER,Underdog and PrizePicks,,1.05x,65.8%,C,BET WITH CAUTION,27.55,❌ MISS,11.0,UNDER,66.9%,28.83,❌ MISS,UNDER,64.9%,26.54,❌ MISS,UNDER,66.8%,28.56,❌ MISS,UNDER,64.8%,26.25,❌ MISS,-0.31,-0.35,-1.79,-1.7,0.2,0.8,1.2,0.0097,100.0%,10.5,0.0,52.4%,47.6%,0.1187,10.5,0.0,52.5%,47.5%,0.1195,,,,,,,,,,,11.5,1.0,40.2%,59.8%,0.0394,10.5,0.0,51.5%,48.5%,0.1127
1023,Deni Avdija,AST,6.0,OVER,PrizePicks,,,50.8%,C,DO NOT BET,27.54,✅ HIT,7.0,UNDER,51.6%,29.14,❌ MISS,UNDER,52.0%,29.85,❌ MISS,OVER,53.9%,31.45,✅ HIT,OVER,52.9%,30.1,✅ HIT,-0.17,-0.05,1.4,-0.2,-0.48,1.0,0.4,0.0263,50.0%,6.5,0.5,39.6%,60.4%,0.0727,6.5,0.5,39.6%,60.4%,0.0727,6.5,0.5,39.0%,61.0%,0.0771,6.5,0.5,38.2%,61.8%,0.082,6.5,0.5,34.5%,65.5%,0.1058,6.5,0.5,39.4%,60.6%,0.0745
1024,LeBron James,REB,6.0,OVER,PrizePicks,,,52.1%,B,DO NOT BET,26.89,✅ HIT,9.0,OVER,53.3%,28.14,✅ HIT,OVER,54.0%,29.03,✅ HIT,OVER,50.1%,24.75,✅ HIT,OVER,50.9%,25.64,✅ HIT,0.03,-0.53,-1.5,-2.0,2.1,0.8,0.8,0.0162,100.0%,6.5,0.5,48.5%,51.5%,0.0232,6.5,0.5,48.9%,51.1%,0.0207,5.5,-0.5,53.6%,46.4%,-0.0099,6.5,0.5,49.0%,51.0%,0.0198,7.5,1.5,36.7%,63.3%,0.1001,5.5,-0.5,54.5%,45.5%,-0.0156
1025,Ace Bailey,PRA,32.5,UNDER,Underdog,,1.03x,66.8%,D,STRONG BET,26.85,✅ HIT,23.0,UNDER,67.3%,27.24,✅ HIT,UNDER,66.8%,26.94,✅ HIT,UNDER,66.8%,26.77,✅ HIT,UNDER,66.5%,26.43,✅ HIT,-0.93,-0.05,1.5,-0.7,-12.51,1.2,0.8,0.0029,100.0%,34.5,2.0,13.3%,86.7%,-0.1288,33.5,1.0,16.8%,83.2%,-0.1063,,,,,,34.5,2.0,11.8%,88.2%,-0.1392,35.5,3.0,7.4%,92.6%,-0.1672,34.5,2.0,11.3%,88.7%,-0.1418
1026,Payton Pritchard,PA,19.5,OVER,PrizePicks,,,61.9%,D,DO NOT BET,26.8,❌ MISS,15.0,OVER,57.2%,21.19,❌ MISS,OVER,57.6%,21.67,❌ MISS,OVER,66.1%,31.86,❌ MISS,OVER,66.6%,32.45,❌ MISS,-0.34,0.1,1.1,0.7,-3.13,1.2,1.2,0.0447,100.0%,19.5,0.0,48.9%,51.1%,0.0844,,,,,,,,,,,,,,,,,,,,,,,,,
1027,Jayson Tatum,REB,8.5,OVER,Underdog,,,50.3%,B,DO NOT BET,26.47,✅ HIT,12.0,UNDER,50.8%,32.07,❌ MISS,OVER,50.1%,26.31,✅ HIT,OVER,50.5%,26.74,✅ HIT,OVER,51.3%,27.59,✅ HIT,-0.16,-0.73,-0.25,-1.7,1.32,1.2,1.6,0.0074,75.0%,9.5,1.0,43.3%,56.7%,0.0456,,,,,,,,,,,,,,,,,,,,,,,,,
1028,Draymond Green,PR,14.5,OVER,PrizePicks,,,58.2%,D,DO NOT BET,26.08,❌ MISS,12.0,OVER,61.1%,29.54,❌ MISS,OVER,60.7%,29.07,❌ MISS,OVER,55.5%,22.79,❌ MISS,OVER,55.6%,22.95,❌ MISS,0.07,-0.02,1.46,-0.1,0.45,1.2,1.2,0.0269,100.0%,14.5,0.0,49.5%,50.5%,0.0568,14.5,0.0,48.9%,51.1%,0.0603,,,,,,,,,,,14.5,0.0,48.0%,52.0%,0.0663,14.5,0.0,50.8%,49.2%,0.0481
1029,Josh Giddey,PTS,18.0,OVER,PrizePicks,,,50.4%,D,DO NOT BET,25.82,✅ HIT,23.0,OVER,52.6%,28.48,✅ HIT,OVER,52.1%,27.88,✅ HIT,UNDER,51.2%,31.38,❌ MISS,UNDER,51.7%,31.96,❌ MISS,0.11,0.99,-0.12,4.2,-3.71,0.8,0.4,0.0195,50.0%,18.5,0.5,46.8%,53.2%,0.024,18.5,0.5,48.5%,51.5%,0.0127,17.5,-0.5,54.1%,45.9%,-0.0237,18.5,0.5,48.6%,51.4%,0.0119,21.5,3.5,33.0%,67.0%,0.1132,18.5,0.5,49.4%,50.6%,0.0067
1030,Brandon Ingram,PR,25.5,UNDER,Underdog and PrizePicks,,,59.9%,D,DO NOT BET,25.81,✅ HIT,24.0,UNDER,59.1%,24.84,✅ HIT,UNDER,58.9%,24.52,✅ HIT,UNDER,60.9%,27.02,✅ HIT,UNDER,60.8%,26.86,✅ HIT,0.15,0.13,-1.5,1.5,0.19,1.2,1.2,0.0093,100.0%,25.5,0.0,51.9%,48.1%,0.0766,25.5,0.0,51.7%,48.3%,0.0757,,,,,,,,,,,26.5,1.0,44.8%,55.2%,0.0303,25.5,0.0,52.0%,48.0%,0.0774
1031,Kevin Durant,PA,30.5,UNDER,PrizePicks,,,59.6%,D,DO NOT BET,25.43,❌ MISS,38.0,UNDER,60.3%,26.18,❌ MISS,UNDER,60.0%,25.82,❌ MISS,UNDER,59.4%,25.13,❌ MISS,UNDER,58.9%,24.6,❌ MISS,-0.02,-0.1,0.58,-0.9,0.77,1.2,1.2,0.0052,100.0%,31.5,1.0,47.0%,53.0%,0.0433,30.5,0.0,51.2%,48.8%,0.0704,,,,,,,,,,,31.5,1.0,45.5%,54.5%,0.033,30.5,0.0,50.8%,49.2%,0.0678
1032,Andrew Nembhard,PR,17.5,OVER,PrizePicks,,,61.7%,D,DO NOT BET,25.36,❌ MISS,16.0,OVER,64.0%,28.03,❌ MISS,OVER,63.5%,27.44,❌ MISS,OVER,59.6%,22.91,❌ MISS,OVER,59.7%,23.06,❌ MISS,-0.53,-0.45,0.23,-2.1,-0.36,1.4,1.2,0.0206,100.0%,,,,,,18.5,1.0,45.5%,54.5%,0.1052,,,,,,,,,,,18.5,1.0,46.0%,54.0%,0.1018,17.5,0.0,47.6%,52.4%,0.0918
1033,Luka Dončić,PR,42.5,UNDER,Underdog,,,59.8%,D,DO NOT BET,25.24,❌ MISS,49.0,UNDER,59.6%,24.95,❌ MISS,UNDER,59.3%,24.6,❌ MISS,UNDER,60.3%,25.77,❌ MISS,UNDER,60.1%,25.62,❌ MISS,-0.11,0.42,0.33,4.5,-5.72,1.0,1.2,0.004,100.0%,42.5,0.0,51.1%,48.9%,0.0707,43.5,1.0,51.4%,48.6%,0.0728,,,,,,,,,,,44.5,2.0,48.3%,51.7%,0.0528,42.5,0.0,51.1%,48.9%,0.0707
1034,Reed Sheppard,PA,20.5,UNDER,Underdog and PrizePicks,,,66.3%,D,STRONG BET,24.92,✅ HIT,13.0,UNDER,67.5%,26.33,✅ HIT,UNDER,67.2%,26.02,✅ HIT,UNDER,65.4%,23.9,✅ HIT,UNDER,65.0%,23.42,✅ HIT,-0.42,-0.01,-2.36,-0.1,-3.47,1.4,1.6,0.0109,100.0%,20.5,0.0,51.5%,48.5%,0.1153,20.5,0.0,50.5%,49.5%,0.1092,,,,,,,,,,,21.5,1.0,15.5%,84.5%,-0.1183,20.5,0.0,49.2%,50.8%,0.1005
1035,Aaron Gordon,PR,22.5,UNDER,PrizePicks,,,58.1%,D,DO NOT BET,24.84,✅ HIT,22.0,UNDER,57.9%,24.52,✅ HIT,UNDER,57.6%,24.24,✅ HIT,UNDER,58.5%,25.39,✅ HIT,UNDER,58.4%,25.23,✅ HIT,0.0,-0.19,-0.36,-1.1,1.12,1.6,1.6,0.0036,100.0%,21.5,-1.0,52.2%,47.8%,0.0668,,,,,,,,,,,,,,,,,,,,,22.5,0.0,50.8%,49.2%,0.0577
1036,Joel Embiid,RA,10.5,OVER,Underdog and PrizePicks,,,59.1%,C,DO NOT BET,24.6,✅ HIT,13.0,OVER,59.1%,24.51,✅ HIT,OVER,58.2%,23.54,✅ HIT,OVER,60.2%,25.92,✅ HIT,OVER,59.0%,24.44,✅ HIT,-0.4,-0.61,0.09,-1.5,0.52,1.8,1.6,0.0071,100.0%,10.5,0.0,49.5%,50.5%,0.0628,10.5,0.0,49.3%,50.7%,0.0637,,,,,,,,,,,10.5,0.0,48.9%,51.1%,0.0663,10.5,0.0,49.2%,50.8%,0.0645
1037,Pascal Siakam,PR,28.5,OVER,Underdog,,,61.1%,D,DO NOT BET,24.52,❌ MISS,28.0,OVER,62.7%,26.59,❌ MISS,OVER,62.2%,26.06,❌ MISS,OVER,59.7%,22.63,❌ MISS,OVER,59.8%,22.78,❌ MISS,-0.24,-0.22,0.26,-1.9,-0.2,1.2,1.2,0.0138,100.0%,27.5,-1.0,51.6%,48.4%,0.0613,27.5,-1.0,53.1%,46.9%,0.0517,,,,,,,,,,,28.5,0.0,48.0%,52.0%,0.085,28.5,0.0,49.2%,50.8%,0.0772
1038,Luka Dončić,PRA,50.5,UNDER,PrizePicks,,,59.5%,D,DO NOT BET,24.47,❌ MISS,56.0,UNDER,57.5%,22.11,❌ MISS,UNDER,57.2%,21.72,❌ MISS,UNDER,61.7%,27.22,❌ MISS,UNDER,61.4%,26.82,❌ MISS,-0.09,0.27,0.61,2.7,-3.57,0.8,1.2,0.021,100.0%,50.5,0.0,51.5%,48.5%,0.071,51.5,1.0,51.6%,48.4%,0.0718,49.5,-1.0,55.8%,44.2%,0.0992,51.5,1.0,49.6%,50.4%,0.0588,53.5,3.0,43.6%,56.4%,0.0199,51.5,1.0,48.1%,51.9%,0.0492
1039,Ace Bailey,PR,30.5,UNDER,PrizePicks,,,71.8%,D,STRONG BET,24.47,✅ HIT,20.0,UNDER,70.7%,23.48,✅ HIT,UNDER,70.2%,22.81,✅ HIT,UNDER,73.2%,25.87,✅ HIT,UNDER,73.1%,25.73,✅ HIT,-0.98,-0.11,1.5,-1.5,-11.49,1.2,0.8,0.0136,100.0%,31.5,1.0,42.4%,57.6%,0.092,30.5,0.0,51.6%,48.4%,0.152,,,,,,,,,,,31.5,1.0,40.4%,59.6%,0.079,31.5,1.0,43.2%,56.8%,0.0972
1040,Brandin Podziemski,AST,4.5,UNDER,Underdog,,1.03x,62.6%,C,DO NOT BET,24.24,❌ MISS,5.0,UNDER,63.5%,25.53,❌ MISS,UNDER,62.8%,24.72,❌ MISS,UNDER,62.2%,23.59,❌ MISS,UNDER,61.7%,23.09,❌ MISS,-0.42,-0.52,-0.55,-0.9,0.16,1.0,1.2,0.0067,100.0%,4.5,0.0,54.6%,45.4%,0.1118,4.5,0.0,52.7%,47.3%,0.099,4.5,0.0,53.5%,46.5%,0.1043,4.5,0.0,55.3%,44.7%,0.1159,5.5,1.0,25.6%,74.4%,-0.0767,4.5,0.0,53.5%,46.5%,0.1043
1041,VJ Edgecombe,RA,10.0,OVER,PrizePicks,,,50.4%,C,DO NOT BET,24.14,✅ HIT,12.0,OVER,52.5%,26.58,✅ HIT,OVER,52.4%,26.48,✅ HIT,UNDER,51.8%,33.44,❌ MISS,UNDER,51.6%,33.18,❌ MISS,0.07,-0.8,-0.5,-3.4,3.71,0.8,1.2,0.0205,50.0%,10.5,0.5,45.3%,54.7%,0.033,9.5,-0.5,51.5%,48.5%,-0.0073,,,,,,,,,,,10.5,0.5,44.2%,55.8%,0.0402,10.5,0.5,46.0%,54.0%,0.0288
1042,Cooper Flagg,PR,28.5,UNDER,Underdog and PrizePicks,,,59.6%,D,DO NOT BET,23.96,❌ MISS,34.0,UNDER,55.5%,19.16,❌ MISS,UNDER,55.3%,18.95,❌ MISS,UNDER,63.8%,28.95,❌ MISS,UNDER,63.7%,28.8,❌ MISS,-0.36,0.24,-0.08,1.1,-2.7,1.4,1.2,0.0417,100.0%,28.5,0.0,50.0%,50.0%,0.0621,29.5,1.0,52.3%,47.7%,0.0773,,,,,,,,,,,29.5,1.0,52.1%,47.9%,0.0756,28.5,0.0,53.0%,46.9%,0.0819
1043,Jalen Williams,RA,7.5,OVER,Underdog,,1.05x,63.1%,C,DO NOT BET,23.21,❌ MISS,6.0,OVER,63.9%,24.15,❌ MISS,OVER,62.6%,22.6,❌ MISS,OVER,63.8%,24.02,❌ MISS,OVER,62.1%,22.07,❌ MISS,-0.68,-0.35,-1.5,-1.3,-1.27,1.2,1.2,0.0075,100.0%,7.5,0.0,43.7%,56.3%,0.1261,,,,,,,,,,,,,,,,,,,,,,,,,
1044,Aaron Gordon,AST,2.5,OVER,PrizePicks,,,57.5%,C,DO NOT BET,23.11,✅ HIT,3.0,OVER,56.8%,22.26,✅ HIT,OVER,55.7%,20.9,✅ HIT,OVER,59.5%,25.51,✅ HIT,OVER,58.1%,23.74,✅ HIT,-0.06,-0.4,0.5,-0.3,0.25,1.4,1.2,0.0143,100.0%,,,,,,,,,,,,,,,,2.5,0.0,47.5%,52.5%,0.0654,,,,,,,,,,
1045,Pascal Siakam,REB,5.5,OVER,Underdog,,1.03x,59.7%,B,DO NOT BET,23.06,✅ HIT,8.0,OVER,60.0%,23.43,✅ HIT,OVER,60.4%,23.98,✅ HIT,OVER,59.0%,22.2,✅ HIT,OVER,59.3%,22.62,✅ HIT,-0.73,0.48,-0.27,0.7,-1.78,1.0,0.8,0.0053,100.0%,5.5,0.0,47.2%,52.8%,0.081,5.5,0.0,46.8%,53.2%,0.0836,5.5,0.0,47.0%,53.0%,0.0821,5.5,0.0,46.9%,53.0%,0.0827,6.5,1.0,49.8%,50.2%,0.0641,5.5,0.0,47.6%,52.4%,0.0786
1046,Cooper Flagg,REB,6.5,UNDER,Underdog and PrizePicks,,,58.7%,B,DO NOT BET,23.03,❌ MISS,8.0,UNDER,57.7%,21.77,❌ MISS,UNDER,56.5%,20.4,❌ MISS,UNDER,60.9%,25.67,❌ MISS,UNDER,59.7%,24.29,❌ MISS,0.06,0.05,-0.11,0.1,0.02,1.0,1.2,0.0173,100.0%,6.5,0.0,50.0%,50.0%,0.0566,6.5,0.0,51.2%,48.8%,0.0644,6.5,0.0,51.6%,48.4%,0.0671,,,,,,7.5,1.0,28.0%,72.0%,-0.0866,6.5,0.0,50.0%,50.0%,0.0566
1047,Kristaps Porziņģis,PR,23.5,UNDER,Underdog and PrizePicks,,,59.6%,D,DO NOT BET,23.01,✅ HIT,22.0,UNDER,57.9%,21.0,✅ HIT,UNDER,57.7%,20.74,✅ HIT,UNDER,61.4%,25.23,✅ HIT,UNDER,61.3%,25.08,✅ HIT,-0.21,-0.12,0.45,-1.1,-0.88,1.4,0.8,0.0175,100.0%,23.5,0.0,50.0%,50.0%,0.0622,23.5,0.0,52.3%,47.7%,0.077,,,,,,,,,,,24.5,1.0,43.1%,56.9%,0.0174,23.5,0.0,50.8%,49.2%,0.0674
1048,Kawhi Leonard,PRA,37.5,OVER,PrizePicks,,,57.9%,D,DO NOT BET,22.59,❌ MISS,35.0,OVER,54.2%,18.19,❌ MISS,OVER,54.2%,18.26,❌ MISS,OVER,61.4%,26.8,❌ MISS,OVER,61.7%,27.12,❌ MISS,-0.27,0.25,1.5,0.7,-1.45,1.0,0.4,0.0366,100.0%,36.5,-1.0,47.8%,52.2%,0.0654,37.5,0.0,49.9%,50.1%,0.052,37.5,0.0,45.5%,54.5%,0.0805,37.5,0.0,48.9%,51.1%,0.0581,39.5,2.0,56.6%,43.4%,0.0079,37.5,0.0,48.9%,51.1%,0.0581
1049,Aaron Gordon,PA,19.5,UNDER,PrizePicks,,,57.4%,D,DO NOT BET,22.56,✅ HIT,19.0,UNDER,59.2%,24.72,✅ HIT,UNDER,58.9%,24.35,✅ HIT,UNDER,56.0%,20.86,✅ HIT,UNDER,55.5%,20.31,✅ HIT,-0.07,-0.02,-0.38,-0.1,-0.24,1.4,1.6,0.0166,100.0%,,,,,,,,,,,,,,,,,,,,,,,,,,19.5,0.0,52.4%,47.6%,0.0638
1050,Victor Wembanyama,SB,4.5,UNDER,Underdog,,,57.6%,A,DO NOT BET,22.26,❌ MISS,10.0,UNDER,56.1%,20.54,❌ MISS,UNDER,56.4%,20.84,❌ MISS,UNDER,58.8%,23.78,❌ MISS,UNDER,58.9%,23.87,❌ MISS,-0.26,-0.17,0.41,-0.3,-0.15,0.6,0.8,0.0131,100.0%,,,,,,4.5,0.0,50.3%,49.7%,0.0508,,,,,,,,,,,,,,,,,,,,
1051,Ace Bailey,REB,5.5,UNDER,Underdog,,1.04x,69.6%,B,STRONG BET,21.9,✅ HIT,5.0,UNDER,72.3%,25.35,✅ HIT,UNDER,70.8%,23.68,✅ HIT,UNDER,68.3%,20.01,✅ HIT,UNDER,66.9%,18.54,✅ HIT,-0.46,-0.16,-1.5,-0.5,-0.9,1.2,0.8,0.0213,100.0%,6.5,1.0,18.3%,81.7%,-0.079,5.5,0.0,54.8%,45.2%,0.1582,5.5,0.0,55.3%,44.7%,0.1618,6.5,1.0,20.1%,79.9%,-0.0671,7.5,2.0,1.0%,99.0%,-0.1913,6.5,1.0,22.1%,77.9%,-0.0543
1052,Jaylen Brown,PTS,24.5,OVER,Underdog and PrizePicks,,,51.2%,D,DO NOT BET,21.36,✅ HIT,31.0,UNDER,50.8%,36.52,❌ MISS,UNDER,51.2%,36.96,❌ MISS,OVER,53.9%,24.55,✅ HIT,OVER,53.2%,23.72,✅ HIT,-0.5,-0.64,0.22,-5.1,1.08,1.0,1.6,0.023,50.0%,25.5,1.0,48.3%,51.7%,0.0191,,,,,,,,,,,,,,,,,,,,,,,,,
1053,Brandin Podziemski,REB,5.5,UNDER,Underdog,,1.06x,63.9%,B,DO NOT BET,21.14,❌ MISS,6.0,UNDER,64.3%,21.65,❌ MISS,UNDER,62.9%,20.09,❌ MISS,UNDER,64.9%,22.25,❌ MISS,UNDER,63.5%,20.67,❌ MISS,-0.08,-0.09,-4.13,-0.3,0.04,0.8,0.8,0.0073,100.0%,5.5,0.0,54.3%,45.7%,0.1181,5.5,0.0,56.0%,44.0%,0.1298,5.5,0.0,53.5%,46.5%,0.1131,5.5,0.0,51.9%,48.1%,0.1026,7.5,2.0,1.5%,98.5%,-0.225,5.5,0.0,55.7%,44.3%,0.1275
1054,Jaylen Brown,PRA,37.5,OVER,PrizePicks,,,57.4%,D,DO NOT BET,21.02,✅ HIT,47.0,OVER,57.9%,21.51,✅ HIT,OVER,57.8%,21.46,✅ HIT,OVER,56.9%,20.37,✅ HIT,OVER,57.2%,20.72,✅ HIT,-0.32,-0.29,0.41,-2.9,-0.29,1.6,1.6,0.0041,100.0%,37.5,0.0,49.5%,50.5%,0.0518,,,,,,,,,,,,,,,,,,,,,,,,,
1055,Austin Reaves,PRA,34.5,UNDER,Underdog and PrizePicks,,,57.1%,D,DO NOT BET,20.95,✅ HIT,34.0,UNDER,53.8%,16.97,✅ HIT,UNDER,53.6%,16.68,✅ HIT,UNDER,60.6%,25.29,✅ HIT,UNDER,60.3%,24.89,✅ HIT,-0.14,-1.07,0.26,-5.7,4.98,1.2,1.6,0.0338,100.0%,34.5,0.0,49.5%,50.5%,0.0425,34.5,0.0,51.2%,48.8%,0.0538,35.5,1.0,43.9%,56.1%,0.0062,34.5,0.0,50.3%,49.7%,0.0477,36.5,2.0,43.5%,56.5%,0.004,33.5,-1.0,52.8%,47.2%,0.0639
1056,Deni Avdija,PRA,38.5,UNDER,Underdog and PrizePicks,,,56.5%,D,DO NOT BET,20.9,✅ HIT,29.0,UNDER,53.7%,17.54,✅ HIT,UNDER,53.5%,17.26,✅ HIT,UNDER,59.6%,24.6,✅ HIT,UNDER,59.2%,24.21,✅ HIT,-0.1,-0.22,-0.4,-1.9,1.07,1.4,1.2,0.029,100.0%,38.5,0.0,51.5%,48.5%,0.0518,38.5,0.0,50.3%,49.7%,0.044,37.5,-1.0,55.9%,44.1%,0.0807,38.5,0.0,50.0%,50.0%,0.0422,39.5,1.0,44.2%,55.8%,0.0047,37.5,-1.0,52.3%,47.7%,0.0573
1057,Immanuel Quickley,PTS,16.5,UNDER,PrizePicks,,,55.9%,D,DO NOT BET,20.75,NO GAME,,UNDER,56.9%,21.99,NO GAME,UNDER,57.1%,22.15,NO GAME,UNDER,54.5%,19.21,NO GAME,UNDER,54.9%,19.63,NO GAME,0.1,-1.22,-0.05,-4.7,5.1,1.4,1.6,0.0116,100.0%,15.5,-1.0,50.9%,49.1%,0.0441,16.5,0.0,51.5%,48.5%,0.0475,14.5,-2.0,56.8%,43.2%,0.0825,16.5,0.0,50.0%,50.0%,0.0381,20.5,4.0,35.4%,64.6%,-0.057,16.5,0.0,50.9%,49.1%,0.0442
1058,Kristaps Porziņģis,PA,20.5,UNDER,PrizePicks,,,55.8%,D,DO NOT BET,20.54,✅ HIT,19.0,UNDER,55.8%,20.34,✅ HIT,UNDER,55.4%,19.95,✅ HIT,UNDER,56.2%,21.21,✅ HIT,UNDER,55.8%,20.66,✅ HIT,-0.11,-0.03,1.0,-0.3,-0.84,1.4,0.8,0.0029,100.0%,,,,,,20.5,0.0,50.5%,49.5%,0.0412,,,,,,,,,,,21.5,1.0,38.4%,61.6%,-0.0378,19.5,-1.0,57.9%,42.1%,0.0891
1059,Kristaps Porziņģis,PTS,17.5,UNDER,Underdog and PrizePicks,,,55.8%,D,DO NOT BET,20.49,✅ HIT,17.0,UNDER,55.4%,20.01,✅ HIT,UNDER,55.6%,20.23,✅ HIT,UNDER,55.9%,20.68,✅ HIT,UNDER,56.2%,21.02,✅ HIT,-0.09,0.01,0.53,0.1,-0.92,1.4,0.8,0.0028,100.0%,17.5,0.0,51.2%,48.8%,0.0454,18.5,1.0,56.7%,43.3%,0.081,16.5,-1.0,41.8%,58.2%,-0.0156,17.5,0.0,52.2%,47.8%,0.0522,21.5,4.0,44.3%,55.7%,0.0007,17.5,0.0,48.0%,52.0%,0.0246
1060,Pascal Siakam,AST,3.5,OVER,Underdog,,1.07x,56.3%,C,DO NOT BET,20.27,❌ MISS,1.0,OVER,55.9%,19.74,❌ MISS,OVER,54.8%,18.48,❌ MISS,OVER,58.0%,22.24,❌ MISS,OVER,56.6%,20.63,❌ MISS,-0.19,0.28,0.46,0.5,-0.84,1.0,0.8,0.0114,100.0%,3.5,0.0,45.4%,54.6%,0.0712,3.5,0.0,44.2%,55.8%,0.0787,3.5,0.0,43.9%,56.1%,0.0806,3.5,0.0,45.6%,54.4%,0.0694,3.5,0.0,43.7%,56.3%,0.0819,3.5,0.0,48.0%,52.0%,0.0541
1061,Josh Giddey,PR,26.5,OVER,Underdog and PrizePicks,,,54.2%,D,DO NOT BET,20.17,✅ HIT,32.0,OVER,55.2%,21.36,✅ HIT,OVER,55.0%,21.12,✅ HIT,OVER,53.2%,19.02,✅ HIT,OVER,53.3%,19.18,✅ HIT,0.08,0.56,-0.36,4.9,-4.22,1.2,0.8,0.009,100.0%,26.5,0.0,48.9%,51.1%,0.034,26.5,0.0,49.5%,50.5%,0.0306,,,,,,,,,,,26.5,0.0,48.9%,51.1%,0.034,26.5,0.0,50.3%,49.7%,0.0253
1062,Bam Adebayo,PA,24.5,OVER,Underdog and PrizePicks,,,53.5%,D,DO NOT BET,20.16,❌ MISS,24.0,OVER,52.7%,19.23,❌ MISS,OVER,53.1%,19.69,❌ MISS,OVER,53.8%,20.56,❌ MISS,OVER,54.3%,21.16,❌ MISS,0.23,-0.33,0.74,-1.9,3.19,1.2,0.8,0.0062,100.0%,24.5,0.0,47.6%,52.4%,0.0384,24.5,0.0,48.3%,51.7%,0.034,,,,,,,,,,,24.5,0.0,48.0%,52.0%,0.0358,24.5,0.0,51.5%,48.5%,0.0131
1063,Brandon Ingram,PTS,20.5,UNDER,Underdog and PrizePicks,,,57.0%,D,DO NOT BET,20.05,✅ HIT,18.0,UNDER,57.4%,20.48,✅ HIT,UNDER,57.5%,20.67,✅ HIT,UNDER,56.4%,19.33,✅ HIT,UNDER,56.7%,19.7,✅ HIT,0.1,0.19,-1.5,2.1,-1.01,1.2,1.2,0.0048,100.0%,20.5,0.0,51.9%,48.1%,0.0577,20.5,0.0,51.6%,48.4%,0.0559,21.5,1.0,43.7%,56.3%,0.0046,20.5,0.0,51.9%,48.1%,0.0577,24.5,4.0,25.8%,74.2%,-0.112,21.5,1.0,48.8%,51.2%,0.0376
1064,Isaiah Hartenstein,PR,14.5,OVER,PrizePicks,,,62.3%,D,DO NOT BET,20.01,❌ MISS,11.0,OVER,62.9%,20.75,❌ MISS,OVER,62.4%,20.21,❌ MISS,OVER,61.8%,19.46,❌ MISS,OVER,61.9%,19.61,❌ MISS,-0.52,-0.05,-3.0,-0.5,-4.25,1.2,0.8,0.0042,100.0%,14.5,0.0,47.6%,52.4%,0.0954,,,,,,,,,,,,,,,,,,,,,,,,,
1065,Luka Dončić,PTS,34.5,UNDER,Underdog,,,56.2%,D,DO NOT BET,20.01,❌ MISS,43.0,UNDER,53.2%,16.36,❌ MISS,UNDER,53.5%,16.7,❌ MISS,UNDER,58.9%,23.39,❌ MISS,UNDER,59.1%,23.6,❌ MISS,-0.11,0.55,0.45,5.7,-6.78,0.8,0.8,0.0285,100.0%,34.5,0.0,48.5%,51.5%,0.0306,34.5,0.0,51.2%,48.8%,0.0479,33.5,-1.0,53.5%,46.5%,0.0631,34.5,0.0,50.3%,49.7%,0.0419,39.5,5.0,33.0%,67.0%,-0.0707,34.5,0.0,51.1%,48.9%,0.0471
1066,Immanuel Quickley,REB,3.5,UNDER,Underdog and PrizePicks,,1.02x,54.9%,B,DO NOT BET,19.96,NO GAME,,UNDER,55.7%,20.93,NO GAME,UNDER,54.6%,19.6,NO GAME,UNDER,55.1%,20.24,NO GAME,UNDER,54.1%,19.05,NO GAME,0.49,-0.6,-0.67,-0.7,1.27,1.2,1.2,0.0058,100.0%,3.5,0.0,50.0%,50.0%,0.0317,3.5,0.0,50.5%,49.5%,0.0352,3.5,0.0,50.7%,49.3%,0.0361,3.5,0.0,51.3%,48.7%,0.0404,4.5,1.0,50.6%,49.4%,0.0359,3.5,0.0,54.5%,45.5%,0.0611
1067,Tyler Herro,PA,24.5,OVER,Underdog and PrizePicks,,,54.9%,D,DO NOT BET,19.8,❌ MISS,22.0,OVER,54.8%,19.66,❌ MISS,OVER,55.2%,20.13,❌ MISS,OVER,54.5%,19.39,❌ MISS,OVER,55.0%,20.0,❌ MISS,-0.14,0.3,0.33,1.5,-2.2,1.2,1.2,0.0024,100.0%,24.5,0.0,48.5%,51.5%,0.0413,24.5,0.0,48.5%,51.5%,0.0413,,,,,,,,,,,24.5,0.0,48.9%,51.1%,0.0387,23.5,-1.0,51.3%,48.7%,0.0233
1068,Cooper Flagg,AST,5.5,UNDER,Underdog,,1.03x,57.1%,C,DO NOT BET,19.5,❌ MISS,7.0,UNDER,56.2%,18.4,❌ MISS,UNDER,56.2%,18.3,❌ MISS,UNDER,58.2%,20.75,❌ MISS,UNDER,58.0%,20.57,❌ MISS,-0.53,1.49,-0.32,2.5,-3.38,0.6,0.4,0.0095,100.0%,5.5,0.0,54.6%,45.4%,0.0766,5.5,0.0,55.0%,45.0%,0.0791,5.5,0.0,54.0%,46.0%,0.0725,5.5,0.0,55.0%,45.0%,0.079,6.5,1.0,45.3%,54.7%,0.016,5.5,0.0,54.5%,45.5%,0.0759
1069,Shai Gilgeous-Alexander,3PM,1.5,UNDER,Underdog and PrizePicks,,,53.3%,S,DO NOT BET,19.48,❌ MISS,3.0,UNDER,53.7%,19.92,❌ MISS,UNDER,53.9%,20.19,❌ MISS,UNDER,52.7%,18.74,❌ MISS,UNDER,53.0%,19.09,❌ MISS,0.2,-0.1,1.33,-0.1,0.3,1.2,1.2,0.0049,100.0%,1.5,0.0,52.8%,47.2%,0.0398,,,,,,,,,,,,,,,,,,,,,,,,,
1070,Kristaps Porziņģis,PRA,25.5,UNDER,Underdog and PrizePicks,,,56.7%,D,DO NOT BET,19.35,✅ HIT,24.0,UNDER,56.5%,19.05,✅ HIT,UNDER,56.1%,18.71,✅ HIT,UNDER,57.2%,20.02,✅ HIT,UNDER,56.9%,19.63,✅ HIT,-0.12,-0.05,0.64,-0.5,-0.8,1.4,0.8,0.0042,100.0%,25.5,0.0,52.1%,47.9%,0.0573,26.5,1.0,44.4%,55.6%,0.007,,,,,,25.5,0.0,51.3%,48.7%,0.0521,27.5,2.0,35.8%,64.2%,-0.0486,25.5,0.0,52.0%,48.0%,0.0565
1071,Aaron Gordon,REB,5.5,UNDER,PrizePicks,,,53.6%,B,DO NOT BET,19.18,❌ MISS,6.0,UNDER,56.4%,22.5,❌ MISS,UNDER,55.2%,21.17,❌ MISS,UNDER,51.8%,17.02,❌ MISS,UNDER,51.0%,16.06,❌ MISS,0.41,-0.71,-0.33,-0.7,1.1,1.4,1.6,0.0226,100.0%,5.5,0.0,50.0%,50.0%,0.0233,,,,,,,,,,,,,,,,,,,,,5.5,0.0,50.9%,49.1%,0.0294
1072,Deni Avdija,PTS,24.5,UNDER,Underdog and PrizePicks,,,56.2%,D,DO NOT BET,19.12,✅ HIT,18.0,UNDER,54.6%,17.1,✅ HIT,UNDER,54.8%,17.4,✅ HIT,UNDER,57.6%,20.83,✅ HIT,UNDER,57.8%,21.14,✅ HIT,-0.09,-0.25,-0.13,-1.3,0.85,1.4,1.2,0.0149,100.0%,24.5,0.0,51.9%,48.1%,0.0526,24.5,0.0,50.9%,49.1%,0.0464,24.5,0.0,51.9%,48.1%,0.0526,24.5,0.0,50.8%,49.2%,0.0456,28.5,4.0,21.2%,78.8%,-0.1465,24.5,0.0,50.0%,50.0%,0.0404
1073,Immanuel Quickley,PR,19.5,UNDER,Underdog,,1.03x,53.5%,D,DO NOT BET,19.01,NO GAME,,UNDER,55.1%,20.8,NO GAME,UNDER,55.0%,20.64,NO GAME,UNDER,52.0%,17.38,NO GAME,UNDER,51.8%,17.22,NO GAME,0.29,-0.98,-0.15,-4.9,6.37,1.4,1.6,0.0157,100.0%,19.5,0.0,50.5%,49.5%,0.026,20.5,1.0,50.5%,49.5%,0.0259,,,,,,,,,,,21.5,2.0,43.4%,56.6%,-0.0203,20.5,1.0,48.4%,51.6%,0.0119
1074,Jamal Murray,PRA,34.5,OVER,Underdog and PrizePicks,,,56.1%,D,DO NOT BET,18.98,✅ HIT,63.0,OVER,57.2%,20.3,✅ HIT,OVER,57.2%,20.27,✅ HIT,OVER,54.8%,17.49,✅ HIT,OVER,55.1%,17.85,✅ HIT,-0.27,0.29,-0.62,2.1,-4.09,1.0,0.8,0.0112,100.0%,34.5,0.0,49.6%,50.4%,0.042,35.5,1.0,49.5%,50.5%,0.043,35.5,1.0,45.4%,54.6%,0.0696,35.5,1.0,51.0%,48.9%,0.0325,36.5,2.0,46.6%,53.4%,0.0614,35.5,1.0,51.8%,48.1%,0.0274
1075,Cooper Flagg,PRA,34.5,UNDER,Underdog and PrizePicks,,,57.6%,D,DO NOT BET,18.79,❌ MISS,41.0,UNDER,53.3%,13.78,❌ MISS,UNDER,53.1%,13.51,❌ MISS,UNDER,62.1%,24.12,❌ MISS,UNDER,61.8%,23.72,❌ MISS,-0.5,0.51,-0.15,3.1,-6.08,1.2,0.4,0.0437,100.0%,34.5,0.0,51.1%,48.9%,0.0561,35.5,1.0,50.4%,49.6%,0.0515,33.5,-1.0,55.1%,44.9%,0.0826,34.5,0.0,51.3%,48.7%,0.0578,36.5,2.0,48.1%,51.9%,0.0369,34.5,0.0,53.5%,46.5%,0.0717
1076,Myles Turner,PR,15.5,UNDER,PrizePicks,,,52.0%,D,DO NOT BET,18.6,NO GAME,,UNDER,52.1%,18.66,NO GAME,UNDER,52.0%,18.62,NO GAME,UNDER,52.1%,18.64,NO GAME,UNDER,51.9%,18.47,NO GAME,0.4,-1.13,0.49,-4.7,6.35,1.6,1.6,0.0005,100.0%,15.5,0.0,52.4%,47.6%,0.0288,15.5,0.0,52.0%,48.0%,0.0262,,,,,,,,,,,16.5,1.0,44.2%,55.8%,-0.0243,15.5,0.0,48.0%,52.0%,0.0002
1077,Stephon Castle,PA,25.5,UNDER,Underdog,,1.02x,55.4%,D,DO NOT BET,18.55,✅ HIT,24.0,UNDER,51.8%,14.16,✅ HIT,UNDER,51.4%,13.73,✅ HIT,UNDER,59.4%,23.43,✅ HIT,UNDER,59.0%,22.91,✅ HIT,-0.23,0.21,-0.12,1.7,-3.58,1.4,1.2,0.038,100.0%,25.5,0.0,52.7%,47.3%,0.0525,25.5,0.0,51.7%,48.3%,0.0465,,,,,,,,,,,26.5,1.0,47.1%,52.9%,0.0163,25.5,0.0,48.0%,52.0%,0.0222
1078,Ace Bailey,PRA,33.5,UNDER,PrizePicks,,,69.9%,D,STRONG BET,18.45,✅ HIT,23.0,UNDER,70.7%,19.41,✅ HIT,UNDER,70.2%,18.82,✅ HIT,UNDER,69.5%,17.97,✅ HIT,UNDER,69.2%,17.6,✅ HIT,-1.0,-0.12,1.5,-1.7,-12.51,1.2,0.8,0.0061,100.0%,34.5,1.0,43.0%,57.0%,0.0837,33.5,0.0,51.2%,48.8%,0.1369,,,,,,34.5,1.0,41.4%,58.6%,0.0733,35.5,2.0,9.6%,90.4%,-0.1333,34.5,1.0,41.0%,59.0%,0.0707
1079,Bennedict Mathurin,PR,22.5,OVER,Underdog and PrizePicks,,,54.4%,D,DO NOT BET,18.2,✅ HIT,27.0,OVER,54.2%,17.95,✅ HIT,OVER,54.0%,17.75,✅ HIT,OVER,54.6%,18.48,✅ HIT,OVER,54.7%,18.64,✅ HIT,-0.3,-1.04,0.18,-5.7,4.09,1.4,1.6,0.0026,100.0%,22.5,0.0,50.0%,50.0%,0.0285,22.5,0.0,49.7%,50.3%,0.0302,,,,,,,,,,,23.5,1.0,47.7%,52.3%,0.0437,,,,,
1080,Jrue Holiday,PA,21.5,OVER,Underdog and PrizePicks,,,53.1%,D,DO NOT BET,18.19,❌ MISS,21.0,OVER,54.2%,19.45,❌ MISS,OVER,54.5%,19.91,❌ MISS,OVER,51.6%,16.41,❌ MISS,OVER,52.1%,17.0,❌ MISS,-0.12,0.75,-0.26,3.5,-4.07,1.0,0.8,0.0125,100.0%,21.5,0.0,51.9%,48.1%,0.0081,21.5,0.0,51.1%,48.9%,0.0133,,,,,,,,,,,22.5,1.0,45.1%,54.9%,0.052,21.5,0.0,46.9%,53.0%,0.0401
1081,Julius Randle,PA,25.5,UNDER,Underdog and PrizePicks,,,53.8%,D,DO NOT BET,18.12,❌ MISS,30.0,UNDER,52.9%,16.99,❌ MISS,UNDER,52.5%,16.56,❌ MISS,UNDER,55.1%,19.74,❌ MISS,UNDER,54.6%,19.18,❌ MISS,0.07,0.22,0.83,1.9,-1.26,1.4,0.8,0.011,100.0%,25.5,0.0,52.8%,47.2%,0.0429,26.5,1.0,46.4%,53.6%,0.0014,,,,,,,,,,,26.5,1.0,46.8%,53.2%,0.004,26.5,1.0,47.1%,52.9%,0.0057
1082,Cooper Flagg,RA,12.5,UNDER,Underdog and PrizePicks,,,56.0%,C,DO NOT BET,18.12,❌ MISS,15.0,UNDER,53.3%,14.84,❌ MISS,UNDER,52.8%,14.17,❌ MISS,UNDER,59.6%,22.45,❌ MISS,UNDER,58.4%,21.03,❌ MISS,-0.52,0.87,-0.29,2.1,-3.37,0.4,0.4,0.03,100.0%,12.5,0.0,50.0%,50.0%,0.0392,12.5,0.0,52.1%,47.9%,0.0532,,,,,,,,,,,13.5,1.0,44.0%,56.0%,0.0005,12.5,0.0,50.0%,50.0%,0.0392
1083,Andrew Nembhard,PTS,15.5,OVER,Underdog,,1.03x,54.0%,D,DO NOT BET,17.99,❌ MISS,14.0,OVER,56.5%,20.96,❌ MISS,OVER,55.8%,20.19,❌ MISS,OVER,52.2%,15.78,❌ MISS,OVER,51.6%,15.02,❌ MISS,-0.25,-0.17,0.42,-1.1,-0.51,1.2,0.8,0.0215,100.0%,15.5,0.0,47.2%,52.8%,0.0443,15.5,0.0,50.0%,50.0%,0.0261,15.5,0.0,47.6%,52.4%,0.0418,15.5,0.0,49.2%,50.8%,0.0313,18.5,3.0,23.6%,76.4%,0.1977,14.5,-1.0,58.0%,42.0%,-0.0259
1084,Rudy Gobert,PA,13.5,UNDER,PrizePicks,,,54.9%,D,DO NOT BET,17.8,❌ MISS,15.0,UNDER,55.0%,17.96,❌ MISS,UNDER,54.7%,17.56,❌ MISS,UNDER,55.1%,18.1,❌ MISS,UNDER,54.7%,17.54,❌ MISS,-0.12,-0.11,-1.54,-0.7,-0.08,1.2,1.2,0.0021,100.0%,,,,,,,,,,,,,,,,,,,,,,,,,,13.5,0.0,51.1%,48.9%,0.0386
1085,Kyle Kuzma,AST,2.5,UNDER,Underdog,,1.05x,59.7%,C,DO NOT BET,17.09,NO GAME,,UNDER,60.8%,18.39,NO GAME,UNDER,60.4%,18.02,NO GAME,UNDER,58.8%,15.99,NO GAME,UNDER,58.6%,15.96,NO GAME,0.03,0.04,-1.5,0.1,-0.03,1.2,1.6,0.0095,100.0%,,,,,,2.5,0.0,56.8%,43.2%,0.107,,,,,,,,,,,3.5,1.0,27.1%,72.9%,-0.0862,,,,,
1086,Aaron Gordon,3PM,1.5,UNDER,PrizePicks,,,52.7%,S,DO NOT BET,17.03,✅ HIT,1.0,UNDER,53.6%,18.17,✅ HIT,UNDER,53.9%,18.44,✅ HIT,UNDER,51.5%,15.56,✅ HIT,UNDER,51.8%,15.94,✅ HIT,0.19,0.48,-0.1,0.7,-0.43,1.2,0.8,0.0107,100.0%,1.5,0.0,52.4%,47.6%,0.0331,,,,,,,,,,,,,,,,,,,,,1.5,0.0,55.7%,44.3%,0.0545
1087,Nikola Jokić,REB,12.5,OVER,Underdog and PrizePicks,,1.04x,52.3%,B,DO NOT BET,17.02,✅ HIT,21.0,OVER,52.6%,17.28,✅ HIT,OVER,53.3%,18.19,✅ HIT,OVER,51.4%,15.88,✅ HIT,OVER,52.1%,16.7,✅ HIT,-0.04,0.13,-0.45,0.5,-0.67,1.2,1.2,0.0071,100.0%,12.5,0.0,45.4%,54.6%,0.0453,12.5,0.0,48.4%,51.6%,0.0256,12.5,0.0,47.0%,53.0%,0.0344,12.5,0.0,46.9%,53.0%,0.035,14.5,2.0,32.9%,67.1%,0.1265,12.5,0.0,47.6%,52.4%,0.0309
1088,Kristaps Porziņģis,PA,19.5,UNDER,Underdog,,1.04x,52.8%,D,DO NOT BET,16.97,✅ HIT,19.0,UNDER,52.1%,16.23,✅ HIT,UNDER,51.7%,15.8,✅ HIT,UNDER,53.8%,18.22,✅ HIT,UNDER,53.3%,17.65,✅ HIT,-0.01,0.07,1.26,0.7,-0.84,1.4,0.8,0.0085,100.0%,,,,,,20.5,1.0,49.7%,50.3%,0.0158,,,,,,,,,,,21.5,2.0,43.7%,56.3%,-0.0232,19.5,0.0,52.0%,48.0%,0.0309
1089,P.J. Washington,REB,6.5,UNDER,Underdog,,1.05x,53.9%,B,DO NOT BET,16.78,❌ MISS,15.0,UNDER,53.4%,16.29,❌ MISS,UNDER,52.4%,15.1,❌ MISS,UNDER,55.2%,18.43,❌ MISS,UNDER,54.3%,17.29,❌ MISS,0.16,0.26,0.49,0.7,-0.26,1.0,0.8,0.0104,100.0%,7.5,1.0,40.6%,59.4%,-0.036,,,,,,6.5,0.0,56.5%,43.5%,0.0671,,,,,,,,,,,6.5,0.0,52.4%,47.6%,0.0408
1090,Ace Bailey,PA,27.5,UNDER,PrizePicks,,,65.3%,D,STRONG BET,16.73,✅ HIT,18.0,UNDER,69.0%,21.16,✅ HIT,UNDER,68.8%,20.87,✅ HIT,UNDER,61.8%,12.71,✅ HIT,UNDER,61.4%,12.2,✅ HIT,-1.07,-0.06,1.5,-0.7,-11.61,1.2,0.8,0.0364,100.0%,27.5,0.0,51.9%,48.1%,0.1114,27.5,0.0,50.7%,49.3%,0.1035,,,,,,,,,,,28.5,1.0,14.4%,85.6%,-0.1321,27.5,0.0,48.9%,51.1%,0.0923
1091,Jrue Holiday,AST,5.5,UNDER,Underdog,,1.07x,55.6%,C,DO NOT BET,16.57,❌ MISS,8.0,UNDER,57.4%,18.72,❌ MISS,UNDER,57.2%,18.6,❌ MISS,UNDER,53.7%,14.25,❌ MISS,UNDER,53.9%,14.68,❌ MISS,0.22,0.28,-0.8,0.9,-0.17,1.2,1.2,0.0176,100.0%,6.5,1.0,38.3%,61.7%,-0.04,5.5,0.0,55.0%,45.0%,0.0689,6.5,1.0,40.2%,59.8%,-0.0276,5.5,0.0,55.5%,44.5%,0.0721,6.5,1.0,37.2%,62.8%,-0.047,5.5,0.0,55.7%,44.3%,0.0733
1092,Andrew Nembhard,PA,23.5,OVER,Underdog,,1.03x,54.4%,D,DO NOT BET,16.54,✅ HIT,33.0,OVER,56.8%,19.43,✅ HIT,OVER,57.2%,19.9,✅ HIT,OVER,51.5%,13.12,✅ HIT,OVER,52.0%,13.71,✅ HIT,-0.18,-0.16,0.64,-0.9,-0.08,1.4,1.2,0.0265,100.0%,22.5,-1.0,57.3%,42.7%,-0.0188,23.5,0.0,48.4%,51.6%,0.039,,,,,,,,,,,23.5,0.0,48.0%,52.0%,0.0416,21.5,-2.0,61.8%,38.2%,-0.0479
1093,Jalen Williams,REB,3.5,OVER,Underdog,,1.03x,57.2%,B,DO NOT BET,16.53,❌ MISS,3.0,OVER,57.8%,17.29,❌ MISS,OVER,58.3%,17.91,❌ MISS,OVER,56.1%,15.2,❌ MISS,OVER,56.5%,15.73,❌ MISS,-1.51,-0.4,-1.5,-0.3,-0.83,1.2,1.2,0.0092,100.0%,3.5,0.0,43.3%,56.7%,0.0901,,,,,,,,,,,,,,,,,,,,,,,,,
1094,Jamal Murray,PTS,23.5,OVER,Underdog and PrizePicks,,1.03x,53.3%,D,DO NOT BET,15.61,✅ HIT,53.0,OVER,54.0%,16.55,✅ HIT,OVER,53.4%,15.9,✅ HIT,OVER,53.3%,15.39,✅ HIT,OVER,52.6%,14.61,✅ HIT,-0.25,0.41,-0.5,2.5,-4.04,0.6,0.4,0.0049,100.0%,23.5,0.0,47.6%,52.4%,0.0374,23.5,0.0,50.9%,49.1%,0.0157,22.5,-1.0,52.9%,47.1%,0.0027,23.5,0.0,49.5%,50.5%,0.0252,27.5,4.0,41.1%,58.9%,0.0798,23.5,0.0,48.9%,51.1%,0.0287
1095,Austin Reaves,PTS,24.5,OVER,Underdog and PrizePicks,,1.03x,52.1%,D,DO NOT BET,15.58,✅ HIT,25.0,OVER,55.6%,19.8,✅ HIT,OVER,55.0%,19.08,✅ HIT,UNDER,50.9%,30.82,❌ MISS,UNDER,51.4%,31.43,❌ MISS,0.2,1.06,-0.32,5.1,-4.14,1.0,0.4,0.0321,50.0%,24.5,0.0,47.2%,52.8%,0.0318,24.5,0.0,49.1%,50.9%,0.0196,24.5,0.0,47.3%,52.7%,0.031,24.5,0.0,48.4%,51.6%,0.0239,28.5,4.0,32.2%,67.8%,0.1295,23.5,-1.0,51.7%,48.3%,0.0023
1096,Andrew Nembhard,3PM,1.5,OVER,Underdog,,1.05x,51.4%,S,DO NOT BET,15.44,✅ HIT,2.0,OVER,52.1%,16.3,✅ HIT,OVER,51.9%,15.96,✅ HIT,OVER,51.0%,14.97,✅ HIT,OVER,50.7%,14.53,✅ HIT,-0.46,0.12,1.33,0.1,-0.47,1.2,1.2,0.006,100.0%,1.5,0.0,42.8%,57.2%,0.0562,1.5,0.0,44.6%,55.4%,0.0445,1.5,0.0,43.5%,56.5%,0.0513,1.5,0.0,44.7%,55.3%,0.0435,1.5,0.0,44.6%,55.4%,0.0445,1.5,0.0,50.0%,50.0%,0.0093
1097,Victor Wembanyama,PTS,26.5,UNDER,Underdog and PrizePicks,,1.03x,57.0%,D,DO NOT BET,15.4,✅ HIT,19.0,UNDER,59.7%,18.54,✅ HIT,UNDER,59.8%,18.62,✅ HIT,UNDER,54.1%,11.97,✅ HIT,UNDER,54.5%,12.45,✅ HIT,-0.38,-0.47,-0.64,-2.7,0.5,0.8,1.6,0.0271,100.0%,26.5,0.0,52.4%,47.6%,0.0613,26.5,0.0,52.1%,47.9%,0.0594,27.5,1.0,50.9%,49.1%,0.0514,27.5,1.0,50.4%,49.6%,0.048,31.5,5.0,9.0%,91.0%,-0.2211,27.5,1.0,51.1%,48.9%,0.0532
1098,Isaiah Hartenstein,RA,11.5,OVER,Underdog,,1.02x,52.7%,C,DO NOT BET,15.37,❌ MISS,7.0,OVER,51.0%,13.32,❌ MISS,OVER,51.1%,13.41,❌ MISS,OVER,54.7%,17.7,❌ MISS,OVER,54.1%,17.01,❌ MISS,-0.25,-0.71,0.33,-5.3,3.43,1.2,1.6,0.0167,100.0%,11.5,0.0,48.5%,51.5%,0.0272,,,,,,,,,,,,,,,,,,,,,,,,,
1099,Draymond Green,AST,5.5,UNDER,Underdog and PrizePicks,,1.06x,52.5%,C,DO NOT BET,15.33,✅ HIT,3.0,UNDER,51.4%,13.99,✅ HIT,UNDER,51.8%,14.43,✅ HIT,UNDER,53.2%,16.26,✅ HIT,UNDER,53.5%,16.63,✅ HIT,-0.17,0.1,0.31,0.1,-0.28,0.8,0.8,0.009,100.0%,5.5,0.0,54.3%,45.7%,0.044,5.5,0.0,52.9%,47.1%,0.0353,5.5,0.0,52.7%,47.3%,0.0338,5.5,0.0,52.5%,47.5%,0.0327,6.5,1.0,43.7%,56.3%,-0.0245,5.5,0.0,53.5%,46.5%,0.0389
1100,Kyle Kuzma,PA,15.5,UNDER,PrizePicks,,,52.6%,D,DO NOT BET,15.32,NO GAME,,UNDER,52.0%,14.65,NO GAME,UNDER,51.7%,14.22,NO GAME,UNDER,53.5%,16.48,NO GAME,UNDER,53.1%,15.91,NO GAME,0.03,-0.44,-1.5,-2.3,2.45,1.0,1.2,0.0075,100.0%,15.5,0.0,49.5%,50.5%,0.0133,15.5,0.0,49.2%,50.8%,0.0116,,,,,,,,,,,16.5,1.0,44.5%,55.5%,-0.0187,15.5,0.0,52.0%,48.0%,0.0298
1101,Deni Avdija,PA,30.5,UNDER,PrizePicks,,,53.6%,D,DO NOT BET,15.27,✅ HIT,25.0,OVER,50.5%,32.49,❌ MISS,OVER,50.9%,32.93,❌ MISS,UNDER,58.2%,20.64,✅ HIT,UNDER,57.7%,20.12,✅ HIT,0.03,-0.16,-0.65,-1.1,1.34,1.4,1.2,0.0432,50.0%,31.5,1.0,51.2%,48.8%,0.0316,31.5,1.0,50.4%,49.6%,0.0264,,,,,,,,,,,31.5,1.0,48.2%,51.8%,0.0117,30.5,0.0,51.1%,48.9%,0.0305
1102,Scoot Henderson,PTS,13.5,UNDER,Underdog and PrizePicks,,1.02x,54.5%,D,DO NOT BET,14.94,❌ MISS,23.0,UNDER,54.5%,14.89,❌ MISS,UNDER,54.7%,15.18,❌ MISS,UNDER,54.1%,14.61,❌ MISS,UNDER,54.5%,15.06,❌ MISS,-0.01,-0.47,-3.0,-1.1,1.08,1.2,1.6,0.0021,100.0%,13.5,0.0,52.8%,47.2%,0.0473,13.5,0.0,52.9%,47.1%,0.048,13.5,0.0,50.7%,49.3%,0.0335,13.5,0.0,52.0%,48.0%,0.042,17.5,4.0,28.7%,71.3%,-0.1095,13.5,0.0,51.1%,48.9%,0.036
1103,P.J. Washington,PTS,14.5,UNDER,Underdog and PrizePicks,,,52.6%,D,DO NOT BET,14.69,❌ MISS,19.0,UNDER,51.4%,13.31,❌ MISS,UNDER,51.8%,13.74,❌ MISS,UNDER,53.5%,15.61,❌ MISS,UNDER,53.9%,16.11,❌ MISS,-0.06,0.76,-0.43,3.7,-3.97,1.0,0.4,0.0105,100.0%,14.5,0.0,51.9%,48.1%,0.0292,14.5,0.0,51.2%,48.8%,0.0248,15.5,1.0,45.6%,54.4%,-0.0119,14.5,0.0,50.8%,49.2%,0.0223,17.5,3.0,33.7%,66.3%,-0.0891,15.5,1.0,47.6%,52.4%,0.0012
1104,Austin Reaves,PA,29.5,UNDER,Underdog and PrizePicks,,,53.8%,D,DO NOT BET,14.58,❌ MISS,33.0,OVER,53.1%,36.04,✅ HIT,OVER,53.5%,36.5,✅ HIT,UNDER,61.1%,23.32,❌ MISS,UNDER,60.7%,22.81,❌ MISS,-0.1,-1.08,0.34,-4.7,4.24,1.0,1.6,0.0711,50.0%,29.5,0.0,50.5%,49.5%,0.0282,29.5,0.0,51.1%,48.9%,0.0316,,,,,,,,,,,30.5,1.0,45.9%,54.1%,-0.0022,28.5,-1.0,52.9%,47.1%,0.0437
1105,Luka Dončić,STL,1.5,UNDER,Underdog,,,52.2%,A,DO NOT BET,14.01,✅ HIT,1.0,UNDER,55.0%,17.3,✅ HIT,UNDER,55.3%,17.63,✅ HIT,OVER,50.8%,32.67,❌ MISS,OVER,50.5%,32.24,❌ MISS,0.09,1.06,0.1,1.5,-1.37,0.4,0.4,0.0288,50.0%,1.5,0.0,52.8%,47.2%,0.0328,1.5,0.0,50.5%,49.5%,0.018,,,,,,,,,,,,,,,,,,,,
1106,Deandre Ayton,RA,9.5,UNDER,PrizePicks,,,52.5%,C,DO NOT BET,14.0,NO GAME,,OVER,50.5%,32.48,NO GAME,OVER,50.6%,32.63,NO GAME,UNDER,56.0%,18.11,NO GAME,UNDER,55.2%,17.22,NO GAME,-0.1,-0.21,1.0,-0.7,0.37,0.8,0.8,0.0307,50.0%,,,,,,,,,,,,,,,,,,,,,,,,,,9.5,0.0,52.0%,48.0%,0.0295
1107,Jamal Murray,PA,30.5,OVER,Underdog and PrizePicks,,,51.8%,D,DO NOT BET,13.99,✅ HIT,57.0,OVER,51.5%,13.49,✅ HIT,OVER,51.8%,13.94,✅ HIT,OVER,51.7%,13.96,✅ HIT,OVER,52.2%,14.56,✅ HIT,-0.24,0.36,-0.64,2.5,-4.15,0.8,0.8,0.0026,100.0%,29.5,-1.0,52.3%,47.7%,-0.003,30.5,0.0,49.7%,50.3%,0.0134,,,,,,,,,,,31.5,1.0,46.9%,53.1%,0.0321,31.5,1.0,49.9%,50.1%,0.0125
1108,Deandre Ayton,REB,8.5,UNDER,Underdog and PrizePicks,,1.03x,51.9%,B,DO NOT BET,13.64,NO GAME,,UNDER,51.2%,12.77,NO GAME,UNDER,50.3%,11.72,NO GAME,UNDER,53.5%,15.54,NO GAME,UNDER,52.6%,14.52,NO GAME,-0.05,-0.09,0.67,-0.3,0.12,0.8,0.8,0.0122,100.0%,8.5,0.0,52.8%,47.2%,0.0305,8.5,0.0,50.7%,49.3%,0.0167,8.5,0.0,51.5%,48.5%,0.0219,8.5,0.0,50.8%,49.2%,0.0175,10.5,2.0,14.1%,85.9%,-0.2211,8.5,0.0,51.1%,48.9%,0.0193
1109,Draymond Green,REB,5.5,UNDER,Underdog and PrizePicks,,1.04x,50.3%,B,DO NOT BET,13.02,✅ HIT,5.0,UNDER,50.1%,12.88,✅ HIT,OVER,50.7%,34.02,❌ MISS,UNDER,51.2%,14.16,✅ HIT,UNDER,50.4%,13.22,✅ HIT,0.08,0.6,0.46,0.7,-0.61,1.2,0.8,0.0069,75.0%,5.5,0.0,50.5%,49.5%,0.0052,5.5,0.0,52.0%,48.0%,0.0147,5.5,0.0,52.1%,47.9%,0.0157,5.5,0.0,51.9%,48.1%,0.0138,6.5,1.0,36.9%,63.1%,-0.0834,5.5,0.0,53.5%,46.5%,0.0243
1110,Ace Bailey,PTS,24.5,UNDER,Underdog and PrizePicks,,,63.6%,D,DO NOT BET,12.91,✅ HIT,15.0,UNDER,68.7%,18.85,✅ HIT,UNDER,68.4%,18.6,✅ HIT,UNDER,58.6%,6.94,✅ HIT,UNDER,58.8%,7.25,✅ HIT,-1.05,-0.05,1.5,-0.5,-10.59,1.2,0.8,0.0496,100.0%,24.5,0.0,51.5%,48.5%,0.0981,24.5,0.0,51.2%,48.8%,0.0963,25.5,1.0,8.5%,91.5%,-0.181,24.5,0.0,51.3%,48.7%,0.0972,28.5,4.0,1.0%,99.0%,-0.2299,24.5,0.0,52.0%,48.0%,0.1016
1111,Deandre Ayton,PRA,21.5,OVER,Underdog and PrizePicks,,,50.6%,D,DO NOT BET,12.38,NO GAME,,OVER,54.8%,17.4,NO GAME,OVER,54.8%,17.44,NO GAME,UNDER,53.8%,35.82,NO GAME,UNDER,53.4%,35.43,NO GAME,-0.01,0.52,-0.27,2.5,-2.57,1.0,1.2,0.0421,50.0%,,,,,,,,,,,,,,,,,,,,,,,,,,21.5,0.0,49.2%,50.8%,0.0091
1112,Austin Reaves,REB,4.5,UNDER,Underdog and PrizePicks,,,50.4%,B,DO NOT BET,11.89,✅ HIT,1.0,OVER,50.1%,32.29,❌ MISS,OVER,51.0%,33.34,❌ MISS,UNDER,51.7%,13.53,✅ HIT,UNDER,50.9%,12.53,✅ HIT,0.13,-0.28,-0.06,-0.5,0.74,1.0,1.2,0.0103,50.0%,4.5,0.0,51.9%,48.1%,0.0147,4.5,0.0,51.7%,48.3%,0.0138,4.5,0.0,50.4%,49.6%,0.0051,4.5,0.0,50.8%,49.2%,0.0077,5.5,1.0,45.4%,54.6%,-0.0272,4.5,0.0,50.0%,50.0%,0.0025
1113,Jerami Grant,PR,21.5,OVER,PrizePicks,,,50.3%,D,DO NOT BET,11.85,❌ MISS,20.0,OVER,52.8%,14.89,❌ MISS,OVER,52.7%,14.74,❌ MISS,UNDER,52.2%,34.42,✅ HIT,UNDER,52.1%,34.26,✅ HIT,-0.08,0.42,-0.06,3.1,-3.69,1.2,0.8,0.0246,50.0%,21.5,0.0,47.6%,52.4%,0.0176,21.5,0.0,49.3%,50.7%,0.0063,,,,,,,,,,,22.5,1.0,44.5%,55.5%,0.0378,21.5,0.0,49.7%,50.3%,0.0037
1114,Kawhi Leonard,STL,1.5,UNDER,Underdog,,,50.6%,A,DO NOT BET,11.71,✅ HIT,0.0,OVER,51.6%,34.38,❌ MISS,OVER,51.2%,33.89,❌ MISS,UNDER,52.4%,13.87,✅ HIT,UNDER,52.6%,14.22,✅ HIT,0.79,0.79,-1.5,0.5,-0.0,0.4,0.4,0.0196,50.0%,1.5,0.0,50.0%,50.0%,0.0036,1.5,0.0,50.8%,49.2%,0.0088,,,,,,,,,,,,,,,,,,,,
1115,Stephon Castle,PTS,17.5,UNDER,Underdog and PrizePicks,,1.02x,50.9%,D,DO NOT BET,11.32,✅ HIT,15.0,OVER,50.6%,34.08,❌ MISS,OVER,50.2%,33.59,❌ MISS,UNDER,52.0%,12.7,✅ HIT,UNDER,52.5%,13.23,✅ HIT,-0.11,0.06,0.77,0.5,-1.48,1.0,0.8,0.0134,50.0%,17.5,0.0,50.5%,49.5%,0.0097,17.5,0.0,50.1%,49.9%,0.0071,18.5,1.0,48.7%,51.3%,-0.0023,17.5,0.0,50.8%,49.2%,0.0114,21.5,4.0,39.2%,60.8%,-0.0637,17.5,0.0,52.0%,48.0%,0.0192
1116,Myles Turner,3PM,1.5,UNDER,Underdog,,1.09x,50.2%,S,DO NOT BET,10.89,NO GAME,,OVER,52.0%,32.78,NO GAME,OVER,51.7%,32.45,NO GAME,UNDER,52.2%,13.15,NO GAME,UNDER,52.5%,13.49,NO GAME,0.72,-0.12,0.46,-0.1,0.68,1.4,1.6,0.0213,50.0%,1.5,0.0,59.8%,40.2%,0.0652,1.5,0.0,59.7%,40.3%,0.0649,1.5,0.0,59.6%,40.4%,0.0639,1.5,0.0,62.7%,37.3%,0.084,2.5,1.0,55.3%,44.7%,0.0362,1.5,0.0,58.3%,41.7%,0.0555
1117,Luka Dončić,AST,7.5,UNDER,Underdog,,1.05x,51.0%,C,DO NOT BET,10.73,✅ HIT,7.0,UNDER,54.5%,14.96,✅ HIT,UNDER,54.6%,15.02,✅ HIT,OVER,53.0%,36.15,❌ MISS,OVER,52.1%,35.13,❌ MISS,0.33,-0.51,0.26,-1.3,2.15,1.0,1.2,0.0357,50.0%,7.5,0.0,54.3%,45.7%,0.0343,7.5,0.0,55.3%,44.7%,0.041,7.5,0.0,54.7%,45.3%,0.037,7.5,0.0,54.6%,45.4%,0.0366,9.5,2.0,38.9%,61.1%,-0.0656,8.5,1.0,46.2%,53.8%,-0.018
1118,Andrew Nembhard,RA,9.5,UNDER,Underdog,,1.06x,51.0%,C,DO NOT BET,10.48,❌ MISS,21.0,UNDER,53.2%,13.25,❌ MISS,UNDER,52.7%,12.6,❌ MISS,OVER,51.0%,34.59,✅ HIT,OVER,50.9%,34.42,✅ HIT,0.12,0.21,-0.42,1.3,-0.58,0.8,0.8,0.0198,50.0%,,,,,,9.5,0.0,55.0%,45.0%,0.0391,,,,,,,,,,,10.5,1.0,44.9%,55.1%,-0.0268,9.5,0.0,53.5%,46.5%,0.029
1119,Kyle Kuzma,PRA,19.5,OVER,Underdog and PrizePicks,,,50.1%,D,DO NOT BET,10.37,NO GAME,,OVER,50.8%,11.2,NO GAME,OVER,50.9%,11.34,NO GAME,UNDER,50.8%,34.52,NO GAME,UNDER,50.4%,34.14,NO GAME,-0.11,0.58,-1.5,3.5,-4.18,0.8,0.4,0.0075,50.0%,19.5,0.0,50.5%,49.5%,-0.0025,19.5,0.0,49.3%,50.7%,0.0053,,,,,,19.5,0.0,49.5%,50.5%,0.0044,21.5,2.0,39.2%,60.8%,0.0712,19.5,0.0,50.0%,50.0%,0.0009
1120,Myles Turner,REB,4.5,OVER,Underdog,,1.03x,50.6%,B,DO NOT BET,10.08,NO GAME,,UNDER,50.8%,36.76,NO GAME,OVER,50.1%,9.42,NO GAME,OVER,51.3%,10.88,NO GAME,OVER,52.0%,11.69,NO GAME,-0.39,0.67,-0.5,1.3,-2.06,0.4,0.4,0.0108,75.0%,4.5,0.0,44.8%,55.2%,0.0378,4.5,0.0,46.2%,53.8%,0.0292,4.5,0.0,45.6%,54.4%,0.0328,4.5,0.0,45.0%,55.0%,0.0367,4.5,0.0,44.6%,55.4%,0.0393,4.5,0.0,45.5%,54.5%,0.0336
1121,Myles Turner,PRA,16.5,OVER,Underdog and PrizePicks,,,50.4%,D,DO NOT BET,9.77,NO GAME,,UNDER,50.7%,35.39,NO GAME,UNDER,50.6%,35.19,NO GAME,OVER,51.4%,10.89,NO GAME,OVER,51.7%,11.27,NO GAME,-0.47,1.08,-0.49,4.9,-7.02,0.6,0.8,0.011,50.0%,,,,,,,,,,,,,,,,16.5,0.0,49.7%,50.3%,0.0046,,,,,,16.5,0.0,50.0%,50.0%,0.0028
1122,Myles Turner,RA,5.5,OVER,PrizePicks,,,50.7%,C,DO NOT BET,9.73,NO GAME,,UNDER,52.1%,36.94,NO GAME,UNDER,51.6%,36.44,NO GAME,OVER,53.6%,13.13,NO GAME,OVER,53.1%,12.61,NO GAME,-0.42,0.52,-0.5,1.5,-2.73,0.6,0.4,0.0262,50.0%,,,,,,,,,,,,,,,,,,,,,,,,,,5.5,0.0,49.2%,50.8%,0.0101
1123,Josh Giddey,RA,18.5,UNDER,Underdog and PrizePicks,,1.03x,50.6%,C,DO NOT BET,9.66,❌ MISS,21.0,OVER,50.5%,34.95,✅ HIT,OVER,50.6%,35.13,✅ HIT,UNDER,51.8%,11.17,❌ MISS,UNDER,51.6%,10.87,❌ MISS,-0.13,0.1,0.54,0.9,-1.99,0.4,0.4,0.0112,50.0%,18.5,0.0,50.0%,50.0%,0.0038,18.5,0.0,51.7%,48.3%,0.0151,,,,,,,,,,,19.5,1.0,46.2%,53.8%,-0.0209,18.5,0.0,53.5%,46.5%,0.0264
1124,Payton Pritchard,3PM,2.5,OVER,Underdog,,1.08x,50.3%,S,DO NOT BET,9.32,✅ HIT,4.0,UNDER,51.2%,33.54,❌ MISS,UNDER,51.4%,33.85,❌ MISS,OVER,52.1%,11.46,✅ HIT,OVER,51.7%,11.0,✅ HIT,-0.04,-0.06,0.93,-0.1,0.03,0.8,1.2,0.0161,50.0%,2.5,0.0,39.6%,60.4%,0.0692,,,,,,,,,,,,,,,,,,,,,,,,,
1125,LeBron James,PRA,32.5,OVER,Underdog and PrizePicks,,,51.5%,D,DO NOT BET,9.01,✅ HIT,41.0,OVER,57.1%,15.45,✅ HIT,OVER,57.1%,15.44,✅ HIT,UNDER,54.1%,40.48,❌ MISS,UNDER,53.8%,40.09,❌ MISS,-0.16,0.01,-1.5,0.1,-1.35,0.6,0.8,0.0553,50.0%,32.5,0.0,50.0%,50.0%,0.0101,32.5,0.0,51.5%,48.5%,0.0005,30.5,-2.0,53.8%,46.2%,-0.0143,32.5,0.0,49.7%,50.3%,0.0118,34.5,2.0,56.9%,43.1%,-0.0345,32.5,0.0,48.0%,52.0%,0.0231
1126,Scottie Barnes,PR,24.5,OVER,Underdog and PrizePicks,,,51.1%,D,DO NOT BET,8.99,❌ MISS,17.0,OVER,55.0%,13.76,❌ MISS,OVER,54.8%,13.52,❌ MISS,UNDER,52.9%,38.77,✅ HIT,UNDER,52.7%,38.61,✅ HIT,-1.1,0.17,-0.22,0.3,-2.19,0.6,0.8,0.0387,50.0%,24.5,0.0,47.2%,52.8%,0.0252,24.5,0.0,48.8%,51.2%,0.0148,,,,,,,,,,,24.5,0.0,48.9%,51.1%,0.0139,24.5,0.0,52.0%,48.0%,-0.006
1127,Ace Bailey,AST,2.5,UNDER,Underdog and PrizePicks,,,50.3%,C,DO NOT BET,7.37,❌ MISS,3.0,UNDER,53.9%,11.64,❌ MISS,UNDER,54.1%,11.76,❌ MISS,OVER,53.8%,40.24,✅ HIT,OVER,52.8%,39.15,✅ HIT,-0.62,0.26,-1.5,0.3,-1.02,1.0,0.8,0.0369,50.0%,,,,,,2.5,0.0,52.5%,47.5%,0.0187,,,,,,2.5,0.0,51.9%,48.1%,0.0144,3.5,1.0,40.6%,59.4%,-0.0587,2.5,0.0,52.0%,48.0%,0.0153
1128,P.J. Washington,3PM,1.5,UNDER,Underdog and PrizePicks,,,50.2%,S,DO NOT BET,5.16,✅ HIT,1.0,UNDER,50.6%,5.56,✅ HIT,UNDER,50.8%,5.87,✅ HIT,OVER,50.4%,39.03,❌ MISS,OVER,50.0%,38.6,❌ MISS,-0.12,0.66,-6.0,0.9,-1.06,0.8,0.4,0.0048,50.0%,1.5,0.0,51.2%,48.8%,0.0094,1.5,0.0,51.7%,48.3%,0.0129,1.5,0.0,50.7%,49.3%,0.006,1.5,0.0,51.3%,48.7%,0.0102,1.5,0.0,52.0%,48.0%,0.0146,1.5,0.0,54.5%,45.5%,0.031
