Rank,Player,Stat,Line,Pick,Confidence,Tier,Recommendation,Rank Score,Result,Actual value,FULL_ALL Pick,FULL_ALL Confidence,FULL_ALL Rank score,FULL_ALL Result,FULL_TIGHT Pick,FULL_TIGHT Confidence,FULL_TIGHT Rank score,FULL_TIGHT Result,REDUCED_ALL Pick,REDUCED_ALL Confidence,REDUCED_ALL Rank score,REDUCED_ALL Result,REDUCED_TIGHT Pick,REDUCED_TIGHT Confidence,REDUCED_TIGHT Rank score,REDUCED_TIGHT Result,z_line,z_recent,z_matchup,line_diff,momentum,last10,last5,probability_std,Agreement ratio
1,Victor Wembanyama,BLK,3.5,UNDER,87.60%,S,STRONG BET,87.07,✅ HIT,2,UNDER,89.00%,88.5,✅ HIT,UNDER,88.80%,88.28,✅ HIT,UNDER,86.30%,85.82,✅ HIT,UNDER,86.20%,85.66,✅ HIT,-0.6,1.37,-1,1.1,-1.58,0.2,0,0.0133,100.00%
2,Rudy Gobert,STL,1.5,UNDER,82.80%,A,STRONG BET,79.98,✅ HIT,0,UNDER,83.50%,80.67,✅ HIT,UNDER,83.30%,80.44,✅ HIT,UNDER,82.40%,79.53,✅ HIT,UNDER,82.20%,79.28,✅ HIT,-0.61,-0.26,-2.89,-0.3,-0.41,1.6,1.2,0.0059,100.00%
3,Bam Adebayo,STL,1.5,UNDER,77.00%,A,STRONG BET,78.87,❌ MISS,2,UNDER,80.90%,82.82,❌ MISS,UNDER,80.70%,82.63,❌ MISS,UNDER,73.20%,75.08,❌ MISS,UNDER,73.10%,74.96,❌ MISS,-0.21,0.25,0.46,0.5,-0.91,1.8,1.6,0.0386,100.00%
4,Quentin Grimes,TOV,2.5,UNDER,78.60%,A,STRONG BET,77.52,✅ HIT,2,UNDER,80.40%,79.28,✅ HIT,UNDER,79.80%,78.7,✅ HIT,UNDER,77.50%,76.38,✅ HIT,UNDER,76.80%,75.74,✅ HIT,-0.43,-0.48,-0.93,-0.7,0.06,1.4,1.2,0.015,100.00%
5,Onyeka Okongwu,STL,1.5,UNDER,76.50%,A,STRONG BET,77.11,✅ HIT,1,UNDER,78.00%,78.61,✅ HIT,UNDER,77.90%,78.45,✅ HIT,UNDER,75.20%,75.76,✅ HIT,UNDER,75.00%,75.61,✅ HIT,-0.34,0.1,-0.25,0.1,-0.44,1.4,0.8,0.0142,100.00%
6,Quentin Grimes,FTM,3.5,UNDER,78.90%,B,STRONG BET,77.11,❌ MISS,11,UNDER,78.40%,76.62,❌ MISS,UNDER,76.80%,75.02,❌ MISS,UNDER,81.20%,79.35,❌ MISS,UNDER,79.30%,77.44,❌ MISS,-0.53,-0.79,-1.3,-1.5,0.5,1.8,1.6,0.0156,100.00%
7,Victor Wembanyama,STL,1.5,UNDER,79.40%,A,STRONG BET,76.6,✅ HIT,1,UNDER,80.20%,77.42,✅ HIT,UNDER,80.00%,77.23,✅ HIT,UNDER,78.80%,75.99,✅ HIT,UNDER,78.60%,75.78,✅ HIT,-0.43,-0.26,-3,-0.3,-0.2,1.4,1.2,0.0073,100.00%
8,De'Aaron Fox,STL,1.5,UNDER,75.70%,A,STRONG BET,74.54,✅ HIT,1,UNDER,75.90%,74.67,✅ HIT,UNDER,75.70%,74.54,✅ HIT,UNDER,75.70%,74.55,✅ HIT,UNDER,75.60%,74.38,✅ HIT,-0.38,-0.94,-1,-0.7,0.42,1.4,1.6,0.001,100.00%
9,Tobias Harris,STL,1.5,UNDER,77.00%,A,STRONG BET,74.28,✅ HIT,0,UNDER,76.10%,73.46,✅ HIT,UNDER,76.00%,73.33,✅ HIT,UNDER,78.00%,75.27,✅ HIT,UNDER,77.80%,75.08,✅ HIT,-0.68,-1.12,-1.73,-0.9,0.36,1.4,1.6,0.009,100.00%
10,Reed Sheppard,PRA,21.5,OVER,68.90%,D,STRONG BET,74.05,❌ MISS,16,OVER,68.90%,74.08,❌ MISS,OVER,68.60%,73.79,❌ MISS,OVER,68.90%,74.06,❌ MISS,OVER,69.10%,74.28,❌ MISS,0.29,-1.17,2.52,-7.9,9.84,1.6,2,0.0017,100.00%
11,Brandon Miller,STL,1.5,UNDER,74.90%,A,STRONG BET,73.75,❌ MISS,3,UNDER,74.60%,73.45,❌ MISS,UNDER,74.50%,73.34,❌ MISS,UNDER,75.30%,74.18,❌ MISS,UNDER,75.20%,74.03,❌ MISS,-0.38,-0.26,-1.5,-0.3,-0.14,1.4,1.2,0.0036,100.00%
12,Anthony Edwards,3PA,9.5,UNDER,73.80%,B,STRONG BET,73.36,❌ MISS,10,UNDER,73.50%,73.08,❌ MISS,UNDER,72.40%,71.92,❌ MISS,UNDER,75.10%,74.68,❌ MISS,UNDER,74.20%,73.75,❌ MISS,-0.39,-0.22,-0.13,-0.5,-0.39,1.2,1.6,0.01,100.00%
13,Amen Thompson,3PM,0.5,UNDER,72.60%,S,STRONG BET,73.25,❌ MISS,1,UNDER,73.40%,73.96,❌ MISS,UNDER,73.30%,73.95,❌ MISS,UNDER,72.00%,72.6,❌ MISS,UNDER,71.90%,72.49,❌ MISS,-0.35,-0.2,-0.27,-0.1,-0.07,1.6,1.2,0.007,100.00%
14,Jrue Holiday,STL,1.5,UNDER,76.00%,A,STRONG BET,73.12,✅ HIT,1,UNDER,75.20%,72.35,✅ HIT,UNDER,75.10%,72.23,✅ HIT,UNDER,76.90%,74.04,✅ HIT,UNDER,76.70%,73.86,✅ HIT,-0.83,-1.75,-1.73,-0.7,0.37,1.8,2,0.0083,100.00%
15,VJ Edgecombe,TOV,2.5,UNDER,76.80%,A,STRONG BET,72.7,✅ HIT,2,UNDER,79.50%,75.33,✅ HIT,UNDER,78.90%,74.76,✅ HIT,UNDER,74.80%,70.65,✅ HIT,UNDER,74.20%,70.08,✅ HIT,-1.34,-2.25,-1.5,-1.1,0.44,1.6,2,0.0236,100.00%
16,Brandon Miller,3PA,9.5,UNDER,72.60%,B,STRONG BET,72.54,✅ HIT,7,UNDER,72.10%,72.03,✅ HIT,UNDER,71.00%,70.95,✅ HIT,UNDER,74.10%,74.04,✅ HIT,UNDER,73.20%,73.15,✅ HIT,-0.48,-1,1.5,-2.7,1.41,1.2,1.6,0.0116,100.00%
17,Tyler Herro,FGA,18.5,UNDER,75.90%,D,STRONG BET,72.52,NO GAME,,UNDER,77.40%,73.99,NO GAME,UNDER,73.90%,70.48,NO GAME,UNDER,77.60%,74.2,NO GAME,UNDER,74.90%,71.43,NO GAME,-0.9,-1.05,-0.97,-2.7,0.4,1.8,1.6,0.016,100.00%
18,Quentin Grimes,AST,4.5,UNDER,76.70%,C,STRONG BET,72.47,✅ HIT,2,UNDER,78.10%,73.89,✅ HIT,UNDER,76.40%,72.17,✅ HIT,UNDER,76.90%,72.7,✅ HIT,UNDER,75.40%,71.14,✅ HIT,-1.45,-3.07,-0.43,-2.3,1.21,1.8,2,0.0099,100.00%
19,Collin Sexton,STL,1.5,UNDER,73.00%,A,STRONG BET,72.33,NO GAME,,UNDER,75.00%,74.32,NO GAME,UNDER,74.90%,74.2,NO GAME,UNDER,71.10%,70.45,NO GAME,UNDER,71.00%,70.36,NO GAME,-0.46,-0.26,-0.19,-0.3,-0.24,0.8,1.2,0.0193,100.00%
20,Jalen Green,STL,1.5,UNDER,74.50%,A,STRONG BET,72.08,✅ HIT,0,UNDER,76.60%,74.17,✅ HIT,UNDER,76.40%,74.03,✅ HIT,UNDER,72.50%,70.12,✅ HIT,UNDER,72.40%,70.01,✅ HIT,-0.23,-0.07,-3,-0.1,-0.21,1.2,1.6,0.0202,100.00%
21,Michael Porter Jr.,STL,1.5,UNDER,72.50%,A,STRONG BET,72.04,✅ HIT,1,UNDER,74.70%,74.21,✅ HIT,UNDER,74.60%,74.1,✅ HIT,UNDER,70.50%,69.96,✅ HIT,UNDER,70.40%,69.89,✅ HIT,-0.45,0.31,-0.9,0.3,-0.74,1,0.4,0.0212,100.00%
22,Immanuel Quickley,STL,1.5,UNDER,72.40%,A,STRONG BET,72.04,✅ HIT,1,UNDER,73.20%,72.81,✅ HIT,UNDER,73.10%,72.73,✅ HIT,UNDER,71.70%,71.37,✅ HIT,UNDER,71.60%,71.27,✅ HIT,-0.23,-0.26,-1,-0.3,0.03,1.4,1.2,0.0073,100.00%
23,VJ Edgecombe,FTM,3.5,UNDER,80.50%,B,STRONG BET,72.02,❌ MISS,6,UNDER,82.20%,73.7,❌ MISS,UNDER,80.40%,71.9,❌ MISS,UNDER,80.70%,72.18,❌ MISS,UNDER,78.80%,70.3,❌ MISS,-3.97,-3.25,-1.5,-1.3,-0.29,1.8,2,0.0121,100.00%
24,VJ Edgecombe,AST,4.5,UNDER,73.60%,C,STRONG BET,71.66,❌ MISS,5,UNDER,76.80%,74.87,❌ MISS,UNDER,75.20%,73.22,❌ MISS,UNDER,71.90%,69.91,❌ MISS,UNDER,70.60%,68.65,❌ MISS,-0.45,-1.4,-1.5,-1.9,1.29,2,2,0.0249,100.00%
25,Brandon Miller,3PM,3.5,UNDER,70.10%,S,STRONG BET,71.64,✅ HIT,3,UNDER,69.00%,70.5,✅ HIT,UNDER,69.00%,70.54,✅ HIT,UNDER,71.30%,72.8,✅ HIT,UNDER,71.20%,72.71,✅ HIT,-0.26,-0.32,1.5,-0.5,0.1,1,1.6,0.0112,100.00%
26,Jaden McDaniels,STL,1.5,UNDER,72.90%,A,STRONG BET,71.58,✅ HIT,1,UNDER,72.40%,71.11,✅ HIT,UNDER,72.30%,71.04,✅ HIT,UNDER,73.40%,72.14,✅ HIT,UNDER,73.30%,72.02,✅ HIT,-0.43,0.31,-1.73,0.3,-0.72,1,1.2,0.005,100.00%
27,Tyler Herro,TOV,2.5,UNDER,71.70%,A,STRONG BET,71.39,NO GAME,,UNDER,70.40%,70.13,NO GAME,UNDER,70.10%,69.76,NO GAME,UNDER,73.40%,73.1,NO GAME,UNDER,72.90%,72.56,NO GAME,-0.37,-0.06,-0.27,-0.1,-0.5,1,0.8,0.0146,100.00%
28,LaMelo Ball,STL,1.5,UNDER,70.50%,A,STRONG BET,71.29,✅ HIT,1,UNDER,67.50%,68.31,✅ HIT,UNDER,67.50%,68.33,✅ HIT,UNDER,73.50%,74.31,✅ HIT,UNDER,73.40%,74.19,✅ HIT,-0.2,0.05,-0.25,0.1,-0.47,1.6,1.2,0.0297,100.00%
29,Tyler Herro,3PA,7.5,UNDER,74.20%,B,STRONG BET,71.08,NO GAME,,UNDER,75.40%,72.3,NO GAME,UNDER,74.20%,71.04,NO GAME,UNDER,74.10%,70.93,NO GAME,UNDER,73.20%,70.04,NO GAME,-0.49,-0.39,-2.3,-0.9,-0.25,1.2,1.2,0.0081,100.00%
30,Alex Sarr,REB,5.5,OVER,73.20%,B,STRONG BET,70.84,✅ HIT,6,OVER,72.90%,70.47,✅ HIT,OVER,72.70%,70.33,✅ HIT,OVER,73.90%,71.45,✅ HIT,OVER,73.50%,71.1,✅ HIT,-0.78,-0.68,-0.35,-1.9,-0.29,1.6,1.6,0.0045,100.00%
31,VJ Edgecombe,FGA,16.5,UNDER,72.10%,D,STRONG BET,70.8,✅ HIT,15,UNDER,75.20%,73.93,✅ HIT,UNDER,72.00%,70.64,✅ HIT,UNDER,71.70%,70.43,✅ HIT,UNDER,69.50%,68.19,✅ HIT,-0.77,-0.4,1.5,-1.7,-1.54,1.6,1.2,0.0205,100.00%
32,Alperen Sengun,TOV,3.5,UNDER,69.00%,A,BET,70.56,✅ HIT,3,UNDER,66.90%,68.5,✅ HIT,UNDER,66.70%,68.23,✅ HIT,UNDER,71.40%,72.99,✅ HIT,UNDER,70.90%,72.51,✅ HIT,-0.09,1.17,-0.37,1.9,-2.04,1,0.4,0.022,100.00%
33,Brandon Miller,TOV,3.5,UNDER,70.00%,A,BET,70.5,❌ MISS,4,UNDER,75.70%,76.27,❌ MISS,UNDER,75.20%,75.77,❌ MISS,UNDER,64.60%,65.1,❌ MISS,UNDER,64.30%,64.85,❌ MISS,-0.63,-0.88,1.5,-0.9,0.25,1.2,1.6,0.0552,100.00%
34,Collin Sexton,3PM,2.5,UNDER,70.50%,S,STRONG BET,70.3,NO GAME,,UNDER,71.90%,71.74,NO GAME,UNDER,71.90%,71.74,NO GAME,UNDER,69.10%,68.88,NO GAME,UNDER,69.00%,68.83,NO GAME,-0.52,0.49,-0.6,0.9,-1.86,1.4,0.8,0.0144,100.00%
35,Josh Giddey,FGA,14.5,UNDER,72.60%,D,STRONG BET,70.26,❌ MISS,16,UNDER,74.00%,71.6,❌ MISS,UNDER,70.80%,68.45,❌ MISS,UNDER,74.10%,71.74,❌ MISS,UNDER,71.60%,69.27,❌ MISS,-0.65,-1.57,-0.81,-2.7,1.58,1.8,2,0.0144,100.00%
36,Derrick White,BLK,1.5,UNDER,70.70%,S,STRONG BET,70.21,✅ HIT,1,UNDER,70.00%,69.53,✅ HIT,UNDER,70.20%,69.73,✅ HIT,UNDER,71.20%,70.7,✅ HIT,UNDER,71.40%,70.89,✅ HIT,-0.05,-0.71,-0.46,-0.7,0.65,0.8,1.2,0.0059,100.00%
37,Russell Westbrook,3PA,6.5,UNDER,75.00%,B,STRONG BET,70.08,✅ HIT,4,UNDER,75.90%,70.95,✅ HIT,UNDER,74.60%,69.66,✅ HIT,UNDER,75.30%,70.31,✅ HIT,UNDER,74.30%,69.37,✅ HIT,-0.71,-0.4,-4.5,-0.3,-0.23,1.2,1.2,0.0061,100.00%
38,Quentin Grimes,3PA,7.5,UNDER,74.40%,B,STRONG BET,70.04,✅ HIT,4,UNDER,74.50%,70.19,✅ HIT,UNDER,73.30%,68.97,✅ HIT,UNDER,75.30%,70.97,✅ HIT,UNDER,74.40%,70.03,✅ HIT,-0.85,-0.99,-1.72,-2.5,0.34,1.4,1.2,0.0071,100.00%
39,Luka Dončić,TOV,4.5,UNDER,70.10%,A,STRONG BET,69.95,✅ HIT,4,UNDER,66.90%,66.74,✅ HIT,UNDER,66.70%,66.47,✅ HIT,UNDER,73.80%,73.56,✅ HIT,UNDER,73.20%,73.01,✅ HIT,-0.21,-0.23,-0.89,-0.5,0.04,1.6,1.2,0.0334,100.00%
40,Tyler Herro,PTS,25.5,UNDER,73.30%,D,STRONG BET,69.89,NO GAME,,UNDER,74.70%,71.36,NO GAME,UNDER,74.30%,70.9,NO GAME,UNDER,72.20%,68.82,NO GAME,UNDER,71.90%,68.5,NO GAME,-0.7,-0.18,-0.85,-0.9,-2.55,1.8,1.6,0.0125,100.00%
41,Kristaps Porziņģis,BLK,1.5,UNDER,71.20%,S,STRONG BET,69.87,❌ MISS,4,UNDER,74.20%,72.81,❌ MISS,UNDER,74.20%,72.89,❌ MISS,UNDER,68.10%,66.75,❌ MISS,UNDER,68.40%,67.03,❌ MISS,-0.48,-1.84,-0.19,-0.9,0.66,1.4,2,0.0298,100.00%
42,Alex Sarr,AST,1.5,OVER,73.70%,C,STRONG BET,69.54,❌ MISS,1,OVER,75.00%,70.93,❌ MISS,OVER,72.70%,68.56,❌ MISS,OVER,74.70%,70.55,❌ MISS,OVER,72.20%,68.12,❌ MISS,-0.71,-0.84,-2.71,-1.5,0.24,1.4,1.2,0.0122,100.00%
43,Tobias Harris,3PM,1.5,UNDER,76.20%,S,STRONG BET,69.5,✅ HIT,0,UNDER,76.60%,69.92,✅ HIT,UNDER,76.60%,69.88,✅ HIT,UNDER,75.90%,69.19,✅ HIT,UNDER,75.80%,69.02,✅ HIT,-0.56,-1.75,-6,-0.7,0.48,1.8,2,0.004,100.00%
44,Luka Dončić,FGA,23.5,UNDER,71.20%,D,STRONG BET,69.46,❌ MISS,24,UNDER,72.60%,70.81,❌ MISS,UNDER,69.60%,67.83,❌ MISS,UNDER,72.50%,70.76,❌ MISS,UNDER,70.20%,68.43,❌ MISS,-0.44,-0.33,-0.48,-1.1,-0.4,1,0.8,0.0134,100.00%
45,Onyeka Okongwu,FTM,2.5,UNDER,69.10%,B,STRONG BET,69.41,✅ HIT,1,UNDER,70.80%,71.06,✅ HIT,UNDER,69.80%,70.08,✅ HIT,UNDER,68.30%,68.65,✅ HIT,UNDER,67.50%,67.84,✅ HIT,-0.18,-0.47,0,-1.1,0.67,1.4,1.6,0.0125,100.00%
46,Giannis Antetokounmpo,TOV,2.5,OVER,67.10%,A,BET,69.39,✅ HIT,4,OVER,66.40%,68.63,✅ HIT,OVER,65.60%,67.83,✅ HIT,OVER,68.80%,71.03,✅ HIT,OVER,67.80%,70.08,✅ HIT,-0.99,-0.4,3,-0.3,-0.44,1.4,1.2,0.0124,100.00%
47,Luka Dončić,3PA,11.5,UNDER,70.20%,B,STRONG BET,69.37,❌ MISS,12,UNDER,71.00%,70.21,❌ MISS,UNDER,70.00%,69.2,❌ MISS,UNDER,70.20%,69.38,❌ MISS,UNDER,69.50%,68.7,❌ MISS,-0.37,0.03,-0.75,0.1,-1.2,1.4,1.2,0.0054,100.00%
48,Alex Sarr,PRA,17.5,OVER,80.30%,D,STRONG BET,69.34,✅ HIT,35,OVER,81.50%,70.62,✅ HIT,OVER,81.10%,70.16,✅ HIT,OVER,79.10%,68.22,✅ HIT,OVER,79.30%,68.37,✅ HIT,-1.63,-0.74,-0.47,-4.5,-5.38,1.8,1.6,0.0106,100.00%
49,Tyler Herro,PR,31.5,UNDER,73.90%,D,STRONG BET,68.88,NO GAME,,UNDER,76.10%,71.05,NO GAME,UNDER,75.40%,70.35,NO GAME,UNDER,72.20%,67.13,NO GAME,UNDER,72.10%,67.02,NO GAME,-0.67,-0.29,-0.98,-2.1,-2.8,1.8,1.6,0.0182,100.00%
50,Victor Wembanyama,SB,4.5,UNDER,70.10%,A,STRONG BET,68.51,✅ HIT,3,UNDER,72.00%,70.35,✅ HIT,UNDER,71.60%,69.99,✅ HIT,UNDER,68.60%,67.02,✅ HIT,UNDER,68.30%,66.7,✅ HIT,-0.28,0.76,-2,1.3,-1.78,0.4,0.4,0.0166,100.00%
51,Anthony Edwards,PTS,29.5,UNDER,67.20%,D,STRONG BET,68.18,✅ HIT,14,UNDER,68.30%,69.24,✅ HIT,UNDER,68.00%,68.97,✅ HIT,UNDER,66.30%,67.32,✅ HIT,UNDER,66.20%,67.21,✅ HIT,0.01,0.04,0,0.3,-0.19,0.8,0.8,0.0093,100.00%
52,Onyeka Okongwu,SB,2.5,UNDER,67.40%,A,BET,68.01,❌ MISS,5,UNDER,65.70%,66.38,❌ MISS,UNDER,65.60%,66.25,❌ MISS,UNDER,69.20%,69.88,❌ MISS,UNDER,68.90%,69.54,❌ MISS,-0.19,0.17,0,0.3,-0.63,1,0.8,0.017,100.00%
53,Jaylen Wells,3PA,6.5,UNDER,72.20%,B,STRONG BET,68,❌ MISS,9,UNDER,71.70%,67.56,❌ MISS,UNDER,70.70%,66.5,❌ MISS,UNDER,73.60%,69.42,❌ MISS,UNDER,72.70%,68.56,❌ MISS,-0.66,-0.05,-3.45,-0.1,-1.13,1.2,0.8,0.0109,100.00%
54,Amen Thompson,SB,2.5,UNDER,68.10%,A,BET,67.99,✅ HIT,1,UNDER,67.80%,67.65,✅ HIT,UNDER,67.60%,67.44,✅ HIT,UNDER,68.70%,68.6,✅ HIT,UNDER,68.40%,68.27,✅ HIT,-0.3,-0.26,-0.23,-0.3,-0.05,1,1.2,0.0047,100.00%
55,Devin Booker,3PA,7.5,UNDER,68.80%,B,STRONG BET,67.89,✅ HIT,7,UNDER,69.70%,68.75,✅ HIT,UNDER,68.80%,67.83,✅ HIT,UNDER,68.70%,67.8,✅ HIT,UNDER,68.10%,67.2,✅ HIT,-0.54,-0.09,0.08,-0.3,-1.49,1.4,1.2,0.0055,100.00%
56,Kristaps Porziņģis,AST,2.5,UNDER,66.60%,C,STRONG BET,67.73,✅ HIT,2,UNDER,69.10%,70.2,✅ HIT,UNDER,67.90%,69.03,✅ HIT,UNDER,65.10%,66.22,✅ HIT,UNDER,64.40%,65.48,✅ HIT,0.16,-0.2,-0.69,-0.3,0.54,1.6,1.6,0.0195,100.00%
57,Brandin Podziemski,STL,1.5,UNDER,67.90%,A,BET,67.68,❌ MISS,2,UNDER,66.50%,66.2,❌ MISS,UNDER,66.50%,66.24,❌ MISS,UNDER,69.40%,69.16,❌ MISS,UNDER,69.40%,69.11,❌ MISS,-0.44,-0.56,-0.27,-0.5,0.11,1.4,1.2,0.0146,100.00%
58,Alex Sarr,PTS,10.5,OVER,74.40%,D,STRONG BET,67.65,✅ HIT,28,OVER,75.90%,69.12,✅ HIT,OVER,74.80%,68.03,✅ HIT,OVER,74.10%,67.35,✅ HIT,OVER,72.90%,66.12,✅ HIT,-2.24,-0.38,0.51,-1.1,-5.33,1.8,1.6,0.0109,100.00%
59,Kevin Durant,3PM,2.5,UNDER,67.70%,S,BET,67.63,❌ MISS,4,UNDER,69.70%,69.55,❌ MISS,UNDER,69.70%,69.58,❌ MISS,UNDER,65.80%,65.69,❌ MISS,UNDER,65.80%,65.7,❌ MISS,-0.16,-0.6,-0.37,-0.7,0.52,1.2,1.2,0.0194,100.00%
60,Alex Sarr,3PM,0.5,OVER,68.30%,S,BET,67.62,✅ HIT,4,OVER,68.80%,68.11,✅ HIT,OVER,68.40%,67.69,✅ HIT,OVER,68.30%,67.65,✅ HIT,OVER,67.70%,67.02,✅ HIT,-0.64,-0.4,-0.58,-0.3,-0.18,1.4,1.2,0.0039,100.00%
61,Alperen Sengun,PA,23.5,OVER,69.80%,D,STRONG BET,67.56,❌ MISS,18,OVER,67.00%,64.8,❌ MISS,OVER,67.50%,65.2,❌ MISS,OVER,72.20%,69.89,❌ MISS,OVER,72.60%,70.36,❌ MISS,-0.46,-0.16,0.46,-1.1,-1.99,1,1.2,0.0257,100.00%
62,Quentin Grimes,REB,4.5,UNDER,68.10%,B,STRONG BET,67.47,✅ HIT,3,UNDER,70.10%,69.43,✅ HIT,UNDER,68.60%,67.94,✅ HIT,UNDER,67.60%,66.95,✅ HIT,UNDER,66.20%,65.56,✅ HIT,-0.44,-0.36,-0.37,-0.7,-0.16,1.4,0.8,0.0141,100.00%
63,Reed Sheppard,PTS,14.5,OVER,62.20%,D,DO NOT BET,67.45,❌ MISS,7,OVER,62.60%,67.87,❌ MISS,OVER,61.80%,67.04,❌ MISS,OVER,62.70%,67.93,❌ MISS,OVER,61.70%,66.94,❌ MISS,0.17,-0.89,3.65,-4.9,5.84,1.4,1.6,0.0046,100.00%
64,Reed Sheppard,REB,2.5,OVER,66.90%,B,STRONG BET,67.37,✅ HIT,7,OVER,67.60%,68.1,✅ HIT,OVER,67.70%,68.18,✅ HIT,OVER,66.10%,66.62,✅ HIT,OVER,66.10%,66.59,✅ HIT,-0.16,-0.97,0.06,-1.5,1.25,1.8,2,0.0077,100.00%
65,Cooper Flagg,3PM,0.5,OVER,67.40%,S,BET,67.32,✅ HIT,1,OVER,66.90%,66.83,✅ HIT,OVER,66.50%,66.42,✅ HIT,OVER,68.40%,68.34,✅ HIT,OVER,67.80%,67.7,✅ HIT,-0.72,-0.4,0,-0.3,-0.24,1.6,1.2,0.0075,100.00%
66,Michael Porter Jr.,3PA,9.5,UNDER,65.80%,B,STRONG BET,67.23,✅ HIT,6,UNDER,67.90%,69.3,✅ HIT,UNDER,67.10%,68.5,✅ HIT,UNDER,64.30%,65.72,✅ HIT,UNDER,64.00%,65.39,✅ HIT,-0.02,0.15,-0.24,0.7,-0.81,1.6,1.2,0.017,100.00%
67,Anthony Edwards,FTM,5.5,UNDER,65.50%,B,STRONG BET,67.2,❌ MISS,9,UNDER,67.50%,69.24,❌ MISS,UNDER,66.90%,68.57,❌ MISS,UNDER,64.00%,65.66,❌ MISS,UNDER,63.60%,65.33,❌ MISS,0.02,-0.2,0.15,-0.9,1.01,1.6,1.6,0.0173,100.00%
68,Stephon Castle,STL,1.5,UNDER,66.80%,A,BET,66.99,✅ HIT,0,UNDER,61.70%,61.87,✅ HIT,UNDER,61.80%,62.01,✅ HIT,UNDER,71.90%,72.09,✅ HIT,UNDER,71.80%,71.99,✅ HIT,-0.3,-0.94,0.27,-0.7,0.48,1.4,1.6,0.0505,100.00%
69,Michael Porter Jr.,3PM,3.5,UNDER,64.40%,S,BET WITH CAUTION,66.98,✅ HIT,1,UNDER,66.90%,69.46,✅ HIT,UNDER,66.90%,69.53,✅ HIT,UNDER,61.80%,64.42,✅ HIT,UNDER,61.90%,64.52,✅ HIT,-0.03,-0.04,1.15,-0.1,0.03,1.6,1.2,0.0252,100.00%
70,Jaylen Wells,3PM,2.5,UNDER,71.20%,S,STRONG BET,66.98,❌ MISS,3,UNDER,68.70%,64.42,❌ MISS,UNDER,68.70%,64.46,❌ MISS,UNDER,73.90%,69.58,❌ MISS,UNDER,73.70%,69.45,❌ MISS,-0.7,0.56,-4.5,0.5,-1.13,1,0.8,0.0254,100.00%
71,Giannis Antetokounmpo,3PM,0.5,UNDER,76.40%,S,STRONG BET,66.94,✅ HIT,0,UNDER,76.60%,67.16,✅ HIT,UNDER,76.60%,67.11,✅ HIT,UNDER,76.30%,66.83,✅ HIT,UNDER,76.10%,66.66,✅ HIT,-6,-6,1,-0.5,0.45,1.6,2,0.0021,100.00%
72,Jaden McDaniels,3PM,1.5,UNDER,69.00%,S,BET,66.76,✅ HIT,0,UNDER,70.50%,68.25,✅ HIT,UNDER,70.50%,68.28,✅ HIT,UNDER,67.50%,65.27,✅ HIT,UNDER,67.50%,65.26,✅ HIT,-0.12,-3.25,-0.19,-1.3,1.25,1.4,2,0.015,100.00%
73,Quentin Grimes,PTS,18.5,UNDER,76.50%,D,STRONG BET,66.67,❌ MISS,23,UNDER,77.00%,67.13,❌ MISS,UNDER,76.50%,66.62,❌ MISS,UNDER,76.50%,66.68,❌ MISS,UNDER,76.10%,66.23,❌ MISS,-0.65,-0.61,-4.5,-5.3,-0.39,1.6,1.6,0.0032,100.00%
74,VJ Edgecombe,3PM,2.5,UNDER,64.20%,S,BET WITH CAUTION,66.66,✅ HIT,1,UNDER,64.50%,66.87,✅ HIT,UNDER,64.50%,66.97,✅ HIT,UNDER,64.00%,66.38,✅ HIT,UNDER,64.00%,66.43,✅ HIT,-0.19,0.13,1.5,0.3,-0.73,1.4,1.2,0.0026,100.00%
75,Brandin Podziemski,3PA,7.5,UNDER,70.30%,B,STRONG BET,66.61,✅ HIT,4,UNDER,70.30%,66.54,✅ HIT,UNDER,69.30%,65.57,✅ HIT,UNDER,71.30%,67.55,✅ HIT,UNDER,70.50%,66.81,✅ HIT,-1.7,-0.19,-0.52,-0.3,-2.42,1.4,1.2,0.0071,100.00%
76,LaMelo Ball,AST,7.5,UNDER,66.50%,C,STRONG BET,66.51,✅ HIT,4,UNDER,68.20%,68.21,✅ HIT,UNDER,67.10%,67.11,✅ HIT,UNDER,65.80%,65.76,✅ HIT,UNDER,65.00%,64.97,✅ HIT,-0.13,-0.59,-0.42,-1.1,0.85,1.4,1.2,0.0124,100.00%
77,Quentin Grimes,3PM,2.5,UNDER,69.30%,S,BET,66.5,✅ HIT,0,UNDER,69.50%,66.72,✅ HIT,UNDER,69.60%,66.76,✅ HIT,UNDER,69.10%,66.29,✅ HIT,UNDER,69.10%,66.24,✅ HIT,-0.58,-1.11,-1.86,-1.3,0.63,1.4,1.6,0.0024,100.00%
78,Deni Avdija,PRA,30.5,OVER,71.20%,D,STRONG BET,66.37,✅ HIT,33,OVER,69.00%,64.1,✅ HIT,OVER,68.70%,63.81,✅ HIT,OVER,73.60%,68.69,✅ HIT,OVER,73.80%,68.88,✅ HIT,-0.49,0.29,1.37,4.5,-11.96,1.4,1.2,0.0242,100.00%
79,Jalen Green,FTM,2.5,UNDER,66.30%,B,STRONG BET,66.27,✅ HIT,2,UNDER,65.30%,65.26,✅ HIT,UNDER,64.80%,64.82,✅ HIT,UNDER,67.90%,67.89,✅ HIT,UNDER,67.20%,67.12,✅ HIT,-0.29,0.23,-0.75,0.5,-1.12,1.4,0.8,0.0127,100.00%
80,LeBron James,PA,24.5,OVER,71.60%,D,STRONG BET,66.06,NO GAME,,OVER,71.60%,66.09,NO GAME,OVER,72.00%,66.49,NO GAME,OVER,71.10%,65.59,NO GAME,OVER,71.60%,66.06,NO GAME,-1,-0.48,-1.51,-1.9,-2.03,1.4,1.2,0.0032,100.00%
81,RJ Barrett,FTM,3.5,UNDER,67.60%,B,STRONG BET,65.99,✅ HIT,3,UNDER,68.70%,67.1,✅ HIT,UNDER,67.90%,66.32,✅ HIT,UNDER,67.20%,65.61,✅ HIT,UNDER,66.50%,64.92,✅ HIT,-0.21,-0.88,-1.5,-0.9,0.68,1.2,1.6,0.0081,100.00%
82,Scottie Barnes,BLK,1.5,UNDER,65.70%,S,BET,65.87,✅ HIT,0,UNDER,63.40%,63.57,✅ HIT,UNDER,63.80%,63.97,✅ HIT,UNDER,67.70%,67.82,✅ HIT,UNDER,68.00%,68.12,✅ HIT,6,-6,-1.33,-0.5,0.57,1.4,2,0.0211,100.00%
83,Jerami Grant,AST,1.5,OVER,67.40%,C,STRONG BET,65.83,✅ HIT,3,OVER,67.50%,65.9,✅ HIT,OVER,65.50%,63.93,✅ HIT,OVER,69.40%,67.84,✅ HIT,OVER,67.20%,65.66,✅ HIT,-0.78,-0.71,-0.5,-0.7,-0.07,1.2,1.6,0.0139,100.00%
84,Quentin Grimes,PR,23.5,UNDER,76.00%,D,STRONG BET,65.78,❌ MISS,26,UNDER,76.10%,65.9,❌ MISS,UNDER,75.40%,65.2,❌ MISS,UNDER,76.20%,66.05,❌ MISS,UNDER,76.10%,65.95,❌ MISS,-0.67,-0.62,-3.65,-6.5,-0.55,1.8,1.6,0.0033,100.00%
85,Deni Avdija,TOV,2.5,OVER,66.50%,A,BET,65.68,✅ HIT,3,OVER,70.60%,69.81,✅ HIT,OVER,69.70%,68.93,✅ HIT,OVER,63.20%,62.4,✅ HIT,OVER,62.40%,61.61,✅ HIT,-0.53,-0.04,-0.33,-0.1,-1.18,1.4,0.8,0.0371,100.00%
86,Anthony Edwards,FGA,21.5,UNDER,65.30%,D,DO NOT BET,65.5,✅ HIT,15,UNDER,69.30%,69.47,✅ HIT,UNDER,66.80%,66.92,✅ HIT,UNDER,63.20%,63.41,✅ HIT,UNDER,62.00%,62.18,✅ HIT,-0.14,-0.19,0.08,-1.1,0.3,1.2,1.2,0.0288,100.00%
87,Austin Reaves,3PM,2.5,UNDER,64.70%,S,BET WITH CAUTION,65.49,❌ MISS,4,UNDER,62.90%,63.68,❌ MISS,UNDER,63.00%,63.79,❌ MISS,UNDER,66.50%,67.24,❌ MISS,UNDER,66.50%,67.24,❌ MISS,-0.18,-0.94,0.41,-0.7,0.57,1.6,1.6,0.0176,100.00%
88,Derrick White,RA,8.5,OVER,69.00%,C,BET,65.46,✅ HIT,12,OVER,70.00%,66.46,✅ HIT,OVER,68.10%,64.6,✅ HIT,OVER,70.00%,66.52,✅ HIT,OVER,67.80%,64.27,✅ HIT,-0.52,-0.42,-2.53,-1.3,-0.33,1.6,1.2,0.0103,100.00%
89,Josh Giddey,STL,1.5,UNDER,70.40%,A,STRONG BET,65.37,✅ HIT,0,UNDER,67.50%,62.47,✅ HIT,UNDER,67.50%,62.5,✅ HIT,UNDER,73.30%,68.31,✅ HIT,UNDER,73.20%,68.19,✅ HIT,-1.02,-0.2,-4.5,-0.1,-0.4,1.2,1.2,0.0288,100.00%
90,VJ Edgecombe,PTS,19.5,UNDER,67.40%,D,STRONG BET,65.2,❌ MISS,21,UNDER,69.50%,67.36,❌ MISS,UNDER,69.20%,67.05,❌ MISS,UNDER,65.40%,63.24,❌ MISS,UNDER,65.30%,63.16,❌ MISS,-0.62,-0.07,1.5,-0.5,-3.68,1.2,0.8,0.02,100.00%
91,LeBron James,PTS,18.5,OVER,69.20%,D,STRONG BET,65.2,NO GAME,,OVER,70.40%,66.45,NO GAME,OVER,69.40%,65.44,NO GAME,OVER,69.00%,65.03,NO GAME,OVER,67.80%,63.89,NO GAME,-0.84,-0.31,-1.26,-1.1,-1.83,1.4,1.2,0.0092,100.00%
92,Rudy Gobert,BLK,1.5,UNDER,64.00%,S,BET,65.02,✅ HIT,0,UNDER,64.10%,65.13,✅ HIT,UNDER,64.50%,65.51,✅ HIT,UNDER,63.50%,64.52,✅ HIT,UNDER,63.90%,64.94,✅ HIT,0.12,0.08,-0.5,0.1,0.04,1.2,1.2,0.0036,100.00%
93,Cade Cunningham,FTM,5.5,UNDER,66.70%,B,STRONG BET,65.01,✅ HIT,1,UNDER,67.10%,65.4,✅ HIT,UNDER,66.40%,64.78,✅ HIT,UNDER,66.90%,65.26,✅ HIT,UNDER,66.30%,64.6,✅ HIT,-0.2,-2.32,-0.91,-2.7,2.47,2,2,0.0033,100.00%
94,Quentin Grimes,PA,24.5,UNDER,76.80%,D,STRONG BET,64.89,❌ MISS,25,UNDER,77.00%,65.05,❌ MISS,UNDER,76.80%,64.9,❌ MISS,UNDER,76.90%,64.95,❌ MISS,UNDER,76.60%,64.68,❌ MISS,-0.89,-0.97,-3.38,-9.1,0.82,1.6,1.6,0.0014,100.00%
95,Reed Sheppard,STL,1.5,UNDER,67.70%,A,BET,64.88,✅ HIT,0,UNDER,64.70%,61.81,✅ HIT,UNDER,64.80%,61.89,✅ HIT,UNDER,70.80%,67.96,✅ HIT,UNDER,70.70%,67.88,✅ HIT,-0.03,0.14,-4.5,0.3,-0.37,1.6,1.6,0.0304,100.00%
96,Victor Wembanyama,FGA,17.5,UNDER,66.20%,D,DO NOT BET,64.77,❌ MISS,20,UNDER,66.90%,65.48,❌ MISS,UNDER,64.70%,63.28,❌ MISS,UNDER,67.50%,66.04,❌ MISS,UNDER,65.70%,64.28,❌ MISS,-0.21,-0.23,-1,-1.5,0.12,1.4,1.2,0.0107,100.00%
97,Alperen Sengun,PRA,33.5,OVER,65.60%,D,STRONG BET,64.7,❌ MISS,30,OVER,64.60%,63.7,❌ MISS,OVER,64.40%,63.5,❌ MISS,OVER,66.60%,65.69,❌ MISS,OVER,66.80%,65.93,❌ MISS,-0.24,0.15,0.53,1.3,-3.41,0.8,0.8,0.0111,100.00%
98,Tyler Herro,PRA,34.5,UNDER,68.50%,D,STRONG BET,64.66,NO GAME,,UNDER,69.50%,65.66,NO GAME,UNDER,69.00%,65.11,NO GAME,UNDER,68.00%,64.1,NO GAME,UNDER,67.60%,63.78,NO GAME,-0.44,-0.07,-0.75,-0.7,-3.5,1.6,1.6,0.0075,100.00%
99,Jaylen Wells,REB,2.5,OVER,65.50%,B,STRONG BET,64.62,✅ HIT,3,OVER,65.70%,64.8,✅ HIT,OVER,65.90%,64.95,✅ HIT,OVER,65.30%,64.36,✅ HIT,OVER,65.30%,64.37,✅ HIT,-0.54,-0.07,-0.7,-0.1,-0.71,1.2,1.2,0.0026,100.00%
100,Scottie Barnes,STL,1.5,UNDER,62.60%,A,BET WITH CAUTION,64.51,✅ HIT,1,UNDER,65.50%,67.5,✅ HIT,UNDER,65.60%,67.56,✅ HIT,UNDER,59.50%,61.42,✅ HIT,UNDER,59.60%,61.56,✅ HIT,-0.12,0.08,1.33,0.1,-0.24,0.8,1.2,0.0302,100.00%
101,Jayson Tatum,REB,6.5,OVER,65.50%,B,STRONG BET,64.5,❌ MISS,5,OVER,65.00%,64,❌ MISS,OVER,65.20%,64.19,❌ MISS,OVER,65.90%,64.91,❌ MISS,OVER,65.90%,64.89,❌ MISS,-0.22,-0.22,-1.37,-1,0,1.8,1.6,0.0041,100.00%
102,Cooper Flagg,FGA,17.5,OVER,61.80%,D,DO NOT BET,64.47,❌ MISS,16,OVER,64.90%,67.57,❌ MISS,OVER,61.80%,64.45,❌ MISS,OVER,61.40%,64.03,❌ MISS,OVER,59.20%,61.84,❌ MISS,0.28,-0.33,0,-1.3,2.42,1.6,1.2,0.0204,100.00%
103,Bam Adebayo,RA,14.5,UNDER,65.80%,C,BET WITH CAUTION,64.36,✅ HIT,12,UNDER,64.60%,63.15,✅ HIT,UNDER,62.90%,61.43,✅ HIT,UNDER,69.00%,67.52,✅ HIT,UNDER,66.80%,65.35,✅ HIT,-0.72,-0.61,0.46,-1.5,-0.26,1.2,1.2,0.0229,100.00%
104,Quentin Grimes,RA,8.5,UNDER,66.00%,C,BET WITH CAUTION,64.3,✅ HIT,5,UNDER,66.80%,65.14,✅ HIT,UNDER,64.90%,63.22,✅ HIT,UNDER,67.10%,65.42,✅ HIT,UNDER,65.10%,63.43,✅ HIT,-0.57,-0.99,-0.3,-2.5,1.05,1.6,1.6,0.0099,100.00%
105,Cade Cunningham,SB,2.5,UNDER,64.70%,A,BET WITH CAUTION,64.19,✅ HIT,1,UNDER,59.70%,59.14,✅ HIT,UNDER,59.80%,59.24,✅ HIT,UNDER,69.90%,69.36,✅ HIT,UNDER,69.50%,68.99,✅ HIT,-0.15,-1.33,0.1,-1.3,1.16,1,2,0.05,100.00%
106,Alperen Sengun,3PM,0.5,UNDER,63.70%,S,BET WITH CAUTION,64.14,✅ HIT,0,UNDER,66.60%,67.06,✅ HIT,UNDER,66.70%,67.13,✅ HIT,UNDER,60.70%,61.14,✅ HIT,UNDER,60.80%,61.26,✅ HIT,0.04,-0.75,-0.27,-0.3,0.32,1.4,1.6,0.0295,100.00%
107,Derrick White,AST,4.5,OVER,65.50%,C,STRONG BET,64.13,✅ HIT,7,OVER,65.20%,63.86,✅ HIT,OVER,63.40%,62.05,✅ HIT,OVER,67.70%,66.33,✅ HIT,OVER,65.60%,64.26,✅ HIT,-0.52,-0.56,-0.46,-1.3,0.11,1.4,1.2,0.0152,100.00%
108,Russell Westbrook,RA,12.5,UNDER,63.10%,C,DO NOT BET,64.1,❌ MISS,16,UNDER,62.60%,63.56,❌ MISS,UNDER,61.00%,62.04,❌ MISS,UNDER,65.30%,66.31,❌ MISS,UNDER,63.50%,64.5,❌ MISS,-0.11,-0.05,0.17,-0.3,-0.3,1.6,1.6,0.0154,100.00%
109,Scottie Barnes,TOV,2.5,UNDER,64.60%,A,BET WITH CAUTION,64.09,❌ MISS,3,UNDER,66.90%,66.42,❌ MISS,UNDER,66.60%,66.15,❌ MISS,UNDER,62.50%,61.99,❌ MISS,UNDER,62.30%,61.81,❌ MISS,0.09,-0.28,-1.46,-0.5,0.66,1,1.2,0.022,100.00%
110,Rudy Gobert,SB,2.5,UNDER,64.70%,A,BET WITH CAUTION,64.04,✅ HIT,0,UNDER,65.80%,65.18,✅ HIT,UNDER,65.70%,65.04,✅ HIT,UNDER,63.70%,63.03,✅ HIT,UNDER,63.50%,62.91,✅ HIT,-0.05,0.2,-1.51,0.3,-0.37,0.8,0.4,0.0107,100.00%
111,Klay Thompson,REB,1.5,OVER,65.80%,B,STRONG BET,64.02,❌ MISS,1,OVER,67.30%,65.5,❌ MISS,OVER,67.40%,65.59,❌ MISS,OVER,64.20%,62.45,❌ MISS,OVER,64.30%,62.52,❌ MISS,-0.53,0.07,-1.5,0.1,-0.9,1,0.8,0.0153,100.00%
112,Brandon Ingram,TOV,2.5,UNDER,61.00%,A,BET WITH CAUTION,63.96,❌ MISS,3,UNDER,61.90%,64.77,❌ MISS,UNDER,61.70%,64.67,❌ MISS,UNDER,60.30%,63.26,❌ MISS,UNDER,60.20%,63.16,❌ MISS,-0.04,-0.1,1.5,-0.1,0.06,1.6,1.2,0.0075,100.00%
113,Bam Adebayo,3PA,5.5,UNDER,64.00%,B,BET,63.92,❌ MISS,22,UNDER,63.90%,63.84,❌ MISS,UNDER,63.40%,63.33,❌ MISS,UNDER,64.50%,64.42,❌ MISS,UNDER,64.20%,64.09,❌ MISS,-0.23,0.33,-0.67,0.7,-1.2,1,1.2,0.004,100.00%
114,Reed Sheppard,AST,3.5,OVER,58.90%,C,DO NOT BET,63.89,❌ MISS,2,OVER,62.00%,66.94,❌ MISS,OVER,60.40%,65.37,❌ MISS,OVER,57.30%,62.26,❌ MISS,OVER,56.00%,60.98,❌ MISS,0.11,-1.1,4.5,-2.5,2.75,1.2,1.6,0.0238,100.00%
115,LaMelo Ball,PRA,32.5,UNDER,65.70%,D,STRONG BET,63.88,✅ HIT,22,UNDER,66.50%,64.61,✅ HIT,UNDER,66.00%,64.11,✅ HIT,UNDER,65.40%,63.56,✅ HIT,UNDER,65.10%,63.23,✅ HIT,-0.41,-1.04,-0.84,-2.9,1.75,1.6,1.6,0.0053,100.00%
116,Jaylen Wells,AST,1.5,OVER,62.80%,C,DO NOT BET,63.84,❌ MISS,0,OVER,63.80%,64.93,❌ MISS,OVER,62.10%,63.22,❌ MISS,OVER,63.40%,64.5,❌ MISS,OVER,61.60%,62.72,❌ MISS,-0.26,0.4,-0.27,0.3,-0.49,1.4,0.8,0.009,100.00%
117,Stephon Castle,3PM,0.5,OVER,65.30%,S,BET,63.74,✅ HIT,3,OVER,65.80%,64.15,✅ HIT,OVER,65.30%,63.74,✅ HIT,OVER,65.40%,63.83,✅ HIT,OVER,64.80%,63.22,✅ HIT,-0.49,-0.46,-1.33,-0.5,-0.04,1.2,1.2,0.0033,100.00%
118,Collin Sexton,REB,2.5,UNDER,63.50%,B,DO NOT BET,63.69,NO GAME,,UNDER,64.40%,64.62,NO GAME,UNDER,63.00%,63.25,NO GAME,UNDER,63.90%,64.08,NO GAME,UNDER,62.60%,62.8,NO GAME,-0.46,-0.6,0.41,-0.7,0.16,1.4,1.2,0.0071,100.00%
119,Brandon Miller,FTM,3.5,UNDER,64.90%,B,BET,63.63,❌ MISS,6,UNDER,64.50%,63.26,❌ MISS,UNDER,64.20%,62.91,❌ MISS,UNDER,65.70%,64.43,❌ MISS,UNDER,65.20%,63.91,❌ MISS,-0.15,-0.76,-1.5,-1.3,1.05,1.4,1.6,0.0059,100.00%
120,Donte DiVincenzo,AST,4.5,UNDER,63.50%,C,DO NOT BET,63.61,✅ HIT,2,UNDER,66.10%,66.26,✅ HIT,UNDER,65.20%,65.33,✅ HIT,UNDER,61.50%,61.64,✅ HIT,UNDER,61.10%,61.21,✅ HIT,-0.2,-0.23,-0.17,-0.3,0.03,1,1.2,0.0221,100.00%
121,Josh Giddey,REB,8.5,UNDER,62.90%,B,DO NOT BET,63.59,❌ MISS,13,UNDER,63.40%,64.08,❌ MISS,UNDER,62.00%,62.73,❌ MISS,UNDER,63.70%,64.41,❌ MISS,UNDER,62.40%,63.13,❌ MISS,-0.06,0.02,-0.42,0.1,-0.34,1.4,0.8,0.0068,100.00%
122,LeBron James,PR,24.5,OVER,67.50%,D,STRONG BET,63.58,NO GAME,,OVER,67.90%,63.98,NO GAME,OVER,67.30%,63.39,NO GAME,OVER,67.30%,63.41,NO GAME,OVER,67.50%,63.52,NO GAME,-0.76,-0.09,-1.71,-0.3,-2.27,1.2,1.2,0.0024,100.00%
123,Victor Wembanyama,3PA,6.5,UNDER,64.60%,B,BET,63.47,❌ MISS,15,UNDER,66.00%,64.83,❌ MISS,UNDER,65.30%,64.17,❌ MISS,UNDER,63.70%,62.59,❌ MISS,UNDER,63.50%,62.3,❌ MISS,-0.42,-0.03,-0.75,-0.1,-1.26,1.4,0.8,0.0106,100.00%
124,Draymond Green,AST,6.5,UNDER,61.80%,C,DO NOT BET,63.34,✅ HIT,4,UNDER,61.80%,63.33,✅ HIT,UNDER,61.30%,62.76,✅ HIT,UNDER,62.40%,63.88,✅ HIT,UNDER,61.90%,63.38,✅ HIT,-0.55,0.33,1.5,0.7,-1.88,1.4,1.2,0.004,100.00%
125,Devin Booker,3PM,2.5,UNDER,63.60%,S,BET WITH CAUTION,63.33,❌ MISS,4,UNDER,62.80%,62.52,❌ MISS,UNDER,62.90%,62.63,❌ MISS,UNDER,64.30%,64.06,❌ MISS,UNDER,64.40%,64.1,❌ MISS,-0.38,-0.05,-0.33,-0.1,-0.61,1.2,1.2,0.0075,100.00%
126,Luka Dončić,PTS,32.5,UNDER,62.10%,D,DO NOT BET,63.31,✅ HIT,31,UNDER,62.50%,63.69,✅ HIT,UNDER,62.40%,63.63,✅ HIT,UNDER,61.70%,62.92,✅ HIT,UNDER,61.80%,62.99,✅ HIT,0.01,-0.05,0.04,-0.3,0.34,1.2,1.2,0.0035,100.00%
127,Amen Thompson,AST,5.5,UNDER,62.80%,C,DO NOT BET,63.28,❌ MISS,6,UNDER,61.50%,61.92,❌ MISS,UNDER,61.00%,61.38,❌ MISS,UNDER,64.80%,65.27,❌ MISS,UNDER,64.10%,64.56,❌ MISS,-0.19,-0.26,-0.3,-0.3,0.08,1.4,1.2,0.0166,100.00%
128,Tyler Herro,PA,29.5,UNDER,66.90%,D,STRONG BET,63.26,NO GAME,,UNDER,69.70%,66.02,NO GAME,UNDER,69.40%,65.8,NO GAME,UNDER,64.40%,60.8,NO GAME,UNDER,64.00%,60.4,NO GAME,-0.52,-0.07,-0.7,-0.5,-3.25,1.4,1.2,0.0266,100.00%
129,Quentin Grimes,PRA,28.5,UNDER,74.10%,D,STRONG BET,63.23,✅ HIT,28,UNDER,74.70%,63.79,✅ HIT,UNDER,74.00%,63.18,✅ HIT,UNDER,74.00%,63.14,✅ HIT,UNDER,73.70%,62.84,✅ HIT,-0.77,-0.83,-2.22,-9.3,0.66,1.6,1.6,0.0034,100.00%
130,Victor Wembanyama,PTS,23.5,UNDER,62.60%,D,DO NOT BET,63.22,❌ MISS,39,UNDER,61.40%,61.98,❌ MISS,UNDER,61.40%,61.95,❌ MISS,UNDER,63.90%,64.49,❌ MISS,UNDER,63.90%,64.47,❌ MISS,0.04,0.25,-1.12,2.3,-1.9,1,0.4,0.0126,100.00%
131,Kyle Kuzma,RA,7.5,UNDER,61.60%,C,DO NOT BET,63.18,✅ HIT,6,UNDER,62.50%,64.06,✅ HIT,UNDER,61.00%,62.54,✅ HIT,UNDER,62.30%,63.8,✅ HIT,UNDER,60.80%,62.33,✅ HIT,-0.11,-0.55,0.77,-0.9,0.73,1.6,1.6,0.0076,100.00%
132,Jalen Johnson,STL,1.5,UNDER,61.40%,A,BET WITH CAUTION,63.17,✅ HIT,1,UNDER,58.60%,60.39,✅ HIT,UNDER,58.80%,60.6,✅ HIT,UNDER,64.00%,65.82,✅ HIT,UNDER,64.10%,65.87,✅ HIT,-0.21,-0.12,1.5,-0.1,-0.07,0.8,0.8,0.0268,100.00%
133,VJ Edgecombe,RA,9.5,UNDER,60.40%,C,DO NOT BET,63.14,❌ MISS,10,UNDER,60.50%,63.17,❌ MISS,UNDER,59.20%,61.86,❌ MISS,UNDER,61.80%,64.49,❌ MISS,UNDER,60.40%,63.07,❌ MISS,-0.03,-0.28,1.5,-0.7,0.62,1.6,1.2,0.0093,100.00%
134,Anthony Edwards,PR,34.5,UNDER,61.70%,D,DO NOT BET,62.99,✅ HIT,16,UNDER,65.70%,67.04,✅ HIT,UNDER,65.30%,66.57,✅ HIT,UNDER,58.00%,59.26,✅ HIT,UNDER,57.80%,59.12,✅ HIT,0.03,-0.11,0.32,-0.9,1.16,0.8,1.2,0.0381,100.00%
135,LeBron James,TOV,2.5,OVER,62.30%,A,BET WITH CAUTION,62.9,NO GAME,,OVER,63.80%,64.38,NO GAME,OVER,63.00%,63.65,NO GAME,OVER,61.50%,62.15,NO GAME,OVER,60.80%,61.42,NO GAME,-0.34,-0.19,0.3,-0.3,-0.25,1.4,1.2,0.0118,100.00%
136,Jaylen Brown,AST,5.5,UNDER,60.10%,C,DO NOT BET,62.87,❌ MISS,7,UNDER,59.40%,62.12,❌ MISS,UNDER,59.00%,61.77,❌ MISS,UNDER,61.20%,63.99,❌ MISS,UNDER,60.80%,63.58,❌ MISS,-0.53,3.07,0,2.3,-2.69,0.6,0,0.0094,100.00%
137,Kyle Kuzma,REB,3.5,OVER,64.30%,B,DO NOT BET,62.85,❌ MISS,3,OVER,64.00%,62.52,❌ MISS,OVER,64.20%,62.76,❌ MISS,OVER,64.50%,63.04,❌ MISS,OVER,64.60%,63.09,❌ MISS,-1.39,0.56,-0.6,0.5,-1.74,1.2,0.8,0.0023,100.00%
138,Derrick White,3PA,7.5,OVER,65.20%,B,STRONG BET,62.82,✅ HIT,11,OVER,66.80%,64.45,✅ HIT,OVER,64.90%,62.59,✅ HIT,OVER,65.20%,62.91,✅ HIT,OVER,63.70%,61.33,✅ HIT,-0.38,-0.28,-1.67,-0.9,-0.31,1.2,1.2,0.0111,100.00%
139,Brandon Miller,REB,5.5,UNDER,59.90%,B,DO NOT BET,62.8,❌ MISS,9,UNDER,60.40%,63.33,❌ MISS,UNDER,59.20%,62.08,❌ MISS,UNDER,60.60%,63.48,❌ MISS,UNDER,59.40%,62.31,❌ MISS,-0.15,0.84,1.5,2.5,-2.96,1.2,0.8,0.0061,100.00%
140,Anthony Edwards,SB,2.5,UNDER,62.60%,A,BET WITH CAUTION,62.77,✅ HIT,2,UNDER,65.00%,65.17,✅ HIT,UNDER,64.90%,65.06,✅ HIT,UNDER,60.20%,60.41,✅ HIT,UNDER,60.20%,60.43,✅ HIT,-0.13,0.26,-0.5,0.5,-0.74,0.8,0.8,0.0234,100.00%
141,CJ McCollum,REB,3.5,UNDER,61.10%,B,DO NOT BET,62.46,❌ MISS,9,UNDER,61.40%,62.76,❌ MISS,UNDER,60.20%,61.47,❌ MISS,UNDER,62.10%,63.42,❌ MISS,UNDER,60.90%,62.19,❌ MISS,-0.07,-0.32,0.42,-0.5,0.39,1.4,1.6,0.0072,100.00%
142,LaMelo Ball,FTM,2.5,UNDER,64.40%,B,BET,62.43,✅ HIT,0,UNDER,66.10%,64.11,✅ HIT,UNDER,65.50%,63.59,✅ HIT,UNDER,63.10%,61.13,✅ HIT,UNDER,62.90%,60.91,✅ HIT,-0.47,-2.27,-0.25,-1.7,1.35,1.4,2,0.0143,100.00%
143,Alperen Sengun,REB,9.5,UNDER,62.80%,B,DO NOT BET,62.42,❌ MISS,12,UNDER,62.80%,62.39,❌ MISS,UNDER,61.50%,61.07,❌ MISS,UNDER,64.10%,63.75,❌ MISS,UNDER,62.80%,62.46,❌ MISS,-0.18,-0.7,-0.64,-1.9,1.42,1.6,1.6,0.0095,100.00%
144,Anthony Edwards,PA,33.5,UNDER,61.60%,D,DO NOT BET,62.39,✅ HIT,18,UNDER,62.70%,63.51,✅ HIT,UNDER,62.40%,63.22,✅ HIT,UNDER,60.80%,61.62,✅ HIT,UNDER,60.40%,61.2,✅ HIT,-0.04,-0.02,0.3,-0.1,-0.14,0.8,0.8,0.0099,100.00%
145,Rudy Gobert,AST,1.5,UNDER,60.90%,C,DO NOT BET,62.31,❌ MISS,2,UNDER,60.60%,61.98,❌ MISS,UNDER,60.10%,61.52,❌ MISS,UNDER,61.70%,63.08,❌ MISS,UNDER,61.20%,62.64,❌ MISS,0.12,0.36,-0.5,0.7,-0.46,1.2,1.2,0.006,100.00%
146,Russell Westbrook,AST,7.5,UNDER,62.20%,C,DO NOT BET,62.26,❌ MISS,9,UNDER,61.90%,62.01,❌ MISS,UNDER,61.40%,61.43,❌ MISS,UNDER,63.00%,63.08,❌ MISS,UNDER,62.50%,62.52,❌ MISS,-0.31,-0.03,0.03,-0.1,-0.92,1.4,1.2,0.0061,100.00%
147,Rudy Gobert,PR,22.5,UNDER,61.60%,D,DO NOT BET,62.24,✅ HIT,15,UNDER,61.30%,61.91,✅ HIT,UNDER,61.00%,61.56,✅ HIT,UNDER,62.20%,62.8,✅ HIT,UNDER,62.10%,62.67,✅ HIT,-0.01,-0.3,0,-1.5,1.43,1,1.6,0.0052,100.00%
148,Derrick White,PRA,25.5,OVER,64.80%,D,DO NOT BET,62.21,✅ HIT,46,OVER,62.50%,59.95,✅ HIT,OVER,62.40%,59.8,✅ HIT,OVER,67.00%,64.42,✅ HIT,OVER,67.20%,64.66,✅ HIT,-0.3,-0.51,-1.16,-3.1,1.28,1.2,1.6,0.0234,100.00%
149,Immanuel Quickley,FTM,2.5,UNDER,60.60%,B,BET WITH CAUTION,62.18,❌ MISS,5,UNDER,61.60%,63.21,❌ MISS,UNDER,61.60%,63.17,❌ MISS,UNDER,59.50%,61.06,❌ MISS,UNDER,59.70%,61.27,❌ MISS,0.03,0.36,0.12,0.7,-0.63,1,0.8,0.0102,100.00%
150,Giannis Antetokounmpo,PRA,39.5,OVER,66.50%,D,STRONG BET,62.16,❌ MISS,31,OVER,67.50%,63.17,❌ MISS,OVER,67.20%,62.9,❌ MISS,OVER,65.50%,61.16,❌ MISS,OVER,65.70%,61.4,❌ MISS,-0.71,0.27,-1.43,1.3,-4.74,1,1.2,0.0089,100.00%
151,Luka Dončić,PR,40.5,UNDER,61.10%,D,DO NOT BET,62.13,❌ MISS,42,UNDER,61.60%,62.58,❌ MISS,UNDER,61.20%,62.23,❌ MISS,UNDER,60.90%,61.91,❌ MISS,UNDER,60.80%,61.78,❌ MISS,-0.02,0.04,-0.08,0.3,-0.45,1.2,1.2,0.0031,100.00%
152,Luka Dončić,STL,1.5,UNDER,62.50%,A,BET WITH CAUTION,62.13,❌ MISS,2,UNDER,62.50%,62.04,❌ MISS,UNDER,62.60%,62.16,❌ MISS,UNDER,62.50%,62.12,❌ MISS,UNDER,62.60%,62.2,❌ MISS,-0.01,0.35,-1.73,0.5,-0.52,1,0.8,0.0006,100.00%
153,Reed Sheppard,3PM,2.5,OVER,58.80%,S,DO NOT BET,62.11,❌ MISS,1,OVER,60.40%,63.72,❌ MISS,OVER,60.00%,63.35,❌ MISS,OVER,57.60%,60.92,❌ MISS,OVER,57.10%,60.43,❌ MISS,-0.15,-1.37,3.45,-1.5,1.33,1.6,2,0.0144,100.00%
154,Luka Dončić,PA,40.5,UNDER,60.40%,D,DO NOT BET,61.88,❌ MISS,42,UNDER,64.00%,65.51,❌ MISS,UNDER,63.70%,65.24,❌ MISS,UNDER,57.10%,58.61,❌ MISS,UNDER,56.60%,58.16,❌ MISS,0.08,-0.34,-0.07,-1.9,2.34,1.4,1.6,0.035,100.00%
155,Scottie Barnes,3PM,0.5,OVER,63.00%,S,BET WITH CAUTION,61.82,✅ HIT,2,OVER,63.50%,62.3,✅ HIT,OVER,63.10%,61.91,✅ HIT,OVER,63.00%,61.83,✅ HIT,OVER,62.50%,61.25,✅ HIT,-0.54,-0.94,-0.33,-0.7,0.3,1,1.6,0.0038,100.00%
156,Victor Wembanyama,PR,35.5,UNDER,63.70%,D,DO NOT BET,61.78,❌ MISS,50,UNDER,64.70%,62.82,❌ MISS,UNDER,64.30%,62.38,❌ MISS,UNDER,62.90%,61.01,❌ MISS,UNDER,62.80%,60.89,❌ MISS,-0.04,0.11,-2.33,1.3,-1.76,0.8,0.4,0.0084,100.00%
157,Kyle Kuzma,PRA,18.5,OVER,64.40%,D,DO NOT BET,61.76,✅ HIT,39,OVER,62.20%,59.53,✅ HIT,OVER,62.00%,59.38,✅ HIT,OVER,66.60%,63.94,✅ HIT,OVER,66.80%,64.18,✅ HIT,-0.58,-1.12,-0.61,-3.7,1.79,1.6,1.6,0.023,100.00%
158,Brandon Miller,FGA,17.5,UNDER,61.80%,D,DO NOT BET,61.74,❌ MISS,18,UNDER,64.60%,64.61,❌ MISS,UNDER,62.80%,62.77,❌ MISS,UNDER,60.20%,60.19,❌ MISS,UNDER,59.40%,59.37,❌ MISS,-0.33,-1.41,1.5,-4.3,3.3,1.2,1.6,0.0208,100.00%
159,Scottie Barnes,PRA,28.5,UNDER,57.00%,D,DO NOT BET,61.73,❌ MISS,31,UNDER,55.00%,59.66,❌ MISS,UNDER,54.70%,59.39,❌ MISS,UNDER,59.40%,64.1,❌ MISS,UNDER,59.10%,63.76,❌ MISS,1.3,-2.06,0.12,-5.9,9.63,1.6,2,0.0221,100.00%
160,Derrick White,FTM,2.5,UNDER,64.40%,B,BET,61.7,❌ MISS,9,UNDER,67.30%,64.65,❌ MISS,UNDER,66.70%,64,❌ MISS,UNDER,61.80%,59.12,❌ MISS,UNDER,61.70%,59.05,❌ MISS,-0.01,0.68,-4.5,1.5,-1.53,1.2,0.8,0.0263,100.00%
161,Brandon Ingram,REB,5.5,UNDER,61.60%,B,DO NOT BET,61.69,✅ HIT,4,UNDER,62.50%,62.61,✅ HIT,UNDER,61.20%,61.29,✅ HIT,UNDER,61.90%,62.04,✅ HIT,UNDER,60.70%,60.82,✅ HIT,0.08,0.1,-1.5,0.3,-0.08,1.2,1.2,0.0069,100.00%
162,Cade Cunningham,3PM,1.5,OVER,60.80%,S,BET WITH CAUTION,61.56,✅ HIT,4,OVER,60.20%,60.91,✅ HIT,OVER,59.80%,60.55,✅ HIT,OVER,61.90%,62.67,✅ HIT,OVER,61.40%,62.11,✅ HIT,-0.24,-0.39,0.3,-0.9,0.35,1.6,1.2,0.0086,100.00%
163,Jayson Tatum,FTM,3.5,UNDER,60.70%,B,BET WITH CAUTION,61.49,✅ HIT,0,UNDER,64.30%,65.15,✅ HIT,UNDER,64.00%,64.81,✅ HIT,UNDER,56.90%,57.74,✅ HIT,UNDER,57.40%,58.26,✅ HIT,-0.17,-0.17,0.67,-0.5,0,1,1.6,0.0349,100.00%
164,Donte DiVincenzo,STL,1.5,UNDER,60.10%,A,BET WITH CAUTION,61.48,✅ HIT,1,UNDER,61.40%,62.73,✅ HIT,UNDER,61.50%,62.88,✅ HIT,UNDER,58.70%,60.06,✅ HIT,UNDER,58.80%,60.23,✅ HIT,-0.19,0.2,0.67,0.1,-0.19,0.8,0.8,0.0133,100.00%
165,De'Aaron Fox,PA,23.5,UNDER,55.20%,D,DO NOT BET,61.48,❌ MISS,34,UNDER,55.80%,62.08,❌ MISS,UNDER,55.40%,61.74,❌ MISS,UNDER,55.00%,61.28,❌ MISS,UNDER,54.50%,60.81,❌ MISS,0.22,0.09,3,0.7,0.91,1.4,0.8,0.0048,100.00%
166,Scottie Barnes,PR,23.5,UNDER,56.70%,D,DO NOT BET,61.45,❌ MISS,29,UNDER,57.30%,62,❌ MISS,UNDER,57.10%,61.79,❌ MISS,UNDER,56.40%,61.08,❌ MISS,UNDER,56.20%,60.95,❌ MISS,2.04,-2.4,0.17,-3.9,7.22,1.6,2,0.0045,100.00%
167,Brandon Miller,PR,26.5,UNDER,59.60%,D,DO NOT BET,61.44,❌ MISS,32,UNDER,60.70%,62.53,❌ MISS,UNDER,60.40%,62.2,❌ MISS,UNDER,58.80%,60.59,❌ MISS,UNDER,58.70%,60.46,❌ MISS,-0.13,0.05,1.5,0.3,-1.11,1.2,1.2,0.0093,100.00%
168,Cooper Flagg,PA,25.5,OVER,58.40%,D,DO NOT BET,61.39,❌ MISS,19,OVER,62.80%,65.86,❌ MISS,OVER,63.20%,66.26,❌ MISS,OVER,53.40%,56.48,❌ MISS,OVER,53.90%,56.98,❌ MISS,0.3,0.65,0,2.3,-1.22,1,0.4,0.0467,100.00%
169,Victor Wembanyama,FTM,5.5,UNDER,61.00%,B,BET WITH CAUTION,61.34,❌ MISS,9,UNDER,64.20%,64.6,❌ MISS,UNDER,63.90%,64.28,❌ MISS,UNDER,57.70%,58.02,❌ MISS,UNDER,58.10%,58.45,❌ MISS,0.09,0.2,-1.25,0.7,-0.38,1,0.8,0.0311,100.00%
170,Tyler Herro,REB,4.5,UNDER,59.60%,B,DO NOT BET,61.3,NO GAME,,UNDER,60.00%,61.73,NO GAME,UNDER,58.80%,60.48,NO GAME,UNDER,60.40%,62.08,NO GAME,UNDER,59.20%,60.92,NO GAME,0.02,0.12,0.1,0.3,-0.25,1.4,1.2,0.0063,100.00%
171,Derrick White,PA,21.5,OVER,62.80%,D,DO NOT BET,61.29,✅ HIT,41,OVER,58.20%,56.77,✅ HIT,OVER,58.60%,57.17,✅ HIT,OVER,66.80%,65.36,✅ HIT,OVER,67.30%,65.85,✅ HIT,-0.19,-0.43,-0.67,-3.1,1.71,1.2,1.6,0.0432,100.00%
172,Jaylen Wells,PTS,13.5,UNDER,59.20%,D,DO NOT BET,61.26,✅ HIT,11,UNDER,60.50%,62.56,✅ HIT,UNDER,60.50%,62.56,✅ HIT,UNDER,57.80%,59.84,✅ HIT,UNDER,58.00%,60.07,✅ HIT,-0.16,0.71,1.33,3.7,-4.54,1,0.4,0.0131,100.00%
173,Luka Dončić,PRA,48.5,UNDER,60.00%,D,DO NOT BET,61.25,❌ MISS,53,UNDER,60.00%,61.29,❌ MISS,UNDER,59.60%,60.91,❌ MISS,UNDER,60.30%,61.58,❌ MISS,UNDER,60.00%,61.24,❌ MISS,0.04,-0.23,-0.17,-1.3,1.55,1.4,1.6,0.0023,100.00%
174,Josh Giddey,AST,8.5,UNDER,64.10%,C,DO NOT BET,61.18,❌ MISS,17,UNDER,66.60%,63.7,❌ MISS,UNDER,65.60%,62.73,❌ MISS,UNDER,62.30%,59.4,❌ MISS,UNDER,61.80%,58.9,❌ MISS,-0.01,0.05,-4.13,0.1,-0.12,1.2,0.4,0.0207,100.00%
175,LeBron James,PRA,30.5,OVER,66.70%,D,STRONG BET,61.17,NO GAME,,OVER,68.00%,62.43,NO GAME,OVER,67.70%,62.16,NO GAME,OVER,65.50%,59.91,NO GAME,OVER,65.70%,60.16,NO GAME,-0.83,-0.25,-1.92,-1.1,-2.47,1,0.8,0.0114,100.00%
176,VJ Edgecombe,PA,22.5,UNDER,62.30%,D,DO NOT BET,61.13,❌ MISS,26,UNDER,65.20%,64.03,❌ MISS,UNDER,64.90%,63.77,❌ MISS,UNDER,59.70%,58.58,❌ MISS,UNDER,59.30%,58.15,❌ MISS,-0.44,-0.12,1.5,-0.9,-2.39,1.2,0.4,0.0277,100.00%
177,Jerami Grant,3PA,6.5,UNDER,59.50%,B,DO NOT BET,60.96,✅ HIT,6,UNDER,59.90%,61.39,✅ HIT,UNDER,59.70%,61.2,✅ HIT,UNDER,59.10%,60.62,✅ HIT,UNDER,59.10%,60.64,✅ HIT,-0.33,0.2,0.7,0.3,-0.78,1.4,1.2,0.0034,100.00%
178,Russell Westbrook,TOV,2.5,OVER,60.90%,A,BET WITH CAUTION,60.95,❌ MISS,1,OVER,63.50%,63.58,❌ MISS,OVER,62.80%,62.85,❌ MISS,OVER,58.90%,59.01,❌ MISS,OVER,58.30%,58.36,❌ MISS,-0.63,0.23,0.13,0.3,-1.13,1.2,0.8,0.0229,100.00%
179,Julius Randle,3PM,1.5,UNDER,60.60%,S,BET WITH CAUTION,60.94,✅ HIT,1,UNDER,60.90%,61.28,✅ HIT,UNDER,61.10%,61.42,✅ HIT,UNDER,60.10%,60.46,✅ HIT,UNDER,60.20%,60.59,✅ HIT,-0.16,-2.25,1.22,-1.1,1.02,1.6,2,0.0042,100.00%
180,Rudy Gobert,RA,13.5,UNDER,60.20%,C,DO NOT BET,60.91,❌ MISS,14,UNDER,61.20%,61.91,❌ MISS,UNDER,59.90%,60.51,❌ MISS,UNDER,60.60%,61.25,❌ MISS,UNDER,59.30%,59.97,❌ MISS,-0.08,0.19,-0.11,0.7,-1.02,1,0.8,0.0073,100.00%
181,Deni Avdija,3PA,4.5,OVER,60.80%,B,BET WITH CAUTION,60.9,✅ HIT,5,OVER,61.50%,61.6,✅ HIT,OVER,60.00%,60.08,✅ HIT,OVER,61.60%,61.65,✅ HIT,OVER,60.20%,60.26,✅ HIT,-0.65,0.04,1,0.1,-1.78,1.4,0.8,0.0073,100.00%
182,Devin Booker,TOV,2.5,OVER,64.10%,A,BET WITH CAUTION,60.85,❌ MISS,1,OVER,61.10%,57.8,❌ MISS,OVER,60.40%,57.14,❌ MISS,OVER,68.00%,64.68,❌ MISS,OVER,67.00%,63.76,❌ MISS,-0.66,-0.26,-3,-0.3,-0.47,1.4,1.2,0.034,100.00%
183,Jerami Grant,3PM,2.5,UNDER,59.70%,S,DO NOT BET,60.82,❌ MISS,3,UNDER,59.50%,60.72,❌ MISS,UNDER,59.70%,60.87,❌ MISS,UNDER,59.60%,60.77,❌ MISS,UNDER,59.80%,60.92,❌ MISS,-0.19,0.1,0.46,0.1,-0.29,1,0.8,0.0008,100.00%
184,VJ Edgecombe,STL,1.5,UNDER,57.40%,A,DO NOT BET,60.79,❌ MISS,3,UNDER,55.70%,59.08,❌ MISS,UNDER,56.00%,59.34,❌ MISS,UNDER,58.90%,62.28,❌ MISS,UNDER,59.10%,62.44,❌ MISS,-0.07,0.75,1.5,0.3,-0.33,1.2,0.4,0.0157,100.00%
185,Kyle Kuzma,PTS,11.5,OVER,63.10%,D,DO NOT BET,60.75,✅ HIT,33,OVER,63.90%,61.5,✅ HIT,OVER,63.00%,60.64,✅ HIT,OVER,63.30%,60.93,✅ HIT,OVER,62.30%,59.92,✅ HIT,-0.55,-1.43,-0.44,-4.1,2.51,1.6,1.6,0.0057,100.00%
186,Alperen Sengun,PTS,18.5,OVER,62.10%,D,DO NOT BET,60.7,❌ MISS,14,OVER,58.10%,56.71,❌ MISS,OVER,57.40%,56.02,❌ MISS,OVER,66.90%,65.59,❌ MISS,OVER,65.80%,64.49,❌ MISS,-0.26,-0.36,0.62,-2.7,0.75,0.6,0.8,0.0436,100.00%
187,Stephon Castle,REB,4.5,UNDER,60.10%,B,DO NOT BET,60.57,❌ MISS,9,UNDER,61.00%,61.39,❌ MISS,UNDER,59.70%,60.12,❌ MISS,UNDER,60.60%,60.98,❌ MISS,UNDER,59.40%,59.81,❌ MISS,0.15,-0.22,-1.46,-0.5,0.85,1.6,1.6,0.0064,100.00%
188,LaMelo Ball,PA,27.5,UNDER,62.60%,D,DO NOT BET,60.48,✅ HIT,18,UNDER,64.50%,62.38,✅ HIT,UNDER,64.30%,62.11,✅ HIT,UNDER,61.10%,58.93,✅ HIT,UNDER,60.70%,58.51,✅ HIT,-0.45,-1.35,-0.78,-2.9,1.93,1.4,1.6,0.0177,100.00%
189,Giannis Antetokounmpo,FTM,5.5,OVER,61.50%,B,BET WITH CAUTION,60.45,❌ MISS,2,OVER,63.10%,62.07,❌ MISS,OVER,60.50%,59.47,❌ MISS,OVER,62.50%,61.5,❌ MISS,OVER,59.80%,58.75,❌ MISS,-0.24,-0.37,-0.6,-1.5,0.52,1.2,0.8,0.0137,100.00%
190,Anthony Edwards,3PM,3.5,UNDER,59.30%,S,DO NOT BET,60.34,✅ HIT,1,UNDER,59.20%,60.24,✅ HIT,UNDER,59.40%,60.39,✅ HIT,UNDER,59.30%,60.29,✅ HIT,UNDER,59.40%,60.44,✅ HIT,0.01,0.52,-0.12,0.9,-0.88,0.6,0.8,0.0008,100.00%
191,Jaylen Brown,FTM,5.5,UNDER,61.90%,B,BET WITH CAUTION,60.29,✅ HIT,0,UNDER,60.40%,58.84,✅ HIT,UNDER,60.50%,58.93,✅ HIT,UNDER,63.40%,61.83,✅ HIT,UNDER,63.20%,61.57,✅ HIT,0.02,0.35,-3,0.5,-0.47,1,0.8,0.0141,100.00%
192,Austin Reaves,AST,4.5,OVER,62.10%,C,DO NOT BET,60.24,✅ HIT,8,OVER,64.40%,62.49,✅ HIT,OVER,62.60%,60.74,✅ HIT,OVER,61.60%,59.69,✅ HIT,OVER,59.90%,58.06,✅ HIT,-0.71,-0.4,-0.67,-0.5,-0.39,0.8,1.6,0.0161,100.00%
193,Alperen Sengun,PR,27.5,OVER,61.30%,D,DO NOT BET,60.19,❌ MISS,26,OVER,59.20%,58.11,❌ MISS,OVER,58.90%,57.78,❌ MISS,OVER,63.50%,62.38,❌ MISS,OVER,63.60%,62.5,❌ MISS,-0.21,-0.14,0.6,-1.3,-0.66,0.6,0.8,0.0225,100.00%
194,Anthony Edwards,STL,1.5,UNDER,59.40%,A,DO NOT BET,60.18,✅ HIT,1,UNDER,60.20%,61.04,✅ HIT,UNDER,60.40%,61.21,✅ HIT,UNDER,58.30%,59.15,✅ HIT,UNDER,58.50%,59.32,✅ HIT,-0.05,0.32,-0.19,0.5,-0.57,0.8,1.2,0.0095,100.00%
195,Jalen Johnson,RA,17.5,UNDER,60.00%,C,DO NOT BET,60.14,✅ HIT,15,UNDER,57.70%,57.88,✅ HIT,UNDER,56.70%,56.85,✅ HIT,UNDER,63.60%,63.73,✅ HIT,UNDER,62.00%,62.11,✅ HIT,0.17,-0.83,-1.5,-4.3,5.2,1.4,2,0.0286,100.00%
196,Jayson Tatum,TOV,2.5,UNDER,65.10%,A,BET,60.12,✅ HIT,1,UNDER,66.90%,61.93,✅ HIT,UNDER,66.70%,61.66,✅ HIT,UNDER,63.50%,58.55,✅ HIT,UNDER,63.30%,58.33,✅ HIT,-2,-2,-1,-1,0,1,0.8,0.0168,100.00%
197,CJ McCollum,AST,3.5,OVER,60.50%,C,DO NOT BET,60.11,✅ HIT,4,OVER,62.50%,62.04,✅ HIT,OVER,60.90%,60.43,✅ HIT,OVER,60.20%,59.74,✅ HIT,OVER,58.60%,58.22,✅ HIT,-0.08,-0.66,-0.71,-1.5,1.32,1.2,1.2,0.0137,100.00%
198,Victor Wembanyama,AST,2.5,OVER,59.10%,C,DO NOT BET,60.05,✅ HIT,3,OVER,58.30%,59.28,✅ HIT,OVER,57.00%,58.01,✅ HIT,OVER,61.30%,62.26,✅ HIT,OVER,59.70%,60.65,✅ HIT,-0.31,0.26,0,0.3,-0.66,1.4,0.8,0.0159,100.00%
199,Julius Randle,FTM,4.5,UNDER,57.50%,B,DO NOT BET,60.04,✅ HIT,3,UNDER,57.90%,60.46,✅ HIT,UNDER,58.30%,60.83,✅ HIT,UNDER,56.60%,59.17,✅ HIT,UNDER,57.20%,59.72,✅ HIT,0.18,-0.03,0.61,-0.1,0.66,1.2,1.2,0.0064,100.00%
200,Deni Avdija,RA,10.5,OVER,60.60%,C,DO NOT BET,60.03,✅ HIT,11,OVER,60.00%,59.4,✅ HIT,OVER,59.10%,58.49,✅ HIT,OVER,62.40%,61.85,✅ HIT,OVER,60.90%,60.37,✅ HIT,-0.42,-0.2,2,-1.5,-1.65,1.2,1.2,0.0125,100.00%
201,Josh Giddey,RA,16.5,UNDER,60.00%,C,DO NOT BET,60.02,❌ MISS,30,UNDER,59.20%,59.24,❌ MISS,UNDER,58.00%,58.06,❌ MISS,UNDER,62.10%,62.12,❌ MISS,UNDER,60.60%,60.66,❌ MISS,0.04,0.12,-1.75,0.7,-0.46,1.4,0.8,0.0152,100.00%
202,Jaylen Brown,RA,11.5,OVER,63.30%,C,DO NOT BET,60.01,❌ MISS,9,OVER,63.70%,60.46,❌ MISS,OVER,62.50%,59.17,❌ MISS,OVER,64.30%,61.06,❌ MISS,OVER,62.70%,59.37,❌ MISS,-0.63,-3.54,0.11,-4.7,3.87,1.6,2,0.0078,100.00%
203,Michael Porter Jr.,TOV,2.5,UNDER,59.80%,A,DO NOT BET,60,❌ MISS,3,UNDER,60.60%,60.74,❌ MISS,UNDER,60.50%,60.67,❌ MISS,UNDER,59.20%,59.32,❌ MISS,UNDER,59.10%,59.27,❌ MISS,-0.16,-0.88,-0.23,-0.9,0.73,1.6,1.6,0.0071,100.00%
204,VJ Edgecombe,3PA,6.5,UNDER,58.30%,B,DO NOT BET,59.98,✅ HIT,5,UNDER,58.30%,60.05,✅ HIT,UNDER,58.30%,59.99,✅ HIT,UNDER,58.20%,59.89,✅ HIT,UNDER,58.30%,59.98,✅ HIT,-0.25,-0.16,1.5,-0.5,-0.26,1.4,1.2,0.0006,100.00%
205,Josh Giddey,PA,26.5,UNDER,61.20%,D,DO NOT BET,59.97,❌ MISS,38,UNDER,60.30%,59.14,❌ MISS,UNDER,60.00%,58.84,❌ MISS,UNDER,62.40%,61.16,❌ MISS,UNDER,62.00%,60.75,❌ MISS,-0.07,-0.63,-1.72,-3.5,3.12,1.6,1.6,0.01,100.00%
206,Tobias Harris,REB,5.5,UNDER,59.30%,B,DO NOT BET,59.85,✅ HIT,2,UNDER,59.70%,60.19,✅ HIT,UNDER,58.40%,58.96,✅ HIT,UNDER,60.20%,60.7,✅ HIT,UNDER,59.00%,59.54,✅ HIT,-0.1,-0.03,0.14,-0.1,-0.19,0.8,1.2,0.0066,100.00%
207,Scottie Barnes,SB,2.5,UNDER,53.60%,A,DO NOT BET,59.8,✅ HIT,1,UNDER,54.20%,60.42,✅ HIT,UNDER,54.60%,60.75,✅ HIT,UNDER,52.70%,58.84,✅ HIT,UNDER,53.00%,59.19,✅ HIT,0.36,0.08,4.5,0.1,0.33,0.8,1.2,0.008,100.00%
208,Kevin Durant,RA,10.5,UNDER,62.60%,C,DO NOT BET,59.78,✅ HIT,10,UNDER,63.10%,60.23,✅ HIT,UNDER,61.50%,58.65,✅ HIT,UNDER,63.80%,60.95,✅ HIT,UNDER,62.20%,59.3,✅ HIT,-0.24,-0.05,-3.05,-0.1,-0.42,1,1.2,0.0088,100.00%
209,De'Aaron Fox,REB,3.5,UNDER,57.60%,B,DO NOT BET,59.7,✅ HIT,3,UNDER,58.10%,60.22,✅ HIT,UNDER,56.90%,59.05,✅ HIT,UNDER,58.20%,60.31,✅ HIT,UNDER,57.10%,59.23,✅ HIT,0.17,-0.07,0.42,-0.1,0.33,1.4,1.2,0.0057,100.00%
210,Russell Westbrook,3PM,1.5,OVER,59.90%,S,DO NOT BET,59.69,✅ HIT,2,OVER,60.60%,60.4,✅ HIT,OVER,60.30%,60.03,✅ HIT,OVER,59.70%,59.43,✅ HIT,OVER,59.10%,58.91,✅ HIT,-0.6,-0.56,0.46,-0.5,-0.03,1,1.2,0.0057,100.00%
211,Rudy Gobert,REB,11.5,UNDER,58.70%,B,DO NOT BET,59.67,❌ MISS,12,UNDER,59.00%,59.94,❌ MISS,UNDER,57.80%,58.73,❌ MISS,UNDER,59.60%,60.58,❌ MISS,UNDER,58.50%,59.44,❌ MISS,-0.03,0.22,0.03,0.5,-0.56,0.8,0.4,0.0067,100.00%
212,Jalen Green,3PA,8.5,UNDER,60.90%,B,BET WITH CAUTION,59.64,❌ MISS,10,UNDER,64.20%,62.95,❌ MISS,UNDER,63.70%,62.41,❌ MISS,UNDER,57.80%,56.55,❌ MISS,UNDER,58.00%,56.66,❌ MISS,-1.35,-0.1,0.33,-0.1,-1.28,1.2,1.2,0.0304,100.00%
213,Amen Thompson,STL,1.5,UNDER,58.20%,A,DO NOT BET,59.59,✅ HIT,0,UNDER,59.80%,61.19,✅ HIT,UNDER,59.90%,61.37,✅ HIT,UNDER,56.40%,57.81,✅ HIT,UNDER,56.60%,58.02,✅ HIT,0.04,0.46,0.1,0.5,-0.46,0.8,0.8,0.0169,100.00%
214,Kyle Kuzma,3PM,1.5,UNDER,58.30%,S,DO NOT BET,59.54,❌ MISS,6,UNDER,59.90%,61.21,❌ MISS,UNDER,60.10%,61.36,❌ MISS,UNDER,56.40%,57.69,❌ MISS,UNDER,56.60%,57.9,❌ MISS,-0.19,0.59,0.42,1.1,-1.44,0.8,0.8,0.0175,100.00%
215,Russell Westbrook,PTS,16.5,OVER,57.60%,D,DO NOT BET,59.54,❌ MISS,16,OVER,58.30%,60.31,❌ MISS,OVER,57.60%,59.61,❌ MISS,OVER,57.60%,59.52,❌ MISS,OVER,56.70%,58.7,❌ MISS,0.31,-0.67,0.09,-2.3,3.35,1.2,1.2,0.0057,100.00%
216,Draymond Green,3PM,1.5,UNDER,59.80%,S,DO NOT BET,59.54,❌ MISS,4,UNDER,59.10%,58.9,❌ MISS,UNDER,59.30%,59.06,❌ MISS,UNDER,60.30%,60.05,❌ MISS,UNDER,60.40%,60.18,❌ MISS,-0.01,0.08,-1.5,0.1,-0.11,1.2,1.6,0.0057,100.00%
217,Jalen Green,REB,3.5,UNDER,55.90%,B,DO NOT BET,59.52,❌ MISS,4,UNDER,55.80%,59.43,❌ MISS,UNDER,54.70%,58.34,❌ MISS,UNDER,57.00%,60.66,❌ MISS,UNDER,56.00%,59.63,❌ MISS,-0.42,0.4,3,0.3,-0.61,1,0.8,0.0082,100.00%
218,Jaylen Brown,TOV,3.5,UNDER,58.20%,A,DO NOT BET,59.46,✅ HIT,2,UNDER,52.50%,53.75,✅ HIT,UNDER,52.70%,53.97,✅ HIT,UNDER,63.90%,65.16,✅ HIT,UNDER,63.70%,64.94,✅ HIT,0.08,-0.1,0,-0.1,0.18,1.2,1.2,0.056,100.00%
219,Jalen Duren,PR,27.5,OVER,61.10%,D,DO NOT BET,59.43,✅ HIT,30,OVER,61.60%,59.94,✅ HIT,OVER,61.20%,59.53,✅ HIT,OVER,60.70%,59.06,✅ HIT,OVER,60.80%,59.19,✅ HIT,-0.21,-0.01,-1.17,-0.1,-1.53,1.4,1.2,0.0034,100.00%
220,Austin Reaves,PTS,20.5,UNDER,54.80%,D,DO NOT BET,59.4,❌ MISS,31,UNDER,52.50%,57.05,❌ MISS,UNDER,52.80%,57.36,❌ MISS,UNDER,56.90%,61.46,❌ MISS,UNDER,57.10%,61.73,❌ MISS,0.68,-0.7,0,-3.1,6.1,1.6,1.6,0.022,100.00%
221,Stephon Castle,PA,21.5,OVER,60.40%,D,DO NOT BET,59.36,✅ HIT,24,OVER,59.30%,58.31,✅ HIT,OVER,59.70%,58.72,✅ HIT,OVER,61.00%,59.96,✅ HIT,OVER,61.50%,60.46,✅ HIT,-0.34,0.02,-0.1,0.1,-1.88,1.2,1.2,0.0088,100.00%
222,Devin Booker,FGA,19.5,UNDER,59.90%,D,DO NOT BET,59.32,❌ MISS,21,UNDER,62.70%,62.14,❌ MISS,UNDER,61.20%,60.61,❌ MISS,UNDER,58.10%,57.53,❌ MISS,UNDER,57.60%,57.01,❌ MISS,-0.26,-0.44,0.39,-2.5,1.06,1.2,1.2,0.0214,100.00%
223,LeBron James,3PM,1.5,UNDER,57.60%,S,DO NOT BET,59.26,NO GAME,,UNDER,58.40%,59.98,NO GAME,UNDER,58.50%,60.15,NO GAME,UNDER,56.70%,58.34,NO GAME,UNDER,56.90%,58.55,NO GAME,-0.04,0.06,0.46,0.1,-0.17,1.2,1.2,0.0081,100.00%
224,Onyeka Okongwu,AST,2.5,OVER,59.10%,C,DO NOT BET,59.23,❌ MISS,2,OVER,58.90%,59.1,❌ MISS,OVER,57.60%,57.78,❌ MISS,OVER,60.60%,60.8,❌ MISS,OVER,59.10%,59.24,❌ MISS,-0.36,-0.88,1,-1.9,1.12,1.2,1.6,0.0107,100.00%
225,CJ McCollum,PRA,25.5,OVER,58.00%,D,DO NOT BET,59.15,✅ HIT,26,OVER,60.70%,61.84,✅ HIT,OVER,60.60%,61.73,✅ HIT,OVER,55.20%,56.38,✅ HIT,OVER,55.50%,56.68,✅ HIT,-0.04,0.01,-0.15,0.1,-0.36,1.6,1.6,0.0263,100.00%
226,Derrick White,PR,20.5,OVER,60.60%,D,DO NOT BET,59.14,✅ HIT,39,OVER,58.90%,57.44,✅ HIT,OVER,58.60%,57.12,✅ HIT,OVER,62.50%,60.95,✅ HIT,OVER,62.60%,61.07,✅ HIT,-0.18,-0.37,-0.82,-2.3,1.17,1,1.2,0.0187,100.00%
227,Deni Avdija,PA,24.5,OVER,63.40%,D,DO NOT BET,59.13,✅ HIT,29,OVER,60.80%,56.51,✅ HIT,OVER,61.20%,56.91,✅ HIT,OVER,65.60%,61.31,✅ HIT,OVER,66.10%,61.81,✅ HIT,-0.53,0.34,1.33,4.1,-10.56,1,1.2,0.0244,100.00%
228,RJ Barrett,AST,3.5,UNDER,57.30%,C,DO NOT BET,59.08,✅ HIT,1,UNDER,59.00%,60.86,✅ HIT,UNDER,58.70%,60.54,✅ HIT,UNDER,55.60%,57.4,✅ HIT,UNDER,55.70%,57.51,✅ HIT,-0.07,-0.92,1.5,-1.1,1.01,1.4,2,0.0163,100.00%
229,Derrick White,SB,2.5,UNDER,58.60%,A,DO NOT BET,59.08,✅ HIT,1,UNDER,59.30%,59.73,✅ HIT,UNDER,59.40%,59.85,✅ HIT,UNDER,57.90%,58.3,✅ HIT,UNDER,58.00%,58.43,✅ HIT,0.08,-0.3,-0.27,-0.5,0.63,0.8,1.2,0.0072,100.00%
230,LaMelo Ball,TOV,2.5,OVER,56.60%,A,DO NOT BET,59.03,✅ HIT,3,OVER,57.60%,60.06,✅ HIT,OVER,57.10%,59.51,✅ HIT,OVER,56.10%,58.55,✅ HIT,OVER,55.60%,58.01,✅ HIT,-0.21,0.35,2,0.5,-0.8,0.6,0.8,0.008,100.00%
231,Jalen Johnson,PRA,41.5,OVER,58.40%,D,DO NOT BET,58.95,✅ HIT,42,OVER,61.50%,62.06,✅ HIT,OVER,61.40%,61.93,✅ HIT,OVER,55.20%,55.75,✅ HIT,OVER,55.50%,56.05,✅ HIT,0.01,0.63,-1.5,9.5,-9.32,1.2,0.8,0.0305,100.00%
232,De'Aaron Fox,FTM,2.5,UNDER,62.10%,B,BET WITH CAUTION,58.91,✅ HIT,1,UNDER,62.10%,58.85,✅ HIT,UNDER,62.00%,58.76,✅ HIT,UNDER,62.30%,59.07,✅ HIT,UNDER,62.20%,58.94,✅ HIT,0.26,-2.27,-3,-1.7,1.89,1.6,2,0.0011,100.00%
233,Kristaps Porziņģis,3PM,1.5,OVER,58.70%,S,DO NOT BET,58.89,✅ HIT,2,OVER,59.20%,59.37,✅ HIT,OVER,58.90%,59.02,✅ HIT,OVER,58.70%,58.85,✅ HIT,OVER,58.20%,58.34,✅ HIT,-0.16,0.07,-0.9,0.1,-0.34,1.4,0.8,0.0037,100.00%
234,Brandin Podziemski,PTS,17.5,UNDER,63.60%,D,DO NOT BET,58.89,✅ HIT,9,UNDER,64.60%,59.91,✅ HIT,UNDER,64.50%,59.77,✅ HIT,UNDER,62.60%,57.93,✅ HIT,UNDER,62.60%,57.96,✅ HIT,-0.81,0.02,-0.31,0.1,-4.9,1.2,1.2,0.0095,100.00%
235,Kyle Kuzma,AST,2.5,UNDER,52.70%,C,DO NOT BET,58.84,❌ MISS,3,UNDER,54.80%,60.91,❌ MISS,UNDER,54.80%,60.98,❌ MISS,UNDER,50.30%,56.43,❌ MISS,UNDER,50.90%,57.03,❌ MISS,0.06,0.81,4,1.1,-1.01,1.2,0.8,0.0212,100.00%
236,Stephon Castle,AST,6.5,UNDER,57.00%,C,DO NOT BET,58.76,✅ HIT,6,UNDER,58.10%,59.82,✅ HIT,UNDER,57.80%,59.59,✅ HIT,UNDER,56.00%,57.77,✅ HIT,UNDER,56.10%,57.84,✅ HIT,0.14,0.43,-0.43,1.3,-0.87,1.2,0.8,0.0096,100.00%
237,Jerami Grant,REB,3.5,UNDER,57.10%,B,DO NOT BET,58.73,✅ HIT,3,UNDER,58.70%,60.3,✅ HIT,UNDER,57.50%,59.11,✅ HIT,UNDER,56.70%,58.25,✅ HIT,UNDER,55.70%,57.23,✅ HIT,0,-0.1,0.27,-0.3,0.31,1.4,1.6,0.0113,100.00%
238,Josh Giddey,3PM,1.5,OVER,59.90%,S,DO NOT BET,58.7,✅ HIT,4,OVER,60.30%,59.13,✅ HIT,OVER,59.90%,58.76,✅ HIT,OVER,59.90%,58.72,✅ HIT,OVER,59.40%,58.19,✅ HIT,-0.19,-0.55,-1.33,-0.9,0.59,1.2,1.6,0.0034,100.00%
239,Onyeka Okongwu,REB,7.5,OVER,59.30%,B,DO NOT BET,58.7,✅ HIT,9,OVER,60.20%,59.64,✅ HIT,OVER,60.60%,60.05,✅ HIT,OVER,58.00%,57.37,✅ HIT,OVER,58.30%,57.73,✅ HIT,-0.18,-0.84,-0.43,-1.5,1.17,1.2,1.6,0.0116,100.00%
240,RJ Barrett,PRA,28.5,UNDER,60.20%,D,DO NOT BET,58.62,❌ MISS,32,UNDER,61.40%,59.86,❌ MISS,UNDER,61.00%,59.45,❌ MISS,UNDER,59.30%,57.76,❌ MISS,UNDER,59.00%,57.42,❌ MISS,-0.19,0.22,-1.5,1.3,-2.42,1,0.8,0.0105,100.00%
241,Derrick White,REB,4.5,UNDER,54.90%,B,DO NOT BET,58.61,❌ MISS,5,UNDER,55.10%,58.77,❌ MISS,UNDER,54.00%,57.7,❌ MISS,UNDER,55.80%,59.47,❌ MISS,UNDER,54.80%,58.48,❌ MISS,-0.03,-0.22,3.21,-0.5,0.44,0.8,1.2,0.0063,100.00%
242,VJ Edgecombe,PRA,28.5,UNDER,60.40%,D,DO NOT BET,58.61,❌ MISS,31,UNDER,60.00%,58.23,❌ MISS,UNDER,59.70%,57.86,❌ MISS,UNDER,61.10%,59.34,❌ MISS,UNDER,60.80%,59,❌ MISS,-0.44,-0.08,1.5,-0.7,-3.06,1,0.4,0.0059,100.00%
243,Kevin Durant,AST,4.5,UNDER,58.60%,C,DO NOT BET,58.54,✅ HIT,2,UNDER,58.20%,58.21,✅ HIT,UNDER,58.00%,57.96,✅ HIT,UNDER,59.10%,59.1,✅ HIT,UNDER,58.90%,58.89,✅ HIT,0,-0.13,-1.1,-0.3,0.3,1.2,1.2,0.0047,100.00%
244,VJ Edgecombe,PR,23.5,UNDER,58.80%,D,DO NOT BET,58.52,❌ MISS,26,UNDER,61.10%,60.86,❌ MISS,UNDER,60.80%,60.52,❌ MISS,UNDER,56.70%,56.41,❌ MISS,UNDER,56.60%,56.28,❌ MISS,-0.34,0.22,1.5,1.7,-4.36,1,0.4,0.0218,100.00%
245,Naz Reid,REB,5.5,OVER,58.80%,B,DO NOT BET,58.51,✅ HIT,6,OVER,59.00%,58.7,✅ HIT,OVER,59.50%,59.16,✅ HIT,OVER,58.20%,57.91,✅ HIT,OVER,58.60%,58.25,✅ HIT,-1.1,-1.37,1.22,-1.1,0.22,1.8,2,0.0047,100.00%
246,Julius Randle,RA,11.5,UNDER,56.30%,C,DO NOT BET,58.5,✅ HIT,9,UNDER,58.10%,60.33,✅ HIT,UNDER,57.00%,59.26,✅ HIT,UNDER,55.30%,57.54,✅ HIT,UNDER,54.70%,56.88,✅ HIT,0.26,0.33,-0.11,0.9,-0.18,1,0.8,0.0137,100.00%
247,Jalen Johnson,FTM,4.5,UNDER,59.00%,B,DO NOT BET,58.5,❌ MISS,5,UNDER,63.70%,63.23,❌ MISS,UNDER,63.40%,62.97,❌ MISS,UNDER,53.90%,53.46,❌ MISS,UNDER,54.80%,54.35,❌ MISS,-0.02,-0.11,-1.5,-0.3,0.26,1.2,1.2,0.0461,100.00%
248,Jalen Johnson,3PM,1.5,UNDER,56.60%,S,DO NOT BET,58.48,❌ MISS,2,UNDER,57.30%,59.2,❌ MISS,UNDER,57.50%,59.38,❌ MISS,UNDER,55.70%,57.55,❌ MISS,UNDER,55.90%,57.77,❌ MISS,0.05,-1.12,1.5,-0.9,0.94,1.4,1.6,0.0082,100.00%
249,RJ Barrett,FGA,14.5,UNDER,59.40%,D,DO NOT BET,58.48,❌ MISS,18,UNDER,60.90%,59.95,❌ MISS,UNDER,59.70%,58.71,❌ MISS,UNDER,58.90%,57.95,❌ MISS,UNDER,58.30%,57.31,❌ MISS,-0.29,0.24,-1.5,0.5,-1.1,1.2,1.2,0.0098,100.00%
250,Tyler Herro,3PM,2.5,UNDER,57.50%,S,DO NOT BET,58.4,NO GAME,,UNDER,62.00%,62.91,NO GAME,UNDER,62.10%,63.03,NO GAME,UNDER,52.80%,53.69,NO GAME,UNDER,53.00%,53.98,NO GAME,0.02,0.36,-0.5,0.9,-0.85,1,1.2,0.0457,100.00%
251,Jrue Holiday,REB,4.5,UNDER,57.40%,B,DO NOT BET,58.38,✅ HIT,1,UNDER,57.90%,58.88,✅ HIT,UNDER,56.80%,57.71,✅ HIT,UNDER,58.10%,59.01,✅ HIT,UNDER,57.00%,57.93,✅ HIT,0.03,0.1,-0.19,0.1,-0.07,1,0.8,0.0057,100.00%
252,Jrue Holiday,PA,22.5,OVER,58.20%,D,DO NOT BET,58.37,❌ MISS,9,OVER,56.90%,57.13,❌ MISS,OVER,57.30%,57.52,❌ MISS,OVER,59.00%,59.17,❌ MISS,OVER,59.50%,59.67,❌ MISS,-0.08,-1.13,0.64,-8.7,8.09,1.4,2,0.0107,100.00%
253,Austin Reaves,RA,8.5,OVER,61.00%,C,DO NOT BET,58.36,✅ HIT,15,OVER,62.50%,59.85,✅ HIT,OVER,61.30%,58.69,✅ HIT,OVER,60.70%,58.09,✅ HIT,OVER,59.40%,56.81,✅ HIT,-0.63,-0.12,-1.06,-0.3,-1.31,0.8,1.2,0.011,100.00%
254,Anthony Edwards,PRA,38.5,UNDER,57.40%,D,DO NOT BET,58.36,✅ HIT,20,UNDER,59.00%,59.94,✅ HIT,UNDER,58.60%,59.59,✅ HIT,UNDER,56.10%,57.12,✅ HIT,UNDER,55.80%,56.79,✅ HIT,-0.01,-0.18,0.65,-1.3,1.21,0.6,0.8,0.0142,100.00%
255,De'Aaron Fox,FGA,14.5,UNDER,54.10%,D,DO NOT BET,58.36,✅ HIT,14,UNDER,55.00%,59.22,✅ HIT,UNDER,54.80%,59,✅ HIT,UNDER,53.30%,57.52,✅ HIT,UNDER,53.50%,57.68,✅ HIT,0.03,0.02,3,0.1,0.07,1,0.8,0.0076,100.00%
256,Naz Reid,AST,1.5,OVER,59.20%,C,DO NOT BET,58.35,❌ MISS,1,OVER,59.10%,58.25,❌ MISS,OVER,57.80%,56.91,❌ MISS,OVER,60.80%,59.91,❌ MISS,OVER,59.20%,58.34,❌ MISS,-1.39,0.79,-0.58,0.5,-1.38,1.2,0.4,0.0106,100.00%
257,Stephon Castle,RA,11.5,UNDER,58.50%,C,DO NOT BET,58.33,❌ MISS,15,UNDER,59.40%,59.16,❌ MISS,UNDER,58.20%,57.96,❌ MISS,UNDER,58.90%,58.64,❌ MISS,UNDER,57.80%,57.56,❌ MISS,0.09,0.09,-1.86,0.3,-0.02,1.2,0.8,0.0062,100.00%
258,Alex Sarr,BLK,1.5,UNDER,58.70%,S,BET WITH CAUTION,58.33,❌ MISS,2,UNDER,58.80%,58.43,❌ MISS,UNDER,59.30%,58.97,❌ MISS,UNDER,58.00%,57.68,❌ MISS,UNDER,58.60%,58.25,❌ MISS,0.97,-2.25,-1.15,-1.1,1.58,1.6,2,0.0046,100.00%
259,Bam Adebayo,FTM,4.5,UNDER,58.80%,B,DO NOT BET,58.26,❌ MISS,36,UNDER,61.10%,60.58,❌ MISS,UNDER,61.10%,60.6,❌ MISS,UNDER,56.10%,55.62,❌ MISS,UNDER,56.80%,56.24,❌ MISS,-0.32,-0.2,-0.41,-0.5,-0.28,1.2,1.2,0.0234,100.00%
260,Onyeka Okongwu,RA,10.5,OVER,58.90%,C,DO NOT BET,58.18,✅ HIT,11,OVER,60.30%,59.57,✅ HIT,OVER,59.40%,58.63,✅ HIT,OVER,58.50%,57.78,✅ HIT,OVER,57.50%,56.74,✅ HIT,-0.2,-0.96,-0.19,-2.9,2.3,1.2,1.6,0.0104,100.00%
261,Jalen Duren,AST,1.5,OVER,57.70%,C,DO NOT BET,58.15,✅ HIT,2,OVER,58.40%,58.81,✅ HIT,OVER,57.10%,57.54,✅ HIT,OVER,58.40%,58.8,✅ HIT,OVER,57.00%,57.43,✅ HIT,-0.48,0.2,-0.23,0.1,-0.34,1.2,0.8,0.0066,100.00%
262,Brandin Podziemski,3PM,2.5,UNDER,58.10%,S,DO NOT BET,58.14,✅ HIT,1,UNDER,58.90%,58.95,✅ HIT,UNDER,59.10%,59.11,✅ HIT,UNDER,57.10%,57.15,✅ HIT,UNDER,57.30%,57.34,✅ HIT,-0.5,0.2,0.27,0.3,-1.03,0.8,0.4,0.009,100.00%
263,Stephon Castle,FTM,3.5,UNDER,55.80%,B,DO NOT BET,58.11,✅ HIT,3,UNDER,55.20%,57.54,✅ HIT,UNDER,55.90%,58.23,✅ HIT,UNDER,55.60%,58,✅ HIT,UNDER,56.30%,58.68,✅ HIT,0.35,-0.3,0.3,-0.5,1.09,1.4,1.6,0.0041,100.00%
264,Victor Wembanyama,PA,26.5,UNDER,59.70%,D,DO NOT BET,58.11,❌ MISS,42,UNDER,62.70%,61.21,❌ MISS,UNDER,62.50%,60.93,❌ MISS,UNDER,56.90%,55.39,❌ MISS,UNDER,56.50%,54.94,❌ MISS,0.03,0.17,-3,1.5,-1.24,1,0.4,0.0296,100.00%
265,DeMar DeRozan,3PM,0.5,UNDER,56.60%,S,DO NOT BET,58.09,✅ HIT,0,UNDER,56.50%,58.06,✅ HIT,UNDER,56.70%,58.25,✅ HIT,UNDER,56.40%,57.92,✅ HIT,UNDER,56.60%,58.13,✅ HIT,0.39,-0.75,0.13,-0.3,0.46,1.6,1.6,0.0012,100.00%
266,Jalen Green,PA,22.5,UNDER,62.80%,D,DO NOT BET,58.08,❌ MISS,30,UNDER,62.70%,57.98,❌ MISS,UNDER,62.50%,57.7,❌ MISS,UNDER,63.30%,58.53,❌ MISS,UNDER,62.90%,58.12,❌ MISS,-0.83,-0.37,0.6,-2.5,-3.06,1.4,1.2,0.003,100.00%
267,Kevin Durant,3PA,5.5,UNDER,57.30%,B,DO NOT BET,58.04,✅ HIT,5,UNDER,56.10%,56.9,✅ HIT,UNDER,56.20%,57.02,✅ HIT,UNDER,58.30%,59.09,✅ HIT,UNDER,58.40%,59.17,✅ HIT,0.11,-0.37,-0.22,-0.9,1.17,1,1.2,0.0109,100.00%
268,Michael Porter Jr.,AST,2.5,OVER,55.60%,C,DO NOT BET,58.01,❌ MISS,1,OVER,53.70%,56.11,❌ MISS,OVER,52.80%,55.26,❌ MISS,OVER,58.60%,61.04,❌ MISS,OVER,57.20%,59.65,❌ MISS,-0.65,0.56,2.12,0.5,-1.08,1,0.8,0.024,100.00%
269,Brandon Ingram,FTM,3.5,UNDER,57.60%,B,DO NOT BET,57.99,✅ HIT,2,UNDER,60.60%,60.97,✅ HIT,UNDER,60.70%,61.04,✅ HIT,UNDER,54.20%,54.54,✅ HIT,UNDER,55.00%,55.39,✅ HIT,0.2,0.35,-1.5,0.5,-0.21,1,0.8,0.0304,100.00%
270,Jalen Johnson,PTS,22.5,OVER,58.80%,D,DO NOT BET,57.94,✅ HIT,27,OVER,58.20%,57.43,✅ HIT,OVER,57.60%,56.74,✅ HIT,OVER,60.10%,59.26,✅ HIT,OVER,59.20%,58.35,✅ HIT,-0.04,0.33,-1.5,3.7,-4.11,0.8,0.8,0.0095,100.00%
271,Onyeka Okongwu,3PM,1.5,OVER,57.00%,S,DO NOT BET,57.88,✅ HIT,3,OVER,57.50%,58.42,✅ HIT,OVER,57.20%,58.08,✅ HIT,OVER,56.80%,57.75,✅ HIT,OVER,56.40%,57.28,✅ HIT,-0.24,-0.46,1,-1.1,0.51,1.2,1.2,0.0042,100.00%
272,De'Aaron Fox,AST,6.5,UNDER,58.00%,C,DO NOT BET,57.85,❌ MISS,9,UNDER,59.90%,59.76,❌ MISS,UNDER,59.50%,59.36,❌ MISS,UNDER,56.30%,56.13,❌ MISS,UNDER,56.30%,56.17,❌ MISS,-0.1,0.2,-1,0.5,-0.75,1,0.8,0.0171,100.00%
273,Alperen Sengun,FGA,14.5,OVER,58.20%,D,DO NOT BET,57.78,✅ HIT,15,OVER,60.10%,59.68,✅ HIT,OVER,57.70%,57.3,✅ HIT,OVER,58.40%,57.98,✅ HIT,OVER,56.60%,56.17,✅ HIT,-0.45,-0.52,1.03,-1.7,0.25,1,1.2,0.0127,100.00%
274,Brandin Podziemski,FGA,14.5,UNDER,63.30%,D,DO NOT BET,57.73,✅ HIT,8,UNDER,65.80%,60.21,✅ HIT,UNDER,63.80%,58.19,✅ HIT,UNDER,62.40%,56.83,✅ HIT,UNDER,61.30%,55.71,✅ HIT,-1.28,0.15,-1.15,0.5,-4.8,1,0.8,0.0168,100.00%
275,Draymond Green,3PA,4.5,OVER,55.20%,B,DO NOT BET,57.71,✅ HIT,5,OVER,59.70%,62.22,✅ HIT,OVER,58.30%,60.83,✅ HIT,OVER,51.80%,54.29,✅ HIT,OVER,51.00%,53.52,✅ HIT,-0.14,-0.31,1.5,-0.3,0.16,1.6,1.6,0.0385,100.00%
276,RJ Barrett,PR,24.5,UNDER,58.30%,D,DO NOT BET,57.63,❌ MISS,31,UNDER,58.30%,57.64,❌ MISS,UNDER,58.00%,57.4,❌ MISS,UNDER,58.50%,57.81,❌ MISS,UNDER,58.30%,57.68,❌ MISS,-0.09,0.47,-1.5,2.9,-3.43,1,0.8,0.0015,100.00%
277,Klay Thompson,3PM,2.5,UNDER,54.40%,S,DO NOT BET,57.62,❌ MISS,5,UNDER,56.60%,59.79,❌ MISS,UNDER,56.80%,59.98,❌ MISS,UNDER,52.00%,55.2,❌ MISS,UNDER,52.30%,55.51,❌ MISS,0.18,0.29,1.5,0.7,-0.27,0.8,1.2,0.0227,100.00%
278,Devin Booker,PRA,36.5,UNDER,57.80%,D,DO NOT BET,57.6,❌ MISS,39,UNDER,56.60%,56.44,❌ MISS,UNDER,56.30%,56.14,❌ MISS,UNDER,59.30%,59.08,❌ MISS,UNDER,59.00%,58.75,❌ MISS,-0.12,-0.48,0.6,-6.3,4.7,1.4,1.2,0.0132,100.00%
279,Bam Adebayo,PR,35.5,UNDER,66.00%,D,STRONG BET,57.6,❌ MISS,92,UNDER,69.40%,60.93,❌ MISS,UNDER,68.80%,60.37,❌ MISS,UNDER,63.00%,54.62,❌ MISS,UNDER,62.90%,54.49,❌ MISS,-2.43,-0.97,0.33,-2.7,-4.06,1.4,1.6,0.0305,100.00%
280,Bam Adebayo,AST,3.5,UNDER,57.60%,C,DO NOT BET,57.57,✅ HIT,3,UNDER,58.90%,58.9,✅ HIT,UNDER,58.60%,58.59,✅ HIT,UNDER,56.40%,56.38,✅ HIT,UNDER,56.40%,56.42,✅ HIT,-0.34,-0.06,0.19,-0.1,-0.49,0.8,0.8,0.0118,100.00%
281,Michael Porter Jr.,PTS,22.5,UNDER,50.70%,D,DO NOT BET,57.55,✅ HIT,19,UNDER,53.30%,60.2,✅ HIT,UNDER,53.60%,60.48,✅ HIT,OVER,52.40%,47.55,❌ MISS,OVER,51.80%,46.91,❌ MISS,0.24,-0.07,3.89,-0.5,2.31,1,0.8,0.0279,50.00%
282,Anthony Edwards,TOV,2.5,OVER,55.10%,A,DO NOT BET,57.53,❌ MISS,2,OVER,50.50%,52.94,❌ MISS,OVER,50.20%,52.62,❌ MISS,OVER,60.20%,62.64,❌ MISS,OVER,59.50%,61.95,❌ MISS,-0.21,0.23,1.51,0.3,-0.58,1.2,0.8,0.0477,100.00%
283,Austin Reaves,PRA,29.5,UNDER,51.30%,D,DO NOT BET,57.52,❌ MISS,46,UNDER,50.60%,56.86,❌ MISS,UNDER,50.40%,56.7,❌ MISS,UNDER,52.20%,58.42,❌ MISS,UNDER,51.80%,58.1,❌ MISS,0.75,-0.6,0.4,-3.3,7.41,1.6,1.6,0.0075,100.00%
284,Cade Cunningham,STL,1.5,UNDER,57.20%,A,DO NOT BET,57.51,✅ HIT,1,UNDER,54.60%,54.95,✅ HIT,UNDER,54.90%,55.24,✅ HIT,UNDER,59.50%,59.84,✅ HIT,UNDER,59.70%,59.99,✅ HIT,-0.06,-0.56,0,-0.5,0.45,1,1.2,0.0241,100.00%
285,Austin Reaves,PR,24.5,UNDER,51.90%,D,DO NOT BET,57.47,❌ MISS,38,UNDER,51.60%,57.13,❌ MISS,UNDER,51.50%,57.11,❌ MISS,UNDER,52.30%,57.89,❌ MISS,UNDER,52.20%,57.76,❌ MISS,0.68,-0.6,0.18,-3.3,7.01,1.6,1.6,0.0036,100.00%
286,Kevin Durant,FGA,17.5,UNDER,57.00%,D,DO NOT BET,57.46,✅ HIT,16,UNDER,55.70%,56.2,✅ HIT,UNDER,55.30%,55.86,✅ HIT,UNDER,58.70%,59.21,✅ HIT,UNDER,58.10%,58.6,✅ HIT,0.15,-0.48,-0.58,-1.3,1.72,1,1.2,0.0146,100.00%
287,Jayson Tatum,3PA,8.5,UNDER,56.00%,B,DO NOT BET,57.41,❌ MISS,14,UNDER,54.30%,55.66,❌ MISS,UNDER,54.50%,55.93,❌ MISS,UNDER,57.60%,58.97,❌ MISS,UNDER,57.70%,59.1,❌ MISS,0,0,0.6,0,0,0.8,0.8,0.0162,100.00%
288,Stephon Castle,PR,19.5,OVER,58.00%,D,DO NOT BET,57.3,✅ HIT,27,OVER,58.00%,57.33,✅ HIT,OVER,57.70%,57.03,✅ HIT,OVER,58.00%,57.36,✅ HIT,OVER,58.20%,57.49,✅ HIT,-0.35,0.39,-0.02,1.9,-3.6,1,0.4,0.0016,100.00%
289,Klay Thompson,PRA,12.5,OVER,61.30%,D,DO NOT BET,57.26,✅ HIT,23,OVER,61.10%,57.04,✅ HIT,OVER,61.00%,56.92,✅ HIT,OVER,61.50%,57.4,✅ HIT,OVER,61.80%,57.67,✅ HIT,-0.35,-0.36,-1.5,-2.9,0.03,1,0.8,0.003,100.00%
290,Tobias Harris,AST,1.5,OVER,57.00%,C,DO NOT BET,57.21,✅ HIT,3,OVER,58.40%,58.63,✅ HIT,OVER,57.10%,57.36,✅ HIT,OVER,56.80%,57.04,✅ HIT,OVER,55.50%,55.81,✅ HIT,-1.37,2.25,-0.55,1.1,-1.77,0.6,0,0.0101,100.00%
291,Immanuel Quickley,REB,3.5,UNDER,54.60%,B,DO NOT BET,57.17,❌ MISS,4,UNDER,54.60%,57.22,❌ MISS,UNDER,53.60%,56.17,❌ MISS,UNDER,55.50%,58.13,❌ MISS,UNDER,54.60%,57.16,❌ MISS,0.87,-0.94,0.4,-0.7,1.35,1.6,1.6,0.007,100.00%
292,Immanuel Quickley,PRA,26.5,UNDER,54.30%,D,DO NOT BET,57.16,✅ HIT,22,UNDER,54.70%,57.64,✅ HIT,UNDER,54.50%,57.38,✅ HIT,UNDER,54.10%,56.98,✅ HIT,UNDER,53.80%,56.65,✅ HIT,0.16,0.22,0.25,1.5,-0.43,1.2,0.8,0.0038,100.00%
293,Cade Cunningham,PRA,40.5,OVER,55.20%,D,DO NOT BET,57.15,❌ MISS,39,OVER,54.30%,56.29,❌ MISS,OVER,54.40%,56.33,❌ MISS,OVER,55.90%,57.84,❌ MISS,OVER,56.20%,58.14,❌ MISS,-0.05,0.36,0.92,1.9,-2.15,1,0.8,0.0084,100.00%
294,Austin Reaves,FTM,5.5,UNDER,55.50%,B,DO NOT BET,57.14,❌ MISS,7,UNDER,57.40%,59,❌ MISS,UNDER,57.80%,59.44,❌ MISS,UNDER,52.90%,54.56,❌ MISS,UNDER,53.90%,55.57,❌ MISS,0.86,-0.6,-0.81,-0.7,1.7,1.2,1.2,0.0211,100.00%
295,Brandin Podziemski,RA,11.5,OVER,50.80%,C,DO NOT BET,57.09,❌ MISS,9,OVER,50.80%,57.12,❌ MISS,OVER,50.90%,57.21,❌ MISS,OVER,50.80%,57.06,❌ MISS,OVER,50.70%,56.97,❌ MISS,2.14,0.08,0.1,0.1,2.46,1.4,1.2,0.0009,100.00%
296,Kevin Durant,PTS,24.5,UNDER,54.40%,D,DO NOT BET,57.08,❌ MISS,29,UNDER,52.90%,55.56,❌ MISS,UNDER,53.20%,55.86,❌ MISS,UNDER,55.60%,58.3,❌ MISS,UNDER,55.90%,58.61,❌ MISS,0.34,0.24,-0.43,1.1,0.45,1,1.2,0.0138,100.00%
297,Klay Thompson,AST,1.5,UNDER,55.20%,C,DO NOT BET,57.06,✅ HIT,1,UNDER,54.40%,56.32,✅ HIT,UNDER,54.50%,56.42,✅ HIT,UNDER,55.80%,57.7,✅ HIT,UNDER,55.90%,57.79,✅ HIT,-0.27,-0.2,1.5,-0.1,-0.03,1,1.2,0.0069,100.00%
298,Devin Booker,FTM,6.5,UNDER,55.70%,B,DO NOT BET,57.03,✅ HIT,3,UNDER,58.80%,60.12,✅ HIT,UNDER,59.10%,60.39,✅ HIT,UNDER,51.90%,53.24,✅ HIT,UNDER,53.00%,54.37,✅ HIT,0.06,-0.06,0,-0.3,0.63,1,0.8,0.0325,100.00%
299,Jayson Tatum,AST,4.5,UNDER,53.00%,C,DO NOT BET,57,✅ HIT,2,UNDER,55.10%,59.07,✅ HIT,UNDER,55.10%,59.12,✅ HIT,UNDER,50.60%,54.63,✅ HIT,UNDER,51.20%,55.2,✅ HIT,0,0,3,0,0,1,0.8,0.021,100.00%
300,Brandon Miller,PTS,20.5,UNDER,54.60%,D,DO NOT BET,56.97,❌ MISS,23,UNDER,55.40%,57.75,❌ MISS,UNDER,55.60%,57.95,❌ MISS,UNDER,53.50%,55.89,❌ MISS,UNDER,53.90%,56.29,❌ MISS,0.03,-0.34,1.5,-1.7,1.85,1,1.2,0.0089,100.00%
301,Amen Thompson,FTM,3.5,UNDER,56.10%,B,DO NOT BET,56.96,❌ MISS,10,UNDER,53.90%,54.74,❌ MISS,UNDER,54.70%,55.57,❌ MISS,UNDER,57.70%,58.56,❌ MISS,UNDER,58.10%,58.98,❌ MISS,0.07,0.12,-0.7,0.3,-0.13,1.2,0.8,0.0184,100.00%
302,Amen Thompson,REB,7.5,UNDER,54.30%,B,DO NOT BET,56.93,✅ HIT,3,UNDER,54.00%,56.58,✅ HIT,UNDER,53.00%,55.56,✅ HIT,UNDER,55.70%,58.29,✅ HIT,UNDER,54.70%,57.3,✅ HIT,0.1,0.92,0.17,1.9,-1.7,1.2,0.8,0.01,100.00%
303,Kristaps Porziņģis,3PA,4.5,OVER,57.70%,B,DO NOT BET,56.92,✅ HIT,6,OVER,61.50%,60.68,✅ HIT,OVER,59.90%,59.16,✅ HIT,OVER,55.20%,54.43,✅ HIT,OVER,54.20%,53.43,✅ HIT,-0.24,-0.16,-1.12,-0.3,-0.15,1.2,1.2,0.0306,100.00%
304,Jrue Holiday,RA,9.5,OVER,57.10%,C,DO NOT BET,56.89,❌ MISS,6,OVER,56.40%,56.18,❌ MISS,OVER,55.90%,55.65,❌ MISS,OVER,58.60%,58.4,❌ MISS,OVER,57.60%,57.35,❌ MISS,-0.37,-0.42,0.71,-1.5,0.17,1.2,1.2,0.0106,100.00%
305,Jerami Grant,PRA,23.5,OVER,57.00%,D,DO NOT BET,56.85,✅ HIT,30,OVER,55.70%,55.6,✅ HIT,OVER,55.70%,55.6,✅ HIT,OVER,58.10%,57.96,✅ HIT,OVER,58.40%,58.25,✅ HIT,-0.1,-0.12,-0.15,-1.3,0.17,1.4,1.6,0.0125,100.00%
306,Jalen Johnson,TOV,3.5,UNDER,57.60%,A,DO NOT BET,56.83,✅ HIT,1,UNDER,56.30%,55.5,✅ HIT,UNDER,56.30%,55.59,✅ HIT,UNDER,58.90%,58.13,✅ HIT,UNDER,58.90%,58.1,✅ HIT,-0.06,-0.3,-1.5,-0.5,0.4,1.2,1.2,0.0129,100.00%
307,Amen Thompson,RA,12.5,OVER,58.70%,C,DO NOT BET,56.82,❌ MISS,9,OVER,60.30%,58.45,❌ MISS,OVER,59.40%,57.52,❌ MISS,OVER,58.00%,56.14,❌ MISS,OVER,57.00%,55.17,❌ MISS,-0.47,-2.06,-0.03,-2.1,1.62,1.2,2,0.0126,100.00%
308,Deni Avdija,AST,4.5,OVER,56.00%,C,DO NOT BET,56.79,✅ HIT,7,OVER,57.80%,58.53,✅ HIT,OVER,56.60%,57.31,✅ HIT,OVER,55.50%,56.22,✅ HIT,OVER,54.40%,55.1,✅ HIT,-0.48,-0.42,3,-1.9,-0.25,0.8,1.2,0.0128,100.00%
309,Kevin Durant,FTM,5.5,UNDER,56.40%,B,DO NOT BET,56.79,✅ HIT,1,UNDER,53.50%,53.96,✅ HIT,UNDER,54.40%,54.84,✅ HIT,UNDER,58.60%,59.03,✅ HIT,UNDER,58.90%,59.34,✅ HIT,-0.01,0.41,-0.93,1.1,-1.13,1,0.8,0.0242,100.00%
310,Jrue Holiday,3PM,2.5,UNDER,55.30%,S,DO NOT BET,56.78,✅ HIT,0,UNDER,54.70%,56.17,✅ HIT,UNDER,54.90%,56.38,✅ HIT,UNDER,55.70%,57.16,✅ HIT,UNDER,56.00%,57.39,✅ HIT,0.01,0.8,-0.19,1.7,-1.67,0.8,0.4,0.0051,100.00%
311,Bam Adebayo,REB,10.5,UNDER,56.50%,B,DO NOT BET,56.77,✅ HIT,9,UNDER,59.20%,59.5,✅ HIT,UNDER,58.00%,58.29,✅ HIT,UNDER,54.80%,55.11,✅ HIT,UNDER,53.90%,54.17,✅ HIT,-0.39,-0.52,0.65,-0.9,0.22,1.2,1.2,0.022,100.00%
312,Austin Reaves,REB,3.5,OVER,58.10%,B,DO NOT BET,56.72,✅ HIT,7,OVER,58.30%,56.89,✅ HIT,OVER,58.80%,57.39,✅ HIT,OVER,57.50%,56.1,✅ HIT,OVER,57.90%,56.48,✅ HIT,-0.45,-0.11,-0.61,-0.3,-0.91,1,1.2,0.0048,100.00%
313,Kevin Durant,PR,30.5,UNDER,54.70%,D,DO NOT BET,56.69,❌ MISS,37,UNDER,53.60%,55.6,❌ MISS,UNDER,53.50%,55.51,❌ MISS,UNDER,55.90%,57.89,❌ MISS,UNDER,55.80%,57.76,❌ MISS,0.24,0.31,-0.57,1.3,-0.27,1,1.2,0.0114,100.00%
314,De'Aaron Fox,3PA,5.5,UNDER,55.10%,B,DO NOT BET,56.66,✅ HIT,3,UNDER,54.10%,55.66,✅ HIT,UNDER,54.40%,55.95,✅ HIT,UNDER,55.80%,57.37,✅ HIT,UNDER,56.00%,57.63,✅ HIT,0.04,0.39,-0.33,0.9,-0.8,1.4,0.8,0.0086,100.00%
315,Rudy Gobert,PTS,10.5,UNDER,55.30%,D,DO NOT BET,56.65,✅ HIT,3,UNDER,54.10%,55.39,✅ HIT,UNDER,54.30%,55.64,✅ HIT,UNDER,56.30%,57.65,✅ HIT,UNDER,56.60%,57.93,✅ HIT,0.09,-0.28,0.03,-1.5,1.98,1,1.2,0.0115,100.00%
316,Giannis Antetokounmpo,RA,14.5,OVER,58.10%,C,DO NOT BET,56.62,❌ MISS,9,OVER,58.90%,57.51,❌ MISS,OVER,58.10%,56.71,❌ MISS,OVER,58.00%,56.61,❌ MISS,OVER,57.10%,55.63,❌ MISS,-0.2,-0.34,-1,-1.5,0.61,1,1.2,0.0067,100.00%
317,Cooper Flagg,PTS,20.5,OVER,54.70%,D,DO NOT BET,56.56,❌ MISS,14,OVER,60.90%,62.75,❌ MISS,OVER,60.10%,61.97,❌ MISS,UNDER,50.80%,50.99,✅ HIT,UNDER,51.30%,51.5,✅ HIT,0.07,0.47,0,2.1,-1.79,1,0.4,0.0581,50.00%
318,Michael Porter Jr.,FGA,17.5,UNDER,53.80%,D,DO NOT BET,56.54,✅ HIT,14,UNDER,55.80%,58.55,✅ HIT,UNDER,55.40%,58.19,✅ HIT,UNDER,51.70%,54.52,✅ HIT,UNDER,52.10%,54.91,✅ HIT,0.21,0.31,0.06,1.5,-0.49,1.2,1.2,0.0184,100.00%
319,VJ Edgecombe,REB,5.5,UNDER,53.70%,B,DO NOT BET,56.52,✅ HIT,5,UNDER,54.50%,57.28,✅ HIT,UNDER,53.40%,56.24,✅ HIT,UNDER,53.90%,56.74,✅ HIT,UNDER,53.00%,55.83,✅ HIT,0.02,0.48,1.5,0.7,-0.67,0.8,0.8,0.0054,100.00%
320,Josh Giddey,PRA,34.5,UNDER,57.30%,D,DO NOT BET,56.49,❌ MISS,51,UNDER,54.10%,53.26,❌ MISS,UNDER,53.80%,53.02,❌ MISS,UNDER,60.80%,60,❌ MISS,UNDER,60.50%,59.67,❌ MISS,-0.01,-0.3,-1.8,-2.9,2.78,1.4,1.2,0.0335,100.00%
321,Amen Thompson,PA,22.5,OVER,56.30%,D,DO NOT BET,56.48,✅ HIT,29,OVER,55.60%,55.75,✅ HIT,OVER,56.00%,56.14,✅ HIT,OVER,56.60%,56.76,✅ HIT,OVER,57.10%,57.26,✅ HIT,-0.12,-1.24,0.74,-4.5,4.08,1.2,2,0.0058,100.00%
322,DeMar DeRozan,AST,3.5,OVER,56.40%,C,DO NOT BET,56.43,❌ MISS,1,OVER,57.50%,57.55,❌ MISS,OVER,56.30%,56.35,❌ MISS,OVER,56.50%,56.52,❌ MISS,OVER,55.30%,55.31,❌ MISS,-0.14,-0.4,-0.24,-1.1,0.71,1.2,1.2,0.0079,100.00%
323,Brandon Ingram,PA,23.5,OVER,59.30%,D,DO NOT BET,56.41,❌ MISS,12,OVER,60.20%,57.26,❌ MISS,OVER,60.60%,57.66,❌ MISS,OVER,58.00%,55.12,❌ MISS,OVER,58.50%,55.62,❌ MISS,-0.28,-0.1,-1.5,-0.7,-1.32,1,1.2,0.0107,100.00%
324,LeBron James,RA,11.5,OVER,58.50%,C,DO NOT BET,56.38,NO GAME,,OVER,57.60%,55.52,NO GAME,OVER,57.00%,54.87,NO GAME,OVER,60.20%,58.18,NO GAME,OVER,59.00%,56.94,NO GAME,-0.33,-0.15,-1.66,-0.5,-0.64,1.2,1.2,0.0128,100.00%
325,Cooper Flagg,TOV,2.5,UNDER,55.30%,A,DO NOT BET,56.36,✅ HIT,2,UNDER,59.80%,60.82,✅ HIT,UNDER,59.80%,60.79,✅ HIT,UNDER,50.80%,51.77,✅ HIT,UNDER,51.00%,52.06,✅ HIT,-0.33,0.4,0,0.3,-0.55,1.2,0.8,0.0445,100.00%
326,Jalen Johnson,REB,10.5,UNDER,54.60%,B,DO NOT BET,56.35,✅ HIT,7,UNDER,54.40%,56.21,✅ HIT,UNDER,53.40%,55.16,✅ HIT,UNDER,55.80%,57.51,✅ HIT,UNDER,54.80%,56.52,✅ HIT,-0.01,-0.89,1.5,-2.9,2.86,1.2,1.6,0.0084,100.00%
327,CJ McCollum,PA,22.5,OVER,54.80%,D,DO NOT BET,56.34,❌ MISS,17,OVER,55.00%,56.58,❌ MISS,OVER,55.40%,56.97,❌ MISS,OVER,54.10%,55.66,❌ MISS,OVER,54.60%,56.16,❌ MISS,0.02,0.02,0,0.1,0.03,1.4,1.6,0.0049,100.00%
328,Jalen Green,PTS,19.5,UNDER,60.00%,D,DO NOT BET,56.31,❌ MISS,25,UNDER,61.00%,57.37,❌ MISS,UNDER,61.00%,57.36,❌ MISS,UNDER,58.80%,55.16,❌ MISS,UNDER,59.00%,55.34,❌ MISS,-0.74,-0.23,0.87,-1.5,-3.25,1.2,0.8,0.0106,100.00%
329,Collin Sexton,PRA,20.5,OVER,56.30%,D,DO NOT BET,56.3,NO GAME,,OVER,55.50%,55.47,NO GAME,OVER,55.50%,55.48,NO GAME,OVER,57.00%,56.98,NO GAME,OVER,57.30%,57.27,NO GAME,0.06,-0.73,-0.68,-6.3,6.84,0.8,1.6,0.0083,100.00%
330,CJ McCollum,PTS,17.5,OVER,56.50%,D,DO NOT BET,56.3,❌ MISS,13,OVER,59.30%,59.11,❌ MISS,OVER,58.60%,58.38,❌ MISS,OVER,54.40%,54.21,❌ MISS,OVER,53.70%,53.5,❌ MISS,-0.22,0.02,0,0.1,-1.29,1.2,1.2,0.0247,100.00%
331,Kristaps Porziņģis,RA,7.5,UNDER,55.00%,C,DO NOT BET,56.28,✅ HIT,6,UNDER,56.30%,57.58,✅ HIT,UNDER,55.50%,56.7,✅ HIT,UNDER,54.40%,55.7,✅ HIT,UNDER,53.90%,55.14,✅ HIT,0.04,-0.47,0.35,-1.7,1.83,1.2,1.2,0.0093,100.00%
332,Brandon Miller,PRA,29.5,UNDER,54.00%,D,DO NOT BET,56.28,❌ MISS,36,UNDER,56.00%,58.26,❌ MISS,UNDER,55.70%,57.97,❌ MISS,UNDER,52.30%,54.6,❌ MISS,UNDER,52.00%,54.27,❌ MISS,-0.07,0.07,1.5,0.5,-0.94,1.2,1.2,0.0185,100.00%
333,Jaylen Brown,REB,6.5,OVER,56.90%,B,DO NOT BET,56.24,❌ MISS,2,OVER,56.50%,55.84,❌ MISS,OVER,57.00%,56.42,❌ MISS,OVER,56.80%,56.14,❌ MISS,OVER,57.20%,56.56,❌ MISS,-0.49,-1.27,0.25,-1.9,1.17,1.6,2,0.0027,100.00%
334,Brandon Ingram,AST,3.5,OVER,57.40%,C,DO NOT BET,56.22,❌ MISS,3,OVER,56.80%,55.64,❌ MISS,OVER,55.70%,54.5,❌ MISS,OVER,59.30%,58.09,❌ MISS,OVER,57.80%,56.64,❌ MISS,-0.24,-0.53,-1.5,-0.7,0.38,1.4,1.6,0.0132,100.00%
335,Jaden McDaniels,REB,4.5,UNDER,55.50%,B,DO NOT BET,56.19,✅ HIT,2,UNDER,56.00%,56.68,✅ HIT,UNDER,54.90%,55.58,✅ HIT,UNDER,56.10%,56.75,✅ HIT,UNDER,55.10%,55.75,✅ HIT,-0.05,-0.12,0.35,-0.3,0.19,0.6,1.2,0.0053,100.00%
336,Josh Giddey,PR,25.5,UNDER,55.30%,D,DO NOT BET,56.18,❌ MISS,34,UNDER,53.10%,53.9,❌ MISS,UNDER,53.00%,53.83,❌ MISS,UNDER,57.70%,58.56,❌ MISS,UNDER,57.60%,58.43,❌ MISS,0.05,-0.32,-0.7,-2.5,2.9,1.4,1.2,0.0232,100.00%
337,Devin Booker,PR,30.5,UNDER,57.00%,D,DO NOT BET,56.17,❌ MISS,32,UNDER,56.80%,55.95,❌ MISS,UNDER,56.60%,55.75,❌ MISS,UNDER,57.40%,56.57,❌ MISS,UNDER,57.30%,56.43,❌ MISS,-0.15,-0.42,0.22,-4.7,3.01,1.2,0.8,0.0034,100.00%
338,Derrick White,PTS,16.5,OVER,56.50%,D,DO NOT BET,56.14,✅ HIT,34,OVER,54.10%,53.77,✅ HIT,OVER,53.50%,53.21,✅ HIT,OVER,59.60%,59.24,✅ HIT,OVER,58.70%,58.35,✅ HIT,-0.09,-0.31,-0.44,-2.3,1.61,1.2,1.6,0.0268,100.00%
339,Draymond Green,RA,11.5,OVER,52.40%,C,DO NOT BET,56.1,❌ MISS,11,OVER,52.70%,56.45,❌ MISS,OVER,52.60%,56.34,❌ MISS,OVER,52.20%,55.95,❌ MISS,OVER,51.90%,55.68,❌ MISS,0.32,0.24,1.5,0.5,0.17,1,1.2,0.0031,100.00%
340,Jaylen Brown,3PM,1.5,OVER,57.00%,S,DO NOT BET,56.1,❌ MISS,0,OVER,57.70%,56.88,❌ MISS,OVER,57.40%,56.54,❌ MISS,OVER,56.60%,55.72,❌ MISS,OVER,56.10%,55.25,❌ MISS,-0.49,-0.46,-0.37,-0.5,-0.04,1,1.2,0.0064,100.00%
341,Julius Randle,PRA,30.5,UNDER,50.10%,D,DO NOT BET,56.08,✅ HIT,23,UNDER,50.40%,56.36,✅ HIT,UNDER,50.20%,56.2,✅ HIT,UNDER,50.00%,56.03,✅ HIT,OVER,50.30%,46.29,❌ MISS,0.37,-0.45,1.58,-3.7,6.78,1.4,1.6,0.0024,75.00%
342,Giannis Antetokounmpo,PR,35.5,OVER,60.00%,D,DO NOT BET,56.07,❌ MISS,28,OVER,61.50%,57.53,❌ MISS,OVER,61.10%,57.12,❌ MISS,OVER,58.70%,54.77,❌ MISS,OVER,58.90%,54.89,❌ MISS,-0.71,1.06,-3,2.9,-4.82,0.6,0.4,0.0125,100.00%
343,Jalen Green,PR,23.5,UNDER,58.80%,D,DO NOT BET,56.03,❌ MISS,29,UNDER,58.40%,55.69,❌ MISS,UNDER,58.20%,55.44,❌ MISS,UNDER,59.30%,56.55,❌ MISS,UNDER,59.10%,56.42,❌ MISS,-0.78,-0.24,2.67,-1.7,-3.86,1.2,0.8,0.0047,100.00%
344,Brandon Ingram,3PM,1.5,UNDER,53.50%,S,DO NOT BET,56.03,✅ HIT,1,UNDER,53.10%,55.7,✅ HIT,UNDER,53.40%,55.94,✅ HIT,UNDER,53.50%,56.1,✅ HIT,UNDER,53.80%,56.38,✅ HIT,0.22,-0.6,1.5,-0.7,0.95,1.2,1.6,0.0025,100.00%
345,Jalen Duren,RA,12.5,UNDER,55.20%,C,DO NOT BET,55.99,✅ HIT,6,UNDER,55.00%,55.8,✅ HIT,UNDER,54.20%,55.07,✅ HIT,UNDER,56.10%,56.92,✅ HIT,UNDER,55.40%,56.16,✅ HIT,-0.02,-0.3,0.42,-1.1,1.02,0.8,1.2,0.0067,100.00%
346,Collin Sexton,AST,3.5,UNDER,54.70%,C,DO NOT BET,55.96,NO GAME,,UNDER,54.60%,55.93,NO GAME,UNDER,54.70%,56.02,NO GAME,UNDER,54.50%,55.84,NO GAME,UNDER,54.80%,56.05,NO GAME,-0.12,-0.46,0.2,-0.5,0.37,1.8,1.6,0.0008,100.00%
347,RJ Barrett,REB,5.5,UNDER,57.00%,B,DO NOT BET,55.93,❌ MISS,6,UNDER,57.00%,55.94,❌ MISS,UNDER,55.80%,54.8,❌ MISS,UNDER,58.10%,57.04,❌ MISS,UNDER,57.00%,55.96,❌ MISS,-0.11,0.1,-1.5,0.1,-0.22,0.6,0.8,0.0079,100.00%
348,Draymond Green,TOV,2.5,UNDER,53.00%,A,DO NOT BET,55.88,✅ HIT,1,UNDER,56.60%,59.51,✅ HIT,UNDER,56.70%,59.58,✅ HIT,OVER,50.90%,49.96,❌ MISS,OVER,50.50%,49.62,❌ MISS,0.11,-0.23,1.5,-0.3,0.44,1.4,1.2,0.0367,50.00%
349,Alperen Sengun,AST,5.5,OVER,54.50%,C,DO NOT BET,55.81,❌ MISS,4,OVER,55.80%,57.08,❌ MISS,OVER,54.70%,56.03,❌ MISS,OVER,54.20%,55.56,❌ MISS,OVER,53.20%,54.55,❌ MISS,-0.35,1.13,0.17,2.1,-2.74,1,0.4,0.0091,100.00%
350,Jalen Duren,FTM,3.5,OVER,56.60%,B,DO NOT BET,55.81,✅ HIT,8,OVER,58.30%,57.49,✅ HIT,OVER,56.10%,55.35,✅ HIT,OVER,57.10%,56.3,✅ HIT,OVER,54.90%,54.12,✅ HIT,-0.19,-0.3,-1.11,-0.9,0.32,1.4,1.2,0.0124,100.00%
351,Luka Dončić,3PM,3.5,UNDER,54.10%,S,DO NOT BET,55.76,❌ MISS,4,UNDER,52.70%,54.29,❌ MISS,UNDER,52.90%,54.52,❌ MISS,UNDER,55.40%,57,❌ MISS,UNDER,55.60%,57.23,❌ MISS,0.17,0.6,0,0.9,-0.65,0.6,0.8,0.0136,100.00%
352,Stephon Castle,PTS,14.5,OVER,56.90%,D,DO NOT BET,55.76,✅ HIT,18,OVER,55.60%,54.46,✅ HIT,OVER,55.00%,53.85,✅ HIT,OVER,59.00%,57.8,✅ HIT,OVER,58.10%,56.92,✅ HIT,-0.33,0.16,-0.33,0.9,-2.75,1.2,0.8,0.0165,100.00%
353,Jerami Grant,PTS,17.5,OVER,55.80%,D,DO NOT BET,55.71,✅ HIT,24,OVER,54.80%,54.66,✅ HIT,OVER,54.20%,54.09,✅ HIT,OVER,57.60%,57.47,✅ HIT,OVER,56.70%,56.64,✅ HIT,-0.16,-0.22,0.06,-1.9,0.54,1.6,1.6,0.0138,100.00%
354,Alperen Sengun,RA,14.5,OVER,54.40%,C,DO NOT BET,55.67,✅ HIT,16,OVER,57.20%,58.49,✅ HIT,OVER,56.60%,57.88,✅ HIT,OVER,52.00%,53.28,✅ HIT,OVER,51.80%,53.03,✅ HIT,-0.23,1.21,0.34,3.5,-4.16,0.6,0.4,0.0253,100.00%
355,Scottie Barnes,RA,11.5,UNDER,54.30%,C,DO NOT BET,55.67,✅ HIT,7,UNDER,53.50%,54.85,✅ HIT,UNDER,52.90%,54.28,✅ HIT,UNDER,55.80%,57.12,✅ HIT,UNDER,55.10%,56.41,✅ HIT,1.14,-3.02,0.16,-4.9,6.74,1.2,2,0.0115,100.00%
356,Victor Wembanyama,PRA,37.5,UNDER,55.40%,D,DO NOT BET,55.67,❌ MISS,53,UNDER,57.40%,57.65,❌ MISS,UNDER,57.00%,57.33,❌ MISS,UNDER,53.70%,54,❌ MISS,UNDER,53.40%,53.67,❌ MISS,0.04,0.14,-1.08,1.5,-1.1,0.8,0.4,0.0184,100.00%
357,Scottie Barnes,FTM,2.5,UNDER,53.30%,B,DO NOT BET,55.63,❌ MISS,6,UNDER,52.10%,54.44,❌ MISS,UNDER,53.10%,55.47,❌ MISS,UNDER,53.50%,55.83,❌ MISS,UNDER,54.40%,56.77,❌ MISS,0.44,-0.3,0.5,-0.5,1.23,1,0.8,0.0083,100.00%
358,Rudy Gobert,PRA,23.5,UNDER,54.10%,D,DO NOT BET,55.6,✅ HIT,17,UNDER,54.30%,55.79,✅ HIT,UNDER,54.00%,55.54,✅ HIT,UNDER,54.20%,55.7,✅ HIT,UNDER,53.80%,55.37,✅ HIT,0.1,-0.04,0,-0.3,0.96,0.8,1.2,0.0016,100.00%
359,Derrick White,3PM,2.5,OVER,56.00%,S,DO NOT BET,55.57,✅ HIT,3,OVER,56.20%,55.76,✅ HIT,OVER,55.90%,55.43,✅ HIT,OVER,56.20%,55.79,✅ HIT,OVER,55.80%,55.32,✅ HIT,-0.21,-0.17,-0.93,-0.3,-0.05,1.2,1.2,0.0021,100.00%
360,Josh Giddey,TOV,3.5,UNDER,54.20%,A,DO NOT BET,55.56,❌ MISS,5,UNDER,50.10%,51.41,❌ MISS,UNDER,50.40%,51.71,❌ MISS,UNDER,58.20%,59.56,❌ MISS,UNDER,58.20%,59.55,❌ MISS,0.15,0.79,-0.5,0.5,-0.4,0.8,0.4,0.04,100.00%
361,Julius Randle,AST,4.5,UNDER,53.00%,C,DO NOT BET,55.51,✅ HIT,2,UNDER,53.10%,55.6,✅ HIT,UNDER,53.40%,55.83,✅ HIT,UNDER,52.60%,55.11,✅ HIT,UNDER,53.00%,55.49,✅ HIT,0.36,-0.05,0.19,-0.1,0.85,1.2,1.2,0.0026,100.00%
362,Kevin Durant,TOV,2.5,OVER,56.00%,A,DO NOT BET,55.44,❌ MISS,2,OVER,55.80%,55.23,❌ MISS,OVER,55.30%,54.73,❌ MISS,OVER,56.80%,56.18,❌ MISS,OVER,56.20%,55.61,❌ MISS,-0.26,-0.47,-0.13,-1.3,0.58,1,1.2,0.0053,100.00%
363,Tyler Herro,AST,3.5,OVER,55.20%,C,DO NOT BET,55.41,NO GAME,,OVER,55.90%,56.08,NO GAME,OVER,54.80%,55.03,NO GAME,OVER,55.60%,55.82,NO GAME,OVER,54.50%,54.68,NO GAME,-0.08,-0.36,-0.17,-0.9,0.7,1,0.8,0.0057,100.00%
364,Tobias Harris,PRA,19.5,OVER,56.30%,D,DO NOT BET,55.38,❌ MISS,7,OVER,57.70%,56.8,❌ MISS,OVER,57.70%,56.76,❌ MISS,OVER,54.80%,53.82,❌ MISS,OVER,55.00%,54.12,❌ MISS,-0.15,-0.3,-0.5,-2.3,1.12,1.2,1.2,0.0141,100.00%
365,Amen Thompson,PR,24.5,OVER,57.90%,D,DO NOT BET,55.36,✅ HIT,26,OVER,57.80%,55.31,✅ HIT,OVER,57.50%,55.02,✅ HIT,OVER,58.00%,55.49,✅ HIT,OVER,58.10%,55.62,✅ HIT,-0.4,-3.14,0.66,-6.7,5.86,1.2,2,0.0022,100.00%
366,Jalen Johnson,AST,7.5,OVER,52.60%,C,DO NOT BET,55.29,✅ HIT,8,OVER,54.10%,56.79,✅ HIT,OVER,53.20%,55.89,✅ HIT,OVER,51.90%,54.65,✅ HIT,OVER,51.10%,53.84,✅ HIT,-0.14,0.58,1.5,1.9,-2.35,1.2,0.8,0.0113,100.00%
367,Jaylen Brown,PA,30.5,OVER,58.50%,D,DO NOT BET,55.25,❌ MISS,15,OVER,56.60%,53.41,❌ MISS,OVER,57.00%,53.81,❌ MISS,OVER,59.90%,56.64,❌ MISS,OVER,60.40%,57.15,❌ MISS,-0.94,-0.49,0.28,-1.7,-1.59,1.2,1.6,0.0166,100.00%
368,Jalen Duren,PTS,17.5,OVER,55.90%,D,DO NOT BET,55.22,✅ HIT,26,OVER,57.00%,56.26,✅ HIT,OVER,56.30%,55.61,✅ HIT,OVER,55.60%,54.89,✅ HIT,OVER,54.80%,54.14,✅ HIT,-0.15,-0.02,-0.78,-0.1,-0.85,1.2,0.8,0.0079,100.00%
369,CJ McCollum,PR,21.5,OVER,54.50%,D,DO NOT BET,55.18,✅ HIT,22,OVER,57.00%,57.63,✅ HIT,OVER,56.70%,57.37,✅ HIT,OVER,52.10%,52.79,✅ HIT,OVER,52.30%,52.92,✅ HIT,-0.09,0.17,-0.03,1.1,-1.68,1.2,0.4,0.0232,100.00%
370,Deni Avdija,PR,25.5,OVER,58.80%,D,DO NOT BET,55.13,✅ HIT,26,OVER,60.20%,56.5,✅ HIT,OVER,59.80%,56.13,✅ HIT,OVER,57.60%,53.89,✅ HIT,OVER,57.70%,54.02,✅ HIT,-0.49,0.5,1.12,5.9,-11.71,1,0.4,0.0119,100.00%
371,Jaylen Brown,3PA,5.5,UNDER,54.00%,B,DO NOT BET,55.13,✅ HIT,0,UNDER,54.20%,55.32,✅ HIT,UNDER,54.50%,55.59,✅ HIT,UNDER,53.50%,54.61,✅ HIT,UNDER,53.90%,55.02,✅ HIT,0.34,-1.08,0.29,-1.1,1.44,1.2,1.6,0.0037,100.00%
372,LeBron James,REB,5.5,UNDER,51.90%,B,DO NOT BET,55.13,NO GAME,,UNDER,52.30%,55.56,NO GAME,UNDER,51.30%,54.6,NO GAME,UNDER,52.30%,55.59,NO GAME,UNDER,51.50%,54.75,NO GAME,0.06,-0.13,2.41,-0.3,0.44,0.8,0.8,0.0045,100.00%
373,Victor Wembanyama,TOV,2.5,UNDER,54.80%,A,DO NOT BET,55.11,❌ MISS,6,UNDER,54.80%,55.17,❌ MISS,UNDER,55.00%,55.31,❌ MISS,UNDER,54.60%,54.91,❌ MISS,UNDER,54.70%,55.04,❌ MISS,0,-0.11,-0.75,-0.3,0.3,1.2,1.2,0.0015,100.00%
374,Scottie Barnes,PTS,16.5,UNDER,50.10%,D,DO NOT BET,55.11,❌ MISS,24,UNDER,52.50%,57.51,❌ MISS,UNDER,52.80%,57.82,❌ MISS,OVER,52.70%,49.76,✅ HIT,OVER,52.10%,49.11,✅ HIT,1.69,-0.35,0.06,-0.5,2.89,1.2,1.2,0.0256,50.00%
375,Brandon Ingram,RA,9.5,UNDER,55.30%,C,DO NOT BET,54.97,✅ HIT,7,UNDER,57.10%,56.82,✅ HIT,UNDER,56.10%,55.85,✅ HIT,UNDER,54.20%,53.86,✅ HIT,UNDER,53.60%,53.34,✅ HIT,0.01,0.15,-1.5,0.5,-0.46,1,0.8,0.0142,100.00%
376,Anthony Edwards,RA,8.5,UNDER,52.10%,C,DO NOT BET,54.94,✅ HIT,6,UNDER,52.00%,54.86,✅ HIT,UNDER,51.60%,54.45,✅ HIT,UNDER,52.60%,55.38,✅ HIT,UNDER,52.20%,55.06,✅ HIT,0.22,-0.81,1.72,-1.1,1.4,1.4,1.6,0.0034,100.00%
377,Onyeka Okongwu,3PA,4.5,OVER,54.70%,B,DO NOT BET,54.91,✅ HIT,5,OVER,56.40%,56.65,✅ HIT,OVER,55.30%,55.51,✅ HIT,OVER,54.00%,54.2,✅ HIT,OVER,53.00%,53.29,✅ HIT,-0.23,-0.4,0.75,-1.5,0.62,1,1.2,0.0128,100.00%
378,Alperen Sengun,FTM,3.5,OVER,54.40%,B,DO NOT BET,54.89,❌ MISS,2,OVER,56.00%,56.43,❌ MISS,OVER,54.10%,54.52,❌ MISS,OVER,54.80%,55.26,❌ MISS,OVER,52.90%,53.33,❌ MISS,-0.13,0.04,0.3,0.1,-0.46,0.6,0.8,0.0113,100.00%
379,Jalen Duren,PRA,30.5,OVER,55.00%,D,DO NOT BET,54.89,✅ HIT,32,OVER,55.30%,55.17,✅ HIT,OVER,55.30%,55.18,✅ HIT,OVER,54.60%,54.45,✅ HIT,OVER,54.90%,54.75,✅ HIT,-0.05,0.2,-1.13,1.5,-1.87,1.2,0.8,0.003,100.00%
380,Bam Adebayo,PRA,38.5,UNDER,62.60%,D,DO NOT BET,54.84,❌ MISS,95,UNDER,64.50%,56.65,❌ MISS,UNDER,64.00%,56.19,❌ MISS,UNDER,61.20%,53.43,❌ MISS,UNDER,60.90%,53.09,❌ MISS,-1.96,-0.66,0.48,-2.3,-4.55,1.2,1.2,0.0159,100.00%
381,Draymond Green,REB,5.5,OVER,51.60%,B,DO NOT BET,54.8,✅ HIT,7,OVER,51.60%,54.76,✅ HIT,OVER,52.40%,55.55,✅ HIT,OVER,50.90%,54.09,✅ HIT,OVER,51.60%,54.78,✅ HIT,-0.01,1.06,1.5,1.7,-1.71,0.6,0.4,0.0052,100.00%
382,Jalen Green,3PM,2.5,UNDER,53.80%,S,DO NOT BET,54.78,❌ MISS,3,UNDER,50.30%,51.31,❌ MISS,UNDER,50.60%,51.57,❌ MISS,UNDER,57.10%,58.03,❌ MISS,UNDER,57.30%,58.23,❌ MISS,-0.43,-0.26,0.75,-0.3,-0.2,1.4,1.2,0.0335,100.00%
383,Jalen Duren,REB,10.5,UNDER,53.20%,B,DO NOT BET,54.76,✅ HIT,4,UNDER,52.90%,54.45,✅ HIT,UNDER,51.90%,53.47,✅ HIT,UNDER,54.40%,56.01,✅ HIT,UNDER,53.50%,55.08,✅ HIT,0.05,-0.14,0.67,-0.5,0.68,0.8,1.2,0.0092,100.00%
384,Kristaps Porziņģis,PTS,13.5,OVER,58.50%,D,DO NOT BET,54.73,✅ HIT,17,OVER,57.10%,53.29,✅ HIT,OVER,56.50%,52.63,✅ HIT,OVER,60.80%,56.96,✅ HIT,OVER,59.80%,56.02,✅ HIT,-0.93,1.31,-2.27,4.1,-7.02,1,0,0.0181,100.00%
385,Jalen Green,PRA,26.5,UNDER,59.20%,D,DO NOT BET,54.71,❌ MISS,34,UNDER,58.20%,53.65,❌ MISS,UNDER,57.80%,53.32,❌ MISS,UNDER,60.60%,56.1,❌ MISS,UNDER,60.30%,55.77,❌ MISS,-0.86,-0.36,1.87,-2.7,-3.68,1.2,1.2,0.0124,100.00%
386,Josh Giddey,PTS,17.5,UNDER,54.60%,D,DO NOT BET,54.7,❌ MISS,21,UNDER,52.30%,52.39,❌ MISS,UNDER,52.60%,52.71,❌ MISS,UNDER,56.60%,56.71,❌ MISS,UNDER,56.90%,56.98,❌ MISS,0.04,-0.81,-0.64,-3.1,3.24,1.4,1.6,0.0215,100.00%
387,Donte DiVincenzo,PRA,18.5,OVER,56.40%,D,DO NOT BET,54.7,❌ MISS,15,OVER,55.10%,53.4,❌ MISS,OVER,55.10%,53.42,❌ MISS,OVER,57.60%,55.84,❌ MISS,OVER,57.90%,56.13,❌ MISS,-0.39,-0.1,0.18,-0.7,-2.11,1.4,1.2,0.013,100.00%
388,DeMar DeRozan,PR,18.5,OVER,56.40%,D,DO NOT BET,54.69,❌ MISS,15,OVER,60.70%,58.92,❌ MISS,OVER,60.30%,58.54,❌ MISS,OVER,52.30%,50.58,❌ MISS,OVER,52.50%,50.71,❌ MISS,-0.77,1.06,-0.15,3.7,-6.39,0.8,0.4,0.0405,100.00%
389,Scottie Barnes,REB,6.5,UNDER,53.10%,B,DO NOT BET,54.68,✅ HIT,5,UNDER,52.70%,54.24,✅ HIT,UNDER,51.70%,53.27,✅ HIT,UNDER,54.50%,56.07,✅ HIT,UNDER,53.60%,55.13,✅ HIT,1.79,-3.62,0.52,-2.9,4.33,1.4,2,0.0104,100.00%
390,Devin Booker,PA,31.5,UNDER,53.80%,D,DO NOT BET,54.68,❌ MISS,34,UNDER,54.50%,55.43,❌ MISS,UNDER,54.20%,55.08,❌ MISS,UNDER,53.40%,54.34,❌ MISS,UNDER,53.00%,53.87,❌ MISS,-0.04,-0.4,0.47,-4.9,4.36,1.4,1.2,0.0061,100.00%
391,Donte DiVincenzo,REB,3.5,OVER,54.40%,B,DO NOT BET,54.61,✅ HIT,5,OVER,54.50%,54.69,✅ HIT,OVER,55.20%,55.35,✅ HIT,OVER,53.70%,53.91,✅ HIT,OVER,54.30%,54.47,✅ HIT,-0.86,0.1,0.6,0.1,-0.98,1.2,0.8,0.0052,100.00%
392,Jaylen Brown,PRA,37.5,OVER,59.10%,D,DO NOT BET,54.61,❌ MISS,17,OVER,60.20%,55.69,❌ MISS,OVER,60.10%,55.59,❌ MISS,OVER,57.90%,53.43,❌ MISS,OVER,58.20%,53.72,❌ MISS,-1.41,-1.24,0.3,-3.1,-0.42,1.4,2,0.0104,100.00%
393,Russell Westbrook,PA,24.5,OVER,50.80%,D,DO NOT BET,54.61,✅ HIT,25,OVER,52.80%,56.59,✅ HIT,OVER,53.20%,56.97,✅ HIT,UNDER,51.60%,49.8,❌ MISS,UNDER,51.10%,49.32,❌ MISS,0.47,-0.31,0.08,-1.7,4.27,1,1.2,0.0218,50.00%
394,Naz Reid,PRA,20.5,UNDER,53.20%,D,DO NOT BET,54.59,✅ HIT,20,UNDER,54.10%,55.47,✅ HIT,UNDER,53.90%,55.22,✅ HIT,UNDER,52.70%,54,✅ HIT,UNDER,52.30%,53.68,✅ HIT,0.52,-0.72,-2.16,-2.9,5,1.6,1.6,0.0077,100.00%
395,Julius Randle,TOV,2.5,UNDER,53.10%,A,DO NOT BET,54.59,✅ HIT,2,UNDER,53.40%,54.89,✅ HIT,UNDER,53.60%,55.07,✅ HIT,UNDER,52.60%,54.1,✅ HIT,UNDER,52.80%,54.31,✅ HIT,0.12,0.6,-0.19,0.7,-0.56,0.8,0.8,0.004,100.00%
396,Tyler Herro,FTM,3.5,UNDER,53.40%,B,DO NOT BET,54.55,NO GAME,,UNDER,52.70%,53.84,NO GAME,UNDER,53.70%,54.8,NO GAME,UNDER,53.20%,54.3,NO GAME,UNDER,54.10%,55.28,NO GAME,-0.1,0.05,0.18,0.1,-0.3,1.2,0.8,0.0054,100.00%
397,LaMelo Ball,PR,24.5,UNDER,55.00%,D,DO NOT BET,54.52,✅ HIT,18,UNDER,55.40%,54.82,✅ HIT,UNDER,55.20%,54.67,✅ HIT,UNDER,54.90%,54.37,✅ HIT,UNDER,54.80%,54.23,✅ HIT,-0.11,-0.36,-1.05,-1.3,0.89,1.4,1.2,0.0023,100.00%
398,De'Aaron Fox,PR,19.5,OVER,59.20%,D,DO NOT BET,54.5,✅ HIT,28,OVER,59.60%,54.91,✅ HIT,OVER,59.30%,54.56,✅ HIT,OVER,58.90%,54.21,✅ HIT,OVER,59.10%,54.34,✅ HIT,-0.39,-0.14,-2.12,-1.1,-1.98,1,1.2,0.0027,100.00%
399,De'Aaron Fox,PRA,25.5,OVER,59.40%,D,DO NOT BET,54.5,✅ HIT,37,OVER,59.80%,54.88,✅ HIT,OVER,59.70%,54.78,✅ HIT,OVER,58.90%,54.03,✅ HIT,OVER,59.20%,54.32,✅ HIT,-0.45,-0.29,-1.6,-2.1,-1.24,0.8,1.2,0.0034,100.00%
400,Klay Thompson,PTS,9.5,OVER,57.90%,D,DO NOT BET,54.44,✅ HIT,21,OVER,53.60%,50.23,✅ HIT,OVER,53.10%,49.69,✅ HIT,OVER,62.80%,59.42,✅ HIT,OVER,61.80%,58.42,✅ HIT,-0.29,-0.41,-1.5,-3.1,0.9,1,0.8,0.045,100.00%
401,LaMelo Ball,PTS,19.5,UNDER,54.90%,D,DO NOT BET,54.36,✅ HIT,14,UNDER,57.20%,56.72,✅ HIT,UNDER,57.40%,56.85,✅ HIT,UNDER,52.20%,51.71,✅ HIT,UNDER,52.70%,52.17,✅ HIT,-0.08,-0.44,-0.95,-1.3,1.07,1.2,1.2,0.0243,100.00%
402,Onyeka Okongwu,PTS,14.5,OVER,55.40%,D,DO NOT BET,54.36,✅ HIT,18,OVER,55.60%,54.54,✅ HIT,OVER,55.00%,53.93,✅ HIT,OVER,55.90%,54.88,✅ HIT,OVER,55.20%,54.11,✅ HIT,-0.24,-0.11,0.04,-0.7,-0.85,0.8,0.8,0.0037,100.00%
403,Jayson Tatum,PRA,30.5,UNDER,52.60%,D,DO NOT BET,54.35,❌ MISS,31,UNDER,55.90%,57.63,❌ MISS,UNDER,55.60%,57.35,❌ MISS,OVER,50.40%,50.64,✅ HIT,OVER,50.70%,50.96,✅ HIT,-0.22,-0.22,3,-1,0,0.2,0.4,0.0314,50.00%
404,Luka Dončić,AST,7.5,OVER,53.80%,C,DO NOT BET,54.31,✅ HIT,11,OVER,52.30%,52.79,✅ HIT,OVER,51.60%,52.06,✅ HIT,OVER,56.30%,56.8,✅ HIT,OVER,55.10%,55.6,✅ HIT,-0.52,0.63,0.27,1.1,-2,1,0.4,0.0195,100.00%
405,Naz Reid,PTS,11.5,OVER,54.70%,D,DO NOT BET,54.24,✅ HIT,13,OVER,54.00%,53.56,✅ HIT,OVER,53.40%,53.01,✅ HIT,OVER,56.00%,55.58,✅ HIT,OVER,55.20%,54.8,✅ HIT,-0.65,0.42,1.54,1.5,-3.84,0.6,0.8,0.0101,100.00%
406,Cade Cunningham,REB,5.5,UNDER,54.00%,B,DO NOT BET,54.24,✅ HIT,3,UNDER,54.70%,54.98,✅ HIT,UNDER,53.70%,53.92,✅ HIT,UNDER,54.20%,54.5,✅ HIT,UNDER,53.30%,53.58,✅ HIT,0.07,-0.03,-0.58,-0.1,0.3,0.6,0.8,0.0053,100.00%
407,Naz Reid,RA,7.5,OVER,54.40%,C,DO NOT BET,54.21,❌ MISS,7,OVER,53.90%,53.79,❌ MISS,OVER,53.70%,53.54,❌ MISS,OVER,55.20%,55.07,❌ MISS,OVER,54.60%,54.43,❌ MISS,-1.58,-0.12,1.61,-0.1,-1.16,1.2,0.8,0.0059,100.00%
408,Devin Booker,RA,9.5,UNDER,51.30%,C,DO NOT BET,54.2,❌ MISS,12,UNDER,52.90%,55.79,❌ MISS,UNDER,52.40%,55.28,❌ MISS,OVER,50.00%,49.14,✅ HIT,OVER,50.00%,49.15,✅ HIT,0.13,-0.38,1.4,-1.5,2.02,1.2,1.2,0.0135,50.00%
409,Draymond Green,PTS,9.5,OVER,50.20%,D,DO NOT BET,54.14,✅ HIT,12,UNDER,50.90%,48.96,❌ MISS,UNDER,51.30%,49.33,❌ MISS,OVER,51.80%,55.74,✅ HIT,OVER,51.20%,55.12,✅ HIT,0.24,0.22,1.5,0.9,0.09,1,0.8,0.0131,50.00%
410,Jaden McDaniels,AST,2.5,UNDER,53.80%,C,DO NOT BET,54.11,✅ HIT,0,UNDER,56.00%,56.34,✅ HIT,UNDER,56.00%,56.3,✅ HIT,UNDER,51.30%,51.64,✅ HIT,UNDER,51.80%,52.14,✅ HIT,0.33,-0.1,-1.22,-0.1,0.44,1,1.2,0.0222,100.00%
411,Brandon Miller,PA,24.5,UNDER,52.70%,D,DO NOT BET,54.1,❌ MISS,27,UNDER,55.80%,57.2,❌ MISS,UNDER,55.40%,56.86,❌ MISS,OVER,50.00%,50.58,✅ HIT,OVER,50.50%,51.07,✅ HIT,-0.09,-0.49,1.5,-2.5,2.02,1,1.2,0.0294,50.00%
412,Austin Reaves,3PA,5.5,UNDER,50.20%,B,DO NOT BET,54.1,❌ MISS,10,OVER,50.90%,48.99,✅ HIT,OVER,50.20%,48.29,✅ HIT,UNDER,50.60%,54.53,❌ MISS,UNDER,51.20%,55.14,❌ MISS,0.47,-0.28,1.49,-0.5,1.34,1.4,0.8,0.0081,50.00%
413,Josh Giddey,FTM,3.5,UNDER,59.20%,B,DO NOT BET,54.05,✅ HIT,3,UNDER,59.60%,54.46,✅ HIT,UNDER,59.80%,54.64,✅ HIT,UNDER,58.50%,53.38,✅ HIT,UNDER,58.80%,53.7,✅ HIT,0.24,-5.75,-1.33,-2.3,2.4,1.6,2,0.0052,100.00%
414,Victor Wembanyama,REB,10.5,UNDER,52.20%,B,DO NOT BET,54.04,❌ MISS,11,UNDER,52.90%,54.76,❌ MISS,UNDER,51.90%,53.78,❌ MISS,UNDER,52.40%,54.23,❌ MISS,UNDER,51.50%,53.39,❌ MISS,0.21,0.16,-0.14,0.5,0.14,1,1.2,0.0051,100.00%
415,Donte DiVincenzo,3PA,6.5,UNDER,50.20%,B,DO NOT BET,54.03,✅ HIT,6,UNDER,51.30%,55.13,✅ HIT,UNDER,51.90%,55.64,✅ HIT,OVER,51.50%,49.7,❌ MISS,OVER,50.70%,48.95,❌ MISS,0.7,0.36,0.16,0.7,0.66,1.2,1.2,0.0139,50.00%
416,Kristaps Porziņģis,REB,4.5,OVER,54.00%,B,DO NOT BET,54,❌ MISS,4,OVER,54.50%,54.49,❌ MISS,OVER,55.10%,55.15,❌ MISS,OVER,52.80%,52.88,❌ MISS,OVER,53.40%,53.48,❌ MISS,-0.15,0.34,-0.77,0.9,-1.29,1,0.8,0.0088,100.00%
417,Stephon Castle,PRA,26.5,OVER,54.80%,D,DO NOT BET,53.96,✅ HIT,33,OVER,54.40%,53.64,✅ HIT,OVER,54.50%,53.68,✅ HIT,OVER,54.90%,54.11,✅ HIT,OVER,55.20%,54.41,✅ HIT,-0.41,0.28,0.17,1.1,-2.73,0.8,0.8,0.0032,100.00%
418,Jalen Johnson,PA,30.5,OVER,54.50%,D,DO NOT BET,53.91,✅ HIT,35,OVER,55.80%,55.15,✅ HIT,OVER,56.10%,55.55,✅ HIT,OVER,52.80%,52.22,✅ HIT,OVER,53.30%,52.72,✅ HIT,-0.03,0.48,-1.5,6.1,-6.46,0.8,0.4,0.0145,100.00%
419,LaMelo Ball,REB,4.5,UNDER,55.20%,B,DO NOT BET,53.91,✅ HIT,4,UNDER,56.30%,55.09,✅ HIT,UNDER,55.20%,53.98,✅ HIT,UNDER,55.00%,53.76,✅ HIT,UNDER,54.10%,52.81,✅ HIT,0.17,0.26,-3,0.5,-0.18,1,0.8,0.0081,100.00%
420,Brandon Ingram,PRA,30.5,UNDER,50.40%,D,DO NOT BET,53.91,✅ HIT,16,OVER,50.50%,49.04,❌ MISS,OVER,50.70%,49.17,❌ MISS,UNDER,51.60%,55.08,✅ HIT,UNDER,51.30%,54.76,✅ HIT,0.11,-0.08,1.5,-0.5,1.25,1.2,0.8,0.0102,50.00%
421,Cade Cunningham,PA,35.5,OVER,51.30%,D,DO NOT BET,53.91,✅ HIT,36,OVER,50.40%,53.01,✅ HIT,OVER,50.70%,53.38,✅ HIT,OVER,51.70%,54.38,✅ HIT,OVER,52.20%,54.87,✅ HIT,0.08,0.43,0.67,2.3,-1.85,1,0.8,0.0075,100.00%
422,Cade Cunningham,PR,30.5,OVER,52.00%,D,DO NOT BET,53.81,❌ MISS,24,OVER,52.50%,54.33,❌ MISS,OVER,52.40%,54.21,❌ MISS,OVER,51.50%,53.29,❌ MISS,OVER,51.60%,53.42,❌ MISS,-0.06,0.27,0.97,1.9,-2.31,1,0.8,0.0046,100.00%
423,Cooper Flagg,AST,4.5,OVER,52.30%,C,DO NOT BET,53.78,✅ HIT,5,OVER,54.00%,55.49,✅ HIT,OVER,53.10%,54.6,✅ HIT,OVER,51.40%,52.9,✅ HIT,OVER,50.70%,52.14,✅ HIT,0.17,-0.19,0,-0.3,0.57,1.2,1.2,0.0133,100.00%
424,Immanuel Quickley,PR,19.5,OVER,55.30%,D,DO NOT BET,53.74,❌ MISS,16,OVER,56.00%,54.48,❌ MISS,OVER,55.80%,54.25,❌ MISS,OVER,54.60%,53.05,❌ MISS,OVER,54.70%,53.18,❌ MISS,-0.32,-0.15,-0.35,-0.9,-1.02,1.2,1.2,0.0063,100.00%
425,Russell Westbrook,PRA,29.5,OVER,50.50%,D,DO NOT BET,53.72,✅ HIT,32,OVER,52.70%,55.89,✅ HIT,OVER,52.80%,55.97,✅ HIT,UNDER,51.90%,50.67,❌ MISS,UNDER,51.50%,50.34,❌ MISS,0.27,-0.19,-0.03,-1.5,3.65,1,1.2,0.0222,50.00%
426,DeMar DeRozan,PRA,22.5,OVER,55.50%,D,DO NOT BET,53.7,❌ MISS,16,OVER,57.80%,56.07,❌ MISS,OVER,57.80%,56.02,❌ MISS,OVER,52.90%,51.2,❌ MISS,OVER,53.30%,51.51,❌ MISS,-0.86,1.03,-0.14,3.1,-5.68,0.8,0.4,0.0235,100.00%
427,Michael Porter Jr.,REB,6.5,UNDER,51.50%,B,DO NOT BET,53.69,✅ HIT,2,UNDER,52.40%,54.6,✅ HIT,UNDER,51.40%,53.64,✅ HIT,UNDER,51.50%,53.65,✅ HIT,UNDER,50.70%,52.85,✅ HIT,0.14,0.14,0.26,0.7,-0.04,1,1.2,0.0062,100.00%
428,Michael Porter Jr.,PA,24.5,OVER,58.10%,D,DO NOT BET,53.68,❌ MISS,20,OVER,50.80%,46.39,❌ MISS,OVER,51.20%,46.77,❌ MISS,OVER,65.00%,60.54,❌ MISS,OVER,65.50%,61.04,❌ MISS,-0.41,0.07,-2.41,0.5,-3.39,1.2,1.2,0.0711,100.00%
429,Cade Cunningham,FGA,18.5,UNDER,52.40%,D,DO NOT BET,53.66,✅ HIT,10,UNDER,53.20%,54.51,✅ HIT,UNDER,53.30%,54.6,✅ HIT,UNDER,51.30%,52.53,✅ HIT,UNDER,51.70%,52.99,✅ HIT,0.29,0.7,-1.84,2.7,-1.57,1,0.8,0.0091,100.00%
430,Kevin Durant,REB,5.5,UNDER,53.60%,B,DO NOT BET,53.61,❌ MISS,8,UNDER,54.50%,54.5,❌ MISS,UNDER,53.50%,53.45,❌ MISS,UNDER,53.70%,53.69,❌ MISS,UNDER,52.80%,52.79,❌ MISS,-0.01,0.6,-1.38,0.7,-0.72,0.8,0.8,0.0061,100.00%
431,Austin Reaves,TOV,2.5,OVER,53.60%,A,DO NOT BET,53.58,❌ MISS,1,OVER,52.30%,52.29,❌ MISS,OVER,51.90%,51.9,❌ MISS,OVER,55.40%,55.32,❌ MISS,OVER,54.80%,54.81,❌ MISS,-0.32,0.17,-0.12,0.3,-0.85,0.8,0.8,0.015,100.00%
432,Collin Sexton,TOV,2.5,UNDER,53.10%,A,DO NOT BET,53.53,NO GAME,,UNDER,54.60%,55,NO GAME,UNDER,54.70%,55.15,NO GAME,UNDER,51.40%,51.86,NO GAME,UNDER,51.70%,52.12,NO GAME,-0.25,-0.35,0.19,-0.5,0.15,1.2,1.2,0.0155,100.00%
433,LaMelo Ball,3PM,3.5,UNDER,53.60%,S,DO NOT BET,53.49,✅ HIT,2,UNDER,53.90%,53.85,✅ HIT,UNDER,54.20%,54.07,✅ HIT,UNDER,53.00%,52.88,✅ HIT,UNDER,53.20%,53.16,✅ HIT,0.03,0.31,-1.25,0.3,-0.27,0.8,0.4,0.0048,100.00%
434,Donte DiVincenzo,3PM,2.5,UNDER,51.90%,S,DO NOT BET,53.46,✅ HIT,2,UNDER,50.10%,51.59,✅ HIT,UNDER,50.30%,51.86,✅ HIT,UNDER,53.60%,55.07,✅ HIT,UNDER,53.80%,55.34,✅ HIT,0.29,0.15,-0.3,0.3,0.26,0.8,0.8,0.0175,100.00%
435,Deni Avdija,REB,5.5,OVER,53.40%,B,DO NOT BET,53.45,❌ MISS,4,OVER,53.40%,53.47,❌ MISS,OVER,54.10%,54.18,❌ MISS,OVER,52.70%,52.77,❌ MISS,OVER,53.30%,53.38,❌ MISS,-0.44,-0.03,1,-0.1,-1.4,1,0.8,0.005,100.00%
436,DeMar DeRozan,REB,2.5,OVER,54.10%,B,DO NOT BET,53.42,✅ HIT,3,OVER,54.50%,53.79,✅ HIT,OVER,55.10%,54.46,✅ HIT,OVER,53.10%,52.43,✅ HIT,OVER,53.70%,53.02,✅ HIT,-0.54,0.31,-0.5,0.3,-0.83,0.6,0.4,0.0077,100.00%
437,Klay Thompson,3PA,6.5,OVER,55.40%,B,DO NOT BET,53.42,✅ HIT,11,OVER,55.80%,53.87,✅ HIT,OVER,54.70%,52.78,✅ HIT,OVER,56.00%,54.04,✅ HIT,OVER,54.90%,53,✅ HIT,-0.34,-0.32,-1.5,-1.1,-0.07,1.4,1.2,0.0054,100.00%
438,RJ Barrett,RA,8.5,OVER,50.80%,C,DO NOT BET,53.39,❌ MISS,7,UNDER,50.50%,49.99,✅ HIT,UNDER,50.30%,49.74,✅ HIT,OVER,52.20%,54.79,❌ MISS,OVER,52.00%,54.51,❌ MISS,-0.21,0.35,1.5,0.5,-0.79,1.2,0.8,0.0126,50.00%
439,Collin Sexton,PA,20.5,UNDER,54.10%,D,DO NOT BET,53.32,NO GAME,,UNDER,55.10%,54.33,NO GAME,UNDER,54.70%,53.99,NO GAME,UNDER,53.50%,52.72,NO GAME,UNDER,53.00%,52.25,NO GAME,-0.33,0.59,0.3,4.5,-7,1.2,0.4,0.0086,100.00%
440,LaMelo Ball,FGA,17.5,UNDER,52.30%,D,DO NOT BET,53.32,✅ HIT,16,UNDER,54.10%,55.19,✅ HIT,UNDER,54.10%,55.12,✅ HIT,UNDER,50.20%,51.2,✅ HIT,UNDER,50.80%,51.81,✅ HIT,-0.27,1.06,-0.33,1.7,-2.13,1,0.4,0.0184,100.00%
441,Jrue Holiday,AST,5.5,OVER,52.60%,C,DO NOT BET,53.31,❌ MISS,5,OVER,52.80%,53.42,❌ MISS,OVER,52.00%,52.65,❌ MISS,OVER,53.40%,54.06,❌ MISS,OVER,52.40%,53.12,❌ MISS,-0.24,-0.27,0.98,-0.9,0.09,1,0.8,0.0051,100.00%
442,Devin Booker,REB,3.5,OVER,53.20%,B,DO NOT BET,53.3,✅ HIT,5,OVER,52.50%,52.61,✅ HIT,OVER,53.30%,53.36,✅ HIT,OVER,53.30%,53.34,✅ HIT,OVER,53.90%,53.92,✅ HIT,-0.27,-0.06,-0.37,-0.1,-0.34,1.2,1.2,0.0047,100.00%
443,De'Aaron Fox,3PM,1.5,OVER,50.30%,S,DO NOT BET,53.29,✅ HIT,2,OVER,50.80%,53.76,✅ HIT,OVER,50.50%,53.48,✅ HIT,OVER,50.20%,53.13,✅ HIT,UNDER,50.20%,49.22,❌ MISS,-0.34,-0.08,3,-0.1,-0.31,0.8,0.4,0.0037,75.00%
444,Luka Dončić,FTM,7.5,UNDER,51.90%,B,DO NOT BET,53.29,✅ HIT,5,UNDER,52.20%,53.59,✅ HIT,UNDER,53.20%,54.61,✅ HIT,UNDER,50.40%,51.83,✅ HIT,UNDER,51.70%,53.15,✅ HIT,0.17,-0.79,0.41,-2.1,2.54,1.2,1.2,0.01,100.00%
445,Michael Porter Jr.,PR,28.5,OVER,56.90%,D,DO NOT BET,53.23,❌ MISS,21,OVER,52.00%,48.35,❌ MISS,OVER,51.90%,48.25,❌ MISS,OVER,61.80%,58.11,❌ MISS,OVER,61.90%,58.24,❌ MISS,-0.25,-0.06,-1.35,-0.7,-2.27,1,1.2,0.0494,100.00%
446,Victor Wembanyama,RA,13.5,UNDER,51.80%,C,DO NOT BET,53.2,❌ MISS,14,UNDER,54.30%,55.7,❌ MISS,UNDER,53.60%,55.04,❌ MISS,OVER,50.40%,50.99,✅ HIT,OVER,50.40%,50.95,✅ HIT,0.14,-0.09,-0.15,-0.3,0.8,1,1.2,0.0218,50.00%
447,Bam Adebayo,PTS,24.5,UNDER,62.90%,D,DO NOT BET,53.18,❌ MISS,83,UNDER,68.50%,58.71,❌ MISS,UNDER,68.20%,58.44,❌ MISS,UNDER,57.40%,47.66,❌ MISS,UNDER,57.60%,47.9,❌ MISS,-4.79,-1.11,0.15,-1.3,-4.29,1.6,2,0.054,100.00%
448,Brandon Ingram,FGA,16.5,UNDER,52.50%,D,DO NOT BET,53.17,✅ HIT,12,UNDER,51.90%,52.56,✅ HIT,UNDER,52.20%,52.89,✅ HIT,UNDER,52.80%,53.51,✅ HIT,UNDER,53.10%,53.73,✅ HIT,0.19,0.08,-1.5,0.3,0.4,1.2,1.2,0.0047,100.00%
449,Russell Westbrook,PR,21.5,OVER,52.00%,D,DO NOT BET,53.17,✅ HIT,23,OVER,53.90%,55.02,✅ HIT,OVER,53.70%,54.86,✅ HIT,OVER,50.20%,51.33,✅ HIT,OVER,50.30%,51.46,✅ HIT,0.1,-0.34,-0.06,-2.1,2.73,0.8,0.8,0.0177,100.00%
450,Jalen Green,FGA,16.5,UNDER,53.20%,D,DO NOT BET,53.13,❌ MISS,20,UNDER,54.60%,54.58,❌ MISS,UNDER,54.50%,54.43,❌ MISS,UNDER,51.60%,51.55,❌ MISS,UNDER,52.00%,51.96,❌ MISS,-0.94,0.49,1.37,0.9,-2.65,0.8,0.8,0.0138,100.00%
451,Jalen Johnson,FGA,17.5,OVER,52.50%,D,DO NOT BET,53.13,✅ HIT,18,OVER,54.60%,55.21,✅ HIT,OVER,53.10%,53.75,✅ HIT,OVER,51.60%,52.2,✅ HIT,OVER,50.70%,51.34,✅ HIT,0.06,0.49,-1.5,3.3,-2.92,1.2,0.8,0.0148,100.00%
452,LeBron James,AST,6.5,OVER,52.80%,C,DO NOT BET,53.12,NO GAME,,OVER,51.60%,51.96,NO GAME,OVER,50.90%,51.3,NO GAME,OVER,54.80%,55.14,NO GAME,OVER,53.70%,54.08,NO GAME,-0.31,-0.19,0.17,-0.3,-0.2,1.2,1.2,0.0155,100.00%
453,Jaylen Brown,FGA,21.5,UNDER,53.10%,D,DO NOT BET,53.12,✅ HIT,8,UNDER,51.50%,51.5,✅ HIT,UNDER,51.90%,51.89,✅ HIT,UNDER,54.60%,54.56,✅ HIT,UNDER,54.60%,54.54,✅ HIT,0.21,-2.19,-0.16,-5.1,5.6,1.6,2,0.0143,100.00%
454,Cooper Flagg,PR,27.5,OVER,50.50%,D,DO NOT BET,53.11,❌ MISS,26,OVER,59.50%,62.03,❌ MISS,OVER,59.10%,61.68,❌ MISS,UNDER,58.30%,57.7,✅ HIT,UNDER,58.10%,57.57,✅ HIT,0.16,0.69,0,3.1,-2.37,1,0.4,0.0875,50.00%
455,Donte DiVincenzo,RA,7.5,OVER,53.60%,C,DO NOT BET,53.1,❌ MISS,7,OVER,52.60%,52.1,❌ MISS,OVER,52.50%,52,❌ MISS,OVER,55.00%,54.45,❌ MISS,OVER,54.40%,53.84,❌ MISS,-0.82,-0.07,0.27,-0.1,-1.01,1.2,0.8,0.0107,100.00%
456,CJ McCollum,3PA,6.5,UNDER,52.40%,B,DO NOT BET,53.03,❌ MISS,7,UNDER,50.90%,51.53,❌ MISS,UNDER,51.40%,52.08,❌ MISS,UNDER,53.40%,54.05,❌ MISS,UNDER,53.80%,54.47,❌ MISS,0.15,-0.35,-0.17,-0.5,0.71,0.8,1.2,0.0125,100.00%
457,Jrue Holiday,PTS,17.5,UNDER,52.60%,D,DO NOT BET,53,✅ HIT,4,UNDER,52.90%,53.33,✅ HIT,UNDER,53.20%,53.62,✅ HIT,UNDER,51.90%,52.3,✅ HIT,UNDER,52.30%,52.77,✅ HIT,-0.13,1.36,-0.49,7.3,-7.99,0.4,0,0.0051,100.00%
458,Immanuel Quickley,PA,22.5,UNDER,50.60%,D,DO NOT BET,52.99,✅ HIT,18,UNDER,52.30%,54.79,✅ HIT,UNDER,52.00%,54.43,✅ HIT,OVER,50.80%,50.38,❌ MISS,OVER,51.30%,50.87,❌ MISS,0.13,0.39,0,2.7,-1.78,1,0.8,0.0163,50.00%
459,Collin Sexton,3PA,5.5,UNDER,53.40%,B,DO NOT BET,52.94,NO GAME,,UNDER,53.70%,53.25,NO GAME,UNDER,54.00%,53.57,NO GAME,UNDER,52.70%,52.24,NO GAME,UNDER,53.20%,52.71,NO GAME,-2.1,3.07,-0.85,2.3,-3.87,1,0,0.0051,100.00%
460,Cade Cunningham,PTS,25.5,OVER,50.40%,D,DO NOT BET,52.91,❌ MISS,21,UNDER,50.70%,50.14,✅ HIT,UNDER,51.10%,50.52,✅ HIT,OVER,51.90%,54.46,❌ MISS,OVER,51.30%,53.84,❌ MISS,0.04,0.34,0.66,2.3,-2.01,1.2,1.2,0.0127,50.00%
461,Tyler Herro,RA,8.5,UNDER,51.90%,C,DO NOT BET,52.8,NO GAME,,UNDER,50.80%,51.72,NO GAME,UNDER,50.50%,51.44,NO GAME,UNDER,53.30%,54.23,NO GAME,UNDER,52.90%,53.82,NO GAME,-0.05,0.15,0.1,0.7,-0.95,1,0.8,0.0124,100.00%
462,Giannis Antetokounmpo,PA,30.5,OVER,55.90%,D,DO NOT BET,52.79,❌ MISS,25,OVER,54.20%,51.09,❌ MISS,OVER,54.60%,51.48,❌ MISS,OVER,57.10%,54.05,❌ MISS,OVER,57.60%,54.55,❌ MISS,-0.56,0.6,-0.96,2.7,-5.26,0.4,0.4,0.0152,100.00%
463,Jayson Tatum,PTS,19.5,OVER,50.80%,D,DO NOT BET,52.78,✅ HIT,24,UNDER,51.40%,51.4,❌ MISS,UNDER,51.70%,51.75,❌ MISS,OVER,53.50%,55.48,✅ HIT,OVER,52.80%,54.8,✅ HIT,0.8,0.8,-3,2,0,1.4,1.2,0.0237,50.00%
464,Jaden McDaniels,PRA,21.5,OVER,51.80%,D,DO NOT BET,52.73,❌ MISS,8,OVER,53.30%,54.17,❌ MISS,OVER,53.30%,54.23,❌ MISS,OVER,50.20%,51.11,❌ MISS,OVER,50.50%,51.43,❌ MISS,-0.1,0.52,-0.11,3.1,-3.71,1.2,0.8,0.0147,100.00%
465,Jrue Holiday,3PA,6.5,OVER,51.90%,B,DO NOT BET,52.69,❌ MISS,2,OVER,53.10%,53.91,❌ MISS,OVER,52.20%,53.03,❌ MISS,OVER,51.40%,52.29,❌ MISS,OVER,50.70%,51.54,❌ MISS,0,-0.9,0.33,-1.5,1.5,1.4,1.6,0.0088,100.00%
466,Anthony Edwards,REB,4.5,OVER,53.90%,B,DO NOT BET,52.68,❌ MISS,2,OVER,53.80%,52.63,❌ MISS,OVER,54.50%,53.32,❌ MISS,OVER,53.30%,52.09,❌ MISS,OVER,53.80%,52.68,❌ MISS,-0.56,0.6,-1.37,0.7,-1.35,0.8,0.4,0.0044,100.00%
467,Immanuel Quickley,AST,5.5,UNDER,50.60%,C,DO NOT BET,52.62,❌ MISS,6,UNDER,51.50%,53.43,❌ MISS,UNDER,51.80%,53.81,❌ MISS,OVER,50.70%,50.73,✅ HIT,OVER,50.00%,50.03,✅ HIT,0.15,0.5,-0.12,2.1,-1.45,0.8,0.4,0.0104,50.00%
468,Jaylen Brown,PR,32.5,OVER,56.70%,D,DO NOT BET,52.6,❌ MISS,10,OVER,58.70%,54.62,❌ MISS,OVER,58.40%,54.3,❌ MISS,OVER,54.80%,50.68,❌ MISS,OVER,54.90%,50.81,❌ MISS,-1.86,-0.16,0.37,-0.3,-3.11,1,0.8,0.0186,100.00%
469,DeMar DeRozan,PTS,16.5,OVER,52.90%,D,DO NOT BET,52.59,❌ MISS,12,OVER,55.00%,54.66,❌ MISS,OVER,54.40%,54.08,❌ MISS,OVER,51.50%,51.12,❌ MISS,OVER,50.90%,50.52,❌ MISS,-0.43,1.01,-0.07,3.9,-5.56,0.8,0.4,0.018,100.00%
470,DeMar DeRozan,PA,19.5,OVER,54.50%,D,DO NOT BET,52.58,❌ MISS,13,OVER,55.50%,53.58,❌ MISS,OVER,55.90%,53.97,❌ MISS,OVER,53.10%,51.14,❌ MISS,OVER,53.60%,51.64,❌ MISS,-0.8,0.72,-0.13,2.3,-4.85,0.8,0.4,0.0122,100.00%
471,Onyeka Okongwu,PRA,26.5,OVER,52.80%,D,DO NOT BET,52.57,✅ HIT,29,OVER,52.70%,52.46,✅ HIT,OVER,52.80%,52.54,✅ HIT,OVER,52.70%,52.48,✅ HIT,OVER,53.00%,52.79,✅ HIT,-0.1,-0.3,0.02,-2.1,1.44,0.8,1.2,0.0013,100.00%
472,Amen Thompson,TOV,2.5,OVER,51.40%,A,DO NOT BET,52.57,✅ HIT,3,OVER,55.00%,56.17,✅ HIT,OVER,54.50%,55.7,✅ HIT,UNDER,51.90%,52.67,❌ MISS,UNDER,52.10%,52.91,❌ MISS,0.01,0.66,-0.66,0.9,-0.89,1.2,0.4,0.0337,50.00%
473,RJ Barrett,3PA,4.5,OVER,54.00%,B,DO NOT BET,52.56,✅ HIT,6,OVER,52.70%,51.2,✅ HIT,OVER,51.80%,50.35,✅ HIT,OVER,56.30%,54.87,✅ HIT,OVER,55.30%,53.8,✅ HIT,-0.3,-0.19,-1.5,-0.3,-0.17,1,1.2,0.0184,100.00%
474,Jayson Tatum,PR,26.5,UNDER,53.10%,D,DO NOT BET,52.56,❌ MISS,29,UNDER,57.00%,56.48,❌ MISS,UNDER,56.80%,56.27,❌ MISS,OVER,50.70%,53.19,✅ HIT,OVER,50.80%,53.32,✅ HIT,-0.75,-0.75,2.29,-1.5,0,0.2,0.4,0.0382,50.00%
475,Jayson Tatum,3PM,2.5,OVER,51.30%,S,DO NOT BET,52.45,✅ HIT,4,OVER,51.00%,52.12,✅ HIT,OVER,50.70%,51.85,✅ HIT,OVER,52.00%,53.11,✅ HIT,OVER,51.60%,52.72,✅ HIT,0,0,-0.25,0,0,1.4,1.2,0.0049,100.00%
476,Michael Porter Jr.,PRA,31.5,OVER,55.70%,D,DO NOT BET,52.45,❌ MISS,22,OVER,50.40%,47.22,❌ MISS,OVER,50.60%,47.35,❌ MISS,OVER,60.70%,57.47,❌ MISS,OVER,61.00%,57.74,❌ MISS,-0.27,0.03,-0.92,0.3,-3.35,1,1.2,0.0516,100.00%
477,Collin Sexton,PR,19.5,UNDER,53.60%,D,DO NOT BET,52.43,NO GAME,,UNDER,52.90%,51.76,NO GAME,UNDER,52.90%,51.69,NO GAME,UNDER,54.40%,53.2,NO GAME,UNDER,54.30%,53.07,NO GAME,-0.36,0.54,0.35,4.3,-7.21,1.2,0.4,0.0071,100.00%
478,Immanuel Quickley,3PM,2.5,OVER,52.50%,S,DO NOT BET,52.42,❌ MISS,1,OVER,52.50%,52.41,❌ MISS,OVER,52.20%,52.12,❌ MISS,OVER,52.90%,52.78,❌ MISS,OVER,52.50%,52.38,❌ MISS,-0.34,0.2,-1,0.1,-0.27,1.2,0.8,0.0024,100.00%
479,RJ Barrett,PTS,18.5,UNDER,52.50%,D,DO NOT BET,52.39,❌ MISS,25,UNDER,50.50%,50.39,❌ MISS,UNDER,50.80%,50.78,❌ MISS,UNDER,54.10%,54.01,❌ MISS,UNDER,54.40%,54.39,❌ MISS,0.01,0.53,-1.5,3.3,-3.21,0.8,0.4,0.0181,100.00%
480,Tobias Harris,PTS,12.5,OVER,53.60%,D,DO NOT BET,52.38,❌ MISS,2,OVER,55.50%,54.26,❌ MISS,OVER,54.90%,53.65,❌ MISS,OVER,52.30%,51.11,❌ MISS,OVER,51.70%,50.48,❌ MISS,-0.15,-0.67,-0.37,-3.5,2.7,0.8,1.2,0.0161,100.00%
481,Naz Reid,3PM,1.5,UNDER,51.10%,S,DO NOT BET,52.37,✅ HIT,1,UNDER,52.90%,54.11,✅ HIT,UNDER,53.10%,54.34,✅ HIT,OVER,50.90%,51.66,❌ MISS,OVER,50.50%,51.3,❌ MISS,1.6,-1.84,-0.71,-0.9,1.69,1.4,2,0.0186,50.00%
482,Josh Giddey,3PA,5.5,UNDER,52.20%,B,DO NOT BET,52.34,❌ MISS,9,OVER,50.20%,52.08,✅ HIT,UNDER,50.40%,50.57,❌ MISS,UNDER,54.10%,54.25,❌ MISS,UNDER,54.40%,54.62,❌ MISS,-0.21,0.16,-0.13,0.5,-1.14,1,0.8,0.0211,75.00%
483,Scottie Barnes,AST,4.5,OVER,51.60%,C,DO NOT BET,52.33,❌ MISS,2,OVER,50.50%,51.24,❌ MISS,UNDER,50.10%,51.32,✅ HIT,OVER,53.40%,54.18,❌ MISS,OVER,52.50%,53.24,❌ MISS,-0.64,1.06,0.06,1.5,-2.41,1.2,0.4,0.0143,75.00%
484,Devin Booker,PTS,26.5,UNDER,53.40%,D,DO NOT BET,52.32,❌ MISS,27,UNDER,54.70%,53.61,❌ MISS,UNDER,54.90%,53.83,❌ MISS,UNDER,51.80%,50.69,❌ MISS,UNDER,52.20%,51.16,❌ MISS,-0.16,-0.43,0.12,-4.3,2.68,1,0.8,0.0141,100.00%
485,Kevin Durant,PA,29.5,UNDER,51.00%,D,DO NOT BET,52.31,❌ MISS,31,UNDER,50.70%,52.02,❌ MISS,UNDER,50.30%,51.66,❌ MISS,UNDER,51.70%,53.02,❌ MISS,UNDER,51.20%,52.54,❌ MISS,0.19,0.05,-0.77,0.3,0.75,0.8,1.2,0.0052,100.00%
486,Luka Dončić,RA,15.5,OVER,51.70%,C,DO NOT BET,52.28,✅ HIT,22,OVER,52.10%,52.67,✅ HIT,OVER,52.10%,52.63,✅ HIT,OVER,51.40%,52,✅ HIT,OVER,51.30%,51.83,✅ HIT,-0.32,0.23,0.37,0.5,-1.21,1,0.8,0.0037,100.00%
487,Brandin Podziemski,PR,24.5,UNDER,59.10%,D,DO NOT BET,52.22,✅ HIT,11,UNDER,59.10%,52.19,✅ HIT,UNDER,58.80%,51.92,✅ HIT,UNDER,59.40%,52.45,✅ HIT,UNDER,59.20%,52.32,✅ HIT,-1.02,0.08,-0.39,0.5,-7.08,1,1.2,0.0019,100.00%
488,Giannis Antetokounmpo,PTS,25.5,OVER,54.90%,D,DO NOT BET,52.2,❌ MISS,22,OVER,57.20%,54.55,❌ MISS,OVER,56.50%,53.89,❌ MISS,OVER,53.20%,50.51,❌ MISS,OVER,52.50%,49.84,❌ MISS,-0.67,1.08,-1.42,3.3,-5.35,0.4,0.4,0.0205,100.00%
489,Immanuel Quickley,PTS,16.5,UNDER,50.10%,D,DO NOT BET,52.14,✅ HIT,12,UNDER,50.80%,52.9,✅ HIT,UNDER,51.20%,53.28,✅ HIT,OVER,51.20%,51.1,❌ MISS,OVER,50.60%,50.51,❌ MISS,0.13,0.19,0.2,1.1,-0.33,0.8,0.8,0.0098,50.00%
490,Bam Adebayo,FGA,17.5,UNDER,53.20%,D,DO NOT BET,52.1,❌ MISS,43,UNDER,55.60%,54.5,❌ MISS,UNDER,55.20%,54.18,❌ MISS,UNDER,50.60%,49.58,❌ MISS,UNDER,51.20%,50.13,❌ MISS,-0.54,0.53,0.29,2.3,-4.64,1,1.2,0.0226,100.00%
491,Bam Adebayo,3PM,1.5,UNDER,50.50%,S,DO NOT BET,52.09,❌ MISS,7,OVER,50.10%,50.59,✅ HIT,UNDER,50.10%,51.68,❌ MISS,UNDER,50.90%,52.46,❌ MISS,UNDER,51.30%,52.79,❌ MISS,0.09,0.06,0.23,0.1,0.05,1,1.2,0.0056,75.00%
492,Jrue Holiday,PRA,27.5,OVER,51.40%,D,DO NOT BET,52.08,❌ MISS,10,UNDER,50.20%,51.58,✅ HIT,UNDER,50.10%,51.43,✅ HIT,OVER,52.80%,53.51,❌ MISS,OVER,53.20%,53.82,❌ MISS,-0.02,-1.03,0.64,-8.3,8.16,1.2,1.6,0.0158,50.00%
493,Cade Cunningham,AST,9.5,UNDER,51.00%,C,DO NOT BET,52.06,❌ MISS,15,UNDER,52.40%,53.53,❌ MISS,UNDER,52.70%,53.82,❌ MISS,OVER,51.00%,51.92,✅ HIT,OVER,50.30%,51.2,✅ HIT,0.14,0.2,-0.2,0.5,-0.16,0.6,0.8,0.0164,50.00%
494,Russell Westbrook,FGA,14.5,UNDER,52.80%,D,DO NOT BET,52.04,✅ HIT,10,UNDER,52.90%,52.08,✅ HIT,UNDER,53.00%,52.23,✅ HIT,UNDER,52.60%,51.79,✅ HIT,UNDER,52.90%,52.05,✅ HIT,-0.7,0.99,-0.7,1.7,-2.9,0.8,0.4,0.0016,100.00%
495,Giannis Antetokounmpo,AST,5.5,UNDER,50.50%,C,DO NOT BET,52.02,✅ HIT,3,UNDER,50.20%,51.73,✅ HIT,UNDER,50.70%,52.23,✅ HIT,UNDER,50.30%,51.75,✅ HIT,UNDER,50.90%,52.35,✅ HIT,0.01,0.04,0.42,0.1,-0.08,1,0.8,0.0028,100.00%
496,Michael Porter Jr.,RA,9.5,OVER,51.60%,C,DO NOT BET,52,❌ MISS,3,UNDER,51.60%,53.2,✅ HIT,UNDER,51.20%,52.83,✅ HIT,OVER,54.90%,55.31,❌ MISS,OVER,54.30%,54.71,❌ MISS,-0.15,0.06,0.25,0.3,-1.04,1,0.8,0.0302,50.00%
497,Collin Sexton,PTS,15.5,OVER,51.60%,D,DO NOT BET,51.99,NO GAME,,OVER,50.30%,50.72,NO GAME,UNDER,50.10%,51.7,NO GAME,OVER,53.40%,53.8,NO GAME,OVER,52.70%,53.12,NO GAME,0.12,-0.92,-0.48,-6.5,7.37,0.8,1.6,0.015,75.00%
498,Kevin Durant,PRA,34.5,OVER,52.00%,D,DO NOT BET,51.91,✅ HIT,39,OVER,54.30%,54.14,✅ HIT,OVER,54.30%,54.18,✅ HIT,UNDER,50.40%,52.51,❌ MISS,UNDER,50.00%,52.19,❌ MISS,-0.31,-0.3,0.79,-1.5,-0.03,1.2,0.8,0.0225,50.00%
499,Jrue Holiday,PR,21.5,OVER,51.20%,D,DO NOT BET,51.9,❌ MISS,5,OVER,50.40%,51.08,❌ MISS,OVER,50.40%,51.03,❌ MISS,OVER,52.00%,52.67,❌ MISS,OVER,52.20%,52.81,❌ MISS,0.03,-1.35,0.41,-7.9,8.07,1.4,2,0.0085,100.00%
500,Brandon Miller,AST,3.5,UNDER,52.80%,C,DO NOT BET,51.83,❌ MISS,4,UNDER,56.10%,55.08,❌ MISS,UNDER,56.00%,55.04,❌ MISS,OVER,50.80%,53.76,✅ HIT,OVER,50.10%,53.06,✅ HIT,-0.11,-0.26,-1.5,-0.3,0.17,1,1.2,0.0324,50.00%
501,Jalen Green,AST,2.5,UNDER,51.80%,C,DO NOT BET,51.78,❌ MISS,5,UNDER,52.20%,52.19,❌ MISS,UNDER,52.50%,52.5,❌ MISS,UNDER,51.00%,50.94,❌ MISS,UNDER,51.50%,51.48,❌ MISS,-0.35,-0.56,0,-0.5,0.19,1.2,1.2,0.0061,100.00%
502,De'Aaron Fox,RA,9.5,OVER,52.40%,C,DO NOT BET,51.74,✅ HIT,12,OVER,52.90%,52.26,✅ HIT,OVER,52.70%,52.12,✅ HIT,OVER,52.00%,51.43,✅ HIT,OVER,51.80%,51.18,✅ HIT,-0.3,-0.55,-0.29,-0.9,0.42,1,1.2,0.0046,100.00%
503,Brandin Podziemski,REB,6.5,UNDER,53.30%,B,DO NOT BET,51.69,✅ HIT,2,UNDER,55.10%,53.49,✅ HIT,UNDER,54.00%,52.43,✅ HIT,UNDER,52.50%,50.84,✅ HIT,UNDER,51.60%,49.99,✅ HIT,-1.26,0.88,-0.37,0.9,-2.18,0.4,0.4,0.0136,100.00%
504,CJ McCollum,RA,7.5,UNDER,50.10%,C,DO NOT BET,51.67,❌ MISS,13,OVER,51.10%,51.54,✅ HIT,OVER,51.20%,51.6,✅ HIT,UNDER,51.40%,52.98,❌ MISS,UNDER,51.20%,52.8,❌ MISS,-0.19,0.22,0.98,0.5,-0.93,1,0.8,0.0123,50.00%
505,CJ McCollum,3PM,2.5,UNDER,52.40%,S,DO NOT BET,51.62,✅ HIT,2,UNDER,52.10%,51.24,✅ HIT,UNDER,52.30%,51.48,✅ HIT,UNDER,52.60%,51.74,✅ HIT,UNDER,52.80%,52.03,✅ HIT,0.03,-1.37,-0.71,-1.1,1.13,1.2,2,0.0029,100.00%
506,Immanuel Quickley,3PA,6.5,OVER,52.00%,B,DO NOT BET,51.57,❌ MISS,6,OVER,50.20%,49.82,❌ MISS,UNDER,50.40%,52.83,✅ HIT,OVER,54.50%,54.12,❌ MISS,OVER,53.60%,53.17,❌ MISS,-0.27,-0.05,-0.75,-0.1,-0.45,1.2,1.2,0.0212,75.00%
507,Jrue Holiday,FGA,14.5,UNDER,52.90%,D,DO NOT BET,51.51,✅ HIT,8,UNDER,50.90%,49.43,✅ HIT,UNDER,51.40%,49.94,✅ HIT,UNDER,54.80%,53.36,✅ HIT,UNDER,54.70%,53.31,✅ HIT,-0.39,0.42,-0.84,1.3,-2.52,0.6,0.4,0.0183,100.00%
508,Michael Porter Jr.,FTM,3.5,OVER,51.30%,B,DO NOT BET,51.48,✅ HIT,4,OVER,50.20%,50.36,✅ HIT,UNDER,51.10%,52.94,❌ MISS,OVER,54.00%,54.17,✅ HIT,OVER,52.20%,52.33,✅ HIT,-0.12,0.05,-0.55,0.1,-0.35,1,0.8,0.0194,75.00%
509,Jayson Tatum,FGA,15.5,OVER,64.60%,D,DO NOT BET,51.45,✅ HIT,24,OVER,64.70%,51.5,✅ HIT,OVER,61.60%,48.41,✅ HIT,OVER,67.60%,54.41,✅ HIT,OVER,64.60%,51.48,✅ HIT,-6,-6,-2.67,-0.5,0,2,2,0.0212,100.00%
510,Brandon Ingram,PTS,20.5,OVER,53.40%,D,DO NOT BET,51.45,❌ MISS,9,OVER,55.30%,53.29,❌ MISS,OVER,54.70%,52.69,❌ MISS,OVER,52.20%,50.22,❌ MISS,OVER,51.60%,49.59,❌ MISS,-0.17,0.07,-1.5,0.5,-1.7,0.8,0.8,0.0157,100.00%
511,Brandon Miller,RA,8.5,OVER,52.30%,C,DO NOT BET,51.39,✅ HIT,13,OVER,51.20%,50.28,✅ HIT,OVER,51.20%,50.34,✅ HIT,OVER,53.60%,52.68,✅ HIT,OVER,53.10%,52.24,✅ HIT,0.02,-0.72,-1.5,-2.7,2.78,1.2,1.6,0.0108,100.00%
512,Brandin Podziemski,PA,22.5,UNDER,58.20%,D,DO NOT BET,51.36,✅ HIT,16,UNDER,59.60%,52.78,✅ HIT,UNDER,59.30%,52.47,✅ HIT,UNDER,57.10%,50.32,✅ HIT,UNDER,56.70%,49.87,✅ HIT,-1.36,-0.2,-0.17,-0.9,-5.18,1,0.8,0.0128,100.00%
513,LaMelo Ball,RA,11.5,OVER,50.50%,C,DO NOT BET,51.36,❌ MISS,8,UNDER,52.60%,53.74,✅ HIT,UNDER,52.10%,53.27,✅ HIT,OVER,53.60%,54.43,❌ MISS,OVER,53.10%,54,❌ MISS,-0.24,0.04,0.42,0.1,-0.67,1.2,1.2,0.0287,50.00%
514,Giannis Antetokounmpo,REB,9.5,OVER,50.80%,B,DO NOT BET,51.22,❌ MISS,6,UNDER,50.10%,51.71,✅ HIT,OVER,50.70%,51.16,❌ MISS,OVER,51.00%,51.39,❌ MISS,OVER,51.60%,52.07,❌ MISS,-0.12,-0.28,0.4,-0.9,0.52,0.8,1.2,0.0064,75.00%
515,LeBron James,FTM,3.5,OVER,51.50%,B,DO NOT BET,51.21,NO GAME,,OVER,50.80%,50.55,NO GAME,UNDER,50.50%,52.81,NO GAME,OVER,53.70%,53.45,NO GAME,OVER,51.90%,51.64,NO GAME,-0.28,0.2,-0.8,0.3,-0.71,1,1.2,0.0156,75.00%
516,Julius Randle,REB,6.5,OVER,50.80%,B,DO NOT BET,51.05,✅ HIT,7,OVER,50.30%,50.51,✅ HIT,OVER,51.20%,51.36,✅ HIT,OVER,50.60%,50.81,✅ HIT,OVER,51.30%,51.52,✅ HIT,-0.17,-0.56,0,-1.5,1.03,1.4,1.6,0.0041,100.00%
517,RJ Barrett,PA,21.5,UNDER,50.70%,D,DO NOT BET,51.05,❌ MISS,26,UNDER,51.60%,51.92,❌ MISS,UNDER,51.20%,51.56,❌ MISS,UNDER,50.30%,50.6,❌ MISS,OVER,50.20%,51.88,✅ HIT,0.08,0.45,-1.5,2.7,-2.2,0.8,0.4,0.0072,75.00%
518,Jaylen Wells,PRA,18.5,UNDER,50.50%,D,DO NOT BET,50.99,✅ HIT,14,OVER,50.00%,51.58,❌ MISS,OVER,50.20%,51.73,❌ MISS,UNDER,51.30%,51.79,✅ HIT,UNDER,51.00%,51.47,✅ HIT,-0.13,0.4,0.43,2.5,-3.34,0.6,0.4,0.0066,50.00%
519,Jalen Johnson,PR,33.5,OVER,50.80%,D,DO NOT BET,50.99,✅ HIT,34,OVER,54.60%,54.77,✅ HIT,OVER,54.40%,54.58,✅ HIT,UNDER,52.90%,54.77,❌ MISS,UNDER,52.80%,54.64,❌ MISS,0.01,0.52,-1.5,7.1,-6.97,1,0.8,0.0369,50.00%
520,Cooper Flagg,REB,6.5,UNDER,50.30%,B,DO NOT BET,50.96,❌ MISS,12,OVER,50.20%,51.6,✅ HIT,OVER,51.10%,52.45,✅ HIT,UNDER,51.70%,52.36,❌ MISS,UNDER,50.90%,51.55,❌ MISS,0.05,-0.3,0,-0.5,0.58,0.8,1.2,0.0108,50.00%
521,Bam Adebayo,PA,27.5,UNDER,57.70%,D,DO NOT BET,50.86,❌ MISS,86,UNDER,60.20%,53.38,❌ MISS,UNDER,60.00%,53.08,❌ MISS,UNDER,55.60%,48.72,❌ MISS,UNDER,55.10%,48.26,❌ MISS,-2.35,-0.37,0.33,-0.9,-4.78,1.2,1.2,0.0238,100.00%
522,Jaden McDaniels,PTS,13.5,OVER,51.20%,D,DO NOT BET,50.83,❌ MISS,6,OVER,54.10%,53.72,❌ MISS,OVER,53.60%,53.16,❌ MISS,UNDER,51.10%,53.53,✅ HIT,UNDER,51.60%,54.03,✅ HIT,-0.23,0.29,-0.29,1.7,-3.09,1.2,0.8,0.0263,50.00%
523,Cooper Flagg,RA,11.5,UNDER,51.20%,C,DO NOT BET,50.79,❌ MISS,17,OVER,51.40%,53.76,✅ HIT,OVER,51.40%,53.79,✅ HIT,UNDER,54.00%,53.61,❌ MISS,UNDER,53.50%,53.11,❌ MISS,-0.24,-0.24,0,-0.7,0.01,0.8,1.2,0.0257,50.00%
524,LaMelo Ball,3PA,9.5,UNDER,50.50%,B,DO NOT BET,50.79,✅ HIT,7,OVER,50.40%,52.13,❌ MISS,UNDER,50.30%,50.53,✅ HIT,UNDER,50.80%,51.07,✅ HIT,UNDER,51.40%,51.67,✅ HIT,0.08,0.7,-1.33,1.9,-1.67,0.6,0.4,0.0066,75.00%
525,Deni Avdija,FTM,5.5,OVER,52.10%,B,DO NOT BET,50.72,❌ MISS,4,OVER,51.70%,50.3,❌ MISS,OVER,50.20%,48.85,❌ MISS,OVER,54.10%,52.78,❌ MISS,OVER,52.30%,50.93,❌ MISS,-0.69,0.27,-0.11,0.7,-2.53,1,0.8,0.0141,100.00%
526,Cade Cunningham,3PA,5.5,UNDER,50.40%,B,DO NOT BET,50.67,✅ HIT,5,OVER,51.70%,53.38,❌ MISS,OVER,50.90%,52.62,❌ MISS,UNDER,51.80%,52.06,✅ HIT,UNDER,52.30%,52.59,✅ HIT,0.18,0.26,-1.22,0.7,-0.22,0.6,0.8,0.0169,50.00%
527,Luka Dončić,REB,7.5,OVER,50.20%,B,DO NOT BET,50.66,✅ HIT,11,OVER,50.20%,50.7,✅ HIT,OVER,51.10%,51.55,✅ HIT,UNDER,50.70%,52.19,❌ MISS,OVER,50.10%,50.57,✅ HIT,-0.15,-0.53,0.28,-1.1,0.79,1.2,1.6,0.0062,75.00%
528,Amen Thompson,PTS,17.5,OVER,50.30%,D,DO NOT BET,50.65,✅ HIT,23,OVER,50.70%,51.07,✅ HIT,OVER,50.30%,50.64,✅ HIT,OVER,50.30%,50.73,✅ HIT,UNDER,50.20%,51.83,❌ MISS,-0.05,-1.59,0.95,-4.3,4.16,1.2,2,0.0032,75.00%
529,Julius Randle,PA,23.5,OVER,54.30%,D,DO NOT BET,50.36,❌ MISS,16,OVER,55.50%,51.53,❌ MISS,OVER,55.90%,51.93,❌ MISS,OVER,52.70%,48.73,❌ MISS,OVER,53.20%,49.23,❌ MISS,-0.54,0.81,-1.7,4.7,-7.81,0.6,0.4,0.0139,100.00%
530,Onyeka Okongwu,PR,23.5,OVER,50.10%,D,DO NOT BET,50.34,✅ HIT,27,OVER,50.10%,50.32,✅ HIT,OVER,50.10%,50.28,✅ HIT,OVER,50.10%,50.32,✅ HIT,OVER,50.20%,50.45,✅ HIT,-0.06,-0.1,-0.05,-0.7,0.32,0.8,0.8,0.0006,100.00%
531,Jrue Holiday,TOV,2.5,OVER,50.60%,A,DO NOT BET,50.3,❌ MISS,2,OVER,53.50%,53.25,❌ MISS,OVER,53.10%,52.83,❌ MISS,UNDER,52.00%,54.32,✅ HIT,UNDER,52.30%,54.55,✅ HIT,-0.49,-1.12,0.32,-0.9,0.51,1.4,1.6,0.0274,50.00%
532,Brandon Ingram,PR,25.5,OVER,53.10%,D,DO NOT BET,50.16,❌ MISS,13,OVER,51.60%,48.68,❌ MISS,OVER,51.60%,48.59,❌ MISS,OVER,54.60%,51.62,❌ MISS,OVER,54.70%,51.75,❌ MISS,-0.3,-0.05,-1.5,-0.3,-1.63,0.8,1.2,0.0153,100.00%
533,Cade Cunningham,RA,15.5,UNDER,50.50%,C,DO NOT BET,50.15,❌ MISS,18,UNDER,51.70%,51.29,❌ MISS,UNDER,51.30%,50.92,❌ MISS,OVER,50.40%,52.83,✅ HIT,OVER,50.40%,52.78,✅ HIT,0.01,-0.03,-0.81,-0.1,0.14,0.4,0.8,0.0096,50.00%
534,Scottie Barnes,PA,21.5,OVER,52.10%,D,DO NOT BET,50.15,✅ HIT,26,OVER,50.50%,48.61,✅ HIT,OVER,50.90%,48.98,✅ HIT,OVER,53.20%,51.27,✅ HIT,OVER,53.70%,51.77,✅ HIT,-1.01,0.91,-0.01,2.5,-5.3,1,0.8,0.0138,100.00%
535,Victor Wembanyama,3PM,1.5,UNDER,50.70%,S,DO NOT BET,50.09,❌ MISS,8,UNDER,53.00%,52.37,❌ MISS,UNDER,53.20%,52.6,❌ MISS,OVER,51.90%,54.49,✅ HIT,OVER,51.50%,54.11,✅ HIT,0.22,0.66,-3,0.9,-0.6,1.2,0.8,0.0239,50.00%
536,Deni Avdija,PTS,19.5,OVER,53.00%,D,DO NOT BET,50.04,✅ HIT,22,OVER,55.80%,52.9,✅ HIT,OVER,55.20%,52.28,✅ HIT,OVER,50.70%,47.78,✅ HIT,OVER,50.10%,47.21,✅ HIT,-0.56,0.64,1,5.5,-10.31,0.8,0.4,0.0256,100.00%
537,Deni Avdija,3PM,1.5,UNDER,51.80%,S,DO NOT BET,49.96,❌ MISS,2,UNDER,50.20%,48.29,❌ MISS,UNDER,50.40%,48.55,❌ MISS,UNDER,53.20%,51.36,❌ MISS,UNDER,53.50%,51.64,❌ MISS,0.73,-1.37,-3,-1.1,1.68,1.2,1.6,0.0155,100.00%
538,Brandin Podziemski,AST,4.5,UNDER,50.10%,C,DO NOT BET,49.93,❌ MISS,7,OVER,51.00%,53.21,✅ HIT,OVER,50.40%,52.6,✅ HIT,UNDER,50.70%,50.48,❌ MISS,UNDER,51.20%,51.04,❌ MISS,-0.41,-0.26,0.27,-0.5,-0.28,1,1.2,0.0088,50.00%
539,Amen Thompson,PRA,30.5,OVER,50.90%,D,DO NOT BET,49.88,✅ HIT,32,OVER,51.30%,50.36,✅ HIT,OVER,51.50%,50.47,✅ HIT,OVER,50.20%,49.18,✅ HIT,OVER,50.50%,49.5,✅ HIT,-0.05,-2.44,0.62,-5.9,5.78,1,2,0.0055,100.00%
540,CJ McCollum,FTM,2.5,OVER,51.20%,B,DO NOT BET,49.77,❌ MISS,1,UNDER,51.40%,54.87,✅ HIT,UNDER,52.50%,55.98,✅ HIT,OVER,55.40%,53.97,❌ MISS,OVER,53.40%,51.97,❌ MISS,-0.1,-3.07,0,-2.3,2.22,1.8,2,0.033,50.00%
541,Anthony Edwards,AST,3.5,OVER,51.80%,C,DO NOT BET,49.76,✅ HIT,4,OVER,52.40%,50.43,✅ HIT,OVER,51.70%,49.68,✅ HIT,OVER,51.90%,49.87,✅ HIT,OVER,51.10%,49.07,✅ HIT,-0.09,-0.06,-2.5,-0.1,-0.05,0.8,0.8,0.0048,100.00%
542,Jayson Tatum,RA,11.5,OVER,51.20%,C,DO NOT BET,49.71,❌ MISS,7,OVER,51.90%,50.38,❌ MISS,OVER,51.90%,50.36,❌ MISS,OVER,50.60%,49.09,❌ MISS,OVER,50.50%,49.02,❌ MISS,-0.07,-0.07,-2.67,-0.5,0,1.8,1.6,0.0066,100.00%
543,Cade Cunningham,TOV,3.5,OVER,51.10%,A,DO NOT BET,49.55,❌ MISS,2,OVER,50.70%,49.14,❌ MISS,OVER,50.30%,48.81,❌ MISS,OVER,51.80%,50.31,❌ MISS,OVER,51.50%,49.92,❌ MISS,-0.58,-1.84,-0.23,-0.9,0.61,1.4,2,0.006,100.00%
544,Devin Booker,AST,5.5,OVER,52.10%,C,DO NOT BET,49.46,✅ HIT,7,OVER,51.80%,49.21,✅ HIT,OVER,51.20%,48.52,✅ HIT,OVER,53.10%,50.52,✅ HIT,OVER,52.20%,49.6,✅ HIT,-0.17,0.32,-3,1.1,-1.68,0.8,0.8,0.0072,100.00%
545,Reed Sheppard,3PA,8.5,UNDER,53.80%,B,DO NOT BET,49.4,✅ HIT,5,UNDER,54.70%,50.32,✅ HIT,UNDER,54.90%,50.56,✅ HIT,UNDER,52.50%,48.12,✅ HIT,UNDER,53.00%,48.6,✅ HIT,-1.3,1.4,-3.51,1.9,-3.67,0.8,0.4,0.0106,100.00%
546,Naz Reid,3PA,4.5,OVER,50.20%,B,DO NOT BET,49.35,✅ HIT,5,OVER,51.00%,50.18,✅ HIT,OVER,50.30%,49.47,✅ HIT,OVER,50.10%,49.21,✅ HIT,UNDER,50.60%,53.44,❌ MISS,-1.43,0.46,0.67,0.5,-2.06,1,0.8,0.0058,75.00%
547,Donte DiVincenzo,PTS,10.5,OVER,51.20%,D,DO NOT BET,49.34,❌ MISS,8,OVER,50.50%,48.6,❌ MISS,OVER,50.00%,48.17,❌ MISS,OVER,52.50%,50.61,❌ MISS,OVER,51.80%,49.97,❌ MISS,-0.31,-0.16,-0.2,-1.1,-1.1,1,1.2,0.01,100.00%
548,Draymond Green,PRA,21.5,UNDER,52.40%,D,DO NOT BET,49.07,❌ MISS,23,OVER,50.70%,56.05,✅ HIT,OVER,50.80%,56.18,✅ HIT,UNDER,55.80%,52.42,❌ MISS,UNDER,55.50%,52.09,❌ MISS,-0.49,-0.43,-1.5,-1.9,-0.26,1.2,1.2,0.0319,50.00%
549,Immanuel Quickley,RA,9.5,OVER,50.10%,C,DO NOT BET,49.04,✅ HIT,10,UNDER,50.70%,53.73,❌ MISS,UNDER,50.40%,53.47,❌ MISS,OVER,50.80%,49.71,✅ HIT,OVER,50.70%,49.62,✅ HIT,-0.22,-0.24,-1,-0.9,0.1,1.2,1.6,0.0064,50.00%
550,Russell Westbrook,REB,4.5,OVER,50.00%,B,DO NOT BET,48.94,✅ HIT,7,OVER,50.70%,49.63,✅ HIT,OVER,51.60%,50.46,✅ HIT,UNDER,51.50%,54.56,❌ MISS,UNDER,50.70%,53.76,❌ MISS,-0.28,-0.09,-0.42,-0.3,-0.62,0.6,0.8,0.0118,50.00%
551,Giannis Antetokounmpo,FGA,14.5,OVER,53.00%,D,DO NOT BET,48.81,✅ HIT,18,OVER,56.20%,52,✅ HIT,OVER,54.50%,50.27,✅ HIT,OVER,51.10%,46.88,✅ HIT,OVER,50.30%,46.09,✅ HIT,-0.49,0.38,-3,1.3,-2.98,0.6,0.8,0.0242,100.00%
552,RJ Barrett,3PM,1.5,OVER,50.20%,S,DO NOT BET,48.63,✅ HIT,2,OVER,50.10%,48.54,✅ HIT,UNDER,50.10%,53.73,❌ MISS,OVER,50.60%,49.03,✅ HIT,OVER,50.20%,48.67,✅ HIT,-0.21,-0.4,-1.5,-0.5,0.23,0.8,0.8,0.0027,75.00%
553,Brandin Podziemski,PRA,29.5,UNDER,57.30%,D,DO NOT BET,48.44,✅ HIT,18,UNDER,59.80%,50.99,✅ HIT,UNDER,59.50%,50.61,✅ HIT,UNDER,55.10%,46.24,✅ HIT,UNDER,54.80%,45.91,✅ HIT,-1.63,-0.1,-0.26,-0.5,-7.36,1,1.2,0.0237,100.00%
554,Julius Randle,PR,25.5,OVER,52.70%,D,DO NOT BET,48.39,❌ MISS,21,OVER,52.90%,48.59,❌ MISS,OVER,52.80%,48.46,❌ MISS,OVER,52.50%,48.18,❌ MISS,OVER,52.60%,48.31,❌ MISS,-0.32,0.36,-2.09,3.1,-5.93,0.6,0.4,0.0016,100.00%
555,Cooper Flagg,PRA,32.5,UNDER,50.00%,D,DO NOT BET,48.33,✅ HIT,31,OVER,51.40%,55.09,❌ MISS,OVER,51.50%,55.2,❌ MISS,UNDER,51.70%,49.96,✅ HIT,UNDER,51.30%,49.63,✅ HIT,-0.38,-0.83,0,-3.3,1.8,1,1.6,0.0148,50.00%
556,Kristaps Porziņģis,PRA,21.5,OVER,50.30%,D,DO NOT BET,48.14,✅ HIT,23,UNDER,50.70%,54.8,❌ MISS,UNDER,50.50%,54.64,❌ MISS,OVER,51.00%,48.85,✅ HIT,OVER,51.30%,49.16,✅ HIT,-0.87,2.15,-1.65,6.3,-8.85,0.8,0,0.0087,50.00%
557,Jaylen Brown,PTS,25.5,OVER,50.10%,D,DO NOT BET,47.38,❌ MISS,8,OVER,53.60%,50.93,❌ MISS,OVER,53.10%,50.39,❌ MISS,UNDER,53.00%,57.68,✅ HIT,UNDER,53.40%,58.11,✅ HIT,-1.11,0.38,0.38,1.1,-4.28,0.8,0.8,0.0329,50.00%
558,Julius Randle,PTS,18.5,OVER,51.30%,D,DO NOT BET,46.81,❌ MISS,14,OVER,51.90%,47.44,❌ MISS,OVER,51.40%,46.96,❌ MISS,OVER,51.20%,46.73,❌ MISS,OVER,50.60%,46.14,❌ MISS,-0.46,0.67,-2.19,4.1,-6.96,0.4,0.4,0.0047,100.00%
559,De'Aaron Fox,PTS,16.5,OVER,50.60%,D,DO NOT BET,46.05,✅ HIT,25,OVER,52.00%,47.46,✅ HIT,OVER,51.50%,46.99,✅ HIT,UNDER,50.30%,56.86,❌ MISS,UNDER,50.90%,57.38,❌ MISS,-0.31,-0.09,-2.75,-0.7,-1.65,1,1.2,0.012,50.00%
560,Austin Reaves,PA,24.5,OVER,50.10%,D,DO NOT BET,45.21,✅ HIT,39,OVER,51.70%,46.84,✅ HIT,OVER,52.10%,47.22,✅ HIT,UNDER,52.00%,58.84,❌ MISS,UNDER,51.50%,58.36,❌ MISS,-0.94,0.45,-0.36,2.1,-6.49,0.4,0.4,0.0183,50.00%
561,Jayson Tatum,PA,23.5,UNDER,51.00%,D,DO NOT BET,41.29,❌ MISS,26,UNDER,57.60%,47.9,❌ MISS,UNDER,57.30%,47.58,❌ MISS,OVER,55.20%,66.91,✅ HIT,OVER,55.70%,67.42,✅ HIT,-6,-6,3,-1.5,0,0.8,1.2,0.0646,50.00%