Rank,Player,Stat,Line,Pick,Platform,Goblin/Demon,Multiplier,Confidence,Tier,Recommendation,Rank Score,Result,Actual value,FULL_ALL Pick,FULL_ALL Confidence,FULL_ALL Rank score,FULL_ALL Result,FULL_TIGHT Pick,FULL_TIGHT Confidence,FULL_TIGHT Rank score,FULL_TIGHT Result,REDUCED_ALL Pick,REDUCED_ALL Confidence,REDUCED_ALL Rank score,REDUCED_ALL Result,REDUCED_TIGHT Pick,REDUCED_TIGHT Confidence,REDUCED_TIGHT Rank score,REDUCED_TIGHT Result,z_line,z_recent,z_matchup,line_diff,momentum,last10,last5,probability_std,Agreement ratio,FanDuel line,FanDuel line_delta,FanDuel over_hit_prob,FanDuel under_hit_prob,FanDuel edge,DraftKings line,DraftKings line_delta,DraftKings over_hit_prob,DraftKings under_hit_prob,DraftKings edge,BetRivers line,BetRivers line_delta,BetRivers over_hit_prob,BetRivers under_hit_prob,BetRivers edge,BetOnline line,BetOnline line_delta,BetOnline over_hit_prob,BetOnline under_hit_prob,BetOnline edge,Bovada line,Bovada line_delta,Bovada over_hit_prob,Bovada under_hit_prob,Bovada edge,BetMGM line,BetMGM line_delta,BetMGM over_hit_prob,BetMGM under_hit_prob,BetMGM edge
1,Tobias Harris,AST,3.5,UNDER,Underdog,,0.81x,84.3%,C,STRONG BET,73.13,,,UNDER,84.9%,73.87,,UNDER,83.0%,71.62,,UNDER,85.5%,74.6,,UNDER,83.7%,72.44,,-1.13,-1.97,-0.51,-2.3,0.98,1.8,2.0,0.0098,100.0%,3.5,0.0,41.8%,58.2%,0.1694,3.5,0.0,42.9%,57.1%,0.177,,,,,,3.5,0.0,42.7%,57.3%,0.1756,3.5,0.0,42.4%,57.6%,0.1736,3.5,0.0,45.2%,54.8%,0.1917
2,Dejounte Murray,AST,6.5,UNDER,Underdog,,0.84x,78.0%,C,STRONG BET,66.59,,,UNDER,78.6%,67.32,,UNDER,76.9%,65.25,,UNDER,79.1%,67.89,,UNDER,77.4%,65.92,,-0.62,-0.75,-0.0,-1.5,0.25,1.6,1.6,0.0089,100.0%,6.5,0.0,44.9%,55.1%,0.1487,6.5,0.0,44.7%,55.3%,0.1476,6.5,0.0,44.8%,55.2%,0.1482,6.5,0.0,45.0%,55.0%,0.1495,7.5,1.0,29.4%,70.6%,0.0478,5.5,-1.0,52.7%,47.3%,0.1998
3,Desmond Bane,3PM,2.5,UNDER,Underdog,,0.77x,73.0%,S,STRONG BET,64.94,,,UNDER,72.9%,64.8,,UNDER,72.9%,64.79,,UNDER,73.1%,65.16,,UNDER,73.0%,65.0,,-0.43,-0.1,0.2,-0.1,-0.34,1.4,1.2,0.001,100.0%,2.5,0.0,36.6%,63.4%,0.0624,2.5,0.0,38.3%,61.7%,0.0733,2.5,0.0,38.2%,61.8%,0.0725,2.5,0.0,37.3%,62.7%,0.067,2.5,0.0,38.4%,61.6%,0.0743,1.5,-1.0,64.9%,35.1%,0.2463
4,LaMelo Ball,STL,1.5,UNDER,Underdog,,0.72x,73.7%,A,STRONG BET,62.6,,,UNDER,72.8%,61.42,,UNDER,72.7%,61.33,,UNDER,74.8%,63.92,,UNDER,74.7%,63.74,,-0.35,-0.31,-1.33,-0.3,-0.04,1.4,1.6,0.0103,100.0%,1.5,0.0,39.3%,60.7%,0.0847,1.5,0.0,39.4%,60.6%,0.0853,,,,,,,,,,,1.5,0.0,39.9%,60.1%,0.0887,,,,,
5,Josh Hart,PTS,12.5,UNDER,Underdog and PrizePicks,,0.94x,72.4%,D,STRONG BET,61.55,,,UNDER,71.5%,60.48,,UNDER,71.1%,60.05,,UNDER,73.8%,63.06,,UNDER,73.4%,62.63,,-0.19,-0.38,1.33,-1.5,0.75,1.8,1.6,0.0114,100.0%,12.5,0.0,48.1%,51.8%,0.1338,12.5,0.0,47.1%,52.9%,0.1269,13.5,1.0,39.6%,60.4%,0.0784,12.5,0.0,47.5%,52.5%,0.1295,14.5,2.0,29.4%,70.6%,0.0118,11.5,-1.0,52.8%,47.2%,0.1639
6,Josh Hart,PA,17.5,UNDER,PrizePicks,,,71.5%,D,STRONG BET,61.47,,,UNDER,71.9%,61.87,,UNDER,71.7%,61.63,,UNDER,71.5%,61.39,,UNDER,71.1%,60.99,,-0.21,-1.03,1.75,-3.5,2.8,1.6,1.6,0.0027,100.0%,17.5,0.0,48.1%,51.9%,0.1277,17.5,0.0,48.9%,51.1%,0.1329,,,,,,,,,,,17.5,0.0,48.9%,51.1%,0.1329,17.5,0.0,48.0%,52.0%,0.1269
7,Ausar Thompson,AST,3.5,UNDER,Underdog,,0.88x,72.7%,C,STRONG BET,60.28,,,UNDER,74.4%,62.3,,UNDER,72.8%,60.48,,UNDER,72.4%,59.94,,UNDER,71.1%,58.39,,-0.3,-0.36,-0.93,-0.7,0.12,1.0,1.6,0.0116,100.0%,3.5,0.0,45.6%,54.4%,0.1185,3.5,0.0,48.8%,51.2%,0.1396,3.5,0.0,47.3%,52.7%,0.1299,3.5,0.0,47.5%,52.5%,0.131,3.5,0.0,45.9%,54.1%,0.1208,3.5,0.0,49.3%,50.7%,0.1431
8,Tobias Harris,3PM,1.5,UNDER,Underdog,,0.79x,71.3%,S,STRONG BET,60.18,,,UNDER,71.4%,60.34,,UNDER,71.4%,60.36,,UNDER,71.2%,60.05,,UNDER,71.1%,59.95,,-0.31,-0.94,-0.66,-0.7,0.47,1.8,1.6,0.0015,100.0%,1.5,0.0,42.1%,57.9%,0.087,1.5,0.0,37.8%,62.3%,0.0586,1.5,0.0,40.1%,60.0%,0.0735,1.5,0.0,39.3%,60.7%,0.0689,1.5,0.0,44.6%,55.4%,0.103,1.5,0.0,40.6%,59.4%,0.0769
9,Brandon Miller,3PM,3.5,UNDER,Underdog,,0.82x,72.6%,S,STRONG BET,59.98,,,UNDER,71.7%,58.86,,UNDER,71.7%,58.87,,UNDER,73.6%,61.17,,UNDER,73.5%,61.02,,-0.9,-2.25,0.1,-1.1,0.66,1.4,2.0,0.0093,100.0%,3.5,0.0,44.5%,55.5%,0.1115,3.5,0.0,46.8%,53.2%,0.1264,3.5,0.0,46.0%,54.0%,0.1211,3.5,0.0,44.7%,55.3%,0.113,3.5,0.0,46.9%,53.0%,0.1274,3.5,0.0,41.7%,58.3%,0.0933
10,Dejounte Murray,AST,6.0,UNDER,PrizePicks,,,73.7%,C,STRONG BET,58.94,,,UNDER,74.2%,59.6,,UNDER,72.7%,57.88,,UNDER,74.7%,59.94,,UNDER,73.2%,58.33,,-0.37,-0.5,-0.0,-1.0,0.25,1.6,1.6,0.0077,100.0%,6.5,0.5,44.7%,55.3%,0.1197,6.5,0.5,44.5%,55.5%,0.1186,6.5,0.5,44.6%,55.4%,0.1192,6.5,0.5,44.8%,55.2%,0.1205,7.5,1.5,13.3%,86.7%,-0.0841,5.5,-0.5,55.1%,44.9%,0.1875
11,Karl-Anthony Towns,AST,1.5,OVER,PrizePicks,Goblin,,75.9%,C,STRONG BET,58.9,,,OVER,76.6%,59.52,,OVER,74.2%,56.85,,OVER,77.6%,61.02,,OVER,75.1%,58.2,,-0.57,-1.02,-1.61,-2.5,1.09,1.4,2.0,0.0132,100.0%,,,,,,2.5,1.0,58.1%,41.9%,0.1157,2.5,1.0,59.3%,40.7%,0.108,2.5,1.0,58.2%,41.8%,0.1148,2.5,1.0,57.7%,42.3%,0.1182,2.5,1.0,58.3%,41.7%,0.1141
12,Jalen Duren,REB,12.5,UNDER,Underdog,,0.82x,74.5%,B,STRONG BET,58.81,,,UNDER,76.2%,60.55,,UNDER,74.6%,58.71,,UNDER,74.4%,58.88,,UNDER,72.9%,57.1,,-0.62,-0.88,-0.27,-2.7,0.8,1.4,1.6,0.0115,100.0%,11.5,-1.0,47.5%,52.5%,0.1434,11.5,-1.0,45.2%,54.8%,0.128,11.5,-1.0,46.5%,53.5%,0.1367,11.5,-1.0,45.7%,54.3%,0.1314,13.5,1.0,36.4%,63.6%,0.071,11.5,-1.0,43.5%,56.5%,0.1175
13,Paolo Banchero,3PM,0.5,OVER,PrizePicks,Goblin,,74.2%,S,STRONG BET,58.66,,,OVER,74.0%,57.6,,OVER,73.5%,57.12,,OVER,75.0%,60.34,,OVER,74.3%,59.57,,-0.69,-0.88,-0.73,-0.9,0.19,1.8,1.6,0.0052,100.0%,1.5,1.0,57.4%,42.6%,0.1093,1.5,1.0,59.1%,40.9%,0.0981,1.5,1.0,57.5%,42.5%,0.1082,1.5,1.0,58.1%,41.9%,0.1046,1.5,1.0,58.6%,41.4%,0.1014,1.5,1.0,57.4%,42.6%,0.109
14,DeMar DeRozan,REB,1.5,OVER,PrizePicks,Goblin,,76.0%,B,STRONG BET,58.63,,,OVER,76.5%,58.9,,OVER,76.2%,58.72,,OVER,75.9%,58.64,,OVER,75.4%,58.26,,-0.91,-0.55,-1.38,-0.9,-0.59,1.4,1.2,0.0038,100.0%,2.5,1.0,58.2%,41.8%,0.1158,2.5,1.0,56.6%,43.4%,0.1263,2.5,1.0,58.8%,41.2%,0.1114,2.5,1.0,57.9%,42.1%,0.1176,2.5,1.0,56.2%,43.8%,0.1288,2.5,1.0,61.7%,38.4%,0.0932
15,Jalen Brunson,REB,1.5,OVER,PrizePicks,Goblin,,80.0%,B,STRONG BET,58.26,,,OVER,80.3%,58.39,,OVER,79.9%,58.08,,OVER,80.1%,58.55,,OVER,79.5%,58.03,,-1.94,-2.84,-0.65,-2.9,0.92,1.8,2.0,0.0028,100.0%,2.5,1.0,68.3%,31.7%,0.0756,2.5,1.0,68.1%,31.9%,0.077,2.5,1.0,68.1%,31.9%,0.0771,2.5,1.0,68.0%,32.0%,0.078,3.5,2.0,57.0%,43.0%,0.1492,2.5,1.0,68.6%,31.4%,0.0736
16,Dejounte Murray,RA,11.5,UNDER,Underdog,,0.88x,68.7%,C,BET,56.91,,,UNDER,69.9%,58.41,,UNDER,67.7%,55.81,,UNDER,69.6%,58.04,,UNDER,67.4%,55.38,,-0.28,0.11,-0.0,0.3,-1.05,1.4,1.2,0.0111,100.0%,11.5,0.0,46.3%,53.7%,0.0974,11.5,0.0,48.0%,52.0%,0.1083,,,,,,,,,,,11.5,0.0,42.4%,57.6%,0.072,11.5,0.0,45.5%,54.5%,0.0919
17,Jalen Duren,PR,35.0,UNDER,PrizePicks,,,73.7%,D,STRONG BET,56.83,,,UNDER,72.2%,54.81,,UNDER,71.5%,54.07,,UNDER,75.7%,51.23,,UNDER,75.6%,51.1,,-0.62,-0.0,-0.57,-0.0,-5.36,1.4,1.2,0.0189,100.0%,34.5,-0.5,50.7%,49.3%,0.1588,34.5,-0.5,50.6%,49.4%,0.1581,,,,,,,,,,,35.5,0.5,49.8%,50.2%,0.1528,34.5,-0.5,48.9%,51.1%,0.1468
18,OG Anunoby,AST,2.5,UNDER,Underdog,,0.76x,68.0%,C,STRONG BET,56.37,,,UNDER,65.9%,53.77,,UNDER,65.0%,52.68,,UNDER,71.3%,60.25,,UNDER,70.0%,58.79,,-0.15,0.16,-0.93,0.3,-0.58,1.4,1.2,0.0268,100.0%,,,,,,2.5,0.0,39.5%,60.5%,0.0492,2.5,0.0,37.5%,62.5%,0.0361,2.5,0.0,39.0%,61.0%,0.0456,2.5,0.0,39.9%,60.1%,0.0515,,,,,
19,Jalen Brunson,REB,2.5,OVER,Underdog,,0.83x,68.6%,B,STRONG BET,56.17,,,OVER,68.5%,55.98,,OVER,68.5%,56.05,,OVER,68.8%,56.39,,OVER,68.7%,56.24,,-0.96,-1.86,-0.13,-1.9,0.92,1.6,2.0,0.0012,100.0%,2.5,0.0,59.1%,40.9%,0.0619,2.5,0.0,58.9%,41.1%,0.0632,2.5,0.0,58.9%,41.1%,0.0633,2.5,0.0,58.8%,41.2%,0.0642,3.5,1.0,48.0%,52.0%,0.134,2.5,0.0,59.4%,40.6%,0.0599
20,Josh Hart,3PM,0.5,OVER,PrizePicks,Goblin,,71.4%,S,STRONG BET,55.43,,,OVER,70.1%,52.86,,OVER,69.7%,52.41,,OVER,73.3%,50.48,,OVER,72.6%,49.72,,-1.23,-0.4,-2.04,-0.3,-0.62,1.4,1.2,0.0155,100.0%,1.5,1.0,52.0%,47.9%,0.1259,1.5,1.0,51.3%,48.7%,0.1306,1.5,1.0,52.5%,47.5%,0.1228,1.5,1.0,50.6%,49.4%,0.135,1.5,1.0,51.3%,48.7%,0.1306,,,,,
21,Desmond Bane,PTS,21.5,UNDER,Underdog and PrizePicks,,0.89x,68.3%,D,STRONG BET,55.27,,,UNDER,69.1%,56.08,,UNDER,68.8%,55.73,,UNDER,67.8%,54.73,,UNDER,67.7%,54.52,,-0.15,0.14,0.34,0.9,-1.89,1.2,1.2,0.006,100.0%,20.5,-1.0,50.3%,49.7%,0.1214,21.5,0.0,48.9%,51.1%,0.1123,22.5,1.0,44.0%,56.0%,0.0802,21.5,0.0,48.1%,51.9%,0.107,25.5,4.0,34.6%,65.4%,0.0193,21.5,0.0,48.0%,52.0%,0.1061
22,Desmond Bane,REB,4.5,UNDER,Underdog,,0.80x,63.9%,B,DO NOT BET,55.13,,,UNDER,65.1%,56.52,,UNDER,63.7%,54.84,,UNDER,64.1%,55.35,,UNDER,62.8%,53.79,,-0.22,-0.76,1.18,-1.3,0.92,1.4,1.6,0.0083,100.0%,4.5,0.0,41.0%,59.0%,0.0321,4.5,0.0,42.2%,57.8%,0.0396,3.5,-1.0,60.7%,39.3%,0.1602,4.5,0.0,42.0%,58.0%,0.0382,4.5,0.0,42.4%,57.6%,0.0411,3.5,-1.0,58.9%,41.1%,0.148
23,Ausar Thompson,REB,6.0,UNDER,PrizePicks,,,67.6%,B,STRONG BET,55.0,,,UNDER,67.2%,54.56,,UNDER,65.8%,52.86,,UNDER,69.4%,57.13,,UNDER,68.0%,55.43,,-0.05,-0.25,-0.3,-1.0,0.8,1.4,1.2,0.0131,100.0%,5.5,-0.5,56.0%,44.0%,0.1532,5.5,-0.5,52.0%,48.0%,0.1276,5.5,-0.5,55.4%,44.6%,0.1498,5.5,-0.5,53.3%,46.7%,0.1361,7.5,1.5,24.6%,75.3%,-0.0503,5.5,-0.5,54.1%,45.9%,0.1414
24,Miles Bridges,AST,1.5,OVER,PrizePicks,Goblin,,71.2%,C,STRONG BET,54.93,,,OVER,70.4%,53.77,,OVER,68.3%,51.33,,OVER,74.3%,58.7,,OVER,71.9%,55.9,,-1.25,-0.6,-0.07,-0.9,-0.97,1.6,1.2,0.022,100.0%,,,,,,2.5,1.0,54.2%,45.8%,0.1104,2.5,1.0,55.3%,44.7%,0.1035,2.5,1.0,54.5%,45.5%,0.1086,2.5,1.0,54.2%,45.8%,0.1104,,,,,
25,Paolo Banchero,AST,5.5,UNDER,Underdog,,0.93x,68.2%,C,STRONG BET,54.85,,,UNDER,68.9%,55.56,,UNDER,67.7%,54.28,,UNDER,68.7%,55.35,,UNDER,67.6%,54.21,,-0.33,-0.07,0.8,-0.1,-0.4,1.2,1.2,0.0055,100.0%,5.5,0.0,46.7%,53.3%,0.097,5.5,0.0,48.7%,51.3%,0.1098,5.5,0.0,47.9%,52.1%,0.1044,5.5,0.0,48.7%,51.3%,0.1098,6.5,1.0,19.7%,80.3%,-0.0787,5.5,0.0,50.0%,50.0%,0.1184
26,Karl-Anthony Towns,RA,12.5,OVER,Underdog,,0.88x,69.5%,C,BET,54.48,,,OVER,68.0%,52.43,,OVER,66.3%,50.54,,OVER,73.0%,58.94,,OVER,70.5%,56.03,,-1.08,-1.67,-1.03,-3.5,1.23,1.8,2.0,0.0255,100.0%,,,,,,13.5,1.0,51.7%,48.3%,0.1152,,,,,,,,,,,13.5,1.0,52.3%,47.7%,0.1117,12.5,0.0,54.5%,45.5%,0.0971
27,Brandon Miller,REB,4.5,OVER,Underdog,,0.84x,66.8%,B,STRONG BET,54.48,,,OVER,67.2%,54.83,,OVER,67.3%,54.98,,OVER,66.5%,54.07,,OVER,66.4%,54.04,,-0.18,-1.05,-0.66,-3.5,2.9,1.8,1.6,0.0039,100.0%,4.5,0.0,55.5%,44.5%,0.0737,4.5,0.0,55.7%,44.3%,0.0726,4.5,0.0,55.2%,44.8%,0.0757,4.5,0.0,55.0%,45.0%,0.077,5.5,1.0,48.9%,51.0%,0.1163,4.5,0.0,53.5%,46.5%,0.0869
28,Ausar Thompson,PRA,21.5,UNDER,Underdog and PrizePicks,,,69.8%,D,STRONG BET,54.22,,,UNDER,68.0%,52.13,,UNDER,67.5%,51.49,,UNDER,72.0%,56.83,,UNDER,71.7%,56.45,,-0.28,-0.67,-0.63,-6.7,3.93,1.2,1.2,0.0202,100.0%,21.5,0.0,47.6%,52.4%,0.1132,21.5,0.0,47.3%,52.7%,0.1114,21.5,0.0,49.1%,50.9%,0.1226,20.5,-1.0,51.4%,48.6%,0.138,22.5,1.0,44.1%,55.9%,0.0902,21.5,0.0,48.9%,51.1%,0.1217
29,Ausar Thompson,RA,9.5,UNDER,Underdog and PrizePicks,,,68.5%,C,BET,54.2,,,UNDER,66.1%,51.31,,UNDER,64.2%,49.09,,UNDER,73.0%,59.69,,UNDER,70.5%,56.68,,-0.15,-0.33,-0.46,-1.7,0.91,1.0,1.2,0.0348,100.0%,9.5,0.0,50.0%,50.0%,0.12,9.5,0.0,48.4%,51.6%,0.1096,,,,,,,,,,,10.5,1.0,40.2%,59.9%,0.056,9.5,0.0,45.5%,54.5%,0.0906
30,Jalen Duren,PTS,23.5,UNDER,Underdog,,0.88x,71.6%,D,STRONG BET,53.94,,,UNDER,70.6%,52.72,,UNDER,70.2%,52.32,,UNDER,72.9%,55.57,,UNDER,72.6%,55.16,,-0.58,0.22,-0.85,1.7,-6.17,1.0,0.8,0.0119,100.0%,22.5,-1.0,49.1%,50.9%,0.1344,23.5,0.0,47.9%,52.1%,0.1265,23.5,0.0,47.9%,52.1%,0.1263,23.5,0.0,48.1%,51.9%,0.1281,27.5,4.0,36.8%,63.2%,0.0546,22.5,-1.0,48.2%,51.8%,0.1284
31,Karl-Anthony Towns,3PM,0.5,OVER,PrizePicks,Goblin,,73.5%,S,STRONG BET,53.34,,,OVER,74.0%,53.41,,OVER,73.5%,52.94,,OVER,73.5%,53.87,,OVER,72.9%,53.14,,-0.89,-0.92,-1.15,-1.1,0.04,1.4,1.6,0.0039,100.0%,1.5,1.0,65.8%,34.2%,0.0499,1.5,1.0,65.6%,34.4%,0.0509,1.5,1.0,65.5%,34.5%,0.0519,1.5,1.0,65.4%,34.6%,0.0525,1.5,1.0,66.2%,33.8%,0.0474,,,,,
32,Tobias Harris,PA,17.5,UNDER,PrizePicks,,,68.9%,D,STRONG BET,53.2,,,UNDER,68.3%,52.45,,UNDER,68.0%,52.17,,UNDER,69.8%,54.31,,UNDER,69.4%,53.89,,-0.45,-1.09,-0.85,-5.3,3.09,1.4,1.6,0.0073,100.0%,17.5,0.0,50.5%,49.5%,0.1261,17.5,0.0,49.1%,50.9%,0.1166,,,,,,,,,,,18.5,1.0,47.4%,52.6%,0.1058,18.5,1.0,49.4%,50.6%,0.1187
33,Karl-Anthony Towns,3PM,1.5,UNDER,Underdog,,0.86x,64.3%,S,BET WITH CAUTION,53.1,,,UNDER,63.8%,52.48,,UNDER,63.9%,52.6,,UNDER,64.8%,53.64,,UNDER,64.8%,53.68,,0.05,0.08,0.23,0.1,-0.04,1.6,1.2,0.0047,100.0%,1.5,0.0,47.6%,52.4%,0.0775,1.5,0.0,47.5%,52.5%,0.0765,1.5,0.0,47.3%,52.7%,0.0755,1.5,0.0,47.2%,52.8%,0.0749,1.5,0.0,48.0%,52.0%,0.08,,,,,
34,Josh Hart,3PM,1.5,UNDER,Underdog,,0.74x,63.6%,S,BET WITH CAUTION,52.96,,,UNDER,67.8%,57.97,,UNDER,67.8%,58.03,,UNDER,59.4%,47.83,,UNDER,59.5%,48.01,,-0.11,-0.94,1.22,-0.7,0.62,1.4,1.6,0.042,100.0%,1.5,0.0,36.1%,63.9%,-0.0018,1.5,0.0,35.4%,64.6%,-0.0066,1.5,0.0,36.6%,63.4%,0.0012,1.5,0.0,34.7%,65.3%,-0.0109,1.5,0.0,35.4%,64.6%,-0.0066,,,,,
35,LaMelo Ball,PR,24.5,UNDER,Underdog and PrizePicks,,,65.0%,D,STRONG BET,52.96,,,UNDER,67.4%,55.79,,UNDER,66.9%,55.17,,UNDER,63.0%,50.51,,UNDER,62.8%,50.35,,-0.06,0.14,0.38,0.9,-1.26,1.4,1.2,0.0212,100.0%,24.5,0.0,50.0%,50.0%,0.0977,24.5,0.0,50.5%,49.5%,0.1011,,,,,,,,,,,25.5,1.0,48.4%,51.6%,0.0872,24.5,0.0,48.0%,52.0%,0.0847
36,Jalen Duren,PTS,23.0,UNDER,PrizePicks,,,70.5%,D,STRONG BET,52.76,,,UNDER,69.6%,51.63,,UNDER,69.3%,51.25,,UNDER,71.8%,54.26,,UNDER,71.4%,53.89,,-0.52,0.29,-0.79,2.2,-6.17,1.0,0.8,0.0107,100.0%,22.5,-0.5,50.6%,49.4%,0.1372,23.5,0.5,48.6%,51.4%,0.1244,23.5,0.5,48.6%,51.4%,0.1242,23.5,0.5,48.9%,51.1%,0.1261,27.5,4.5,37.2%,62.8%,0.0505,22.5,-0.5,49.6%,50.3%,0.1313
37,Jalen Duren,PA,25.5,UNDER,PrizePicks,,,71.0%,D,STRONG BET,52.55,,,UNDER,70.8%,52.26,,UNDER,70.6%,51.98,,UNDER,71.5%,53.18,,UNDER,71.1%,52.77,,-0.62,0.12,-0.9,0.9,-5.68,1.4,0.8,0.0032,100.0%,,,,,,25.5,0.0,48.3%,51.7%,0.1253,,,,,,,,,,,,,,,,24.5,-1.0,41.6%,58.4%,0.0821
38,Desmond Bane,PR,25.5,UNDER,Underdog and PrizePicks,,,64.5%,D,DO NOT BET,52.29,,,UNDER,67.7%,56.06,,UNDER,67.1%,55.43,,UNDER,61.7%,48.91,,UNDER,61.6%,48.76,,-0.11,0.01,0.54,0.1,-0.97,1.4,1.6,0.0288,100.0%,25.5,0.0,48.5%,51.5%,0.0849,25.5,0.0,50.3%,49.7%,0.0961,,,,,,,,,,,25.5,0.0,48.9%,51.1%,0.0874,25.5,0.0,49.2%,50.8%,0.0892
39,Coby White,3PM,1.5,OVER,Underdog and PrizePicks,Goblin,0.76x,66.0%,S,BET,52.2,,,OVER,65.7%,51.87,,OVER,65.3%,51.39,,OVER,66.8%,53.13,,OVER,66.1%,52.39,,-1.05,-0.4,-0.53,-0.3,-0.49,1.4,1.2,0.0054,100.0%,1.5,0.0,57.5%,42.5%,0.0551,,,,,,1.5,0.0,60.2%,39.8%,0.0376,1.5,0.0,56.3%,43.7%,0.0631,,,,,,1.5,0.0,55.7%,44.3%,0.0668
40,DeMar DeRozan,PRA,25.5,UNDER,Underdog,,0.89x,64.4%,D,DO NOT BET,51.89,,,UNDER,60.9%,47.77,,UNDER,60.5%,47.29,,UNDER,68.2%,56.45,,UNDER,67.9%,56.06,,0.0,0.32,-0.81,6.3,-6.23,1.4,0.8,0.0368,100.0%,25.5,0.0,48.1%,51.8%,0.0813,25.5,0.0,48.8%,51.2%,0.0856,23.5,-2.0,58.7%,41.3%,0.1501,24.5,-1.0,52.0%,48.0%,0.1062,26.5,1.0,41.5%,58.5%,0.038,23.5,-2.0,50.6%,49.4%,0.097
41,Jalen Brunson,PRA,36.5,UNDER,Underdog and PrizePicks,,,65.5%,D,STRONG BET,51.88,,,UNDER,67.0%,53.64,,UNDER,66.5%,53.02,,UNDER,64.5%,50.63,,UNDER,64.1%,50.24,,-0.04,0.16,-0.1,0.9,-1.1,0.8,0.4,0.0124,100.0%,36.5,0.0,51.1%,48.9%,0.1077,36.5,0.0,50.9%,49.1%,0.1069,35.5,-1.0,52.6%,47.4%,0.1176,36.5,0.0,47.8%,52.2%,0.0862,38.5,2.0,43.2%,56.8%,0.0564,35.5,-1.0,51.9%,48.1%,0.1131
42,Dejounte Murray,REB,3.5,OVER,PrizePicks,Goblin,,73.0%,B,STRONG BET,51.87,,,OVER,74.4%,53.48,,OVER,74.2%,53.43,,OVER,71.9%,50.34,,OVER,71.6%,50.22,,-1.71,-2.83,0.0,-3.3,1.3,1.6,2.0,0.0125,100.0%,4.5,1.0,64.7%,35.3%,0.0541,4.5,1.0,65.7%,34.3%,0.0473,4.5,1.0,63.8%,36.2%,0.0598,4.5,1.0,65.2%,34.8%,0.0507,5.5,2.0,51.6%,48.4%,0.1388,4.5,1.0,66.5%,33.5%,0.0421
43,LaMelo Ball,PRA,31.5,UNDER,Underdog and PrizePicks,,,64.2%,D,DO NOT BET,51.42,,,UNDER,67.5%,55.29,,UNDER,67.0%,54.67,,UNDER,61.5%,48.05,,UNDER,61.1%,47.65,,-0.04,-0.23,0.32,-1.7,1.41,1.4,1.2,0.0296,100.0%,31.5,0.0,50.4%,49.6%,0.0952,31.5,0.0,51.5%,48.5%,0.1022,30.5,-1.0,55.5%,44.5%,0.1281,32.5,1.0,48.8%,51.2%,0.0847,33.5,2.0,42.0%,58.0%,0.041,31.5,0.0,48.0%,52.0%,0.0796
44,Ausar Thompson,PTS,11.5,UNDER,Underdog and PrizePicks,,,66.3%,D,STRONG BET,51.3,,,UNDER,66.4%,51.41,,UNDER,66.2%,51.16,,UNDER,66.3%,51.38,,UNDER,66.2%,51.24,,-0.28,-0.84,-0.74,-4.5,3.02,1.6,1.6,0.0008,100.0%,11.5,0.0,48.1%,51.8%,0.0939,11.5,0.0,50.1%,49.9%,0.1068,11.5,0.0,50.7%,49.3%,0.1103,11.5,0.0,49.2%,50.8%,0.1007,14.5,3.0,35.4%,64.5%,0.0114,10.5,-1.0,53.8%,46.2%,0.1304
45,LaMelo Ball,PA,27.5,UNDER,Underdog and PrizePicks,,,64.1%,D,DO NOT BET,51.14,,,UNDER,68.8%,56.79,,UNDER,68.6%,56.52,,UNDER,59.7%,45.88,,UNDER,59.3%,45.35,,-0.18,-0.37,0.18,-2.3,1.2,1.4,1.2,0.0462,100.0%,26.5,-1.0,54.4%,45.6%,0.1206,27.5,0.0,48.8%,51.2%,0.0839,,,,,,,,,,,27.5,0.0,48.9%,51.1%,0.0848,26.5,-1.0,52.4%,47.6%,0.1076
46,Zion Williamson,STL,0.5,OVER,PrizePicks,Goblin,,61.3%,A,BET WITH CAUTION,50.98,,,OVER,61.4%,51.09,,OVER,60.8%,50.41,,OVER,61.8%,51.55,,OVER,61.2%,50.89,,-1.02,0.2,3.0,0.1,-0.6,1.2,0.8,0.0034,100.0%,0.5,0.0,62.8%,37.2%,-0.0101,,,,,,,,,,,,,,,,,,,,,,,,,
47,OG Anunoby,3PM,2.5,UNDER,Underdog,,0.76x,63.3%,S,BET WITH CAUTION,50.71,,,UNDER,61.1%,48.08,,UNDER,61.3%,48.24,,UNDER,65.4%,53.24,,UNDER,65.5%,53.27,,-0.2,0.3,-0.27,0.5,-0.83,1.0,0.8,0.0212,100.0%,2.5,0.0,38.7%,61.3%,0.0131,2.5,0.0,38.6%,61.4%,0.0127,2.5,0.0,38.0%,62.0%,0.0084,2.5,0.0,39.0%,61.0%,0.015,2.5,0.0,38.4%,61.6%,0.0114,2.5,0.0,38.9%,61.1%,0.0146
48,Ausar Thompson,PA,15.0,UNDER,PrizePicks,,,66.1%,D,STRONG BET,50.64,,,UNDER,66.0%,50.54,,UNDER,65.7%,50.24,,UNDER,66.6%,51.12,,UNDER,66.2%,50.67,,-0.29,-0.72,-0.8,-5.2,3.13,1.2,1.6,0.0032,100.0%,14.5,-0.5,50.5%,49.5%,0.1081,15.5,0.5,48.9%,51.1%,0.098,,,,,,,,,,,15.5,0.5,48.1%,51.8%,0.0929,15.5,0.5,51.2%,48.8%,0.1127
49,Karl-Anthony Towns,RA,13.0,OVER,PrizePicks,,,66.3%,C,BET WITH CAUTION,50.44,,,OVER,64.2%,47.94,,OVER,62.9%,46.36,,OVER,70.2%,55.08,,OVER,67.9%,52.38,,-0.84,-1.43,-0.9,-3.0,1.23,1.8,2.0,0.0292,100.0%,,,,,,13.5,0.5,49.2%,50.8%,0.1115,,,,,,,,,,,13.5,0.5,49.7%,50.3%,0.1081,12.5,-0.5,52.6%,47.3%,0.0888
50,Desmond Bane,AST,4.5,UNDER,Underdog,,0.84x,62.8%,C,DO NOT BET,50.43,,,UNDER,64.5%,52.36,,UNDER,63.7%,51.4,,UNDER,61.9%,49.25,,UNDER,61.4%,48.7,,-0.17,-0.16,0.31,-0.3,-0.01,1.2,1.2,0.0125,100.0%,4.5,0.0,44.0%,56.0%,0.0444,4.5,0.0,43.3%,56.7%,0.04,4.5,0.0,45.3%,54.7%,0.0532,4.5,0.0,44.4%,55.6%,0.0468,4.5,0.0,43.7%,56.3%,0.0427,4.5,0.0,45.5%,54.5%,0.0541
51,DeMar DeRozan,3PM,0.5,UNDER,Underdog,,0.74x,61.5%,S,BET WITH CAUTION,50.38,,,UNDER,62.6%,51.69,,UNDER,62.7%,51.84,,UNDER,60.3%,48.92,,UNDER,60.4%,49.07,,0.31,-0.75,0.46,-0.3,0.42,1.6,1.6,0.0116,100.0%,,,,,,,,,,,,,,,,0.5,0.0,41.2%,58.8%,0.0177,,,,,,,,,,
52,Jalen Brunson,PTS,26.5,UNDER,PrizePicks,,,63.6%,D,DO NOT BET,50.3,,,UNDER,62.4%,48.88,,UNDER,62.4%,48.81,,UNDER,64.8%,51.78,,UNDER,64.7%,51.72,,-0.03,-0.39,0.55,-2.9,2.65,1.2,0.8,0.0117,100.0%,26.5,0.0,48.1%,51.8%,0.0762,26.5,0.0,48.4%,51.6%,0.0779,24.5,-2.0,58.3%,41.7%,0.1423,26.5,0.0,48.1%,51.9%,0.0762,30.5,4.0,29.9%,70.1%,-0.0423,25.5,-1.0,49.9%,50.1%,0.0877
53,Paolo Banchero,3PM,1.5,UNDER,Underdog,,0.81x,62.5%,S,BET WITH CAUTION,50.19,,,UNDER,64.0%,52.01,,UNDER,64.1%,52.13,,UNDER,60.9%,48.24,,UNDER,61.0%,48.39,,-0.29,-0.1,0.33,-0.1,-0.19,1.4,1.2,0.0156,100.0%,1.5,0.0,43.4%,56.6%,0.0382,1.5,0.0,45.1%,54.9%,0.0493,1.5,0.0,43.5%,56.5%,0.0392,1.5,0.0,44.1%,55.9%,0.0428,1.5,0.0,44.6%,55.4%,0.0461,1.5,0.0,43.4%,56.6%,0.0385
54,LaMelo Ball,PTS,20.0,UNDER,PrizePicks,,,63.9%,D,DO NOT BET,50.1,,,UNDER,66.6%,53.34,,UNDER,66.4%,53.07,,UNDER,61.2%,46.96,,UNDER,61.3%,47.04,,-0.12,0.15,0.26,0.8,-1.47,1.4,0.8,0.0261,100.0%,19.5,-0.5,51.7%,48.3%,0.1012,20.5,0.5,49.5%,50.5%,0.0868,19.5,-0.5,52.0%,48.0%,0.1031,20.5,0.5,49.4%,50.6%,0.0859,23.5,3.5,39.5%,60.5%,0.0218,20.5,0.5,49.2%,50.8%,0.085
55,Trey Murphy III,STL,1.5,UNDER,Underdog,,0.76x,62.2%,A,BET WITH CAUTION,50.05,,,UNDER,63.9%,52.09,,UNDER,64.0%,52.2,,UNDER,60.4%,47.87,,UNDER,60.6%,48.02,,0.02,0.1,-0.25,0.1,-0.07,1.0,0.8,0.0175,100.0%,1.5,0.0,35.6%,64.4%,-0.0139,1.5,0.0,37.6%,62.4%,-0.0011,,,,,,,,,,,,,,,,,,,,
56,DeMar DeRozan,PRA,25.0,UNDER,PrizePicks,,,63.0%,D,DO NOT BET,50.05,,,UNDER,59.5%,45.83,,UNDER,59.1%,45.39,,UNDER,66.8%,54.69,,UNDER,66.5%,54.3,,0.03,0.35,-0.59,6.8,-6.23,1.4,0.8,0.037,100.0%,25.5,0.5,48.4%,51.5%,0.0743,25.5,0.5,49.1%,50.9%,0.0786,23.5,-1.5,57.0%,43.0%,0.1299,24.5,-0.5,51.7%,48.3%,0.0956,26.5,1.5,41.7%,58.3%,0.0305,23.5,-1.5,48.8%,51.2%,0.0769
57,Jalen Suggs,3PM,2.5,UNDER,Underdog,,0.77x,62.4%,S,BET WITH CAUTION,50.04,,,UNDER,59.2%,46.25,,UNDER,59.4%,46.44,,UNDER,65.4%,53.72,,UNDER,65.5%,53.75,,-0.45,-0.6,1.5,-0.7,0.18,1.0,1.2,0.0308,100.0%,2.5,0.0,39.4%,60.6%,0.0114,2.5,0.0,42.1%,57.9%,0.0288,2.5,0.0,42.3%,57.7%,0.03,2.5,0.0,40.5%,59.5%,0.0187,2.5,0.0,41.7%,58.3%,0.0264,2.5,0.0,40.6%,59.4%,0.019
58,Jalen Suggs,PA,20.5,UNDER,Underdog and PrizePicks,,,64.2%,D,DO NOT BET,49.8,,,UNDER,65.0%,50.76,,UNDER,64.7%,50.44,,UNDER,63.7%,49.25,,UNDER,63.3%,48.76,,-0.16,0.11,-1.5,0.9,-2.15,1.4,1.2,0.0068,100.0%,19.5,-1.0,50.3%,49.7%,0.0943,19.5,-1.0,50.7%,49.3%,0.0968,,,,,,,,,,,20.5,0.0,46.9%,53.0%,0.0725,20.5,0.0,50.3%,49.7%,0.0941
59,Mikal Bridges,REB,2.5,OVER,PrizePicks,Goblin,,69.5%,B,STRONG BET,49.76,,,OVER,70.1%,50.65,,OVER,70.0%,50.82,,OVER,69.0%,48.77,,OVER,68.8%,48.82,,-1.13,-1.77,-2.12,-2.5,0.9,1.4,2.0,0.0059,100.0%,3.5,1.0,58.7%,41.3%,0.0698,3.5,1.0,59.5%,40.5%,0.0648,3.5,1.0,59.8%,40.2%,0.0631,3.5,1.0,58.6%,41.4%,0.0707,4.5,2.0,46.5%,53.5%,0.1494,3.5,1.0,59.1%,40.9%,0.0673
60,Kon Knueppel,3PM,3.5,UNDER,Underdog and PrizePicks,,0.94x,66.1%,S,BET,49.72,,,UNDER,68.5%,52.7,,UNDER,68.6%,52.76,,UNDER,63.6%,46.68,,UNDER,63.7%,46.75,,-0.0,-0.28,-3.0,-0.5,0.5,1.0,1.2,0.0246,100.0%,3.5,0.0,47.1%,52.9%,0.0857,3.5,0.0,47.7%,52.3%,0.0899,3.5,0.0,49.3%,50.7%,0.1003,3.5,0.0,46.3%,53.7%,0.0806,4.5,1.0,31.4%,68.6%,-0.016,3.5,0.0,45.5%,54.5%,0.0752
61,Josh Hart,PRA,24.5,UNDER,Underdog and PrizePicks,,,63.0%,D,DO NOT BET,49.67,,,UNDER,63.7%,50.6,,UNDER,63.3%,50.06,,UNDER,62.6%,49.21,,UNDER,62.2%,48.82,,-0.02,-0.22,1.29,-0.9,0.84,0.8,0.8,0.0059,100.0%,24.5,0.0,49.6%,50.4%,0.0816,24.5,0.0,51.2%,48.8%,0.092,25.5,1.0,43.6%,56.4%,0.0425,24.5,0.0,46.9%,53.0%,0.0644,26.5,2.0,39.9%,60.1%,0.0187,24.5,0.0,48.9%,51.1%,0.0773
62,Josh Hart,PR,19.5,UNDER,Underdog and PrizePicks,,0.94x,62.0%,D,DO NOT BET,49.28,,,UNDER,63.5%,51.21,,UNDER,63.1%,50.72,,UNDER,60.6%,47.66,,UNDER,60.5%,47.5,,-0.03,0.29,1.0,1.1,-1.22,1.0,0.8,0.0139,100.0%,19.5,0.0,49.6%,50.4%,0.0751,19.5,0.0,50.8%,49.2%,0.0829,,,,,,,,,,,20.5,1.0,45.3%,54.7%,0.0471,19.5,0.0,48.0%,52.0%,0.0647
63,DeMar DeRozan,RA,7.5,UNDER,Underdog,,0.86x,63.0%,C,DO NOT BET,48.99,,,UNDER,61.2%,46.72,,UNDER,59.8%,45.33,,UNDER,66.5%,52.96,,UNDER,64.5%,50.96,,-0.12,0.02,-0.52,0.1,-0.63,1.2,1.2,0.0263,100.0%,7.5,0.0,46.3%,53.7%,0.0607,6.5,-1.0,42.9%,57.1%,0.0382,,,,,,,,,,,7.5,0.0,43.7%,56.3%,0.0438,6.5,-1.0,40.9%,59.1%,0.0256
64,Jalen Suggs,REB,4.0,UNDER,PrizePicks,,,63.5%,B,DO NOT BET,48.88,,,UNDER,62.4%,47.5,,UNDER,61.0%,45.95,,UNDER,66.0%,51.83,,UNDER,64.6%,50.23,,-0.13,-0.0,-1.5,-0.0,-0.18,1.6,1.2,0.0193,100.0%,3.5,-0.5,47.8%,52.2%,0.0737,3.5,-0.5,49.7%,50.3%,0.0859,3.5,-0.5,53.2%,46.8%,0.1083,3.5,-0.5,50.1%,49.9%,0.0884,4.5,0.5,35.5%,64.5%,-0.0064,3.5,-0.5,54.4%,45.6%,0.1165
65,Dejounte Murray,REB,4.5,OVER,Underdog,,0.87x,62.7%,B,DO NOT BET,48.83,,,OVER,64.2%,50.56,,OVER,64.4%,50.85,,OVER,61.1%,46.82,,OVER,61.3%,47.1,,-0.86,-1.97,0.0,-2.3,1.3,1.6,2.0,0.0157,100.0%,4.5,0.0,54.7%,45.3%,0.052,4.5,0.0,55.8%,44.2%,0.0451,4.5,0.0,53.9%,46.1%,0.0576,4.5,0.0,55.3%,44.7%,0.0486,5.5,1.0,41.6%,58.4%,0.1376,4.5,0.0,56.6%,43.4%,0.04
66,Jalen Brunson,AST,7.0,UNDER,PrizePicks,,,64.2%,C,DO NOT BET,48.65,,,UNDER,65.1%,49.68,,UNDER,64.2%,48.71,,UNDER,64.2%,48.46,,UNDER,63.5%,47.72,,-0.15,0.84,-2.06,2.4,-2.83,0.8,0.4,0.0055,100.0%,7.5,0.5,43.9%,56.1%,0.0529,6.5,-0.5,54.0%,46.0%,0.1187,6.5,-0.5,52.0%,48.0%,0.1055,6.5,-0.5,50.2%,49.8%,0.0941,7.5,0.5,41.0%,59.0%,0.0342,6.5,-0.5,54.5%,45.5%,0.1222
67,CJ McCollum,REB,1.5,OVER,PrizePicks,Goblin,,80.1%,B,STRONG BET,48.41,,,OVER,80.3%,48.52,,OVER,80.0%,48.31,,OVER,80.4%,48.57,,OVER,79.9%,48.26,,-0.8,-1.09,-0.77,-2.7,0.72,2.0,2.0,0.0024,100.0%,,,,,,,,,,,,,,,,,,,,,,,,,,,,,,
68,Dyson Daniels,3PM,0.5,UNDER,Underdog,,0.73x,75.4%,S,STRONG BET,48.39,,,UNDER,75.3%,48.37,,UNDER,75.3%,48.35,,UNDER,75.5%,48.46,,UNDER,75.3%,48.37,,-0.78,-0.75,0.58,-0.3,-0.01,1.6,1.6,0.0007,100.0%,,,,,,,,,,,,,,,,,,,,,,,,,,,,,,
69,Zion Williamson,PRA,30.5,UNDER,Underdog,,0.89x,62.8%,D,DO NOT BET,48.35,,,UNDER,65.7%,51.7,,UNDER,65.2%,51.13,,UNDER,60.4%,45.49,,UNDER,60.0%,45.09,,0.05,-0.56,-0.23,-1.9,2.05,1.2,1.2,0.0264,100.0%,29.5,-1.0,47.0%,53.0%,0.0641,29.5,-1.0,47.1%,52.8%,0.0648,29.5,-1.0,46.7%,53.3%,0.0621,28.5,-2.0,50.2%,49.8%,0.0845,31.5,1.0,43.2%,56.8%,0.0395,28.5,-2.0,49.4%,50.6%,0.0793
70,Tobias Harris,REB,5.5,UNDER,Underdog and PrizePicks,,0.86x,62.1%,B,DO NOT BET,48.28,,,UNDER,62.2%,48.5,,UNDER,60.9%,46.91,,UNDER,63.2%,49.62,,UNDER,62.0%,48.1,,-0.11,-0.35,-0.27,-1.1,0.74,1.2,1.6,0.0082,100.0%,5.5,0.0,44.5%,55.5%,0.0429,5.5,0.0,47.7%,52.3%,0.0639,5.5,0.0,49.1%,50.9%,0.0725,5.5,0.0,47.2%,52.8%,0.0605,6.5,1.0,39.3%,60.7%,0.0092,5.5,0.0,51.1%,48.9%,0.0856
71,DeMar DeRozan,PR,20.5,UNDER,PrizePicks,,,60.6%,D,DO NOT BET,48.1,,,UNDER,57.2%,43.87,,UNDER,57.0%,43.63,,UNDER,64.2%,52.51,,UNDER,64.1%,52.36,,0.07,0.38,0.03,6.1,-5.02,1.4,0.8,0.0352,100.0%,20.5,0.0,49.6%,50.4%,0.0665,,,,,,,,,,,,,,,,,,,,,19.5,-1.0,46.6%,53.4%,0.047
72,Desmond Bane,STL,1.5,UNDER,Underdog,,0.78x,74.9%,A,STRONG BET,47.93,,,UNDER,76.8%,48.96,,UNDER,76.6%,48.88,,UNDER,73.2%,46.99,,UNDER,73.1%,46.92,,-0.5,-0.31,-0.0,-0.3,-0.19,1.6,1.6,0.0179,100.0%,,,,,,,,,,,,,,,,,,,,,,,,,,,,,,
73,Trey Murphy III,3PA,9.5,UNDER,Underdog,,,79.1%,B,STRONG BET,47.92,,,UNDER,81.7%,49.3,,UNDER,80.2%,48.47,,UNDER,77.9%,47.24,,UNDER,76.9%,46.66,,-0.91,-1.37,-0.56,-1.5,0.51,1.4,2.0,0.0187,100.0%,,,,,,,,,,,,,,,,,,,,,,,,,,,,,,
74,Paolo Banchero,PTS,25.5,UNDER,PrizePicks,,,66.1%,D,STRONG BET,47.87,,,UNDER,66.1%,47.55,,UNDER,65.9%,47.39,,UNDER,66.4%,48.3,,UNDER,66.3%,48.23,,-0.58,-0.28,0.04,-1.5,-1.62,1.2,1.2,0.0019,100.0%,24.5,-1.0,54.6%,45.4%,0.1348,25.5,0.0,49.9%,50.1%,0.1041,25.5,0.0,48.1%,51.9%,0.0927,25.5,0.0,48.9%,51.1%,0.098,29.5,4.0,5.0%,95.0%,-0.1875,25.5,0.0,48.9%,51.1%,0.098
75,Kon Knueppel,AST,3.5,UNDER,Underdog,,0.84x,60.3%,C,DO NOT BET,47.75,,,UNDER,61.4%,48.93,,UNDER,60.8%,48.3,,UNDER,59.7%,47.05,,UNDER,59.5%,46.72,,-0.03,-0.36,-0.25,-0.7,0.64,1.0,0.8,0.0077,100.0%,3.5,0.0,43.4%,56.6%,0.0242,3.5,0.0,43.8%,56.2%,0.0271,2.5,-1.0,60.4%,39.6%,0.1345,3.5,0.0,43.3%,56.7%,0.0239,3.5,0.0,43.7%,56.3%,0.0264,3.5,0.0,41.7%,58.3%,0.0133
76,Jalen Brunson,3PM,1.5,OVER,PrizePicks,Goblin,,69.8%,S,BET,47.7,,,OVER,70.5%,56.27,,OVER,70.1%,55.79,,OVER,69.6%,47.7,,OVER,68.9%,46.95,,-0.9,-0.35,-0.95,-0.5,-0.78,1.6,1.2,0.0062,100.0%,2.5,1.0,49.6%,50.4%,0.1313,2.5,1.0,48.8%,51.2%,0.1363,2.5,1.0,50.3%,49.7%,0.1269,2.5,1.0,48.6%,51.4%,0.1376,2.5,1.0,48.7%,51.3%,0.1369,2.5,1.0,49.2%,50.8%,0.1337
77,Jalen Duren,TOV,2.5,UNDER,Underdog,,0.77x,77.6%,A,STRONG BET,47.24,,,UNDER,80.2%,48.65,,UNDER,79.6%,48.33,,UNDER,75.6%,46.15,,UNDER,75.0%,45.83,,-0.74,-1.37,-0.5,-1.5,0.69,1.6,1.6,0.0229,100.0%,,,,,,,,,,,,,,,,,,,,,,,,,,,,,,
78,DeMar DeRozan,RA,7.0,UNDER,PrizePicks,,,60.9%,C,DO NOT BET,47.06,,,UNDER,58.9%,44.65,,UNDER,57.8%,43.29,,UNDER,64.3%,51.15,,UNDER,62.6%,49.14,,-0.01,0.13,-0.35,0.6,-0.63,1.2,1.2,0.0265,100.0%,7.5,0.5,45.4%,54.6%,0.0408,6.5,-0.5,54.9%,45.1%,0.1028,,,,,,,,,,,7.5,0.5,42.8%,57.2%,0.0239,6.5,-0.5,53.0%,47.0%,0.0903
79,Jalen Suggs,RA,9.5,UNDER,Underdog and PrizePicks,,1.03x,63.4%,C,DO NOT BET,47.01,,,UNDER,61.9%,45.11,,UNDER,60.4%,43.44,,UNDER,66.7%,50.87,,UNDER,64.8%,48.61,,-0.13,-0.17,-1.5,-0.5,0.14,1.2,0.8,0.0243,100.0%,9.5,0.0,44.9%,55.1%,0.0541,9.5,0.0,47.7%,52.3%,0.0726,,,,,,,,,,,10.5,1.0,33.1%,66.9%,-0.0225,9.5,0.0,50.3%,49.7%,0.0891
80,DeMar DeRozan,PA,22.5,UNDER,PrizePicks,,,61.7%,D,DO NOT BET,46.99,,,UNDER,56.4%,40.58,,UNDER,56.1%,40.18,,UNDER,67.4%,53.83,,UNDER,67.0%,53.39,,0.0,0.37,-1.1,6.9,-6.82,1.4,0.8,0.0547,100.0%,22.5,0.0,48.9%,51.1%,0.0691,22.5,0.0,50.3%,49.7%,0.0778,,,,,,,,,,,23.5,1.0,43.7%,56.3%,0.0349,20.5,-2.0,49.6%,50.4%,0.0737
81,Zion Williamson,REB,5.5,UNDER,Underdog and PrizePicks,,,60.2%,B,DO NOT BET,46.95,,,UNDER,60.0%,46.77,,UNDER,58.8%,45.26,,UNDER,61.5%,48.61,,UNDER,60.3%,47.15,,0.12,-0.04,-0.25,-0.1,0.43,1.2,1.2,0.0096,100.0%,5.5,0.0,50.0%,50.0%,0.066,5.5,0.0,51.3%,48.7%,0.0747,5.5,0.0,50.7%,49.3%,0.0704,5.5,0.0,49.7%,50.3%,0.0643,6.5,1.0,46.8%,53.2%,0.0452,5.5,0.0,48.0%,52.0%,0.053
82,Mikal Bridges,RA,7.0,UNDER,PrizePicks,,,63.4%,C,DO NOT BET,46.87,,,UNDER,65.9%,49.78,,UNDER,64.0%,47.53,,UNDER,62.7%,46.04,,UNDER,61.2%,44.15,,0.32,0.2,0.9,0.6,0.34,1.6,1.2,0.0172,100.0%,6.5,-0.5,60.2%,39.8%,0.1536,6.5,-0.5,58.0%,42.0%,0.1391,,,,,,,,,,,7.5,0.5,43.2%,56.8%,0.0433,6.5,-0.5,58.5%,41.5%,0.1423
83,Jalen Duren,BLK,0.5,OVER,PrizePicks,Goblin,,60.2%,S,BET WITH CAUTION,46.79,,,OVER,61.6%,48.43,,OVER,60.6%,47.19,,OVER,59.9%,46.38,,OVER,58.9%,45.18,,-0.48,-0.94,-0.66,-0.7,0.34,1.6,1.6,0.0099,100.0%,,,,,,,,,,,,,,,,,,,,,,,,,,0.5,0.0,63.7%,36.2%,-0.023
84,Jalen Suggs,PTS,14.5,UNDER,Underdog and PrizePicks,,,61.9%,D,DO NOT BET,46.65,,,UNDER,62.8%,47.66,,UNDER,62.7%,47.57,,UNDER,61.1%,45.62,,UNDER,61.2%,45.73,,-0.08,0.27,-1.5,1.9,-2.47,1.4,1.2,0.0079,100.0%,14.5,0.0,47.6%,52.4%,0.0621,14.5,0.0,47.6%,52.4%,0.0621,13.5,-1.0,54.8%,45.2%,0.1085,14.5,0.0,48.9%,51.1%,0.0707,17.5,3.0,30.0%,70.0%,-0.0524,14.5,0.0,52.4%,47.6%,0.0933
85,Karl-Anthony Towns,REB,10.5,OVER,Underdog and PrizePicks,,,60.9%,B,DO NOT BET,46.53,,,OVER,60.3%,45.81,,OVER,60.7%,46.31,,OVER,61.1%,46.88,,OVER,61.3%,47.14,,-0.47,-0.52,-0.84,-1.5,0.14,1.6,1.6,0.0038,100.0%,10.5,0.0,48.1%,51.8%,0.0828,10.5,0.0,50.7%,49.3%,0.0665,10.5,0.0,51.3%,48.7%,0.0621,10.5,0.0,50.5%,49.5%,0.0673,12.5,2.0,37.2%,62.7%,0.1537,10.5,0.0,53.5%,46.5%,0.0482
86,Tobias Harris,PTS,14.5,UNDER,PrizePicks,,,62.6%,D,DO NOT BET,46.51,,,UNDER,61.5%,45.07,,UNDER,61.5%,45.05,,UNDER,63.7%,47.96,,UNDER,63.7%,47.95,,-0.26,-0.64,-1.22,-3.5,2.1,1.2,1.2,0.0112,100.0%,14.5,0.0,48.1%,51.8%,0.0698,13.5,-1.0,52.0%,48.0%,0.0948,14.5,0.0,45.6%,54.4%,0.0532,14.5,0.0,47.8%,52.2%,0.0672,17.5,3.0,33.1%,66.9%,-0.0281,13.5,-1.0,54.0%,46.0%,0.1078
87,Josh Hart,AST,5.0,UNDER,PrizePicks,,,64.9%,C,DO NOT BET,46.29,,,UNDER,70.1%,52.63,,UNDER,68.9%,51.17,,UNDER,60.4%,40.87,,UNDER,60.1%,40.5,,0.05,-1.83,2.11,-2.0,2.05,1.6,2.0,0.0463,100.0%,4.5,-0.5,53.3%,46.7%,0.1181,4.5,-0.5,54.1%,45.9%,0.1236,4.5,-0.5,55.5%,44.5%,0.1322,4.5,-0.5,53.7%,46.3%,0.1209,5.5,0.5,38.1%,61.9%,0.0194,4.5,-0.5,55.4%,44.6%,0.1319
88,Coby White,AST,3.5,UNDER,Underdog,,0.83x,57.9%,C,DO NOT BET,46.29,,,UNDER,60.3%,49.22,,UNDER,59.9%,48.7,,UNDER,55.6%,43.56,,UNDER,55.7%,43.69,,0.85,-0.88,0.5,-0.9,1.77,1.2,1.6,0.0223,100.0%,3.5,0.0,45.8%,54.2%,0.024,3.5,0.0,46.7%,53.3%,0.0298,3.5,0.0,47.6%,52.4%,0.0356,3.5,0.0,45.6%,54.4%,0.023,3.5,0.0,46.9%,53.0%,0.0315,3.5,0.0,43.4%,56.6%,0.0086
89,Miles Bridges,3PM,1.5,OVER,PrizePicks,,,60.7%,S,BET WITH CAUTION,46.26,,,OVER,60.6%,46.18,,OVER,60.2%,45.74,,OVER,61.2%,46.88,,OVER,60.6%,46.23,,-0.35,-0.06,-0.1,-0.1,-0.46,1.0,0.8,0.0034,100.0%,1.5,0.0,53.3%,46.7%,0.0478,1.5,0.0,53.8%,46.2%,0.0442,1.5,0.0,52.7%,47.3%,0.0518,1.5,0.0,52.8%,47.2%,0.0511,1.5,0.0,54.1%,45.9%,0.0427,1.5,0.0,50.0%,50.0%,0.0692
90,Tobias Harris,3PM,0.5,OVER,PrizePicks,Goblin,,67.5%,S,BET,46.22,,,OVER,68.1%,46.74,,OVER,67.7%,46.26,,OVER,67.3%,46.31,,OVER,66.7%,45.58,,-1.02,-0.4,-0.13,-0.3,-0.47,1.2,1.2,0.0052,100.0%,1.5,1.0,48.4%,51.6%,0.1237,1.5,1.0,44.1%,55.9%,0.1521,1.5,1.0,46.4%,53.6%,0.1372,1.5,1.0,45.6%,54.4%,0.1418,1.5,1.0,50.9%,49.1%,0.1077,1.5,1.0,46.9%,53.1%,0.1338
91,Karl-Anthony Towns,3PA,4.5,UNDER,Underdog,,0.79x,70.0%,B,STRONG BET,45.67,,,UNDER,69.1%,45.14,,UNDER,68.2%,44.66,,UNDER,71.8%,46.66,,UNDER,71.0%,46.23,,-0.19,-0.23,0.17,-0.3,0.05,1.6,1.2,0.0146,100.0%,,,,,,,,,,,,,,,,,,,,,,,,,,,,,,
92,LaMelo Ball,STL,0.5,OVER,PrizePicks,Goblin,,63.3%,A,BET WITH CAUTION,45.64,,,OVER,64.0%,46.88,,OVER,63.4%,46.29,,OVER,63.2%,44.95,,OVER,62.7%,44.43,,-0.67,-0.71,-0.27,-0.7,0.04,1.6,1.6,0.0048,100.0%,1.5,1.0,59.0%,41.0%,0.028,1.5,1.0,59.1%,40.9%,0.0274,,,,,,,,,,,1.5,1.0,59.6%,40.4%,0.024,,,,,
93,Desmond Bane,3PM,1.5,OVER,PrizePicks,Goblin,,57.4%,S,DO NOT BET,45.6,,,OVER,58.6%,46.14,,OVER,58.2%,45.78,,OVER,56.7%,45.49,,OVER,56.2%,45.0,,-0.55,-0.88,-0.59,-0.9,0.34,1.0,1.6,0.0099,100.0%,2.5,1.0,50.4%,49.6%,0.0455,2.5,1.0,52.1%,47.9%,0.0346,2.5,1.0,52.0%,48.0%,0.0354,2.5,1.0,51.1%,48.9%,0.0409,2.5,1.0,52.2%,47.8%,0.0336,1.5,0.0,61.1%,38.9%,-0.0237
94,Mikal Bridges,PRA,20.5,UNDER,PrizePicks,,,55.6%,D,DO NOT BET,45.56,,,UNDER,58.5%,48.93,,UNDER,58.1%,48.52,,UNDER,53.1%,42.59,,UNDER,52.8%,42.19,,0.89,-2.68,2.11,-6.9,9.18,1.8,2.0,0.0266,100.0%,20.5,0.0,49.6%,50.4%,0.034,20.5,0.0,49.3%,50.7%,0.0322,19.5,-1.0,55.6%,44.4%,0.073,20.5,0.0,50.0%,50.0%,0.0366,21.5,1.0,44.3%,55.7%,-0.0006,20.5,0.0,48.0%,52.0%,0.0236
95,Jalen Duren,PRA,36.5,UNDER,Underdog and PrizePicks,,,69.7%,D,STRONG BET,45.56,,,UNDER,67.5%,42.41,,UNDER,67.0%,41.95,,UNDER,72.3%,49.13,,UNDER,72.0%,48.76,,-0.61,-0.04,-0.47,-0.3,-4.87,1.4,1.2,0.0248,100.0%,,,,,,37.5,1.0,24.0%,76.0%,-0.0411,,,,,,37.5,1.0,24.1%,75.9%,-0.0402,,,,,,36.5,0.0,49.2%,50.8%,0.1228
96,Dejounte Murray,PRA,27.5,OVER,Underdog and PrizePicks,,,62.2%,D,DO NOT BET,45.53,,,OVER,59.2%,42.02,,OVER,59.1%,41.93,,OVER,65.0%,48.94,,OVER,65.3%,49.24,,-0.42,-0.91,0.0,-6.5,3.5,1.2,1.6,0.0301,100.0%,27.5,0.0,51.1%,48.9%,0.0721,27.5,0.0,50.8%,49.2%,0.0738,26.5,-1.0,53.0%,46.9%,0.0592,27.5,0.0,51.1%,48.9%,0.0721,28.5,1.0,46.8%,53.2%,0.0995,28.5,1.0,50.2%,49.8%,0.0774
97,Dejounte Murray,TOV,3.5,UNDER,Underdog,,0.80x,71.0%,A,STRONG BET,45.46,,,UNDER,67.4%,43.44,,UNDER,67.1%,43.28,,UNDER,75.1%,47.71,,UNDER,74.5%,47.39,,-0.17,-0.94,-0.0,-0.7,0.58,1.4,1.6,0.0381,100.0%,,,,,,,,,,,,,,,,,,,,,,,,,,,,,,
98,Desmond Bane,RA,8.5,UNDER,Underdog,,0.87x,59.6%,C,DO NOT BET,45.44,,,UNDER,58.6%,44.29,,UNDER,57.5%,42.97,,UNDER,61.8%,48.08,,UNDER,60.4%,46.41,,-0.07,-0.41,0.79,-1.1,0.91,1.2,1.6,0.0165,100.0%,8.5,0.0,49.6%,50.4%,0.0595,8.5,0.0,48.4%,51.6%,0.0517,,,,,,,,,,,9.5,1.0,35.2%,64.8%,-0.0343,8.5,0.0,48.9%,51.1%,0.0551
99,Miles Bridges,SB,0.5,OVER,PrizePicks,Goblin,,63.8%,A,BET WITH CAUTION,45.34,,,OVER,63.3%,45.07,,OVER,62.3%,44.53,,OVER,65.3%,46.18,,OVER,64.2%,45.61,,-0.75,-0.4,4.5,-0.3,-0.26,1.4,1.2,0.0112,100.0%,,,,,,,,,,,,,,,,,,,,,,,,,,,,,,
100,Jalen Brunson,PTS,25.5,UNDER,Underdog,,1.03x,58.3%,D,DO NOT BET,45.23,,,UNDER,57.3%,44.02,,UNDER,57.5%,44.16,,UNDER,59.1%,46.27,,UNDER,59.2%,46.46,,0.1,-0.25,0.82,-1.9,2.65,1.0,0.8,0.0088,100.0%,26.5,1.0,48.6%,51.3%,0.045,26.5,1.0,48.9%,51.1%,0.0467,24.5,-1.0,57.6%,42.4%,0.1035,26.5,1.0,48.6%,51.4%,0.0449,30.5,5.0,36.8%,63.2%,-0.032,25.5,0.0,49.3%,50.7%,0.0494
101,Trey Murphy III,3PM,3.5,UNDER,Underdog,,0.89x,61.1%,S,BET WITH CAUTION,45.23,,,UNDER,64.0%,48.76,,UNDER,64.1%,48.88,,UNDER,58.0%,41.55,,UNDER,58.2%,41.75,,-0.31,0.79,-1.25,0.5,-0.69,0.6,0.4,0.03,100.0%,3.5,0.0,47.6%,52.4%,0.0565,3.5,0.0,48.7%,51.3%,0.0633,3.5,0.0,50.7%,49.3%,0.0763,3.5,0.0,47.5%,52.5%,0.0556,4.5,1.0,40.6%,59.4%,0.0111,3.5,0.0,45.5%,54.5%,0.0426
102,DeMar DeRozan,SB,0.5,OVER,PrizePicks,Goblin,,73.2%,A,STRONG BET,45.17,,,OVER,74.2%,45.75,,OVER,73.0%,45.08,,OVER,73.3%,45.27,,OVER,72.1%,44.59,,-0.74,-1.19,-0.13,-1.5,0.57,1.4,1.6,0.0075,100.0%,,,,,,,,,,,,,,,,,,,,,,,,,,,,,,
103,Kon Knueppel,AST,2.5,OVER,PrizePicks,Goblin,,54.1%,C,DO NOT BET,45.01,,,OVER,53.9%,44.69,,OVER,53.1%,43.6,,OVER,55.4%,46.56,,OVER,54.2%,45.18,,-0.48,-0.15,-0.25,-0.3,-0.64,1.0,1.2,0.0082,100.0%,3.5,1.0,42.0%,58.0%,0.079,3.5,1.0,42.4%,57.6%,0.0761,2.5,0.0,60.4%,39.6%,-0.0407,3.5,1.0,41.9%,58.1%,0.0793,3.5,1.0,42.3%,57.7%,0.0768,3.5,1.0,40.3%,59.7%,0.0899
104,Desmond Bane,3PA,5.5,UNDER,Underdog,,,69.2%,B,STRONG BET,44.86,,,UNDER,68.5%,44.49,,UNDER,67.7%,44.03,,UNDER,70.6%,45.65,,UNDER,69.9%,45.26,,-0.16,-0.07,-0.41,-0.1,-0.14,1.6,1.2,0.0115,100.0%,,,,,,,,,,,,,,,,,,,,,,,,,,,,,,
105,Zion Williamson,RA,8.5,UNDER,Underdog,,,58.8%,C,DO NOT BET,44.75,,,UNDER,62.4%,48.89,,UNDER,60.9%,47.09,,UNDER,56.4%,42.0,,UNDER,55.6%,41.02,,0.17,-0.3,-0.4,-1.1,1.72,1.4,1.2,0.0287,100.0%,8.5,0.0,50.0%,50.0%,0.0573,8.5,0.0,50.8%,49.2%,0.0625,,,,,,,,,,,9.5,1.0,40.9%,59.1%,-0.0018,8.5,0.0,46.5%,53.5%,0.0347
106,OG Anunoby,3PM,1.5,OVER,PrizePicks,Goblin,,65.7%,S,BET,44.63,,,OVER,67.5%,46.61,,OVER,67.1%,46.13,,OVER,64.3%,43.23,,OVER,63.7%,42.55,,-0.4,-0.9,-0.27,-1.5,0.83,1.6,1.6,0.0168,100.0%,2.5,1.0,48.1%,51.9%,0.1143,2.5,1.0,48.0%,52.0%,0.1147,2.5,1.0,47.4%,52.6%,0.119,2.5,1.0,48.4%,51.6%,0.1124,2.5,1.0,47.9%,52.1%,0.116,2.5,1.0,48.3%,51.7%,0.1128
107,Kon Knueppel,SB,0.5,OVER,PrizePicks,Goblin,,64.3%,A,BET WITH CAUTION,44.52,,,OVER,63.3%,43.95,,OVER,62.3%,43.41,,OVER,66.4%,45.66,,OVER,65.3%,45.07,,-0.42,-0.6,3.0,-0.7,0.22,1.6,1.2,0.0161,100.0%,,,,,,,,,,,,,,,,,,,,,,,,,,,,,,
108,Kon Knueppel,PRA,26.5,UNDER,Underdog and PrizePicks,,,58.2%,D,DO NOT BET,44.42,,,UNDER,61.9%,48.86,,UNDER,61.5%,48.35,,UNDER,55.0%,40.43,,UNDER,54.6%,40.04,,0.3,-0.51,-1.11,-2.5,4.0,1.2,1.6,0.0345,100.0%,26.5,0.0,49.6%,50.4%,0.051,26.5,0.0,49.9%,50.1%,0.0527,27.5,1.0,43.5%,56.5%,0.0115,26.5,0.0,49.5%,50.5%,0.0502,28.5,2.0,45.3%,54.7%,0.0233,26.5,0.0,48.9%,51.1%,0.0467
109,OG Anunoby,3PA,6.5,UNDER,Underdog,,0.87x,69.7%,B,STRONG BET,44.37,,,UNDER,74.5%,47.02,,UNDER,73.3%,46.35,,UNDER,65.7%,42.16,,UNDER,65.3%,41.94,,-0.25,-0.04,0.03,-0.1,-0.59,1.2,1.2,0.0424,100.0%,,,,,,,,,,,,,,,,,,,,,,,,,,,,,,
110,OG Anunoby,RA,7.0,UNDER,PrizePicks,,,58.1%,C,DO NOT BET,44.34,,,UNDER,58.3%,44.51,,UNDER,57.2%,43.3,,UNDER,58.9%,45.38,,UNDER,57.8%,44.16,,0.15,0.57,-0.13,2.0,-1.48,1.2,0.4,0.0063,100.0%,,,,,,6.5,-0.5,52.5%,47.5%,0.0685,,,,,,,,,,,7.5,0.5,40.4%,59.6%,-0.0098,6.5,-0.5,53.5%,46.5%,0.0752
111,Coby White,AST,2.5,OVER,PrizePicks,Goblin,,62.7%,C,DO NOT BET,44.29,,,OVER,62.1%,43.09,,OVER,60.5%,41.45,,OVER,65.1%,47.36,,OVER,63.2%,45.27,,-1.83,-0.1,-1.1,-0.1,-1.77,1.4,1.2,0.0168,100.0%,3.5,1.0,52.3%,47.7%,0.0678,3.5,1.0,53.2%,46.8%,0.0619,3.5,1.0,54.1%,45.9%,0.0561,3.5,1.0,52.2%,47.8%,0.0687,3.5,1.0,53.5%,46.5%,0.0602,3.5,1.0,49.9%,50.1%,0.0832
112,Josh Hart,FGM,4.5,UNDER,PrizePicks,,,65.1%,C,STRONG BET,44.28,,,UNDER,63.4%,43.33,,UNDER,63.5%,43.39,,UNDER,66.8%,45.19,,UNDER,66.8%,45.21,,0.01,0.17,0.85,0.3,-0.29,1.4,1.2,0.0167,100.0%,,,,,,,,,,,,,,,,,,,,,,,,,,,,,,
113,Brandon Miller,STL,1.5,UNDER,Underdog,,0.73x,70.2%,A,STRONG BET,44.27,,,UNDER,69.7%,43.97,,UNDER,69.7%,43.96,,UNDER,70.8%,44.59,,UNDER,70.8%,44.54,,-0.37,0.1,-0.46,0.1,-0.48,1.0,0.8,0.0054,100.0%,,,,,,,,,,,,,,,,,,,,,,,,,,,,,,
114,Karl-Anthony Towns,PTS,19.5,UNDER,Underdog,,,56.9%,D,DO NOT BET,44.23,,,UNDER,55.3%,42.35,,UNDER,55.5%,42.6,,UNDER,58.4%,45.85,,UNDER,58.6%,46.11,,0.07,0.52,1.16,3.5,-3.0,1.2,0.8,0.0155,100.0%,18.5,-1.0,50.9%,49.1%,0.0507,18.5,-1.0,50.6%,49.4%,0.049,19.5,0.0,47.0%,53.0%,0.0259,19.5,0.0,48.7%,51.3%,0.0364,22.5,3.0,31.6%,68.4%,-0.0746,19.5,0.0,50.0%,50.0%,0.0451
115,OG Anunoby,PTS,16.5,UNDER,PrizePicks,,,57.8%,D,DO NOT BET,44.1,,,UNDER,56.6%,42.79,,UNDER,56.7%,42.97,,UNDER,58.8%,45.22,,UNDER,58.9%,45.45,,0.04,0.99,0.27,6.7,-6.46,1.0,0.4,0.011,100.0%,16.5,0.0,47.1%,52.9%,0.0315,16.5,0.0,49.1%,50.9%,0.0443,15.5,-1.0,49.5%,50.5%,0.0471,16.5,0.0,47.8%,52.2%,0.0357,19.5,3.0,36.4%,63.6%,-0.0381,16.5,0.0,48.9%,51.1%,0.0434
116,Karl-Anthony Towns,SB,0.5,OVER,PrizePicks,Goblin,,72.2%,A,STRONG BET,44.01,,,OVER,72.8%,44.34,,OVER,71.6%,43.68,,OVER,72.8%,44.34,,OVER,71.6%,43.67,,-1.25,-0.94,-0.5,-0.7,-0.24,1.4,1.6,0.0061,100.0%,,,,,,,,,,,,,,,,,,,,,,,,,,,,,,
117,Derrick White,STL,1.5,UNDER,Underdog,,0.76x,68.7%,A,BET,43.72,,,UNDER,65.9%,42.22,,UNDER,66.0%,42.25,,UNDER,71.4%,45.23,,UNDER,71.3%,45.18,,-0.46,-0.94,-0.23,-0.7,0.36,1.6,1.6,0.027,100.0%,,,,,,,,,,,,,,,,,,,,,,,,,,,,,,
118,Jalen Duren,FGA,14.5,UNDER,Underdog,,,77.2%,D,STRONG BET,43.71,,,UNDER,79.6%,45.03,,UNDER,75.9%,43.01,,UNDER,78.0%,44.16,,UNDER,75.2%,42.63,,-0.83,-0.7,-1.64,-2.5,-0.48,1.4,1.2,0.0173,100.0%,,,,,,,,,,,,,,,,,,,,,,,,,,,,,,
119,Tobias Harris,FTA,2.5,UNDER,PrizePicks,,,66.7%,C,STRONG BET,43.7,,,UNDER,67.4%,44.1,,UNDER,66.7%,43.69,,UNDER,66.8%,43.74,,UNDER,65.9%,43.27,,0.02,-0.14,-0.46,-0.3,0.35,1.4,1.2,0.0053,100.0%,,,,,,,,,,,,,,,,,,,,,,,,,,,,,,
120,Zion Williamson,AST,1.5,OVER,PrizePicks,Goblin,,63.5%,C,DO NOT BET,43.55,,,OVER,63.8%,44.11,,OVER,62.1%,42.18,,OVER,65.1%,44.99,,OVER,63.2%,42.89,,-1.41,-0.4,0.0,-0.5,-1.29,1.0,0.8,0.0107,100.0%,2.5,1.0,62.6%,37.4%,0.0063,2.5,1.0,61.6%,38.4%,0.0126,2.5,1.0,64.3%,35.7%,-0.0051,2.5,1.0,61.7%,38.3%,0.0119,3.5,2.0,39.3%,60.7%,0.1577,2.5,1.0,60.0%,40.1%,0.0233
121,Jalen Suggs,PRA,24.5,UNDER,Underdog,,,60.2%,D,DO NOT BET,43.54,,,UNDER,60.2%,43.25,,UNDER,59.8%,42.81,,UNDER,60.6%,44.24,,UNDER,60.2%,43.84,,-0.18,0.11,-1.5,0.9,-2.33,1.2,0.8,0.0027,100.0%,23.5,-1.0,47.9%,52.1%,0.0531,23.5,-1.0,49.1%,50.9%,0.0609,23.5,-1.0,50.4%,49.6%,0.0688,23.5,-1.0,47.9%,52.1%,0.0531,25.5,1.0,44.6%,55.4%,0.0311,24.5,0.0,48.9%,51.1%,0.0595
122,Jaylen Brown,STL,1.5,UNDER,Underdog,,0.73x,70.5%,A,STRONG BET,43.46,,,UNDER,67.3%,41.69,,UNDER,67.3%,41.71,,UNDER,73.8%,45.26,,UNDER,73.6%,45.18,,-0.65,-1.12,-0.71,-0.9,0.38,1.4,1.6,0.032,100.0%,,,,,,,,,,,,,,,,,,,,,,,,,,,,,,
123,Jalen Brunson,FTM,5.5,UNDER,Underdog,,0.78x,66.3%,B,STRONG BET,43.45,,,UNDER,68.1%,44.42,,UNDER,67.3%,44.02,,UNDER,65.1%,42.81,,UNDER,64.7%,42.56,,-0.2,-0.1,0.46,-0.3,-0.33,1.4,1.2,0.0143,100.0%,,,,,,,,,,,,,,,,,,,,,,,,,,,,,,
124,OG Anunoby,STL,1.5,UNDER,Underdog and PrizePicks,,0.86x,56.7%,A,DO NOT BET,43.45,,,UNDER,56.5%,43.21,,UNDER,56.7%,43.5,,UNDER,56.7%,43.42,,UNDER,56.9%,43.67,,0.15,0.23,0.37,0.3,-0.1,1.0,0.8,0.0014,100.0%,1.5,0.0,48.1%,51.9%,0.0313,1.5,0.0,48.4%,51.6%,0.0331,,,,,,,,,,,1.5,0.0,48.0%,52.0%,0.0305,,,,,
125,Tobias Harris,PR,20.0,UNDER,PrizePicks,,,62.0%,D,DO NOT BET,43.4,,,UNDER,60.7%,34.01,,UNDER,60.4%,33.62,,UNDER,63.4%,45.04,,UNDER,63.3%,44.89,,-0.21,-0.56,-3.67,-4.6,2.84,1.4,1.6,0.0144,100.0%,19.5,-0.5,50.7%,49.3%,0.0822,19.5,-0.5,49.1%,50.9%,0.0719,,,,,,,,,,,20.5,0.5,50.1%,49.9%,0.0783,20.5,0.5,49.2%,50.8%,0.0722
126,Jayson Tatum,STL,1.5,UNDER,Underdog,,0.82x,68.3%,A,BET,43.38,,,UNDER,70.5%,44.55,,UNDER,70.4%,44.53,,UNDER,66.2%,42.22,,UNDER,66.2%,42.22,,-0.3,-0.3,0.46,-0.25,-0.0,0.6,0.8,0.0211,100.0%,,,,,,,,,,,,,,,,,,,,,,,,,,,,,,
127,Josh Hart,FTM,1.5,UNDER,PrizePicks,,,66.2%,B,STRONG BET,43.31,,,UNDER,66.4%,43.41,,UNDER,65.9%,43.11,,UNDER,66.7%,43.54,,UNDER,66.0%,43.19,,-0.24,-1.12,0.46,-0.9,0.71,1.4,1.6,0.0031,100.0%,,,,,,,,,,,,,,,,,,,,,,,,,,,,,,
128,Mikal Bridges,PTS,13.5,UNDER,PrizePicks,,,54.7%,D,DO NOT BET,43.31,,,UNDER,56.8%,45.93,,UNDER,57.0%,46.1,,UNDER,52.2%,40.34,,UNDER,52.6%,40.88,,0.37,-2.1,2.89,-7.5,8.84,1.6,2.0,0.0226,100.0%,13.5,0.0,48.1%,51.8%,0.0183,13.5,0.0,48.4%,51.6%,0.02,13.5,0.0,47.0%,53.0%,0.0111,13.5,0.0,48.1%,51.9%,0.0182,16.5,3.0,32.0%,68.0%,-0.0865,12.5,-1.0,50.7%,49.2%,0.0352
129,Coby White,RA,5.5,OVER,PrizePicks,Goblin,,58.2%,C,DO NOT BET,43.27,,,OVER,56.6%,41.48,,OVER,56.1%,40.87,,OVER,60.6%,46.1,,OVER,59.3%,44.63,,-1.43,-0.06,-0.27,-0.1,-2.22,1.4,1.2,0.0187,100.0%,,,,,,5.5,0.0,56.2%,43.8%,0.0129,,,,,,,,,,,6.5,1.0,46.1%,53.9%,0.0785,,,,,
130,Dyson Daniels,SB,2.5,UNDER,Underdog,,0.79x,66.7%,A,BET,43.16,,,UNDER,69.1%,44.46,,UNDER,68.8%,44.31,,UNDER,64.6%,41.97,,UNDER,64.4%,41.88,,-0.35,0.2,0.4,0.1,-0.27,0.8,0.8,0.0224,100.0%,,,,,,,,,,,,,,,,,,,,,,,,,,,,,,
131,Zion Williamson,TOV,2.5,UNDER,Underdog,,0.77x,66.7%,A,BET,42.82,,,UNDER,67.7%,43.37,,UNDER,67.4%,43.21,,UNDER,66.0%,42.42,,UNDER,65.7%,42.26,,-0.41,-0.88,-0.25,-0.9,0.48,1.6,1.6,0.0088,100.0%,,,,,,,,,,,,,,,,,,,,,,,,,,,,,,
132,Jaylen Brown,REB,5.5,OVER,PrizePicks,Goblin,,69.5%,B,STRONG BET,42.76,,,OVER,68.7%,42.33,,OVER,68.7%,42.34,,OVER,70.4%,43.25,,OVER,70.2%,43.13,,-0.54,-0.63,-0.77,-1.9,0.26,1.6,1.6,0.0078,100.0%,,,,,,,,,,,,,,,,,,,,,,,,,,,,,,
133,Karl-Anthony Towns,PR,29.5,OVER,Underdog and PrizePicks,,,60.1%,D,DO NOT BET,42.71,,,OVER,59.3%,41.78,,OVER,59.0%,41.37,,OVER,61.0%,43.76,,OVER,61.2%,43.91,,-0.31,-0.72,-1.12,-5.5,3.14,1.2,1.2,0.0098,100.0%,29.5,0.0,49.6%,50.4%,0.0684,29.5,0.0,51.6%,48.4%,0.0554,,,,,,,,,,,30.5,1.0,49.4%,50.6%,0.0695,29.5,0.0,52.0%,48.0%,0.0528
134,Karl-Anthony Towns,FTM,4.5,UNDER,Underdog,,,62.3%,B,BET WITH CAUTION,42.7,,,UNDER,60.7%,41.81,,UNDER,60.7%,41.85,,UNDER,64.0%,43.66,,UNDER,63.7%,43.48,,0.13,-0.12,0.49,-0.3,0.61,1.6,1.2,0.0159,100.0%,,,,,,,,,,,,,,,,,,,,,,,,,,,,,,
135,Jaylen Brown,RA,9.5,OVER,PrizePicks,Goblin,,73.0%,C,STRONG BET,42.59,,,OVER,75.0%,43.7,,OVER,72.8%,42.48,,OVER,73.4%,42.78,,OVER,70.9%,41.39,,-0.87,-1.66,-0.32,-5.3,2.52,1.6,1.6,0.015,100.0%,,,,,,,,,,,,,,,,,,,,,,,,,,,,,,
136,Miles Bridges,STL,0.5,OVER,PrizePicks,Goblin,,52.9%,A,DO NOT BET,42.5,,,OVER,52.3%,41.86,,OVER,51.9%,41.36,,OVER,53.8%,43.64,,OVER,53.4%,43.15,,-0.14,-0.4,4.5,-0.3,0.2,1.2,1.2,0.0077,100.0%,0.5,0.0,53.7%,46.3%,-0.0055,,,,,,,,,,,,,,,,,,,,,,,,,
137,Ausar Thompson,TOV,1.5,UNDER,PrizePicks,,,68.4%,A,BET,42.46,,,UNDER,66.5%,41.43,,UNDER,66.2%,41.28,,UNDER,70.6%,43.69,,UNDER,70.1%,43.43,,-0.19,-1.75,-1.33,-0.7,0.62,1.4,2.0,0.0201,100.0%,,,,,,,,,,,,,,,,,,,,,,,,,,,,,,
138,Josh Hart,REB,6.5,OVER,Underdog,,0.83x,57.0%,B,DO NOT BET,42.41,,,OVER,57.2%,42.6,,OVER,57.7%,43.3,,OVER,56.3%,41.59,,OVER,56.8%,42.16,,-0.34,-0.92,-0.46,-3.1,1.96,1.2,1.2,0.0052,100.0%,6.5,0.0,55.5%,44.5%,0.0098,7.5,1.0,51.0%,49.0%,0.0388,6.5,0.0,54.9%,45.1%,0.0137,6.5,0.0,54.1%,45.9%,0.019,8.5,2.0,41.1%,58.9%,0.1035,7.5,1.0,49.7%,50.3%,0.0477
139,Paolo Banchero,PA,31.0,UNDER,PrizePicks,,,60.3%,D,DO NOT BET,42.38,,,UNDER,62.2%,44.52,,UNDER,61.9%,44.18,,UNDER,58.9%,40.68,,UNDER,58.5%,40.15,,-0.58,-0.25,0.5,-1.6,-2.02,1.0,0.8,0.0168,100.0%,30.5,-0.5,51.8%,48.2%,0.0787,31.5,0.5,48.5%,51.5%,0.0572,,,,,,,,,,,31.5,0.5,47.0%,53.0%,0.0477,30.5,-0.5,50.7%,49.3%,0.0718
140,Coby White,TOV,2.5,UNDER,Underdog,,0.81x,64.4%,A,BET WITH CAUTION,42.37,,,UNDER,63.2%,41.72,,UNDER,63.1%,41.63,,UNDER,65.8%,43.14,,UNDER,65.5%,42.98,,0.11,-0.92,-0.46,-1.1,1.23,1.6,1.6,0.0126,100.0%,,,,,,,,,,,,,,,,,,,,,,,,,,,,,,
141,Desmond Bane,REB,4.0,UNDER,PrizePicks,,,56.0%,B,DO NOT BET,42.25,,,UNDER,56.7%,43.31,,UNDER,55.6%,41.97,,UNDER,56.3%,42.45,,UNDER,55.3%,41.27,,0.07,-0.46,1.52,-0.8,0.92,1.4,1.6,0.0057,100.0%,4.5,0.5,41.3%,58.7%,-0.0175,4.5,0.5,42.5%,57.5%,-0.0099,3.5,-0.5,54.5%,45.5%,0.068,4.5,0.5,42.3%,57.7%,-0.0113,4.5,0.5,42.7%,57.3%,-0.0085,3.5,-0.5,52.6%,47.4%,0.0557
142,Dejounte Murray,PA,22.5,OVER,PrizePicks,,,59.0%,D,DO NOT BET,42.2,,,OVER,55.1%,37.46,,OVER,55.5%,37.94,,OVER,62.5%,46.41,,OVER,63.0%,47.01,,-0.33,-0.63,0.0,-4.7,2.2,1.0,1.2,0.0378,100.0%,22.5,0.0,51.1%,48.9%,0.0517,22.5,0.0,49.7%,50.3%,0.0604,,,,,,,,,,,23.5,1.0,45.9%,54.1%,0.0856,23.5,1.0,50.2%,49.8%,0.0574
143,Zion Williamson,PR,26.5,UNDER,Underdog and PrizePicks,,,54.8%,D,DO NOT BET,42.18,,,UNDER,55.4%,42.85,,UNDER,55.2%,42.67,,UNDER,54.5%,41.67,,UNDER,54.3%,41.51,,0.28,0.03,-0.16,0.1,0.77,1.0,1.2,0.0046,100.0%,26.5,0.0,48.1%,51.8%,0.0195,26.5,0.0,48.1%,51.9%,0.0193,,,,,,,,,,,27.5,1.0,39.3%,60.7%,-0.0381,25.5,-1.0,62.1%,37.9%,0.11
144,Ausar Thompson,SB,2.5,UNDER,Underdog,,1.06x,64.2%,A,BET WITH CAUTION,42.06,,,UNDER,60.8%,40.18,,UNDER,60.8%,40.22,,UNDER,67.7%,44.01,,UNDER,67.4%,43.85,,0.1,0.05,-0.27,0.1,0.11,0.8,1.2,0.0339,100.0%,,,,,,,,,,,,,,,,,,,,,,,,,,,,,,
145,Derrick White,STL,0.5,OVER,PrizePicks,Goblin,,67.1%,A,BET,42.01,,,OVER,68.0%,42.52,,OVER,67.4%,42.17,,OVER,66.8%,41.85,,OVER,66.2%,41.51,,-0.88,-0.4,-0.69,-0.3,-0.36,1.6,1.2,0.0068,100.0%,,,,,,,,,,,,,,,,,,,,,,,,,,,,,,
146,Jalen Johnson,TOV,3.5,UNDER,Underdog,,0.81x,65.1%,A,BET,41.91,,,UNDER,62.4%,40.42,,UNDER,62.2%,40.35,,UNDER,68.0%,43.54,,UNDER,67.7%,43.33,,-0.11,-0.35,-0.58,-0.5,0.34,1.4,1.2,0.0277,100.0%,,,,,,,,,,,,,,,,,,,,,,,,,,,,,,
147,Jalen Suggs,SB,1.5,OVER,PrizePicks,Goblin,,65.5%,A,BET,41.9,,,OVER,66.7%,42.57,,OVER,65.6%,41.98,,OVER,65.3%,41.81,,OVER,64.3%,41.23,,-1.8,-0.79,1.5,-0.5,-0.64,1.6,1.6,0.0087,100.0%,,,,,,,,,,,,,,,,,,,,,,,,,,,,,,
148,Derrick White,BLK,1.5,UNDER,Underdog,,0.78x,67.5%,S,BET,41.86,,,UNDER,67.1%,41.67,,UNDER,67.4%,41.83,,UNDER,67.5%,41.88,,UNDER,67.8%,42.05,,-0.08,-0.94,-1.73,-0.7,0.64,1.0,1.6,0.0025,100.0%,,,,,,,,,,,,,,,,,,,,,,,,,,,,,,
149,Paolo Banchero,PRA,39.5,UNDER,Underdog and PrizePicks,,,61.4%,D,DO NOT BET,41.84,,,UNDER,63.2%,43.97,,UNDER,62.7%,43.47,,UNDER,60.0%,40.15,,UNDER,59.6%,39.76,,-0.59,-0.15,-0.65,-0.9,-2.6,0.8,0.8,0.0158,100.0%,39.5,0.0,48.5%,51.5%,0.0644,39.5,0.0,49.9%,50.1%,0.0731,37.5,-2.0,59.2%,40.8%,0.1338,39.5,0.0,49.5%,50.5%,0.0705,41.5,2.0,21.9%,78.1%,-0.1087,38.5,-1.0,52.9%,47.1%,0.0926
150,Jayson Tatum,3PM,3.5,UNDER,Underdog,,0.86x,67.8%,S,BET,41.83,,,UNDER,68.2%,42.04,,UNDER,68.2%,42.07,,UNDER,67.4%,41.61,,UNDER,67.4%,41.6,,-0.9,-0.9,-0.07,-0.75,-0.0,1.0,1.2,0.0041,100.0%,,,,,,,,,,,,,,,,,,,,,,,,,,,,,,
151,Jayson Tatum,3PA,9.5,UNDER,Underdog,,0.87x,60.6%,B,BET WITH CAUTION,41.77,,,UNDER,58.0%,40.36,,UNDER,58.0%,40.34,,UNDER,63.3%,43.27,,UNDER,63.1%,43.13,,0.21,0.21,0.37,0.5,-0.0,1.2,1.2,0.026,100.0%,,,,,,,,,,,,,,,,,,,,,,,,,,,,,,
152,Jalen Brunson,RA,10.0,UNDER,PrizePicks,,,57.5%,C,DO NOT BET,41.77,,,UNDER,59.1%,43.64,,UNDER,57.9%,42.26,,UNDER,57.0%,41.09,,UNDER,56.1%,40.09,,0.02,1.71,-0.93,3.8,-3.75,0.4,0.0,0.011,100.0%,10.5,0.5,46.5%,53.5%,0.0258,10.5,0.5,46.2%,53.8%,0.024,,,,,,,,,,,10.5,0.5,45.7%,54.3%,0.0206,9.5,-0.5,52.9%,47.1%,0.0675
153,Mikal Bridges,FTM,0.5,UNDER,PrizePicks,,,57.8%,B,DO NOT BET,41.68,,,UNDER,59.4%,42.53,,UNDER,59.6%,42.65,,UNDER,55.8%,40.59,,UNDER,56.5%,40.94,,0.62,-0.12,1.04,-0.1,0.6,1.4,1.6,0.0168,100.0%,,,,,,,,,,,,,,,,,,,,,,,,,,,,,,
154,Jaylen Brown,FGA,20.5,UNDER,Underdog,,0.87x,57.6%,D,DO NOT BET,41.67,,,UNDER,57.9%,41.83,,UNDER,57.2%,41.43,,UNDER,58.0%,41.84,,UNDER,57.5%,41.56,,0.32,-1.26,1.07,-4.9,6.16,1.6,2.0,0.0032,100.0%,,,,,,,,,,,,,,,,,,,,,,,,,,,,,,
155,Miles Bridges,PR,19.5,OVER,PrizePicks,,,59.8%,D,DO NOT BET,41.61,,,OVER,56.5%,37.67,,OVER,56.3%,37.37,,OVER,63.2%,45.63,,OVER,63.3%,45.78,,-0.76,-0.45,-0.08,-2.3,-1.61,1.0,1.2,0.0341,100.0%,19.5,0.0,51.5%,48.5%,0.0545,19.5,0.0,50.0%,50.0%,0.064,,,,,,,,,,,20.5,1.0,44.0%,56.0%,0.1032,19.5,0.0,49.2%,50.8%,0.0691
156,Brandon Miller,3PA,8.5,UNDER,Underdog and PrizePicks,,,63.9%,B,BET,41.6,,,UNDER,65.3%,42.35,,UNDER,64.7%,42.01,,UNDER,63.0%,41.08,,UNDER,62.7%,40.95,,-0.41,-2.35,1.3,-2.3,1.9,1.4,2.0,0.0108,100.0%,,,,,,,,,,,,,,,,,,,,,,,,,,,,,,
157,Jalen Johnson,STL,0.5,OVER,PrizePicks,Goblin,,67.6%,A,BET,41.59,,,OVER,67.5%,41.52,,OVER,66.8%,41.17,,OVER,68.3%,42.01,,OVER,67.7%,41.67,,-1.08,-0.94,-0.69,-0.7,-0.11,1.4,1.6,0.0055,100.0%,,,,,,,,,,,,,,,,,,,,,,,,,,,,,,
158,Jalen Suggs,TOV,1.5,OVER,PrizePicks,Goblin,,69.4%,A,BET,41.51,,,OVER,70.0%,41.83,,OVER,69.1%,41.35,,OVER,69.7%,41.7,,OVER,68.8%,41.17,,-1.09,-1.74,-1.5,-1.7,0.63,1.8,2.0,0.0048,100.0%,,,,,,,,,,,,,,,,,,,,,,,,,,,,,,
159,Kon Knueppel,3PA,8.5,UNDER,Underdog,,0.83x,67.5%,B,STRONG BET,41.51,,,UNDER,68.4%,41.97,,UNDER,67.5%,41.51,,UNDER,67.4%,41.43,,UNDER,66.9%,41.15,,-0.44,-0.46,-2.0,-0.5,0.02,1.2,1.6,0.0053,100.0%,,,,,,,,,,,,,,,,,,,,,,,,,,,,,,
160,Desmond Bane,AST,4.0,UNDER,PrizePicks,,,58.5%,C,DO NOT BET,41.51,,,UNDER,60.0%,43.3,,UNDER,59.6%,43.01,,UNDER,57.2%,39.77,,UNDER,57.2%,39.94,,0.1,0.11,0.52,0.2,-0.01,1.2,1.2,0.0132,100.0%,4.5,0.5,38.6%,61.4%,-0.0186,4.5,0.5,38.0%,62.0%,-0.023,4.5,0.5,40.0%,60.0%,-0.0098,4.5,0.5,39.0%,61.0%,-0.0162,4.5,0.5,38.4%,61.6%,-0.0203,4.5,0.5,40.1%,59.9%,-0.0089
161,Dejounte Murray,3PA,5.5,UNDER,Underdog,,0.83x,65.3%,B,STRONG BET,41.42,,,UNDER,65.2%,41.37,,UNDER,64.6%,41.04,,UNDER,65.9%,41.75,,UNDER,65.4%,41.51,,-0.47,-0.49,-0.0,-0.9,0.03,1.2,1.2,0.0047,100.0%,,,,,,,,,,,,,,,,,,,,,,,,,,,,,,
162,OG Anunoby,PRA,23.5,UNDER,Underdog and PrizePicks,,,54.6%,D,DO NOT BET,41.39,,,UNDER,55.5%,42.58,,UNDER,55.3%,42.24,,UNDER,53.9%,40.56,,UNDER,53.6%,40.17,,0.09,0.99,0.19,8.7,-7.94,1.0,0.4,0.0085,100.0%,22.5,-1.0,50.6%,49.4%,0.0339,23.5,0.0,50.3%,49.7%,0.0314,23.5,0.0,46.1%,53.9%,0.0045,23.5,0.0,49.2%,50.8%,0.0245,25.5,2.0,45.6%,54.4%,0.0009,23.5,0.0,48.9%,51.1%,0.0227
163,LaMelo Ball,FTM,2.5,UNDER,Underdog,,0.80x,63.1%,B,BET,41.35,,,UNDER,63.2%,41.43,,UNDER,63.0%,41.31,,UNDER,63.2%,41.39,,UNDER,62.9%,41.26,,-0.25,-0.73,-0.17,-1.1,0.72,1.6,1.6,0.0012,100.0%,,,,,,,,,,,,,,,,,,,,,,,,,,,,,,
164,LaMelo Ball,REB,4.5,UNDER,Underdog,,0.86x,54.7%,B,DO NOT BET,41.27,,,UNDER,54.4%,40.96,,UNDER,53.4%,39.72,,UNDER,56.0%,42.8,,UNDER,55.0%,41.62,,0.18,0.06,1.1,0.1,0.21,1.2,1.2,0.0093,100.0%,4.5,0.0,48.1%,51.8%,0.0186,4.5,0.0,46.8%,53.2%,0.0099,4.5,0.0,45.2%,54.8%,-0.0005,4.5,0.0,46.0%,54.0%,0.0048,5.5,1.0,28.3%,71.7%,-0.1106,4.5,0.0,45.5%,54.5%,0.0013
165,Coby White,PR,15.5,OVER,PrizePicks,Goblin,,62.5%,D,DO NOT BET,41.26,,,OVER,60.0%,38.14,,OVER,59.7%,37.75,,OVER,65.1%,44.51,,OVER,65.2%,44.65,,-0.78,-0.24,-0.68,-1.7,-3.75,1.2,1.2,0.0266,100.0%,,,,,,16.5,1.0,53.7%,46.3%,0.0571,,,,,,,,,,,17.5,2.0,52.3%,47.7%,0.0661,,,,,
166,Brandon Miller,STL,0.5,OVER,PrizePicks,Goblin,,65.2%,A,BET,41.25,,,OVER,65.1%,41.2,,OVER,64.5%,40.86,,OVER,65.9%,41.65,,OVER,65.3%,41.32,,-0.61,-1.08,-0.46,-1.1,0.48,1.6,1.6,0.0051,100.0%,,,,,,,,,,,,,,,,,,,,,,,,,,,,,,
167,Jalen Duren,FTM,5.5,UNDER,Underdog,,0.80x,65.8%,B,STRONG BET,41.19,,,UNDER,66.7%,41.7,,UNDER,66.1%,41.38,,UNDER,65.4%,40.98,,UNDER,64.9%,40.71,,-0.44,0.18,-0.37,0.5,-1.76,1.2,0.8,0.0068,100.0%,,,,,,,,,,,,,,,,,,,,,,,,,,,,,,
168,Dejounte Murray,STL,0.5,OVER,PrizePicks,Goblin,,70.2%,A,STRONG BET,41.13,,,OVER,70.9%,41.49,,OVER,70.2%,41.12,,OVER,70.2%,41.13,,OVER,69.6%,40.78,,-2.55,-2.25,0.0,-1.1,-0.15,1.6,2.0,0.0046,100.0%,,,,,,,,,,,,,,,,,,,,,,,,,,,,,,
169,OG Anunoby,FTM,1.5,OVER,PrizePicks,Goblin,,67.6%,B,STRONG BET,41.07,,,OVER,70.9%,42.88,,OVER,67.7%,41.13,,OVER,67.5%,41.0,,OVER,64.3%,39.25,,-0.68,-1.67,-0.66,-3.1,1.84,1.4,2.0,0.0234,100.0%,,,,,,,,,,,,,,,,,,,,,,,,,,,,,,
170,Karl-Anthony Towns,FTA,4.5,UNDER,PrizePicks,,,55.9%,C,DO NOT BET,40.97,,,UNDER,55.1%,40.52,,UNDER,55.9%,40.92,,UNDER,56.1%,41.04,,UNDER,56.8%,41.42,,0.45,0.2,0.68,0.5,0.64,1.6,1.2,0.0058,100.0%,,,,,,,,,,,,,,,,,,,,,,,,,,,,,,
171,Jalen Johnson,RA,17.5,UNDER,Underdog,,0.89x,58.2%,C,DO NOT BET,40.94,,,UNDER,58.8%,41.23,,UNDER,57.6%,40.6,,UNDER,58.8%,41.26,,UNDER,57.7%,40.67,,0.23,0.54,0.14,2.5,-1.44,1.2,0.8,0.0056,100.0%,,,,,,,,,,,,,,,,,,,,,,,,,,,,,,
172,Paolo Banchero,3PA,4.5,UNDER,Underdog,,0.82x,63.6%,B,BET,40.93,,,UNDER,63.1%,40.63,,UNDER,62.6%,40.38,,UNDER,64.6%,41.45,,UNDER,64.2%,41.26,,-0.37,-0.38,0.23,-0.7,0.03,1.0,1.2,0.008,100.0%,,,,,,,,,,,,,,,,,,,,,,,,,,,,,,
173,Josh Hart,FGA,9.5,UNDER,PrizePicks,,,62.4%,D,DO NOT BET,40.91,,,UNDER,64.1%,41.88,,UNDER,62.4%,40.91,,UNDER,62.0%,40.71,,UNDER,60.9%,40.13,,-0.17,-0.3,0.39,-0.7,0.31,1.0,1.2,0.0114,100.0%,,,,,,,,,,,,,,,,,,,,,,,,,,,,,,
174,Dyson Daniels,AST,3.5,OVER,PrizePicks,Goblin,,69.8%,C,STRONG BET,40.85,,,OVER,69.9%,40.88,,OVER,67.7%,39.72,,OVER,72.0%,42.04,,OVER,69.7%,40.77,,-0.98,-0.49,-0.94,-1.3,-1.28,1.4,1.2,0.0149,100.0%,,,,,,,,,,,,,,,,,,,,,,,,,,,,,,
175,Miles Bridges,PA,16.5,OVER,PrizePicks,,,59.0%,D,DO NOT BET,40.77,,,OVER,55.6%,36.74,,OVER,56.0%,37.21,,OVER,61.9%,44.27,,OVER,62.4%,44.87,,-0.65,-0.49,0.23,-3.3,-1.14,1.0,1.2,0.0321,100.0%,17.5,1.0,46.9%,53.1%,0.0782,16.5,0.0,51.1%,48.9%,0.0512,,,,,,,,,,,17.5,1.0,44.7%,55.3%,0.0927,16.5,0.0,50.0%,50.0%,0.0582
176,Derrick White,3PA,8.5,UNDER,Underdog,,0.84x,61.4%,B,BET WITH CAUTION,40.76,,,UNDER,61.1%,40.61,,UNDER,60.9%,40.45,,UNDER,61.9%,41.03,,UNDER,61.7%,40.93,,0.09,-0.34,0.05,-0.9,1.13,0.8,1.2,0.0042,100.0%,,,,,,,,,,,,,,,,,,,,,,,,,,,,,,
177,Jayson Tatum,STL,0.5,OVER,PrizePicks,Goblin,,66.1%,A,BET,40.64,,,OVER,64.9%,39.99,,OVER,64.3%,39.65,,OVER,67.9%,41.63,,OVER,67.2%,41.29,,-0.9,-0.9,-1.38,-0.75,0.0,1.8,1.6,0.0152,100.0%,,,,,,,,,,,,,,,,,,,,,,,,,,,,,,
178,Josh Hart,3PA,3.5,UNDER,PrizePicks,,,58.8%,B,DO NOT BET,40.62,,,UNDER,61.6%,42.15,,UNDER,61.3%,41.97,,UNDER,56.1%,39.11,,UNDER,56.3%,39.24,,0.19,-0.92,1.22,-1.1,1.33,1.2,1.6,0.0263,100.0%,,,,,,,,,,,,,,,,,,,,,,,,,,,,,,
179,Jayson Tatum,PR,32.5,UNDER,Underdog and PrizePicks,,,73.6%,D,STRONG BET,40.61,,,UNDER,75.9%,41.86,,UNDER,75.2%,41.48,,UNDER,71.8%,39.58,,UNDER,71.6%,39.52,,-1.07,-1.07,-0.49,-4.25,-0.0,1.0,1.2,0.0194,100.0%,,,,,,,,,,,,,,,,,,,,,,,,,,,,,,
180,Coby White,REB,2.5,OVER,Underdog and PrizePicks,,,53.9%,B,DO NOT BET,40.5,,,OVER,53.8%,40.39,,OVER,54.4%,41.23,,OVER,53.3%,39.84,,OVER,53.9%,40.54,,-0.67,-0.35,1.33,-0.5,-0.45,1.2,1.2,0.004,100.0%,,,,,,2.5,0.0,48.7%,51.3%,0.0337,2.5,0.0,52.7%,47.3%,0.0076,2.5,0.0,50.0%,50.0%,0.0251,3.5,1.0,32.0%,68.0%,0.1421,2.5,0.0,53.5%,46.5%,0.0025
181,Jalen Brunson,FGA,19.5,UNDER,Underdog and PrizePicks,,1.03x,59.6%,D,DO NOT BET,40.49,,,UNDER,58.0%,39.59,,UNDER,57.2%,39.19,,UNDER,62.1%,41.88,,UNDER,61.0%,41.29,,0.12,-0.07,-0.28,-0.3,0.85,1.4,1.2,0.0205,100.0%,,,,,,,,,,,,,,,,,,,,,,,,,,,,,,
182,Derrick White,REB,3.5,OVER,PrizePicks,Goblin,,66.1%,B,STRONG BET,40.46,,,OVER,66.8%,40.87,,OVER,66.9%,40.93,,OVER,65.3%,40.02,,OVER,65.3%,40.03,,-0.56,-0.76,-1.52,-1.3,0.33,1.4,1.6,0.008,100.0%,,,,,,,,,,,,,,,,,,,,,,,,,,,,,,
183,Jayson Tatum,AST,4.5,UNDER,Underdog,,1.06x,55.0%,C,DO NOT BET,40.35,,,UNDER,55.9%,40.86,,UNDER,55.9%,40.85,,UNDER,53.9%,39.77,,UNDER,54.2%,39.92,,-0.0,-0.0,3.21,-0.0,-0.0,0.8,1.2,0.0093,100.0%,,,,,,,,,,,,,,,,,,,,,,,,,,,,,,
184,Jaylen Brown,PA,33.5,UNDER,Underdog and PrizePicks,,,60.8%,D,DO NOT BET,40.34,,,UNDER,62.6%,41.32,,UNDER,62.3%,41.16,,UNDER,59.4%,39.55,,UNDER,58.9%,39.31,,-0.01,-0.83,0.14,-5.7,5.67,1.2,1.6,0.0166,100.0%,,,,,,,,,,,,,,,,,,,,,,,,,,,,,,
185,OG Anunoby,SB,1.5,OVER,PrizePicks,Goblin,,65.4%,A,BET,40.3,,,OVER,65.8%,40.51,,OVER,64.7%,39.93,,OVER,66.1%,40.68,,OVER,65.0%,40.09,,-0.54,-0.41,-1.15,-0.7,-0.23,1.2,1.2,0.0055,100.0%,,,,,,,,,,,,,,,,,,,,,,,,,,,,,,
186,Jaylen Brown,PTS,27.5,UNDER,Underdog and PrizePicks,,,57.8%,D,DO NOT BET,40.3,,,UNDER,54.1%,38.26,,UNDER,54.4%,38.4,,UNDER,61.4%,42.25,,UNDER,61.5%,42.3,,0.13,-1.08,0.39,-7.1,7.93,1.6,2.0,0.0359,100.0%,,,,,,,,,,,,,,,,,,,,,,,,,,,,,,
187,OG Anunoby,PR,21.5,UNDER,PrizePicks,,,53.6%,D,DO NOT BET,40.24,,,UNDER,52.3%,38.77,,UNDER,52.3%,38.73,,UNDER,55.0%,41.82,,UNDER,54.9%,41.66,,0.08,1.12,0.27,7.9,-7.36,1.0,0.4,0.0135,100.0%,20.5,-1.0,48.8%,51.2%,0.0157,21.5,0.0,49.2%,50.8%,0.0183,,,,,,,,,,,21.5,0.0,48.9%,51.1%,0.0166,20.5,-1.0,49.8%,50.2%,0.0219
188,OG Anunoby,REB,4.5,OVER,Underdog and PrizePicks,,0.85x,55.5%,B,DO NOT BET,40.24,,,OVER,55.9%,40.78,,OVER,56.5%,41.51,,OVER,54.5%,39.03,,OVER,55.0%,39.66,,-0.36,-0.76,-0.66,-1.7,0.9,1.2,1.6,0.0081,100.0%,4.5,0.0,50.0%,50.0%,0.0357,4.5,0.0,51.5%,48.5%,0.0261,4.5,0.0,52.7%,47.3%,0.0182,4.5,0.0,50.3%,49.7%,0.0339,5.5,1.0,38.1%,61.9%,0.1128,4.5,0.0,52.4%,47.6%,0.0199
189,Mikal Bridges,STL,0.5,OVER,PrizePicks,Goblin,,68.6%,A,BET,40.23,,,OVER,69.8%,40.88,,OVER,69.1%,40.52,,OVER,68.0%,39.93,,OVER,67.4%,39.59,,-1.19,-0.4,-2.11,-0.3,-0.59,1.0,1.2,0.0091,100.0%,,,,,,,,,,,,,,,,,,,,,,,,,,,,,,
190,CJ McCollum,AST,3.5,UNDER,Underdog and PrizePicks,,1.04x,60.0%,C,DO NOT BET,40.23,,,UNDER,62.3%,41.48,,UNDER,61.7%,41.14,,UNDER,58.1%,39.19,,UNDER,58.0%,39.12,,0.05,0.44,-0.0,1.1,-0.97,1.0,0.8,0.0197,100.0%,,,,,,,,,,,,,,,,,,,,,,,,,,,,,,
191,Brandon Miller,PRA,27.5,UNDER,Underdog and PrizePicks,,,53.4%,D,DO NOT BET,40.15,,,UNDER,53.1%,39.93,,UNDER,52.9%,39.68,,UNDER,53.9%,40.69,,UNDER,53.6%,40.29,,0.16,0.1,0.4,0.9,0.5,0.8,0.8,0.004,100.0%,28.5,1.0,43.8%,56.2%,-0.0181,27.5,0.0,49.3%,50.7%,0.0178,26.5,-1.0,58.8%,41.2%,0.0792,27.5,0.0,48.4%,51.6%,0.0117,28.5,1.0,40.3%,59.7%,-0.0412,27.5,0.0,48.0%,52.0%,0.0091
192,Jaylen Brown,AST,5.5,UNDER,Underdog and PrizePicks,,,59.1%,C,DO NOT BET,39.78,,,UNDER,57.4%,38.84,,UNDER,57.2%,38.75,,UNDER,61.1%,40.88,,UNDER,60.7%,40.67,,-0.74,3.88,-0.7,1.9,-2.26,0.4,0.0,0.0181,100.0%,,,,,,,,,,,,,,,,,,,,,,,,,,,,,,
193,Jayson Tatum,REB,8.5,UNDER,Underdog,,,62.4%,B,DO NOT BET,39.76,,,UNDER,62.4%,39.76,,UNDER,61.1%,39.04,,UNDER,63.7%,40.48,,UNDER,62.4%,39.78,,-0.0,-0.0,-1.46,-0.0,-0.0,0.8,1.2,0.0093,100.0%,,,,,,,,,,,,,,,,,,,,,,,,,,,,,,
194,Karl-Anthony Towns,AST,2.5,UNDER,Underdog,,0.86x,52.1%,C,DO NOT BET,39.65,,,UNDER,52.2%,39.8,,UNDER,52.5%,40.18,,UNDER,51.5%,39.02,,UNDER,52.0%,39.6,,0.17,0.61,0.69,1.5,-1.09,1.4,1.2,0.0035,100.0%,,,,,,2.5,0.0,47.3%,52.7%,-0.0039,2.5,0.0,48.5%,51.5%,0.0038,2.5,0.0,47.5%,52.5%,-0.003,2.5,0.0,46.9%,53.0%,-0.0064,2.5,0.0,47.6%,52.4%,-0.0023
195,CJ McCollum,REB,2.5,OVER,Underdog,,0.83x,62.4%,B,DO NOT BET,39.64,,,OVER,63.3%,40.1,,OVER,63.5%,40.25,,OVER,61.4%,39.05,,OVER,61.6%,39.16,,-0.4,-0.68,-0.33,-1.7,0.72,1.2,1.6,0.0098,100.0%,,,,,,,,,,,,,,,,,,,,,,,,,,,,,,
196,Onyeka Okongwu,AST,1.5,OVER,PrizePicks,Goblin,,67.7%,C,STRONG BET,39.61,,,OVER,69.2%,40.39,,OVER,67.1%,39.25,,OVER,68.4%,39.97,,OVER,66.3%,38.81,,-0.96,-0.84,-2.0,-1.5,-0.23,1.4,1.6,0.0112,100.0%,,,,,,,,,,,,,,,,,,,,,,,,,,,,,,
197,Jayson Tatum,RA,13.0,UNDER,PrizePicks,,,55.0%,C,DO NOT BET,39.55,,,UNDER,56.7%,40.5,,UNDER,55.8%,40.0,,UNDER,53.9%,38.99,,UNDER,53.4%,38.72,,-0.0,-0.0,2.65,-0.0,-0.0,0.6,1.2,0.0132,100.0%,,,,,,,,,,,,,,,,,,,,,,,,,,,,,,
198,LaMelo Ball,3PA,11.0,UNDER,PrizePicks,,,63.0%,B,BET,39.52,,,UNDER,63.7%,39.9,,UNDER,63.2%,39.63,,UNDER,62.7%,39.35,,UNDER,62.5%,39.23,,-0.46,0.15,-0.31,0.4,-1.66,1.0,0.8,0.0047,100.0%,,,,,,,,,,,,,,,,,,,,,,,,,,,,,,
199,Jalen Brunson,STL,0.5,OVER,PrizePicks,Goblin,,60.9%,A,BET WITH CAUTION,39.4,,,OVER,61.4%,39.68,,OVER,60.9%,39.36,,OVER,61.0%,39.42,,OVER,60.4%,39.13,,-0.23,-0.71,-0.69,-0.7,0.47,1.2,1.6,0.0036,100.0%,,,,,,,,,,,,,,,,,,,,,,,,,,,,,,
200,Jaylen Brown,STL,0.5,OVER,PrizePicks,Goblin,,63.5%,A,BET WITH CAUTION,39.39,,,OVER,65.7%,40.64,,OVER,65.1%,40.3,,OVER,61.8%,38.47,,OVER,61.2%,38.17,,-0.6,-0.12,-0.71,-0.1,-0.38,0.8,0.8,0.0198,100.0%,,,,,,,,,,,,,,,,,,,,,,,,,,,,,,
201,Derrick White,BLK,0.5,OVER,PrizePicks,Goblin,,63.7%,S,BET,39.39,,,OVER,64.8%,39.98,,OVER,63.7%,39.38,,OVER,63.7%,39.38,,OVER,62.6%,38.8,,-1.25,-0.4,-0.58,-0.3,-0.64,1.4,1.2,0.0076,100.0%,,,,,,,,,,,,,,,,,,,,,,,,,,,,,,
202,Dejounte Murray,STL,1.5,UNDER,Underdog,,0.88x,57.4%,A,DO NOT BET,39.31,,,UNDER,55.0%,38.0,,UNDER,55.3%,38.15,,UNDER,59.6%,40.5,,UNDER,59.7%,40.58,,0.51,0.2,-0.0,0.1,0.15,1.2,0.8,0.0224,100.0%,,,,,,,,,,,,,,,,,,,,,,,,,,,,,,
203,Miles Bridges,REB,5.0,UNDER,PrizePicks,,,52.7%,B,DO NOT BET,39.31,,,UNDER,52.2%,38.81,,UNDER,51.3%,37.58,,UNDER,54.1%,41.01,,UNDER,53.2%,39.82,,0.37,-0.27,0.5,-0.6,1.44,1.2,1.2,0.0107,100.0%,5.5,0.5,49.7%,50.3%,0.0159,5.5,0.5,49.5%,50.5%,0.014,5.5,0.5,50.5%,49.5%,0.0207,5.5,0.5,49.6%,50.4%,0.015,6.5,1.5,47.6%,52.4%,0.0022,5.5,0.5,50.5%,49.5%,0.0207
204,LaMelo Ball,FGA,17.5,UNDER,Underdog and PrizePicks,,1.06x,59.3%,D,DO NOT BET,39.29,,,UNDER,63.5%,41.63,,UNDER,61.9%,40.71,,UNDER,56.0%,37.46,,UNDER,55.7%,37.34,,-0.12,0.26,0.53,0.9,-1.33,1.0,0.8,0.0348,100.0%,,,,,,,,,,,,,,,,,,,,,,,,,,,,,,
205,LaMelo Ball,RA,11.5,UNDER,Underdog and PrizePicks,,,53.7%,C,DO NOT BET,39.18,,,UNDER,56.4%,42.49,,UNDER,55.5%,41.41,,UNDER,51.5%,36.54,,UNDER,51.3%,36.3,,0.15,-0.96,0.48,-2.5,2.88,1.2,1.6,0.0227,100.0%,11.5,0.0,48.9%,51.1%,0.0171,11.5,0.0,48.9%,51.1%,0.017,,,,,,,,,,,12.5,1.0,42.0%,58.0%,-0.0283,11.5,0.0,45.5%,54.5%,-0.0054
206,Tobias Harris,RA,8.5,UNDER,Underdog and PrizePicks,,,73.6%,C,STRONG BET,39.06,,,UNDER,73.6%,39.13,,UNDER,71.2%,36.21,,UNDER,76.1%,42.09,,UNDER,73.4%,38.82,,-0.4,-0.99,-0.7,-2.9,1.73,1.2,1.6,0.0176,100.0%,8.5,0.0,49.6%,50.4%,0.1505,8.5,0.0,52.0%,48.0%,0.1661,,,,,,,,,,,9.5,1.0,44.9%,55.1%,0.1198,,,,,
207,Jalen Johnson,REB,8.5,OVER,PrizePicks,Goblin,,65.6%,B,STRONG BET,39.06,,,OVER,66.1%,39.33,,OVER,66.2%,39.41,,OVER,65.0%,38.75,,OVER,65.0%,38.77,,-0.74,-0.64,-1.43,-1.7,-0.24,1.2,1.6,0.0056,100.0%,,,,,,,,,,,,,,,,,,,,,,,,,,,,,,
208,Jalen Johnson,AST,7.5,UNDER,Underdog and PrizePicks,,1.03x,57.6%,C,DO NOT BET,39.04,,,UNDER,57.2%,38.78,,UNDER,57.0%,38.7,,UNDER,58.3%,39.38,,UNDER,58.1%,39.3,,0.27,0.99,-0.48,2.3,-1.69,0.6,0.4,0.0055,100.0%,,,,,,,,,,,,,,,,,,,,,,,,,,,,,,
209,Jayson Tatum,RA,13.5,UNDER,Underdog,,0.94x,56.5%,C,DO NOT BET,39.02,,,UNDER,57.7%,39.67,,UNDER,56.7%,39.1,,UNDER,56.2%,38.86,,UNDER,55.5%,38.44,,-0.07,-0.07,1.86,-0.5,-0.0,0.6,1.2,0.0081,100.0%,,,,,,,,,,,,,,,,,,,,,,,,,,,,,,
210,Onyeka Okongwu,STL,0.5,OVER,PrizePicks,Goblin,,61.6%,A,BET WITH CAUTION,39.02,,,OVER,60.7%,38.52,,OVER,60.2%,38.22,,OVER,63.1%,39.82,,OVER,62.5%,39.51,,-0.86,-0.94,-0.3,-0.7,0.05,1.4,1.6,0.0121,100.0%,,,,,,,,,,,,,,,,,,,,,,,,,,,,,,
211,Jalen Duren,STL,0.5,OVER,PrizePicks,Goblin,,53.5%,A,DO NOT BET,39.02,,,OVER,52.5%,37.82,,OVER,52.1%,37.3,,OVER,55.0%,40.72,,OVER,54.5%,40.2,,-0.45,-0.12,0.27,-0.1,-0.26,0.8,0.8,0.0123,100.0%,0.5,0.0,64.7%,35.3%,-0.0726,,,,,,,,,,,,,,,,,,,,,,,,,
212,LaMelo Ball,AST,7.0,UNDER,PrizePicks,,,60.4%,C,DO NOT BET,38.97,,,UNDER,64.0%,43.27,,UNDER,63.2%,42.36,,UNDER,57.1%,35.15,,UNDER,57.1%,35.1,,0.05,-1.92,-0.0,-2.6,2.67,1.4,2.0,0.0325,100.0%,6.5,-0.5,54.6%,45.4%,0.0975,6.5,-0.5,54.3%,45.7%,0.0951,6.5,-0.5,56.0%,44.0%,0.1062,6.5,-0.5,56.2%,43.8%,0.1075,7.5,0.5,42.4%,57.6%,0.0179,6.5,-0.5,54.4%,45.6%,0.0961
213,Ausar Thompson,BLK,0.5,OVER,PrizePicks,Goblin,,53.1%,S,DO NOT BET,38.92,,,OVER,54.0%,40.03,,OVER,53.1%,38.97,,OVER,53.0%,38.86,,OVER,52.2%,37.82,,-0.35,-0.71,-0.13,-0.7,0.35,1.2,1.6,0.0065,100.0%,0.5,0.0,65.2%,34.8%,-0.0787,,,,,,,,,,,,,,,,,,,,,0.5,0.0,65.0%,35.0%,-0.077
214,LaMelo Ball,3PA,10.5,UNDER,Underdog,,,60.0%,B,DO NOT BET,38.87,,,UNDER,60.6%,39.23,,UNDER,60.4%,39.1,,UNDER,59.4%,38.58,,UNDER,59.4%,38.58,,-0.28,0.33,-0.15,0.9,-1.66,1.0,0.8,0.0054,100.0%,,,,,,,,,,,,,,,,,,,,,,,,,,,,,,
215,Jalen Brunson,3PA,5.5,OVER,Underdog and PrizePicks,,,63.1%,B,BET,38.85,,,OVER,64.8%,39.77,,OVER,63.1%,38.82,,OVER,63.0%,38.8,,OVER,61.6%,38.0,,-0.87,-0.05,-0.58,-0.1,-1.77,1.4,1.2,0.0114,100.0%,,,,,,,,,,,,,,,,,,,,,,,,,,,,,,
216,Derrick White,AST,4.5,OVER,PrizePicks,Goblin,,61.8%,C,DO NOT BET,38.83,,,OVER,61.2%,38.48,,OVER,59.7%,37.65,,OVER,64.1%,40.11,,OVER,62.3%,39.1,,-0.91,-0.23,-0.26,-0.3,-0.9,1.4,1.2,0.0163,100.0%,,,,,,,,,,,,,,,,,,,,,,,,,,,,,,
217,Onyeka Okongwu,REB,6.5,OVER,Underdog and PrizePicks,,,61.5%,B,DO NOT BET,38.81,,,OVER,61.8%,38.99,,OVER,62.1%,39.17,,OVER,60.9%,38.49,,OVER,61.1%,38.61,,-0.68,-0.26,-0.51,-0.5,-0.79,1.6,1.2,0.005,100.0%,,,,,,,,,,,,,,,,,,,,,,,,,,,,,,
218,CJ McCollum,3PA,6.5,OVER,Underdog,,,56.8%,B,DO NOT BET,38.72,,,OVER,60.5%,40.75,,OVER,59.1%,39.96,,OVER,54.3%,37.34,,OVER,53.4%,36.83,,-0.17,-0.44,0.67,-0.7,0.43,1.4,1.6,0.0303,100.0%,,,,,,,,,,,,,,,,,,,,,,,,,,,,,,
219,Desmond Bane,STL,0.5,OVER,PrizePicks,Goblin,,63.0%,A,BET WITH CAUTION,38.7,,,OVER,61.2%,37.67,,OVER,60.6%,37.36,,OVER,65.5%,40.05,,OVER,64.9%,39.72,,-0.53,-0.71,-2.0,-0.7,0.19,1.4,1.6,0.0217,100.0%,,,,,,,,,,,,,,,,,,,,,,,,,,,,,,
220,Josh Hart,STL,0.5,OVER,PrizePicks,Goblin,,63.4%,A,BET WITH CAUTION,38.7,,,OVER,65.6%,39.91,,OVER,64.9%,39.57,,OVER,61.8%,37.82,,OVER,61.2%,37.52,,-0.74,0.12,-1.15,0.1,-0.69,1.0,0.4,0.0191,100.0%,,,,,,,,,,,,,,,,,,,,,,,,,,,,,,
221,Derrick White,3PM,2.5,OVER,Underdog and PrizePicks,Goblin,0.78x,57.7%,S,DO NOT BET,38.69,,,OVER,58.3%,39.03,,OVER,58.0%,38.84,,OVER,57.5%,38.58,,OVER,57.0%,38.31,,-0.31,0.26,-0.38,0.3,-0.66,1.6,1.2,0.005,100.0%,,,,,,,,,,,,,,,,,,,,,,,,,,,,,,
222,Desmond Bane,FGA,14.5,UNDER,Underdog,,1.04x,55.8%,D,DO NOT BET,38.65,,,UNDER,57.3%,39.49,,UNDER,56.7%,39.15,,UNDER,54.6%,37.99,,UNDER,54.5%,37.97,,0.2,0.33,-0.0,0.9,-0.34,1.2,0.8,0.0124,100.0%,,,,,,,,,,,,,,,,,,,,,,,,,,,,,,
223,OG Anunoby,FGA,12.5,UNDER,PrizePicks,,,56.5%,D,DO NOT BET,38.62,,,UNDER,59.9%,40.52,,UNDER,58.9%,39.93,,UNDER,53.5%,36.97,,UNDER,53.6%,37.05,,-0.09,0.47,0.74,1.3,-1.56,1.2,0.8,0.0295,100.0%,,,,,,,,,,,,,,,,,,,,,,,,,,,,,,
224,Kon Knueppel,STL,0.5,OVER,PrizePicks,Goblin,,53.1%,A,DO NOT BET,38.61,,,OVER,52.5%,38.31,,OVER,52.1%,38.08,,OVER,54.0%,39.15,,OVER,53.6%,38.92,,-0.2,-0.26,3.0,-0.3,0.07,1.4,0.8,0.0079,100.0%,,,,,,,,,,,,,,,,,,,,,,,,,,,,,,
225,Onyeka Okongwu,BLK,0.5,OVER,PrizePicks,Goblin,,60.2%,S,BET WITH CAUTION,38.58,,,OVER,60.8%,38.88,,OVER,59.7%,38.31,,OVER,60.7%,38.85,,OVER,59.7%,38.29,,-0.33,-0.71,-0.46,-1.3,0.7,1.4,1.2,0.0051,100.0%,,,,,,,,,,,,,,,,,,,,,,,,,,,,,,
226,Brandon Miller,AST,3.5,UNDER,Underdog and PrizePicks,,,58.1%,C,DO NOT BET,38.57,,,UNDER,55.7%,35.76,,UNDER,55.7%,35.73,,UNDER,60.7%,41.62,,UNDER,60.3%,41.19,,-0.1,0.56,-4.5,0.5,-0.59,1.0,0.8,0.0238,100.0%,3.5,0.0,50.0%,50.0%,0.0526,3.5,0.0,49.3%,50.7%,0.0483,3.5,0.0,51.9%,48.1%,0.0648,3.5,0.0,48.9%,51.1%,0.0457,4.5,1.0,33.0%,67.0%,-0.0579,3.5,0.0,48.0%,52.0%,0.0396
227,Jalen Suggs,3PM,1.5,OVER,PrizePicks,Goblin,,61.6%,S,BET WITH CAUTION,38.56,,,OVER,66.1%,43.62,,OVER,65.7%,43.14,,OVER,57.6%,34.03,,OVER,57.1%,33.46,,-0.41,-0.26,-1.5,-0.3,-0.18,1.2,1.2,0.043,100.0%,2.5,1.0,45.2%,54.8%,0.1067,2.5,1.0,47.9%,52.1%,0.0893,2.5,1.0,48.1%,51.9%,0.0881,2.5,1.0,46.3%,53.7%,0.0995,2.5,1.0,47.5%,52.5%,0.0917,2.5,1.0,46.4%,53.6%,0.0991
228,Kon Knueppel,REB,4.5,UNDER,Underdog and PrizePicks,,,54.8%,B,DO NOT BET,38.56,,,UNDER,55.7%,39.54,,UNDER,54.6%,38.2,,UNDER,55.0%,38.83,,UNDER,54.0%,37.66,,0.32,-0.12,-3.0,-0.3,1.13,1.0,1.2,0.0062,100.0%,4.5,0.0,48.1%,51.8%,0.0194,4.5,0.0,48.5%,51.5%,0.0219,4.5,0.0,47.9%,52.1%,0.0175,4.5,0.0,49.2%,50.8%,0.0262,5.5,1.0,48.1%,51.9%,0.0189,4.5,0.0,50.0%,50.0%,0.0314
229,Jaylen Brown,RA,11.5,OVER,Underdog,,0.88x,58.9%,C,DO NOT BET,38.55,,,OVER,60.2%,39.24,,OVER,59.2%,38.73,,OVER,58.6%,38.39,,OVER,57.6%,37.82,,-0.24,-1.04,0.11,-3.3,2.52,1.6,1.6,0.0094,100.0%,,,,,,,,,,,,,,,,,,,,,,,,,,,,,,
230,Trey Murphy III,REB,4.5,OVER,Underdog,,0.86x,52.9%,B,DO NOT BET,38.51,,,OVER,53.1%,38.82,,OVER,53.9%,39.68,,OVER,52.0%,37.4,,OVER,52.7%,38.16,,-0.63,-0.49,0.62,-0.9,-0.26,1.2,1.6,0.0067,100.0%,4.5,0.0,53.3%,46.7%,-0.0024,4.5,0.0,52.1%,47.9%,0.0051,4.5,0.0,55.3%,44.7%,-0.0156,4.5,0.0,51.9%,48.1%,0.0069,5.5,1.0,35.6%,64.4%,0.1126,4.5,0.0,51.1%,48.9%,0.0121
231,Jayson Tatum,PTS,23.5,UNDER,Underdog and PrizePicks,,,68.1%,D,STRONG BET,38.48,,,UNDER,71.3%,40.27,,UNDER,71.0%,40.07,,UNDER,65.1%,36.82,,UNDER,65.0%,36.78,,-1.17,-1.17,0.04,-3.75,-0.0,1.2,1.2,0.0306,100.0%,,,,,,,,,,,,,,,,,,,,,,,,,,,,,,
232,Dyson Daniels,PA,14.5,OVER,PrizePicks,,,66.2%,D,STRONG BET,38.45,,,OVER,65.7%,38.13,,OVER,66.1%,38.36,,OVER,66.3%,38.51,,OVER,66.8%,38.78,,-0.8,-0.91,-1.13,-3.5,0.41,1.4,1.6,0.0043,100.0%,,,,,,,,,,,,,,,,,,,,,,,,,,,,,,
233,Jalen Johnson,PR,30.5,UNDER,Underdog and PrizePicks,,,51.5%,D,DO NOT BET,38.44,,,UNDER,51.6%,38.49,,UNDER,51.6%,38.48,,UNDER,51.5%,38.44,,UNDER,51.4%,38.36,,0.55,1.08,-0.62,5.7,-2.79,0.8,0.4,0.0009,100.0%,,,,,,,,,,,,,,,,,,,,,,,,,,,,,,
234,Jalen Johnson,PTS,21.5,UNDER,Underdog and PrizePicks,,,57.2%,D,DO NOT BET,38.42,,,UNDER,58.3%,39.04,,UNDER,58.4%,39.09,,UNDER,55.9%,37.69,,UNDER,56.2%,37.86,,0.3,0.92,-2.01,4.5,-3.03,1.0,0.4,0.0118,100.0%,,,,,,,,,,,,,,,,,,,,,,,,,,,,,,
235,Dejounte Murray,FGA,13.5,UNDER,PrizePicks,,,56.4%,D,DO NOT BET,38.4,,,UNDER,54.7%,37.46,,UNDER,54.5%,37.37,,UNDER,58.5%,39.54,,UNDER,57.9%,39.22,,-0.06,0.28,-0.0,1.1,-1.35,1.4,1.2,0.018,100.0%,,,,,,,,,,,,,,,,,,,,,,,,,,,,,,
236,Mikal Bridges,SB,1.5,OVER,PrizePicks,,,60.6%,A,BET WITH CAUTION,38.4,,,OVER,61.5%,38.89,,OVER,60.5%,38.38,,OVER,60.6%,38.41,,OVER,59.7%,37.92,,-0.75,-0.31,-1.06,-0.3,-0.43,1.4,1.6,0.0063,100.0%,,,,,,,,,,,,,,,,,,,,,,,,,,,,,,
237,Jalen Brunson,3PM,2.5,UNDER,Underdog,,0.77x,51.9%,S,DO NOT BET,38.36,,,UNDER,51.3%,37.69,,UNDER,51.5%,37.99,,UNDER,52.1%,38.7,,UNDER,52.4%,39.06,,0.2,-0.35,0.32,-0.5,0.78,1.0,1.2,0.0045,100.0%,2.5,0.0,40.0%,60.1%,-0.0533,2.5,0.0,39.2%,60.8%,-0.0582,2.5,0.0,40.6%,59.4%,-0.0489,2.5,0.0,39.0%,61.0%,-0.0595,2.5,0.0,39.1%,60.9%,-0.0589,2.5,0.0,39.6%,60.4%,-0.0556
238,Josh Hart,REB,7.0,UNDER,PrizePicks,,,52.4%,B,DO NOT BET,38.36,,,UNDER,52.3%,38.24,,UNDER,51.3%,37.09,,UNDER,53.4%,39.58,,UNDER,52.5%,38.52,,0.19,0.77,0.23,2.6,-1.96,1.0,0.8,0.0076,100.0%,6.5,-0.5,52.8%,47.2%,0.0337,7.5,0.5,49.0%,51.0%,0.0091,6.5,-0.5,52.2%,47.8%,0.0298,6.5,-0.5,51.4%,48.6%,0.0245,8.5,1.5,38.6%,61.4%,-0.0584,7.5,0.5,47.7%,52.3%,0.0003
239,Brandon Miller,PTS,19.5,UNDER,Underdog,,0.86x,53.2%,D,DO NOT BET,38.32,,,UNDER,53.5%,38.75,,UNDER,53.8%,39.08,,UNDER,52.5%,37.46,,UNDER,52.9%,37.99,,0.13,-0.46,0.4,-3.1,3.99,0.8,0.8,0.0051,100.0%,19.5,0.0,48.5%,51.5%,0.0113,18.5,-1.0,50.5%,49.5%,0.0242,17.5,-2.0,55.6%,44.4%,0.0575,19.5,0.0,48.7%,51.3%,0.0122,22.5,3.0,30.0%,70.0%,-0.1093,19.5,0.0,48.9%,51.1%,0.0138
240,Mikal Bridges,PA,17.0,UNDER,PrizePicks,,,58.2%,D,DO NOT BET,38.28,,,UNDER,61.5%,42.24,,UNDER,61.2%,41.89,,UNDER,55.3%,42.78,,UNDER,54.8%,42.22,,0.72,-3.6,1.66,-8.4,10.08,1.8,2.0,0.0314,100.0%,16.5,-0.5,51.3%,48.7%,0.0618,16.5,-0.5,51.3%,48.7%,0.0618,,,,,,,,,,,17.5,0.5,45.8%,54.2%,0.026,16.5,-0.5,51.9%,48.1%,0.0653
241,Onyeka Okongwu,AST,2.5,UNDER,Underdog,,0.77x,55.0%,C,DO NOT BET,38.23,,,UNDER,54.8%,38.14,,UNDER,54.9%,38.18,,UNDER,55.0%,38.25,,UNDER,55.2%,38.34,,0.41,0.28,-0.0,0.5,0.23,0.8,0.8,0.0014,100.0%,,,,,,,,,,,,,,,,,,,,,,,,,,,,,,
242,Jayson Tatum,AST,3.5,OVER,PrizePicks,Goblin,,66.6%,C,STRONG BET,38.17,,,OVER,67.1%,38.49,,OVER,65.2%,37.41,,OVER,68.0%,38.97,,OVER,65.9%,37.82,,-0.4,-0.4,-4.13,-1.0,0.0,1.4,1.2,0.0109,100.0%,,,,,,,,,,,,,,,,,,,,,,,,,,,,,,
243,Jayson Tatum,3PM,2.5,OVER,PrizePicks,Goblin,,57.9%,S,DO NOT BET,38.17,,,OVER,59.0%,38.76,,OVER,58.6%,38.56,,OVER,57.2%,37.81,,OVER,56.8%,37.54,,-0.3,-0.3,-0.33,-0.25,0.0,1.4,1.2,0.0092,100.0%,,,,,,,,,,,,,,,,,,,,,,,,,,,,,,
244,DeMar DeRozan,FTA,4.5,OVER,PrizePicks,,,61.5%,C,DO NOT BET,38.14,,,OVER,64.4%,39.74,,OVER,61.4%,38.11,,OVER,61.7%,38.23,,OVER,58.5%,36.48,,-0.17,-0.35,-1.3,-2.5,1.25,1.4,1.2,0.021,100.0%,,,,,,,,,,,,,,,,,,,,,,,,,,,,,,
245,Jaylen Brown,REB,6.5,OVER,Underdog,,1.05x,57.1%,B,DO NOT BET,38.02,,,OVER,55.6%,37.17,,OVER,56.2%,37.51,,OVER,58.2%,38.61,,OVER,58.6%,38.8,,-0.21,-0.3,-0.33,-0.9,0.26,1.6,1.6,0.0126,100.0%,,,,,,,,,,,,,,,,,,,,,,,,,,,,,,
246,Derrick White,PA,22.5,OVER,Underdog and PrizePicks,,,57.8%,D,DO NOT BET,38.0,,,OVER,54.2%,36.04,,OVER,54.6%,36.25,,OVER,60.9%,39.73,,OVER,61.4%,40.0,,-0.06,-0.3,-0.06,-3.1,2.48,1.4,1.2,0.0339,100.0%,,,,,,,,,,,,,,,,,,,,,,,,,,,,,,
247,Jalen Brunson,TOV,2.5,UNDER,Underdog,,0.86x,58.8%,A,DO NOT BET,37.96,,,UNDER,53.1%,34.85,,UNDER,53.3%,34.95,,UNDER,64.4%,41.09,,UNDER,64.2%,40.95,,-0.08,0.34,-0.69,0.7,-0.87,1.0,0.8,0.0557,100.0%,,,,,,,,,,,,,,,,,,,,,,,,,,,,,,
248,Coby White,PTS,14.5,UNDER,Underdog and PrizePicks,,0.88x,51.0%,D,DO NOT BET,37.96,,,UNDER,52.8%,40.23,,UNDER,53.1%,40.56,,OVER,51.2%,7.94,,OVER,50.6%,7.26,,0.49,-0.05,0.63,-0.3,3.3,1.0,1.2,0.0197,50.0%,13.5,-1.0,49.1%,50.9%,0.0007,14.5,0.0,48.0%,52.0%,-0.0061,14.5,0.0,48.1%,51.9%,-0.0054,13.5,-1.0,49.7%,50.3%,0.0051,17.5,3.0,50.9%,49.1%,0.0128,13.5,-1.0,49.2%,50.8%,0.0017
249,Derrick White,AST,5.5,UNDER,Underdog,,0.84x,55.8%,C,DO NOT BET,37.95,,,UNDER,57.7%,39.0,,UNDER,57.5%,38.89,,UNDER,53.9%,36.88,,UNDER,54.1%,37.03,,0.15,-0.53,-0.0,-0.7,0.9,1.0,1.6,0.0182,100.0%,,,,,,,,,,,,,,,,,,,,,,,,,,,,,,
250,Dyson Daniels,PR,17.5,UNDER,PrizePicks,,,53.0%,D,DO NOT BET,37.95,,,UNDER,55.4%,39.26,,UNDER,55.2%,39.18,,UNDER,50.7%,36.7,,UNDER,50.6%,36.63,,0.18,1.15,0.6,4.7,-3.98,1.0,0.4,0.0232,100.0%,,,,,,,,,,,,,,,,,,,,,,,,,,,,,,
251,Derrick White,PRA,26.5,OVER,Underdog and PrizePicks,,,59.4%,D,DO NOT BET,37.94,,,OVER,54.8%,35.36,,OVER,54.8%,35.38,,OVER,64.0%,40.44,,OVER,64.2%,40.58,,-0.12,-0.42,-0.25,-3.9,2.81,1.4,1.2,0.0467,100.0%,,,,,,,,,,,,,,,,,,,,,,,,,,,,,,
252,Dyson Daniels,PRA,21.5,OVER,Underdog and PrizePicks,,,64.7%,D,DO NOT BET,37.92,,,OVER,62.8%,36.91,,OVER,62.7%,36.82,,OVER,66.5%,38.91,,OVER,66.7%,39.04,,-0.66,-1.3,-0.71,-5.5,2.7,1.4,1.6,0.0192,100.0%,,,,,,,,,,,,,,,,,,,,,,,,,,,,,,
253,Jaylen Brown,TOV,3.5,UNDER,Underdog and PrizePicks,,,55.9%,A,DO NOT BET,37.85,,,UNDER,53.0%,36.29,,UNDER,53.2%,36.4,,UNDER,58.6%,39.37,,UNDER,58.6%,39.36,,0.05,-0.1,-0.0,-0.1,0.15,1.2,1.2,0.0275,100.0%,,,,,,,,,,,,,,,,,,,,,,,,,,,,,,
254,Jayson Tatum,PRA,37.5,UNDER,Underdog,,,67.9%,D,STRONG BET,37.82,,,UNDER,71.4%,39.71,,UNDER,70.8%,39.4,,UNDER,64.9%,36.17,,UNDER,64.6%,35.99,,-0.82,-0.82,0.17,-4.75,-0.0,0.8,1.2,0.0316,100.0%,,,,,,,,,,,,,,,,,,,,,,,,,,,,,,
255,Karl-Anthony Towns,STL,0.5,OVER,PrizePicks,Goblin,,58.0%,A,DO NOT BET,37.77,,,OVER,56.0%,36.67,,OVER,55.5%,36.4,,OVER,60.5%,39.16,,OVER,60.0%,38.87,,-0.73,-0.2,0.0,-0.1,-0.26,1.2,1.2,0.0227,100.0%,,,,,,,,,,,,,,,,,,,,,,,,,,,,,,
256,Onyeka Okongwu,RA,7.5,OVER,PrizePicks,Goblin,,69.6%,C,BET,37.75,,,OVER,69.6%,37.77,,OVER,67.8%,36.77,,OVER,71.7%,38.89,,OVER,69.3%,37.58,,-2.78,-1.98,-1.11,-2.5,-1.02,2.0,2.0,0.0138,100.0%,,,,,,,,,,,,,,,,,,,,,,,,,,,,,,
257,DeMar DeRozan,REB,2.5,OVER,Underdog,,,53.7%,B,DO NOT BET,37.74,,,OVER,53.6%,37.55,,OVER,54.3%,38.4,,OVER,53.2%,37.16,,OVER,53.8%,37.86,,-0.3,0.06,-0.46,0.1,-0.59,0.8,1.2,0.0038,100.0%,2.5,0.0,50.0%,50.0%,0.0241,2.5,0.0,48.4%,51.6%,0.0346,2.5,0.0,50.7%,49.3%,0.0198,2.5,0.0,49.7%,50.3%,0.0259,2.5,0.0,48.0%,52.0%,0.0371,2.5,0.0,53.5%,46.5%,0.0016
258,CJ McCollum,3PM,2.5,UNDER,Underdog and PrizePicks,,0.88x,56.3%,S,DO NOT BET,37.68,,,UNDER,57.0%,38.08,,UNDER,57.2%,38.18,,UNDER,55.3%,37.15,,UNDER,55.6%,37.28,,0.02,-0.04,-1.22,-0.1,0.15,1.4,1.6,0.0084,100.0%,,,,,,,,,,,,,,,,,,,,,,,,,,,,,,
259,Brandon Miller,TOV,2.5,OVER,Underdog,,1.05x,57.6%,A,DO NOT BET,37.66,,,OVER,57.9%,37.81,,OVER,57.3%,37.5,,OVER,57.9%,37.83,,OVER,57.3%,37.5,,-0.6,-0.79,-0.43,-0.5,0.12,1.6,1.6,0.0029,100.0%,,,,,,,,,,,,,,,,,,,,,,,,,,,,,,
260,Jayson Tatum,PRA,37.0,UNDER,PrizePicks,,,66.0%,D,STRONG BET,37.58,,,UNDER,69.1%,39.27,,UNDER,68.6%,38.97,,UNDER,63.4%,36.12,,UNDER,63.0%,35.94,,-0.74,-0.74,0.27,-4.25,-0.0,0.8,1.2,0.0282,100.0%,,,,,,,,,,,,,,,,,,,,,,,,,,,,,,
261,Karl-Anthony Towns,TOV,2.5,UNDER,Underdog,,0.80x,58.1%,A,DO NOT BET,37.49,,,UNDER,54.6%,35.59,,UNDER,54.7%,35.66,,UNDER,61.5%,39.4,,UNDER,61.4%,39.32,,-0.0,-0.4,-0.9,-0.3,0.3,1.0,1.2,0.034,100.0%,,,,,,,,,,,,,,,,,,,,,,,,,,,,,,
262,Jalen Johnson,PA,29.5,UNDER,Underdog and PrizePicks,,,54.1%,D,DO NOT BET,37.41,,,UNDER,57.3%,39.16,,UNDER,57.0%,38.99,,UNDER,51.4%,35.89,,UNDER,50.9%,35.62,,0.41,1.63,-1.49,6.3,-4.72,0.8,0.0,0.0302,100.0%,,,,,,,,,,,,,,,,,,,,,,,,,,,,,,
263,Zion Williamson,SB,1.5,UNDER,PrizePicks,,,55.5%,A,DO NOT BET,37.4,,,UNDER,56.4%,37.86,,UNDER,56.6%,37.99,,UNDER,54.4%,36.8,,UNDER,54.7%,36.95,,0.08,-0.94,-0.25,-0.7,0.76,1.4,1.6,0.0096,100.0%,,,,,,,,,,,,,,,,,,,,,,,,,,,,,,
264,Josh Hart,RA,12.0,UNDER,PrizePicks,,,57.6%,C,DO NOT BET,37.37,,,UNDER,60.4%,40.62,,UNDER,59.1%,39.04,,UNDER,56.0%,35.35,,UNDER,55.2%,34.46,,0.16,0.14,0.9,0.6,0.09,0.8,0.8,0.0214,100.0%,11.5,-0.5,55.4%,44.6%,0.0846,12.5,0.5,47.9%,52.1%,0.036,,,,,,,,,,,12.5,0.5,48.0%,52.0%,0.0368,11.5,-0.5,55.1%,44.9%,0.083
265,LaMelo Ball,3PM,3.5,OVER,Underdog and PrizePicks,Goblin,0.84x,50.9%,S,DO NOT BET,37.26,,,OVER,50.3%,36.53,,OVER,50.0%,36.21,,OVER,51.8%,38.37,,OVER,51.4%,37.91,,-0.04,-0.53,-0.27,-0.7,0.65,1.4,1.6,0.0072,100.0%,3.5,0.0,55.1%,44.9%,-0.0276,3.5,0.0,56.9%,43.1%,-0.0393,3.5,0.0,56.6%,43.4%,-0.0373,3.5,0.0,54.6%,45.4%,-0.0243,4.5,1.0,37.9%,62.1%,0.0841,3.5,0.0,52.4%,47.6%,-0.01
266,Kon Knueppel,PR,23.5,UNDER,Underdog and PrizePicks,,0.89x,54.4%,D,DO NOT BET,37.17,,,UNDER,59.3%,43.15,,UNDER,59.0%,42.82,,OVER,50.4%,11.11,,OVER,50.5%,11.27,,0.23,-0.49,-1.43,-2.3,3.36,1.0,1.2,0.048,50.0%,22.5,-1.0,51.2%,48.8%,0.036,23.5,0.0,48.0%,52.0%,0.0153,,,,,,,,,,,23.5,0.0,48.0%,52.0%,0.0153,22.5,-1.0,51.3%,48.7%,0.037
267,DeMar DeRozan,AST,4.5,UNDER,Underdog and PrizePicks,,0.88x,53.9%,C,DO NOT BET,37.17,,,UNDER,52.3%,35.21,,UNDER,52.6%,35.55,,UNDER,55.3%,38.89,,UNDER,55.4%,39.03,,-0.13,0.18,-0.52,0.7,-1.21,0.8,0.8,0.0146,100.0%,4.5,0.0,48.1%,51.8%,0.0134,4.5,0.0,47.6%,52.4%,0.0098,4.5,0.0,47.9%,52.1%,0.0114,4.5,0.0,44.7%,55.3%,-0.0088,5.5,1.0,36.4%,63.6%,-0.0629,4.5,0.0,49.1%,50.9%,0.0193
268,Derrick White,RA,9.5,OVER,Underdog and PrizePicks,,,56.6%,C,DO NOT BET,37.15,,,OVER,58.4%,38.14,,OVER,57.7%,37.74,,OVER,55.5%,36.53,,OVER,54.8%,36.16,,-0.25,-0.04,-0.48,-0.1,-0.57,1.4,1.2,0.0149,100.0%,,,,,,,,,,,,,,,,,,,,,,,,,,,,,,
269,Tobias Harris,3PA,3.5,UNDER,PrizePicks,,,51.8%,B,DO NOT BET,37.12,,,UNDER,52.9%,37.69,,UNDER,53.2%,37.9,,UNDER,50.3%,36.27,,UNDER,50.9%,36.62,,0.69,-1.75,0.93,-0.7,0.98,1.6,2.0,0.0126,100.0%,,,,,,,,,,,,,,,,,,,,,,,,,,,,,,
270,Jalen Johnson,FGA,17.5,UNDER,Underdog,,,60.3%,D,DO NOT BET,37.09,,,UNDER,60.4%,37.11,,UNDER,59.2%,36.48,,UNDER,61.4%,37.66,,UNDER,60.4%,37.12,,-0.19,0.41,-2.12,0.7,-1.02,0.8,0.4,0.0076,100.0%,,,,,,,,,,,,,,,,,,,,,,,,,,,,,,
271,Kon Knueppel,PTS,18.5,UNDER,Underdog and PrizePicks,,,54.5%,D,DO NOT BET,37.02,,,UNDER,59.0%,42.34,,UNDER,59.1%,42.39,,OVER,50.3%,14.18,,UNDER,50.3%,31.99,,0.12,-0.25,-1.29,-1.5,2.23,0.8,1.2,0.0452,75.0%,18.5,0.0,48.5%,51.5%,0.02,18.5,0.0,49.3%,50.7%,0.0252,19.5,1.0,47.0%,52.9%,0.0103,18.5,0.0,51.3%,48.7%,0.0381,21.5,3.0,44.1%,55.9%,-0.0086,18.5,0.0,50.0%,50.0%,0.0295
272,Jalen Suggs,3PA,6.5,UNDER,Underdog,,,52.8%,B,DO NOT BET,36.91,,,UNDER,52.7%,36.87,,UNDER,53.1%,37.09,,UNDER,52.4%,36.71,,UNDER,52.9%,36.98,,-0.18,-0.23,1.5,-0.5,0.11,1.0,1.2,0.0025,100.0%,,,,,,,,,,,,,,,,,,,,,,,,,,,,,,
273,Onyeka Okongwu,PR,18.5,OVER,PrizePicks,,,67.5%,D,STRONG BET,36.89,,,OVER,64.9%,35.47,,OVER,64.4%,35.19,,OVER,70.2%,38.42,,OVER,70.3%,38.48,,-0.79,-0.08,-1.74,-0.5,-4.61,1.6,1.2,0.0284,100.0%,,,,,,,,,,,,,,,,,,,,,,,,,,,,,,
274,Zion Williamson,PA,23.5,UNDER,Underdog and PrizePicks,,,50.8%,D,DO NOT BET,36.8,,,UNDER,53.5%,39.96,,UNDER,53.2%,39.56,,OVER,51.5%,8.97,,OVER,52.0%,9.55,,0.53,-0.12,-0.17,-0.3,1.63,1.0,1.6,0.0256,50.0%,23.5,0.0,48.9%,51.1%,-0.0016,23.5,0.0,48.9%,51.1%,-0.0016,,,,,,,,,,,24.5,1.0,66.0%,34.0%,0.1095,23.5,0.0,47.6%,52.4%,-0.0104
275,Paolo Banchero,FTM,5.5,OVER,Underdog,,0.87x,54.7%,B,DO NOT BET,36.79,,,OVER,54.0%,36.4,,OVER,52.3%,35.46,,OVER,57.4%,38.26,,OVER,55.2%,37.04,,-0.33,-1.38,1.33,-3.1,2.36,1.4,1.6,0.0185,100.0%,,,,,,,,,,,,,,,,,,,,,,,,,,,,,,
276,CJ McCollum,STL,0.5,OVER,PrizePicks,Goblin,,55.5%,A,DO NOT BET,36.78,,,OVER,55.1%,36.61,,OVER,54.7%,36.36,,OVER,56.2%,37.21,,OVER,55.8%,36.96,,-0.65,-0.75,0.0,-0.3,0.04,1.4,1.6,0.0059,100.0%,,,,,,,,,,,,,,,,,,,,,,,,,,,,,,
277,LaMelo Ball,TOV,2.5,OVER,Underdog and PrizePicks,,,56.4%,A,DO NOT BET,36.78,,,OVER,54.0%,35.49,,OVER,53.6%,35.25,,OVER,59.3%,38.38,,OVER,58.6%,38.01,,-0.34,0.12,-0.66,0.1,-0.38,1.0,1.2,0.0258,100.0%,,,,,,,,,,,,,,,,,,,,,,,,,,,,,,
278,Derrick White,REB,4.5,UNDER,Underdog,,0.82x,53.1%,B,DO NOT BET,36.74,,,UNDER,53.2%,36.78,,UNDER,52.2%,36.23,,UNDER,54.0%,37.22,,UNDER,53.1%,36.72,,-0.02,0.17,0.85,0.3,-0.33,0.8,0.8,0.0064,100.0%,,,,,,,,,,,,,,,,,,,,,,,,,,,,,,
279,OG Anunoby,TOV,1.5,UNDER,PrizePicks,,,52.4%,A,DO NOT BET,36.69,,,UNDER,50.6%,35.73,,UNDER,50.9%,35.88,,UNDER,53.9%,37.54,,UNDER,54.1%,37.63,,0.32,0.23,0.27,0.3,0.13,1.0,0.8,0.0162,100.0%,,,,,,,,,,,,,,,,,,,,,,,,,,,,,,
280,OG Anunoby,PTS,15.5,OVER,Underdog,,0.88x,53.0%,D,DO NOT BET,36.69,,,OVER,54.4%,38.22,,OVER,53.8%,37.59,,OVER,52.2%,35.83,,OVER,51.6%,35.13,,-0.18,-1.14,-0.36,-7.7,6.46,1.2,1.6,0.0114,100.0%,16.5,1.0,50.3%,49.7%,0.0176,16.5,1.0,52.3%,47.7%,0.0047,15.5,0.0,51.3%,48.7%,0.0107,16.5,1.0,50.9%,49.1%,0.0133,19.5,4.0,40.3%,59.7%,0.0824,16.5,1.0,52.1%,47.9%,0.0056
281,CJ McCollum,TOV,1.5,OVER,PrizePicks,Goblin,,54.9%,A,DO NOT BET,36.54,,,OVER,56.1%,37.21,,OVER,55.6%,36.93,,OVER,54.1%,36.15,,OVER,53.7%,35.89,,-0.17,-0.76,-0.32,-1.3,1.01,1.4,1.6,0.0098,100.0%,,,,,,,,,,,,,,,,,,,,,,,,,,,,,,
282,Paolo Banchero,TOV,2.5,OVER,Underdog,,1.04x,55.1%,A,DO NOT BET,36.51,,,OVER,53.8%,35.76,,OVER,53.3%,35.52,,OVER,57.0%,37.54,,OVER,56.4%,37.22,,-0.5,-0.56,0.46,-0.5,0.05,1.2,1.2,0.016,100.0%,,,,,,,,,,,,,,,,,,,,,,,,,,,,,,
283,Kon Knueppel,FGA,12.5,OVER,PrizePicks,,,57.3%,D,DO NOT BET,36.4,,,OVER,56.0%,35.7,,OVER,54.3%,34.76,,OVER,60.5%,38.14,,OVER,58.4%,37.0,,-0.69,-0.2,-0.37,-0.3,-0.72,1.2,1.2,0.0233,100.0%,,,,,,,,,,,,,,,,,,,,,,,,,,,,,,
284,Tobias Harris,STL,0.5,OVER,PrizePicks,Goblin,,55.7%,A,DO NOT BET,36.3,,,OVER,55.5%,36.19,,OVER,55.0%,35.93,,OVER,56.4%,36.68,,OVER,55.9%,36.42,,-0.9,0.2,0.27,0.1,-0.54,0.8,0.8,0.0051,100.0%,,,,,,,,,,,,,,,,,,,,,,,,,,,,,,
285,Dyson Daniels,RA,10.5,OVER,Underdog and PrizePicks,,0.88x,58.9%,C,DO NOT BET,36.3,,,OVER,57.7%,35.65,,OVER,57.1%,35.28,,OVER,61.1%,37.51,,OVER,59.8%,36.77,,-1.12,-1.62,0.27,-3.3,1.02,1.8,2.0,0.0161,100.0%,,,,,,,,,,,,,,,,,,,,,,,,,,,,,,
286,CJ McCollum,RA,6.5,UNDER,PrizePicks,,,50.8%,C,DO NOT BET,36.26,,,UNDER,51.2%,36.44,,UNDER,50.9%,36.26,,UNDER,50.7%,36.19,,UNDER,50.6%,36.13,,0.21,0.79,0.1,2.3,-1.69,0.8,0.8,0.0021,100.0%,,,,,,,,,,,,,,,,,,,,,,,,,,,,,,
287,Brandon Miller,PTS,19.0,UNDER,PrizePicks,,,51.2%,D,DO NOT BET,36.24,,,UNDER,51.6%,36.66,,UNDER,52.0%,37.07,,UNDER,50.2%,35.3,,UNDER,50.8%,35.93,,0.21,-0.39,0.51,-2.6,3.99,0.8,0.8,0.0069,100.0%,19.5,0.5,49.4%,50.6%,0.0034,18.5,-0.5,49.2%,50.8%,0.0021,17.5,-1.5,54.2%,45.8%,0.0352,19.5,0.5,49.5%,50.5%,0.0043,22.5,3.5,34.3%,65.7%,-0.0942,19.5,0.5,49.8%,50.2%,0.006
288,Jalen Johnson,3PM,1.5,OVER,Underdog and PrizePicks,,0.94x,54.1%,S,DO NOT BET,36.18,,,OVER,52.3%,35.19,,OVER,52.0%,35.03,,OVER,56.3%,37.38,,OVER,55.8%,37.12,,-0.13,-1.12,-0.23,-0.9,0.79,1.2,2.0,0.0195,100.0%,,,,,,,,,,,,,,,,,,,,,,,,,,,,,,
289,Jayson Tatum,PA,28.5,UNDER,Underdog and PrizePicks,,,66.0%,D,STRONG BET,36.18,,,UNDER,69.9%,38.3,,UNDER,69.7%,38.18,,UNDER,62.5%,34.23,,UNDER,62.1%,34.0,,-1.87,-1.87,0.62,-4.25,-0.0,1.0,1.6,0.0375,100.0%,,,,,,,,,,,,,,,,,,,,,,,,,,,,,,
290,Onyeka Okongwu,PRA,20.5,OVER,Underdog and PrizePicks,,,68.0%,D,STRONG BET,36.14,,,OVER,67.4%,35.85,,OVER,67.2%,35.71,,OVER,68.5%,36.45,,OVER,68.8%,36.57,,-1.1,-0.26,-1.87,-1.5,-4.84,1.8,1.6,0.0068,100.0%,,,,,,,,,,,,,,,,,,,,,,,,,,,,,,
291,Dejounte Murray,PA,23.5,UNDER,Underdog,,0.88x,50.8%,D,DO NOT BET,36.14,,,UNDER,55.2%,41.47,,UNDER,54.9%,41.07,,OVER,53.1%,11.04,,OVER,53.6%,11.64,,0.2,0.49,-0.0,3.7,-2.2,1.2,1.2,0.0421,50.0%,22.5,-1.0,50.7%,49.3%,0.0099,22.5,-1.0,49.4%,50.6%,0.0013,,,,,,,,,,,23.5,0.0,44.6%,55.4%,-0.0298,23.5,0.0,48.9%,51.1%,-0.0016
292,Jalen Johnson,3PA,4.5,OVER,Underdog,,0.82x,53.5%,B,DO NOT BET,36.04,,,OVER,54.8%,36.8,,OVER,53.8%,36.24,,OVER,53.0%,35.8,,OVER,52.2%,35.33,,-0.07,-0.88,0.17,-0.9,0.83,1.0,1.6,0.0099,100.0%,,,,,,,,,,,,,,,,,,,,,,,,,,,,,,
293,Onyeka Okongwu,RA,8.5,OVER,Underdog,,0.87x,62.0%,C,DO NOT BET,35.89,,,OVER,61.1%,35.43,,OVER,60.1%,34.86,,OVER,64.1%,37.08,,OVER,62.5%,36.17,,-1.99,-1.19,-0.74,-1.5,-1.02,1.8,1.6,0.0151,100.0%,,,,,,,,,,,,,,,,,,,,,,,,,,,,,,
294,Brandon Miller,PR,23.5,OVER,Underdog and PrizePicks,,0.88x,52.5%,D,DO NOT BET,35.84,,,OVER,53.3%,36.59,,OVER,53.1%,36.39,,OVER,51.8%,35.1,,OVER,52.0%,35.26,,-0.24,-0.11,-0.58,-0.9,-1.09,1.0,0.8,0.0064,100.0%,24.5,1.0,45.0%,55.0%,0.0494,23.5,0.0,50.5%,49.5%,0.0131,,,,,,,,,,,24.5,1.0,41.3%,58.7%,0.0734,23.5,0.0,50.0%,50.0%,0.0166
295,Miles Bridges,RA,8.0,UNDER,PrizePicks,,,55.7%,C,DO NOT BET,35.78,,,UNDER,57.6%,38.15,,UNDER,56.6%,36.92,,UNDER,54.6%,34.36,,UNDER,54.0%,33.68,,0.52,-0.52,0.06,-1.2,2.41,1.4,1.6,0.0147,100.0%,7.5,-0.5,56.1%,43.9%,0.0765,7.5,-0.5,53.9%,46.1%,0.0626,,,,,,,,,,,8.5,0.5,43.0%,57.0%,-0.0086,7.5,-0.5,52.2%,47.8%,0.0516
296,Trey Murphy III,FGA,14.5,OVER,Underdog,,0.93x,56.1%,D,DO NOT BET,35.69,,,OVER,56.2%,35.75,,OVER,54.5%,34.79,,OVER,57.8%,36.59,,OVER,56.0%,35.64,,-0.99,0.06,0.26,0.1,-1.7,1.4,0.8,0.0116,100.0%,,,,,,,,,,,,,,,,,,,,,,,,,,,,,,
297,Coby White,FGM,4.5,UNDER,PrizePicks,,,51.9%,C,DO NOT BET,35.56,,,OVER,52.3%,29.96,,OVER,51.7%,29.63,,UNDER,55.5%,37.57,,UNDER,56.0%,37.81,,0.54,0.24,0.81,0.5,0.63,1.0,1.2,0.0388,50.0%,,,,,,,,,,,,,,,,,,,,,,,,,,,,,,
298,Onyeka Okongwu,3PM,1.5,OVER,Underdog and PrizePicks,,,55.0%,S,DO NOT BET,35.56,,,OVER,54.5%,35.24,,OVER,54.1%,35.07,,OVER,56.0%,36.1,,OVER,55.6%,35.85,,-0.46,0.26,-0.71,0.3,-0.83,1.0,0.8,0.0077,100.0%,,,,,,,,,,,,,,,,,,,,,,,,,,,,,,
299,Brandon Miller,PA,22.5,UNDER,Underdog and PrizePicks,,,52.1%,D,DO NOT BET,35.47,,,UNDER,54.9%,38.91,,UNDER,54.6%,38.51,,OVER,50.4%,10.83,,OVER,50.9%,11.42,,0.17,-0.28,0.4,-2.1,3.4,0.8,0.8,0.0271,50.0%,22.5,0.0,52.4%,47.6%,0.0291,22.5,0.0,48.9%,51.1%,0.0066,,,,,,,,,,,22.5,0.0,48.9%,51.1%,0.0066,22.5,0.0,48.0%,52.0%,0.0005
300,Onyeka Okongwu,3PA,4.5,OVER,Underdog,,1.02x,54.4%,B,DO NOT BET,35.45,,,OVER,53.1%,34.74,,OVER,52.2%,34.26,,OVER,56.7%,36.7,,OVER,55.6%,36.1,,-0.48,0.41,-0.19,0.7,-1.52,1.0,0.8,0.018,100.0%,,,,,,,,,,,,,,,,,,,,,,,,,,,,,,
301,Jaylen Brown,3PA,4.5,OVER,Underdog,,0.88x,57.5%,B,DO NOT BET,35.38,,,OVER,57.3%,35.24,,OVER,56.1%,34.58,,OVER,59.0%,36.18,,OVER,57.7%,35.5,,-0.6,0.44,-1.54,0.9,-2.14,1.0,0.8,0.0104,100.0%,,,,,,,,,,,,,,,,,,,,,,,,,,,,,,
302,Coby White,FTA,3.5,OVER,PrizePicks,,,54.8%,C,DO NOT BET,35.37,,,OVER,56.1%,36.11,,OVER,54.0%,34.95,,OVER,55.7%,35.88,,OVER,53.3%,34.55,,-0.6,0.3,0.04,0.7,-2.09,1.2,0.8,0.0117,100.0%,,,,,,,,,,,,,,,,,,,,,,,,,,,,,,
303,Jalen Suggs,SB,2.5,UNDER,Underdog,,0.84x,54.4%,A,DO NOT BET,35.36,,,UNDER,52.0%,34.03,,UNDER,52.4%,34.26,,UNDER,56.5%,36.53,,UNDER,56.7%,36.63,,0.22,-0.79,-1.5,-0.5,0.64,1.0,1.6,0.0222,100.0%,,,,,,,,,,,,,,,,,,,,,,,,,,,,,,
304,Jaylen Brown,3PM,1.5,OVER,Underdog and PrizePicks,,,53.6%,S,DO NOT BET,35.25,,,OVER,53.5%,35.17,,OVER,53.2%,35.01,,OVER,54.1%,35.53,,OVER,53.7%,35.29,,-0.67,0.4,-0.23,0.3,-0.8,1.0,0.8,0.0034,100.0%,,,,,,,,,,,,,,,,,,,,,,,,,,,,,,
305,Onyeka Okongwu,PA,13.5,OVER,PrizePicks,,,68.9%,D,STRONG BET,35.2,,,OVER,65.6%,33.41,,OVER,66.0%,33.63,,OVER,71.7%,36.76,,OVER,72.2%,37.02,,-1.28,-0.35,-2.8,-1.5,-4.05,1.4,1.2,0.0307,100.0%,,,,,,,,,,,,,,,,,,,,,,,,,,,,,,
306,Jaylen Brown,SB,1.5,UNDER,PrizePicks,,,52.1%,A,DO NOT BET,35.03,,,UNDER,50.9%,34.36,,UNDER,51.4%,34.62,,UNDER,52.9%,35.47,,UNDER,53.3%,35.65,,-0.13,-1.12,-0.0,-0.9,0.8,1.2,1.6,0.0099,100.0%,,,,,,,,,,,,,,,,,,,,,,,,,,,,,,
307,OG Anunoby,FTA,2.5,OVER,PrizePicks,,,55.2%,C,DO NOT BET,35.03,,,OVER,58.3%,36.77,,OVER,56.0%,35.47,,OVER,54.3%,34.54,,OVER,52.1%,33.32,,-0.4,-1.17,-0.4,-2.7,1.77,1.2,1.6,0.0229,100.0%,,,,,,,,,,,,,,,,,,,,,,,,,,,,,,
308,Coby White,3PA,5.5,OVER,Underdog,,0.88x,56.0%,B,DO NOT BET,34.97,,,OVER,56.9%,35.44,,OVER,55.7%,34.79,,OVER,56.3%,35.11,,OVER,55.2%,34.52,,-0.7,-0.41,-0.48,-0.7,-0.51,0.8,1.2,0.0063,100.0%,,,,,,,,,,,,,,,,,,,,,,,,,,,,,,
309,Jalen Brunson,PA,33.5,UNDER,Underdog and PrizePicks,,,68.5%,D,STRONG BET,34.88,,,UNDER,68.1%,34.35,,UNDER,67.9%,34.06,,UNDER,69.1%,35.76,,UNDER,68.8%,35.34,,-0.13,-0.1,-0.07,-0.5,-0.17,1.2,0.8,0.005,100.0%,33.5,0.0,50.5%,49.5%,0.1235,33.5,0.0,50.3%,49.7%,0.1218,,,,,,,,,,,34.5,1.0,40.1%,59.9%,0.0559,32.5,-1.0,54.5%,45.5%,0.1495
310,Jaylen Brown,PR,34.0,UNDER,PrizePicks,,,51.2%,D,DO NOT BET,34.74,,,UNDER,53.2%,35.87,,UNDER,53.1%,35.83,,OVER,50.8%,29.93,,OVER,50.9%,30.01,,0.16,-0.69,0.56,-6.2,7.67,1.2,1.6,0.0203,50.0%,,,,,,,,,,,,,,,,,,,,,,,,,,,,,,
311,Jaylen Brown,PRA,39.5,UNDER,Underdog and PrizePicks,,,50.4%,D,DO NOT BET,34.72,,,UNDER,50.1%,34.57,,OVER,50.0%,31.94,,UNDER,50.9%,34.99,,UNDER,50.5%,34.82,,0.12,-0.46,0.34,-4.3,5.4,1.0,1.2,0.0036,75.0%,,,,,,,,,,,,,,,,,,,,,,,,,,,,,,
312,Jalen Suggs,REB,3.5,OVER,Underdog,,0.82x,50.6%,B,DO NOT BET,34.71,,,OVER,51.8%,36.24,,OVER,52.6%,37.17,,UNDER,51.5%,10.64,,UNDER,50.7%,9.68,,-0.22,-0.35,1.5,-0.5,0.18,0.8,1.2,0.0171,50.0%,3.5,0.0,50.0%,50.0%,0.0036,3.5,0.0,51.9%,48.1%,-0.0085,3.5,0.0,55.3%,44.7%,-0.0309,3.5,0.0,52.2%,47.8%,-0.011,4.5,1.0,34.0%,66.0%,0.1079,3.5,0.0,56.6%,43.4%,-0.0391
313,Jayson Tatum,FGA,17.5,UNDER,Underdog,,,52.0%,D,DO NOT BET,34.7,,,UNDER,56.5%,37.13,,UNDER,56.0%,36.86,,OVER,52.6%,31.04,,OVER,51.6%,30.48,,0.38,0.38,0.58,1.25,-0.0,0.6,0.8,0.042,50.0%,,,,,,,,,,,,,,,,,,,,,,,,,,,,,,
314,Jaylen Brown,PR,34.5,UNDER,Underdog,,,52.0%,D,DO NOT BET,34.52,,,UNDER,54.3%,35.74,,UNDER,54.1%,35.68,,OVER,50.1%,30.21,,OVER,50.2%,30.28,,0.11,-0.74,0.49,-6.7,7.67,1.2,1.6,0.0217,50.0%,,,,,,,,,,,,,,,,,,,,,,,,,,,,,,
315,OG Anunoby,FGM,5.5,OVER,PrizePicks,Goblin,,52.5%,C,DO NOT BET,34.51,,,OVER,52.5%,34.53,,OVER,51.9%,34.2,,OVER,53.1%,34.86,,OVER,52.4%,34.48,,-0.21,-1.19,-0.31,-2.3,1.89,1.2,1.6,0.0043,100.0%,,,,,,,,,,,,,,,,,,,,,,,,,,,,,,
316,Josh Hart,AST,4.5,OVER,Underdog,,0.85x,53.7%,C,DO NOT BET,34.46,,,UNDER,51.4%,13.19,,UNDER,51.8%,13.63,,OVER,59.7%,41.65,,OVER,58.2%,39.89,,-0.51,1.37,-2.71,1.5,-2.05,1.2,0.4,0.0528,50.0%,4.5,0.0,54.4%,45.6%,-0.0049,4.5,0.0,55.3%,44.7%,-0.0104,4.5,0.0,56.6%,43.4%,-0.019,4.5,0.0,54.9%,45.1%,-0.0077,5.5,1.0,43.5%,56.5%,0.0665,4.5,0.0,56.6%,43.4%,-0.0188
317,Jalen Duren,RA,13.5,UNDER,PrizePicks,,,66.8%,C,BET WITH CAUTION,34.39,,,UNDER,67.0%,34.59,,UNDER,65.0%,32.27,,UNDER,68.7%,36.62,,UNDER,66.6%,34.06,,-0.46,-0.96,0.52,-2.5,1.29,1.6,2.0,0.013,100.0%,,,,,,13.5,0.0,51.1%,48.9%,0.1163,,,,,,,,,,,,,,,,12.5,-1.0,54.6%,45.4%,0.1395
318,CJ McCollum,PR,19.5,OVER,Underdog and PrizePicks,,,53.5%,D,DO NOT BET,34.37,,,OVER,53.0%,34.08,,OVER,52.9%,34.0,,OVER,54.1%,34.66,,OVER,54.2%,34.73,,-0.5,-0.58,0.55,-3.1,0.41,1.6,1.6,0.006,100.0%,,,,,,,,,,,,,,,,,,,,,,,,,,,,,,
319,CJ McCollum,PA,20.5,UNDER,Underdog and PrizePicks,,,52.3%,D,DO NOT BET,34.34,,,UNDER,55.9%,36.31,,UNDER,55.5%,36.12,,OVER,50.9%,30.72,,OVER,51.4%,30.99,,0.31,0.42,-0.74,2.5,-0.66,0.8,0.8,0.0342,50.0%,,,,,,,,,,,,,,,,,,,,,,,,,,,,,,
320,Onyeka Okongwu,PTS,11.5,OVER,Underdog and PrizePicks,,,64.2%,D,DO NOT BET,34.32,,,OVER,63.4%,33.89,,OVER,62.5%,33.43,,OVER,65.9%,35.27,,OVER,64.8%,34.68,,-0.91,-0.1,-2.91,-0.5,-3.82,1.2,1.2,0.0129,100.0%,,,,,,,,,,,,,,,,,,,,,,,,,,,,,,
321,Paolo Banchero,STL,0.5,OVER,PrizePicks,Goblin,,59.4%,A,DO NOT BET,34.23,,,OVER,62.1%,35.71,,OVER,61.5%,35.39,,OVER,57.2%,33.03,,OVER,56.7%,32.77,,-0.3,0.75,-4.5,0.3,-0.42,0.6,0.4,0.0242,100.0%,,,,,,,,,,,,,,,,,,,,,,,,,,,,,,
322,Brandon Miller,FGA,14.5,OVER,Underdog,,0.93x,56.0%,D,DO NOT BET,34.17,,,OVER,55.9%,34.13,,OVER,54.2%,33.21,,OVER,57.7%,35.14,,OVER,56.0%,34.2,,-0.88,0.13,-0.59,0.3,-2.25,1.0,0.8,0.0124,100.0%,,,,,,,,,,,,,,,,,,,,,,,,,,,,,,
323,Dyson Daniels,PTS,10.5,OVER,Underdog and PrizePicks,,,54.4%,D,DO NOT BET,34.16,,,OVER,55.2%,34.64,,OVER,54.6%,34.32,,OVER,54.1%,34.03,,OVER,53.4%,33.64,,-0.38,-1.02,-1.05,-2.7,1.68,1.2,1.6,0.0067,100.0%,,,,,,,,,,,,,,,,,,,,,,,,,,,,,,
324,CJ McCollum,PRA,23.5,UNDER,Underdog,,,51.3%,D,DO NOT BET,34.13,,,UNDER,56.8%,37.13,,UNDER,56.5%,36.96,,OVER,53.8%,31.65,,OVER,54.1%,31.81,,0.48,0.77,-0.65,3.7,-1.38,0.6,0.4,0.0531,50.0%,,,,,,,,,,,,,,,,,,,,,,,,,,,,,,
325,Trey Murphy III,AST,3.5,UNDER,Underdog,,,53.1%,C,DO NOT BET,34.09,,,UNDER,56.5%,38.22,,UNDER,56.5%,38.15,,OVER,50.5%,16.16,,UNDER,50.1%,30.42,,0.27,0.66,-1.25,0.9,-0.54,0.4,0.4,0.0336,75.0%,3.5,0.0,51.1%,48.9%,0.0274,3.5,0.0,48.8%,51.2%,0.0127,3.5,0.0,54.0%,46.0%,0.0466,3.5,0.0,48.4%,51.6%,0.0101,4.5,1.0,27.0%,73.0%,-0.129,3.5,0.0,45.5%,54.5%,-0.0089
326,Dyson Daniels,REB,6.5,UNDER,Underdog and PrizePicks,,,52.7%,B,DO NOT BET,34.04,,,UNDER,52.1%,33.72,,UNDER,51.2%,33.2,,UNDER,54.2%,34.88,,UNDER,53.3%,34.37,,0.11,1.32,-1.86,2.5,-2.3,0.4,0.0,0.0116,100.0%,,,,,,,,,,,,,,,,,,,,,,,,,,,,,,
327,Jalen Suggs,PR,18.5,UNDER,PrizePicks,,,53.1%,D,DO NOT BET,34.03,,,UNDER,57.4%,39.24,,UNDER,57.2%,38.99,,OVER,51.0%,13.71,,OVER,51.2%,13.87,,-0.11,0.28,-1.5,1.9,-2.65,1.2,0.8,0.0422,50.0%,17.5,-1.0,50.9%,49.1%,0.0262,18.5,0.0,47.5%,52.5%,0.0037,,,,,,,,,,,17.5,-1.0,52.1%,47.9%,0.034,18.5,0.0,49.2%,50.8%,0.015
328,Karl-Anthony Towns,PTS,18.5,OVER,PrizePicks,,,51.2%,D,DO NOT BET,33.94,,,OVER,52.3%,35.41,,OVER,51.8%,34.83,,OVER,50.6%,33.08,,OVER,50.1%,32.43,,-0.22,-0.67,-1.34,-4.5,3.0,0.8,1.2,0.009,100.0%,18.5,0.0,52.4%,47.6%,-0.0077,18.5,0.0,52.1%,47.9%,-0.0059,19.5,1.0,48.5%,51.5%,0.0177,19.5,1.0,50.1%,49.9%,0.0072,22.5,4.0,35.1%,64.9%,0.1044,19.5,1.0,51.4%,48.6%,-0.0015
329,Jalen Suggs,STL,1.5,OVER,Underdog,,0.88x,53.2%,A,DO NOT BET,33.92,,,OVER,60.1%,37.69,,OVER,59.6%,37.39,,UNDER,53.2%,32.32,,UNDER,53.5%,32.47,,-0.52,-0.4,1.5,-0.3,-0.09,1.4,1.2,0.066,50.0%,,,,,,,,,,,,,,,,,,,,,,,,,,,,,,
330,Dyson Daniels,TOV,1.5,OVER,PrizePicks,Demon,,51.0%,A,DO NOT BET,33.82,,,OVER,51.1%,33.83,,OVER,50.7%,33.65,,OVER,51.4%,33.99,,OVER,51.0%,33.79,,-0.33,0.56,-0.77,0.5,-0.8,0.8,0.8,0.0022,100.0%,,,,,,,,,,,,,,,,,,,,,,,,,,,,,,
331,Desmond Bane,PA,25.5,UNDER,Underdog and PrizePicks,,,66.5%,D,STRONG BET,33.78,,,UNDER,66.9%,34.18,,UNDER,66.6%,33.88,,UNDER,66.5%,33.74,,UNDER,66.1%,33.29,,-0.1,0.14,0.46,1.1,-1.89,1.0,1.2,0.0027,100.0%,25.5,0.0,50.0%,50.0%,0.1074,25.5,0.0,50.7%,49.3%,0.1117,,,,,,,,,,,26.5,1.0,46.8%,53.2%,0.0864,25.5,0.0,50.0%,50.0%,0.1074
332,Paolo Banchero,REB,8.0,OVER,PrizePicks,,,54.3%,B,DO NOT BET,33.73,,,OVER,53.7%,33.23,,OVER,54.4%,34.01,,OVER,54.2%,33.53,,OVER,54.8%,34.12,,-0.63,-1.22,1.24,-1.2,0.58,1.2,1.2,0.0037,100.0%,8.5,0.5,41.5%,58.5%,0.0832,8.5,0.5,40.8%,59.2%,0.0875,8.5,0.5,41.3%,58.7%,0.0845,8.5,0.5,40.7%,59.3%,0.0883,9.5,1.5,22.5%,77.5%,0.2066,8.5,0.5,42.1%,57.9%,0.0793
333,Desmond Bane,PRA,29.5,UNDER,Underdog and PrizePicks,,,66.5%,D,STRONG BET,33.7,,,UNDER,69.1%,36.76,,UNDER,68.5%,36.1,,UNDER,64.4%,31.17,,UNDER,64.0%,30.77,,-0.07,0.03,0.65,0.3,-0.98,1.2,1.6,0.0232,100.0%,29.5,0.0,51.1%,48.9%,0.1142,29.5,0.0,52.1%,47.9%,0.1212,30.5,1.0,46.9%,53.1%,0.0869,29.5,0.0,50.8%,49.2%,0.1125,31.5,2.0,45.7%,54.3%,0.0796,29.5,0.0,51.1%,48.9%,0.1142
334,Derrick White,SB,2.5,UNDER,Underdog and PrizePicks,,,51.3%,A,DO NOT BET,33.51,,,UNDER,52.7%,34.25,,UNDER,53.0%,34.46,,OVER,50.5%,33.66,,UNDER,50.0%,32.79,,0.07,-0.66,-0.41,-0.9,0.99,1.0,1.6,0.0156,75.0%,,,,,,,,,,,,,,,,,,,,,,,,,,,,,,
335,Paolo Banchero,FGA,15.5,OVER,Underdog,,0.88x,51.4%,D,DO NOT BET,33.43,,,OVER,53.0%,34.3,,OVER,51.8%,33.65,,OVER,50.8%,33.08,,OVER,50.0%,32.67,,-0.19,-0.09,-0.85,-0.3,-0.3,1.2,0.8,0.0111,100.0%,,,,,,,,,,,,,,,,,,,,,,,,,,,,,,
336,Jalen Johnson,RA,16.5,OVER,PrizePicks,Goblin,,53.5%,C,DO NOT BET,33.36,,,OVER,53.6%,33.41,,OVER,53.4%,33.29,,OVER,53.8%,33.5,,OVER,53.3%,33.24,,-0.45,-0.76,-0.41,-3.5,1.44,1.0,1.6,0.0018,100.0%,,,,,,,,,,,,,,,,,,,,,,,,,,,,,,
337,Desmond Bane,FTM,3.5,UNDER,Underdog,,0.82x,51.7%,B,DO NOT BET,33.22,,,UNDER,54.1%,34.54,,UNDER,54.9%,34.98,,OVER,51.9%,32.18,,OVER,50.3%,31.31,,0.07,0.15,0.73,0.5,-0.28,0.6,0.8,0.0286,50.0%,,,,,,,,,,,,,,,,,,,,,,,,,,,,,,
338,Dejounte Murray,FTM,2.5,OVER,PrizePicks,,,55.5%,B,DO NOT BET,33.15,,,OVER,63.0%,37.28,,OVER,60.4%,35.85,,UNDER,50.0%,32.63,,UNDER,51.4%,33.38,,-0.57,-0.56,0.0,-1.1,-0.02,1.4,1.6,0.0629,50.0%,,,,,,,,,,,,,,,,,,,,,,,,,,,,,,
339,Dyson Daniels,AST,4.5,OVER,Underdog,,1.07x,54.1%,C,DO NOT BET,33.11,,,OVER,52.3%,32.11,,OVER,51.5%,31.71,,OVER,56.9%,34.64,,OVER,55.6%,33.96,,-0.6,-0.11,-0.52,-0.3,-1.28,1.0,0.4,0.0223,100.0%,,,,,,,,,,,,,,,,,,,,,,,,,,,,,,
340,Derrick White,PTS,17.5,OVER,Underdog and PrizePicks,,,51.8%,D,DO NOT BET,33.11,,,UNDER,50.3%,31.58,,UNDER,50.7%,31.8,,OVER,54.5%,34.58,,OVER,53.8%,34.19,,0.01,-0.33,0.0,-3.3,3.38,1.4,1.2,0.0233,50.0%,,,,,,,,,,,,,,,,,,,,,,,,,,,,,,
341,Brandon Miller,FTM,2.5,OVER,Underdog and PrizePicks,Demon,,53.1%,B,DO NOT BET,33.02,,,OVER,52.9%,32.95,,OVER,51.3%,32.07,,OVER,54.9%,34.06,,OVER,53.0%,32.99,,-0.33,-0.3,-1.86,-0.7,-0.05,1.0,1.2,0.0128,100.0%,,,,,,,,,,,,,,,,,,,,,,,,,,,,,,
342,Kon Knueppel,TOV,1.5,OVER,PrizePicks,,,54.8%,A,DO NOT BET,32.88,,,OVER,57.4%,34.29,,OVER,56.9%,33.99,,OVER,52.8%,31.74,,OVER,52.3%,31.51,,-0.76,0.12,-3.0,0.1,-0.71,1.0,1.2,0.023,100.0%,,,,,,,,,,,,,,,,,,,,,,,,,,,,,,
343,Derrick White,PR,21.5,OVER,Underdog and PrizePicks,,,53.6%,D,DO NOT BET,32.87,,,UNDER,50.8%,32.69,,UNDER,50.8%,32.69,,OVER,58.0%,35.27,,OVER,58.1%,35.35,,-0.04,-0.46,-0.17,-4.1,3.71,1.2,1.2,0.0444,50.0%,,,,,,,,,,,,,,,,,,,,,,,,,,,,,,
344,Jalen Johnson,REB,9.5,OVER,Underdog,,1.05x,51.2%,B,DO NOT BET,32.76,,,OVER,51.4%,32.87,,OVER,52.2%,33.31,,OVER,50.3%,32.24,,OVER,51.0%,32.63,,-0.36,-0.27,-0.99,-0.7,-0.24,1.0,1.2,0.0071,100.0%,,,,,,,,,,,,,,,,,,,,,,,,,,,,,,
345,DeMar DeRozan,TOV,1.5,OVER,PrizePicks,Goblin,,51.7%,A,DO NOT BET,32.59,,,OVER,58.1%,36.1,,OVER,57.5%,35.79,,UNDER,54.3%,33.5,,UNDER,54.5%,33.58,,0.15,-0.84,0.1,-1.5,1.77,1.0,1.6,0.061,50.0%,,,,,,,,,,,,,,,,,,,,,,,,,,,,,,
346,Brandon Miller,3PM,2.5,OVER,PrizePicks,Goblin,,55.4%,S,DO NOT BET,32.44,,,OVER,56.2%,32.93,,OVER,55.9%,32.63,,OVER,55.0%,32.29,,OVER,54.5%,31.92,,-1.14,0.2,-0.7,0.1,-0.66,1.0,0.8,0.0068,100.0%,3.5,1.0,64.6%,35.4%,-0.0596,3.5,1.0,66.9%,33.1%,-0.0746,3.5,1.0,66.0%,34.0%,-0.0692,3.5,1.0,64.8%,35.2%,-0.0611,3.5,1.0,67.0%,33.0%,-0.0755,3.5,1.0,61.8%,38.2%,-0.0414
347,Dejounte Murray,RA,9.5,OVER,PrizePicks,Goblin,,55.7%,C,DO NOT BET,32.32,,,OVER,56.0%,32.67,,OVER,55.5%,32.15,,OVER,55.9%,32.64,,OVER,55.2%,31.83,,-0.47,-0.87,0.0,-2.3,1.05,1.4,1.6,0.0033,100.0%,11.5,2.0,48.1%,51.9%,0.0489,11.5,2.0,49.8%,50.2%,0.038,,,,,,,,,,,11.5,2.0,44.2%,55.8%,0.0743,11.5,2.0,47.3%,52.7%,0.0544
348,Zion Williamson,PRA,28.5,OVER,PrizePicks,,,50.8%,D,DO NOT BET,32.32,,,UNDER,53.0%,15.52,,UNDER,52.8%,15.29,,OVER,54.4%,36.72,,OVER,54.7%,37.07,,-0.64,-0.03,0.16,-0.1,-2.05,1.0,1.2,0.0373,50.0%,29.5,1.0,44.8%,55.2%,0.0394,29.5,1.0,44.9%,55.1%,0.0386,29.5,1.0,44.5%,55.5%,0.0413,28.5,0.0,50.8%,49.2%,0.0003,31.5,3.0,36.0%,64.0%,0.0962,28.5,0.0,50.0%,50.0%,0.0055
349,Brandon Miller,FGM,6.5,OVER,PrizePicks,,,50.6%,C,DO NOT BET,32.19,,,OVER,53.5%,33.78,,OVER,52.9%,33.44,,UNDER,51.7%,32.56,,UNDER,52.2%,32.86,,-0.26,0.53,-0.23,1.1,-1.64,1.4,1.2,0.026,50.0%,,,,,,,,,,,,,,,,,,,,,,,,,,,,,,
350,Jalen Suggs,BLK,0.5,OVER,PrizePicks,Goblin,,51.1%,S,DO NOT BET,31.86,,,OVER,53.1%,34.24,,OVER,52.2%,33.21,,UNDER,50.0%,11.44,,UNDER,50.8%,12.4,,-0.62,0.75,-1.5,0.3,-0.55,1.2,0.4,0.0161,50.0%,,,,,,,,,,,,,,,,,,,,,,,,,,0.5,0.0,57.0%,43.0%,-0.0384
351,Dejounte Murray,PR,21.5,OVER,Underdog and PrizePicks,,,67.9%,D,STRONG BET,31.38,,,OVER,70.3%,34.24,,OVER,69.6%,33.46,,OVER,65.8%,28.83,,OVER,65.9%,28.98,,-0.51,-1.03,0.0,-7.5,3.75,1.4,2.0,0.0207,100.0%,21.5,0.0,48.1%,51.8%,0.1283,21.5,0.0,48.3%,51.7%,0.1275,,,,,,,,,,,21.5,0.0,46.9%,53.0%,0.1361,21.5,0.0,51.1%,48.9%,0.1093
352,Dyson Daniels,STL,1.5,OVER,Underdog and PrizePicks,Goblin,0.83x,50.3%,A,DO NOT BET,31.05,,,UNDER,50.8%,33.28,,UNDER,51.1%,33.48,,OVER,51.7%,31.82,,OVER,51.3%,31.62,,-0.35,-0.26,-0.77,-0.3,-0.11,1.6,1.2,0.0124,50.0%,,,,,,,,,,,,,,,,,,,,,,,,,,,,,,
353,CJ McCollum,PTS,16.5,OVER,Underdog and PrizePicks,,,52.2%,D,DO NOT BET,31.02,,,UNDER,51.1%,34.12,,UNDER,51.5%,34.32,,OVER,56.2%,33.19,,OVER,55.4%,32.76,,-0.36,-0.31,0.63,-1.9,-0.31,1.2,1.2,0.0356,50.0%,,,,,,,,,,,,,,,,,,,,,,,,,,,,,,
354,Dejounte Murray,FTA,3.5,OVER,PrizePicks,,,51.7%,C,DO NOT BET,30.77,,,OVER,60.5%,35.63,,OVER,57.9%,34.2,,UNDER,55.5%,35.64,,UNDER,56.2%,36.06,,-0.36,-0.54,0.0,-1.3,0.42,1.2,1.2,0.0759,50.0%,,,,,,,,,,,,,,,,,,,,,,,,,,,,,,
355,Jayson Tatum,TOV,2.5,UNDER,Underdog,,1.06x,54.5%,A,DO NOT BET,30.71,,,UNDER,57.6%,32.37,,UNDER,57.6%,32.39,,UNDER,51.4%,28.97,,UNDER,51.6%,29.11,,-2.89,-2.89,0.23,-1.25,-0.0,1.2,1.6,0.0304,100.0%,,,,,,,,,,,,,,,,,,,,,,,,,,,,,,
356,Mikal Bridges,AST,2.5,OVER,PrizePicks,Goblin,,52.7%,C,DO NOT BET,30.66,,,UNDER,50.3%,28.2,,UNDER,50.8%,28.66,,OVER,56.6%,35.5,,OVER,55.4%,34.19,,-0.77,-0.06,-0.97,-0.1,-1.24,1.0,0.8,0.0333,50.0%,3.5,1.0,51.4%,48.6%,0.0087,3.5,1.0,50.3%,49.7%,0.0157,3.5,1.0,55.3%,44.7%,-0.0171,3.5,1.0,50.6%,49.4%,0.0138,3.5,1.0,50.6%,49.4%,0.0138,3.5,1.0,55.6%,44.4%,-0.0189
357,Paolo Banchero,AST,4.5,OVER,PrizePicks,Goblin,,54.5%,C,DO NOT BET,30.6,,,OVER,54.9%,30.95,,OVER,53.9%,29.82,,OVER,55.3%,31.47,,OVER,54.2%,30.18,,-0.33,-0.6,-1.33,-0.9,0.4,1.2,1.6,0.0054,100.0%,5.5,1.0,48.4%,51.6%,0.04,5.5,1.0,50.4%,49.6%,0.0272,5.5,1.0,49.5%,50.5%,0.0325,5.5,1.0,50.4%,49.6%,0.0272,6.5,2.0,33.7%,66.3%,0.1358,5.5,1.0,51.7%,48.3%,0.0185
358,OG Anunoby,AST,1.5,OVER,PrizePicks,Goblin,,52.8%,C,DO NOT BET,30.41,,,OVER,54.7%,32.51,,OVER,53.7%,31.44,,OVER,51.9%,29.29,,OVER,51.1%,28.38,,-0.39,-0.71,0.13,-1.3,0.58,1.0,1.2,0.014,100.0%,,,,,,2.5,1.0,42.1%,57.9%,0.07,2.5,1.0,40.1%,59.9%,0.0831,2.5,1.0,41.5%,58.5%,0.0736,2.5,1.0,42.4%,57.6%,0.0677,,,,,
359,Jalen Johnson,PRA,38.5,OVER,Underdog and PrizePicks,,,51.0%,D,DO NOT BET,29.54,,,UNDER,50.4%,34.97,,UNDER,50.2%,34.88,,OVER,52.2%,30.17,,OVER,52.5%,30.35,,-0.58,-1.43,0.73,-7.5,4.48,1.4,2.0,0.0132,50.0%,,,,,,,,,,,,,,,,,,,,,,,,,,,,,,
360,CJ McCollum,PRA,23.0,OVER,PrizePicks,,,51.2%,D,DO NOT BET,29.41,,,UNDER,54.3%,36.55,,UNDER,54.1%,36.41,,OVER,56.5%,32.29,,OVER,56.7%,32.45,,-0.59,-0.88,0.57,-4.2,1.38,1.4,1.6,0.054,50.0%,,,,,,,,,,,,,,,,,,,,,,,,,,,,,,
361,Miles Bridges,PTS,14.0,OVER,PrizePicks,,,55.7%,D,DO NOT BET,29.29,,,OVER,53.8%,27.12,,OVER,53.3%,26.46,,OVER,58.2%,32.3,,OVER,57.4%,31.27,,-0.62,-0.59,0.13,-3.4,-0.17,0.8,1.2,0.0214,100.0%,14.5,0.5,47.9%,52.1%,0.0505,13.5,-0.5,53.2%,46.8%,0.0161,13.5,-0.5,55.1%,44.9%,0.0038,14.5,0.5,47.5%,52.5%,0.0531,17.5,3.5,27.1%,72.9%,0.1859,14.5,0.5,49.4%,50.6%,0.041
362,Ausar Thompson,PR,17.5,UNDER,PrizePicks,,,64.6%,D,DO NOT BET,29.17,,,UNDER,65.1%,29.83,,UNDER,64.7%,29.28,,UNDER,64.4%,28.87,,UNDER,64.2%,28.72,,-0.2,-0.65,-0.51,-5.5,3.81,1.4,1.2,0.0035,100.0%,17.5,0.0,50.0%,50.0%,0.0949,17.5,0.0,49.7%,50.3%,0.0932,,,,,,,,,,,18.5,1.0,47.1%,52.9%,0.0759,17.5,0.0,50.8%,49.2%,0.1001
363,Onyeka Okongwu,TOV,1.5,OVER,PrizePicks,Demon,,50.0%,A,DO NOT BET,29.16,,,OVER,52.1%,30.29,,OVER,51.7%,30.09,,UNDER,51.7%,35.43,,UNDER,52.0%,35.56,,-0.73,1.75,-2.0,0.7,-0.99,0.6,0.0,0.0188,50.0%,,,,,,,,,,,,,,,,,,,,,,,,,,,,,,
364,Jalen Duren,REB,11.5,UNDER,PrizePicks,,,64.1%,B,DO NOT BET,28.67,,,UNDER,65.6%,30.53,,UNDER,64.2%,28.86,,UNDER,64.0%,28.4,,UNDER,62.7%,26.88,,-0.29,-0.56,-0.04,-1.7,0.8,1.4,1.6,0.0103,100.0%,11.5,0.0,52.9%,47.1%,0.1106,11.5,0.0,50.5%,49.5%,0.0952,11.5,0.0,51.9%,48.1%,0.1039,11.5,0.0,51.1%,48.9%,0.0986,13.5,2.0,28.5%,71.5%,-0.0482,11.5,0.0,48.9%,51.1%,0.0847
365,Tobias Harris,PRA,22.5,UNDER,Underdog and PrizePicks,,1.03x,66.0%,D,STRONG BET,28.52,,,UNDER,64.3%,26.48,,UNDER,63.8%,25.93,,UNDER,68.1%,31.03,,UNDER,67.8%,30.64,,-0.27,-0.77,-1.25,-5.9,3.83,1.4,1.6,0.0196,100.0%,22.5,0.0,52.9%,47.1%,0.1228,22.5,0.0,51.6%,48.4%,0.1143,,,,,,23.5,1.0,50.9%,49.1%,0.1095,25.5,3.0,42.8%,57.2%,0.0571,23.5,1.0,52.9%,47.1%,0.1225
366,Jalen Suggs,AST,5.5,UNDER,Underdog and PrizePicks,,1.03x,63.3%,C,DO NOT BET,27.02,,,UNDER,58.9%,21.79,,UNDER,58.6%,21.45,,UNDER,68.4%,33.0,,UNDER,67.4%,31.84,,-0.09,-0.25,-1.5,-0.5,0.32,1.2,1.2,0.0458,100.0%,5.5,0.0,48.1%,51.8%,0.0746,5.5,0.0,50.0%,50.0%,0.0866,5.5,0.0,49.7%,50.3%,0.0848,5.5,0.0,50.0%,50.0%,0.0866,6.5,1.0,31.0%,69.0%,-0.037,5.5,0.0,53.5%,46.5%,0.1092
367,Brandon Miller,REB,5.0,OVER,PrizePicks,,,51.1%,B,DO NOT BET,26.59,,,OVER,51.7%,27.3,,OVER,52.5%,28.19,,UNDER,50.3%,32.81,,OVER,50.4%,25.85,,-0.03,-0.9,-0.27,-3.0,2.9,1.2,1.6,0.011,75.0%,4.5,-0.5,48.7%,51.3%,0.0154,4.5,-0.5,48.9%,51.1%,0.0143,4.5,-0.5,48.4%,51.6%,0.0173,4.5,-0.5,48.2%,51.8%,0.0186,5.5,0.5,43.6%,56.4%,0.0485,4.5,-0.5,46.7%,53.3%,0.0285
368,Dejounte Murray,PTS,16.5,OVER,Underdog and PrizePicks,,,63.9%,D,DO NOT BET,26.33,,,OVER,66.0%,28.79,,OVER,65.1%,27.69,,OVER,62.8%,25.02,,OVER,61.8%,23.84,,-0.42,-0.73,0.0,-5.7,2.45,1.2,1.2,0.0168,100.0%,16.5,0.0,48.1%,51.8%,0.1024,16.5,0.0,47.3%,52.6%,0.1076,15.5,-1.0,52.4%,47.6%,0.0749,16.5,0.0,47.5%,52.5%,0.1068,19.5,3.0,40.7%,59.3%,0.1506,16.5,0.0,47.6%,52.4%,0.1061
369,Jalen Brunson,PR,28.5,UNDER,Underdog and PrizePicks,,,58.2%,D,DO NOT BET,25.97,,,UNDER,57.1%,24.7,,UNDER,56.9%,24.4,,UNDER,59.5%,27.47,,UNDER,59.4%,27.32,,0.15,-0.06,0.56,-0.5,1.73,1.0,0.4,0.0121,100.0%,29.5,1.0,53.3%,46.7%,0.0747,29.5,1.0,53.9%,46.1%,0.079,,,,,,,,,,,30.5,2.0,52.3%,47.7%,0.0685,28.5,0.0,50.8%,49.2%,0.0587
370,LaMelo Ball,REB,4.0,OVER,PrizePicks,,,52.0%,B,DO NOT BET,25.47,,,OVER,53.6%,27.13,,OVER,54.3%,27.99,,UNDER,50.2%,34.22,,OVER,50.5%,23.82,,-0.46,-0.34,-1.4,-0.6,-0.21,0.8,0.8,0.0194,75.0%,4.5,0.5,48.4%,51.6%,0.0234,4.5,0.5,47.1%,52.9%,0.0321,4.5,0.5,45.5%,54.5%,0.0425,4.5,0.5,46.3%,53.7%,0.0372,5.5,1.5,33.4%,66.6%,0.1213,4.5,0.5,45.8%,54.2%,0.0408
371,Mikal Bridges,PR,16.5,UNDER,PrizePicks,,,54.2%,D,DO NOT BET,25.29,,,UNDER,56.5%,27.98,,UNDER,56.3%,27.75,,UNDER,52.1%,22.8,,UNDER,52.0%,22.64,,0.76,-1.71,3.66,-5.5,7.94,1.6,2.0,0.0216,100.0%,16.5,0.0,51.8%,48.1%,0.0394,16.5,0.0,52.0%,48.0%,0.0404,,,,,,,,,,,17.5,1.0,47.8%,52.2%,0.013,16.5,0.0,50.0%,50.0%,0.0274
372,Coby White,PA,17.5,OVER,PrizePicks,,,51.1%,D,DO NOT BET,25.09,,,UNDER,51.3%,21.33,,UNDER,50.9%,20.92,,OVER,53.0%,27.48,,OVER,53.5%,28.06,,-0.7,0.11,-0.85,0.7,-5.07,1.0,0.8,0.0222,50.0%,17.5,0.0,48.8%,51.2%,0.015,17.5,0.0,51.3%,48.7%,-0.0015,,,,,,,,,,,18.5,1.0,65.0%,35.0%,-0.0905,,,,,
373,LaMelo Ball,PTS,19.5,UNDER,Underdog,,1.03x,60.5%,D,DO NOT BET,24.59,,,UNDER,63.9%,28.57,,UNDER,63.7%,28.43,,UNDER,57.1%,20.53,,UNDER,57.4%,20.83,,-0.03,0.24,0.3,1.3,-1.47,1.2,0.8,0.0328,100.0%,19.5,0.0,51.8%,48.1%,0.0804,20.5,1.0,48.7%,51.3%,0.0602,19.5,0.0,52.1%,47.9%,0.0824,20.5,1.0,48.6%,51.4%,0.0593,23.5,4.0,34.5%,65.5%,-0.0326,20.5,1.0,48.5%,51.5%,0.0584
374,Jalen Duren,PA,24.5,UNDER,Underdog,,,63.6%,D,DO NOT BET,24.55,,,UNDER,63.4%,24.38,,UNDER,63.2%,24.05,,UNDER,64.2%,25.12,,UNDER,63.8%,24.64,,-0.49,0.25,-0.71,1.9,-5.68,1.0,0.8,0.0037,100.0%,,,,,,25.5,1.0,48.7%,51.3%,0.0804,,,,,,,,,,,,,,,,24.5,0.0,52.0%,48.0%,0.1017
375,Ausar Thompson,STL,1.5,UNDER,Underdog and PrizePicks,,,58.7%,A,DO NOT BET,24.21,,,UNDER,61.4%,27.48,,UNDER,61.5%,27.65,,UNDER,55.8%,20.72,,UNDER,56.0%,20.99,,0.24,-0.07,-0.1,-0.1,0.46,0.8,1.2,0.028,100.0%,1.5,0.0,51.1%,48.9%,0.0633,1.5,0.0,53.8%,46.2%,0.0814,,,,,,,,,,,,,,,,,,,,
376,Kon Knueppel,PA,21.5,UNDER,Underdog and PrizePicks,,1.03x,57.7%,D,DO NOT BET,23.17,,,UNDER,62.8%,29.28,,UNDER,62.5%,28.95,,UNDER,53.0%,17.52,,UNDER,52.5%,16.95,,0.18,-0.26,-1.0,-1.7,2.87,1.0,1.6,0.0494,100.0%,21.5,0.0,50.5%,49.5%,0.0534,21.5,0.0,51.7%,48.3%,0.0612,,,,,,,,,,,22.5,1.0,48.9%,51.1%,0.043,21.5,0.0,52.0%,48.0%,0.063
377,Trey Murphy III,PTS,20.5,OVER,Underdog,,,56.9%,D,DO NOT BET,22.95,,,OVER,52.8%,18.18,,OVER,52.3%,17.56,,OVER,61.8%,28.61,,OVER,60.8%,27.45,,-0.32,-0.28,0.71,-1.3,-0.15,1.4,1.6,0.0441,100.0%,20.5,0.0,46.7%,53.3%,0.0664,20.5,0.0,50.7%,49.3%,0.0407,20.5,0.0,44.3%,55.7%,0.082,20.5,0.0,50.0%,50.0%,0.045,24.5,4.0,12.3%,87.7%,0.2903,19.5,-1.0,58.6%,41.4%,-0.0112
378,Trey Murphy III,PA,24.5,OVER,Underdog,,1.03x,58.9%,D,DO NOT BET,22.11,,,OVER,55.6%,18.0,,OVER,56.0%,18.46,,OVER,61.7%,25.7,,OVER,62.2%,26.3,,-0.4,-0.51,0.79,-1.7,0.39,1.6,1.6,0.0309,100.0%,23.5,-1.0,58.5%,41.5%,0.0027,24.5,0.0,48.8%,51.2%,0.0656,,,,,,,,,,,24.5,0.0,48.9%,51.1%,0.0647,23.5,-1.0,60.4%,39.6%,-0.0096
379,Ausar Thompson,REB,5.5,UNDER,Underdog,,1.08x,58.6%,B,DO NOT BET,21.55,,,UNDER,57.3%,20.04,,UNDER,56.1%,18.64,,UNDER,61.0%,24.49,,UNDER,59.9%,23.05,,0.07,-0.12,-0.19,-0.5,0.8,1.2,0.8,0.0197,100.0%,5.5,0.0,57.5%,42.5%,0.1045,5.5,0.0,53.6%,46.4%,0.079,5.5,0.0,57.0%,43.0%,0.1011,5.5,0.0,54.9%,45.1%,0.0874,7.5,2.0,39.5%,60.5%,-0.0126,5.5,0.0,55.7%,44.3%,0.0928
380,OG Anunoby,PA,18.5,UNDER,PrizePicks,,,54.9%,D,DO NOT BET,21.08,,,UNDER,55.5%,21.89,,UNDER,55.2%,21.49,,UNDER,54.6%,20.76,,UNDER,54.1%,20.2,,0.06,0.91,0.18,7.5,-7.04,1.0,0.4,0.0055,100.0%,,,,,,18.5,0.0,51.2%,48.8%,0.0393,,,,,,,,,,,19.5,1.0,48.9%,51.1%,0.0241,18.5,0.0,48.9%,51.1%,0.0245
381,DeMar DeRozan,PTS,17.5,UNDER,Underdog and PrizePicks,,,56.2%,D,DO NOT BET,21.07,,,UNDER,52.1%,16.29,,UNDER,52.4%,16.68,,UNDER,60.1%,25.56,,UNDER,60.3%,25.73,,0.07,0.44,0.04,6.7,-5.61,1.4,0.8,0.0398,100.0%,17.5,0.0,50.0%,50.0%,0.0405,18.5,1.0,47.8%,52.2%,0.0263,18.5,1.0,43.9%,56.1%,0.0005,17.5,0.0,53.0%,46.9%,0.0603,21.5,4.0,31.5%,68.5%,-0.08,17.5,0.0,50.0%,50.0%,0.0405
382,Kon Knueppel,RA,7.5,UNDER,Underdog and PrizePicks,,1.03x,54.8%,C,DO NOT BET,20.75,,,UNDER,54.2%,20.17,,UNDER,53.6%,19.26,,UNDER,56.2%,22.29,,UNDER,55.4%,21.26,,0.49,-0.19,-0.25,-0.5,1.77,1.0,1.2,0.01,100.0%,7.5,0.0,53.3%,46.7%,0.0529,7.5,0.0,52.3%,47.7%,0.0462,,,,,,,,,,,8.5,1.0,51.6%,48.4%,0.042,7.5,0.0,52.0%,48.0%,0.0445
383,Paolo Banchero,PA,30.5,UNDER,Underdog,,,59.1%,D,DO NOT BET,20.3,,,UNDER,60.8%,22.56,,UNDER,60.5%,22.2,,UNDER,57.7%,18.5,,UNDER,57.2%,17.95,,-0.5,-0.18,0.65,-1.1,-2.02,1.0,0.8,0.0162,100.0%,30.5,0.0,51.1%,48.9%,0.0659,31.5,1.0,44.3%,55.7%,0.0219,,,,,,,,,,,31.5,1.0,42.8%,57.2%,0.0124,30.5,0.0,50.0%,50.0%,0.059
384,Jalen Suggs,PRA,23.5,UNDER,PrizePicks,,,57.1%,D,DO NOT BET,20.0,,,UNDER,56.1%,18.72,,UNDER,55.8%,18.38,,UNDER,58.5%,21.65,,UNDER,58.1%,21.24,,-0.05,0.24,-1.5,1.9,-2.33,1.2,0.8,0.0117,100.0%,23.5,0.0,50.0%,50.0%,0.0464,23.5,0.0,51.2%,48.8%,0.0542,23.5,0.0,52.4%,47.6%,0.0621,23.5,0.0,50.0%,50.0%,0.0464,25.5,2.0,40.8%,59.2%,-0.0132,24.5,1.0,47.7%,52.3%,0.0313
385,Mikal Bridges,3PM,1.5,UNDER,PrizePicks,,,53.6%,S,DO NOT BET,19.34,,,UNDER,52.4%,17.93,,UNDER,52.7%,18.22,,UNDER,54.5%,20.45,,UNDER,54.8%,20.76,,1.14,-1.75,-0.5,-0.7,1.16,1.8,2.0,0.0106,100.0%,1.5,0.0,50.4%,49.6%,0.0259,1.5,0.0,51.1%,48.9%,0.0303,1.5,0.0,50.7%,49.3%,0.0277,1.5,0.0,51.1%,48.9%,0.0303,1.5,0.0,51.1%,48.9%,0.0303,1.5,0.0,54.5%,45.5%,0.0527
386,Karl-Anthony Towns,PRA,32.5,OVER,Underdog and PrizePicks,,,57.4%,D,DO NOT BET,19.12,,,OVER,56.6%,18.09,,OVER,56.6%,18.08,,OVER,58.1%,19.99,,OVER,58.4%,20.33,,-0.26,-0.76,-1.07,-6.5,4.23,1.0,1.2,0.0085,100.0%,32.5,0.0,48.5%,51.5%,0.0577,32.5,0.0,50.3%,49.7%,0.0465,33.5,1.0,45.7%,54.3%,0.0761,32.5,0.0,46.9%,53.0%,0.068,34.5,2.0,45.3%,54.7%,0.079,32.5,0.0,48.9%,51.1%,0.0552
387,Dejounte Murray,3PM,1.5,UNDER,Underdog,,1.07x,56.5%,S,DO NOT BET,18.85,,,UNDER,55.5%,17.66,,UNDER,55.7%,17.91,,UNDER,57.3%,19.81,,UNDER,57.5%,20.04,,0.09,0.23,-0.0,0.3,-0.18,1.0,0.8,0.0093,100.0%,1.5,0.0,53.7%,46.3%,0.0661,1.5,0.0,54.6%,45.4%,0.0723,1.5,0.0,59.6%,40.4%,0.1045,1.5,0.0,53.0%,46.9%,0.062,2.5,1.0,30.7%,69.3%,-0.0832,1.5,0.0,56.6%,43.4%,0.0849
388,Paolo Banchero,PR,33.5,UNDER,Underdog and PrizePicks,,,59.0%,D,DO NOT BET,18.67,,,UNDER,62.0%,22.28,,UNDER,61.7%,21.92,,UNDER,56.2%,15.33,,UNDER,56.0%,15.17,,-0.48,-0.06,-0.63,-0.3,-2.2,0.8,1.2,0.0286,100.0%,33.5,0.0,50.4%,49.6%,0.0609,33.5,0.0,52.0%,48.0%,0.0713,,,,,,,,,,,34.5,1.0,24.3%,75.7%,-0.1086,33.5,0.0,48.0%,52.0%,0.0453
389,Josh Hart,RA,11.5,UNDER,Underdog,,1.07x,52.8%,C,DO NOT BET,18.16,,,UNDER,55.2%,20.99,,UNDER,54.4%,20.08,,UNDER,50.9%,15.85,,UNDER,50.8%,15.71,,0.28,0.26,1.11,1.1,0.09,0.8,0.8,0.0197,100.0%,11.5,0.0,53.3%,46.7%,0.0399,12.5,1.0,48.7%,51.3%,0.0101,,,,,,,,,,,12.5,1.0,48.8%,51.2%,0.0109,11.5,0.0,53.0%,46.9%,0.0383
390,Trey Murphy III,RA,8.5,OVER,Underdog,,1.03x,51.9%,C,DO NOT BET,17.67,,,OVER,50.0%,15.58,,OVER,50.2%,15.69,,OVER,53.9%,20.02,,OVER,53.4%,19.35,,-0.44,-0.56,0.92,-1.3,0.27,1.6,1.6,0.0178,100.0%,8.5,0.0,48.5%,51.5%,0.0218,8.5,0.0,48.0%,52.0%,0.0254,,,,,,,,,,,9.5,1.0,31.4%,68.6%,0.1331,8.5,0.0,47.6%,52.4%,0.0281
391,Jalen Brunson,AST,6.5,UNDER,Underdog,,1.06x,56.6%,C,DO NOT BET,16.75,,,UNDER,57.8%,18.21,,UNDER,57.6%,17.97,,UNDER,55.4%,15.34,,UNDER,55.5%,15.5,,0.02,1.01,-1.61,2.9,-2.83,0.4,0.0,0.0113,100.0%,7.5,1.0,42.9%,57.1%,-0.0035,6.5,0.0,56.0%,44.0%,0.0821,6.5,0.0,54.0%,46.0%,0.0688,6.5,0.0,52.2%,47.8%,0.0574,7.5,1.0,40.0%,60.0%,-0.0222,6.5,0.0,56.6%,43.4%,0.0855
392,Paolo Banchero,RA,13.5,UNDER,Underdog and PrizePicks,,1.06x,54.5%,C,DO NOT BET,16.67,,,UNDER,53.8%,15.8,,UNDER,53.2%,15.13,,UNDER,55.9%,18.28,,UNDER,55.1%,17.48,,0.15,1.37,-1.7,1.1,-0.98,0.8,0.4,0.0107,100.0%,13.5,0.0,52.4%,47.6%,0.0446,13.5,0.0,51.2%,48.8%,0.0369,,,,,,,,,,,14.5,1.0,37.6%,62.4%,-0.0517,13.5,0.0,53.0%,46.9%,0.0489
393,Miles Bridges,PRA,22.5,OVER,PrizePicks,,,56.5%,D,DO NOT BET,16.51,,,OVER,51.8%,10.88,,OVER,51.9%,11.01,,OVER,61.0%,21.92,,OVER,61.2%,22.24,,-0.7,-0.28,0.1,-1.7,-2.58,1.0,1.2,0.0463,100.0%,22.5,0.0,50.4%,49.6%,0.0394,22.5,0.0,48.3%,51.7%,0.0533,22.5,0.0,49.6%,50.4%,0.0446,22.5,0.0,48.7%,51.3%,0.0507,23.5,1.0,42.3%,57.7%,0.0924,21.5,-1.0,57.2%,42.8%,-0.0046
394,Paolo Banchero,REB,8.5,OVER,Underdog,,1.07x,51.0%,B,DO NOT BET,16.05,,,OVER,50.2%,15.14,,OVER,51.0%,16.13,,OVER,51.1%,16.07,,OVER,51.8%,16.86,,-0.12,-0.71,1.38,-0.7,0.58,1.2,1.2,0.0055,100.0%,8.5,0.0,44.9%,55.1%,0.0399,8.5,0.0,44.2%,55.8%,0.0443,8.5,0.0,44.7%,55.3%,0.0412,8.5,0.0,44.1%,55.9%,0.045,9.5,1.0,23.4%,76.6%,0.1799,8.5,0.0,45.5%,54.5%,0.036
395,Tobias Harris,PTS,13.5,UNDER,Underdog,,1.05x,56.3%,D,DO NOT BET,16.04,,,UNDER,54.9%,14.2,,UNDER,55.1%,14.49,,UNDER,57.6%,17.59,,UNDER,57.8%,17.9,,-0.07,-0.46,-0.87,-2.5,2.1,1.2,1.2,0.0136,100.0%,14.5,1.0,48.0%,52.0%,0.0282,13.5,0.0,52.5%,47.5%,0.0576,14.5,1.0,45.5%,54.5%,0.0117,14.5,1.0,47.6%,52.4%,0.0256,17.5,4.0,23.4%,76.6%,-0.1316,13.5,0.0,54.5%,45.5%,0.0706
396,Brandon Miller,RA,8.5,OVER,Underdog and PrizePicks,,,51.8%,C,DO NOT BET,14.8,,,UNDER,50.3%,31.39,,UNDER,50.1%,31.09,,OVER,54.1%,17.59,,OVER,53.6%,17.0,,-0.0,-0.99,0.13,-3.5,3.49,1.4,1.6,0.0203,50.0%,8.5,0.0,50.0%,50.0%,0.0118,8.5,0.0,50.4%,49.6%,0.0092,,,,,,,,,,,9.5,1.0,42.0%,58.0%,0.0638,8.5,0.0,48.9%,51.1%,0.0187
397,Zion Williamson,PTS,20.5,OVER,Underdog and PrizePicks,,,51.4%,D,DO NOT BET,14.57,,,UNDER,53.7%,34.12,,UNDER,54.0%,34.5,,OVER,57.1%,21.23,,OVER,56.3%,20.22,,-0.35,-0.23,0.13,-0.7,-0.34,1.0,0.8,0.0526,50.0%,20.5,0.0,48.1%,51.8%,0.0213,20.5,0.0,48.3%,51.7%,0.0205,21.5,1.0,36.2%,63.8%,0.0987,20.5,0.0,48.9%,51.1%,0.0162,25.5,5.0,11.2%,88.8%,0.2614,20.5,0.0,51.1%,48.9%,0.0023
398,Trey Murphy III,PR,25.5,OVER,Underdog,,1.03x,53.9%,D,DO NOT BET,13.71,,,UNDER,51.1%,34.97,,UNDER,51.1%,34.96,,OVER,58.9%,19.59,,OVER,59.0%,19.74,,-0.42,-0.34,0.71,-1.7,-0.41,1.0,1.2,0.0504,50.0%,24.5,-1.0,59.2%,40.8%,-0.0346,25.5,0.0,49.9%,50.1%,0.0263,,,,,,,,,,,26.5,1.0,40.2%,59.8%,0.089,25.5,0.0,48.0%,52.0%,0.0385
399,Karl-Anthony Towns,PA,21.5,OVER,Underdog and PrizePicks,,,51.9%,D,DO NOT BET,13.35,,,OVER,50.8%,12.0,,OVER,51.1%,12.44,,OVER,52.5%,14.18,,OVER,53.0%,14.77,,-0.17,-0.65,-1.22,-5.5,4.09,0.8,1.2,0.0095,100.0%,,,,,,21.5,0.0,50.5%,49.5%,0.0087,,,,,,,,,,,22.5,1.0,48.0%,52.0%,0.0254,21.5,0.0,48.9%,51.1%,0.0191
400,Zion Williamson,BLK,0.5,UNDER,PrizePicks,,,50.6%,S,DO NOT BET,13.26,,,OVER,51.6%,32.62,,OVER,50.8%,31.62,,UNDER,52.0%,14.93,,UNDER,52.7%,15.82,,0.07,-0.12,0.25,-0.1,0.16,1.4,1.6,0.018,50.0%,,,,,,,,,,,,,,,,,,,,,,,,,,0.5,0.0,51.5%,48.5%,0.0134
401,Trey Murphy III,PRA,29.5,OVER,Underdog,,1.03x,55.0%,D,DO NOT BET,12.81,,,UNDER,51.3%,36.87,,UNDER,51.1%,36.63,,OVER,61.2%,20.19,,OVER,61.4%,20.52,,-0.5,-0.53,0.78,-2.1,0.13,1.2,1.2,0.0627,50.0%,28.5,-1.0,57.9%,42.1%,-0.0185,29.5,0.0,49.5%,50.5%,0.0362,29.5,0.0,44.7%,55.3%,0.0673,28.5,-1.0,58.0%,42.0%,-0.0193,30.5,1.0,39.2%,60.8%,0.1028,28.5,-1.0,59.5%,40.5%,-0.0289
402,Zion Williamson,AST,2.5,UNDER,Underdog,,1.07x,50.6%,C,DO NOT BET,12.77,,,OVER,50.2%,32.87,,UNDER,50.3%,12.38,,UNDER,50.9%,13.16,,UNDER,51.5%,13.69,,0.62,-0.4,-0.33,-0.5,1.29,1.2,1.2,0.0063,75.0%,2.5,0.0,57.1%,42.9%,0.0506,2.5,0.0,56.2%,43.8%,0.0443,2.5,0.0,58.9%,41.1%,0.0621,2.5,0.0,56.3%,43.7%,0.045,3.5,1.0,57.1%,42.9%,0.0506,2.5,0.0,54.5%,45.5%,0.0336
403,LaMelo Ball,AST,6.5,UNDER,Underdog,,1.03x,52.5%,C,DO NOT BET,12.62,,,UNDER,55.8%,16.71,,UNDER,55.8%,16.68,,OVER,51.3%,33.94,,OVER,50.5%,33.04,,0.42,-1.55,0.17,-2.1,2.67,1.2,2.0,0.0336,50.0%,6.5,0.0,54.7%,45.3%,0.0468,6.5,0.0,54.4%,45.6%,0.0445,6.5,0.0,56.1%,43.9%,0.0556,6.5,0.0,56.3%,43.7%,0.0569,7.5,1.0,40.2%,59.8%,-0.0475,6.5,0.0,54.5%,45.5%,0.0454
404,Paolo Banchero,PTS,24.5,UNDER,Underdog,,1.03x,57.2%,D,DO NOT BET,11.33,,,UNDER,56.6%,9.99,,UNDER,56.7%,10.39,,UNDER,57.7%,12.24,,UNDER,58.0%,12.71,,-0.39,-0.09,0.28,-0.5,-1.62,0.8,0.8,0.0061,100.0%,24.5,0.0,53.3%,46.7%,0.0686,25.5,1.0,36.3%,63.7%,-0.042,25.5,1.0,34.5%,65.5%,-0.0534,25.5,1.0,35.4%,64.6%,-0.0481,29.5,5.0,6.1%,93.9%,-0.2385,25.5,1.0,35.4%,64.6%,-0.0481
405,Coby White,PRA,20.5,OVER,Underdog and PrizePicks,,,52.5%,D,DO NOT BET,10.49,,,OVER,51.2%,9.0,,OVER,51.3%,9.17,,OVER,53.5%,11.71,,OVER,53.9%,12.08,,-0.69,0.1,-0.72,0.7,-5.52,1.2,1.2,0.0123,100.0%,20.5,0.0,47.6%,52.4%,0.0316,20.5,0.0,49.6%,50.4%,0.0187,20.5,0.0,50.0%,50.0%,0.0161,20.5,0.0,48.7%,51.3%,0.0247,22.5,2.0,60.5%,39.5%,-0.0522,20.5,0.0,48.9%,51.1%,0.0231
406,Mikal Bridges,BLK,0.5,OVER,PrizePicks,,,50.1%,S,DO NOT BET,10.21,,,OVER,52.9%,13.51,,OVER,52.0%,12.48,,UNDER,51.8%,35.28,,UNDER,52.6%,36.18,,-0.38,-0.56,-0.3,-0.5,0.16,1.2,1.2,0.0235,50.0%,,,,,,,,,,,,,,,,,,,,,,,,,,0.5,0.0,48.5%,51.5%,0.0104
407,Jalen Brunson,RA,9.5,UNDER,Underdog,,1.07x,50.2%,C,DO NOT BET,8.65,,,UNDER,51.1%,10.08,,UNDER,50.8%,9.62,,OVER,50.6%,35.24,,OVER,50.5%,35.18,,0.25,1.93,-0.74,4.3,-3.75,0.2,0.0,0.0076,50.0%,10.5,1.0,48.6%,51.4%,-0.0082,10.5,1.0,48.3%,51.7%,-0.01,,,,,,,,,,,10.5,1.0,47.8%,52.2%,-0.0133,9.5,0.0,54.8%,45.2%,0.0324
